ISO-10303-21;
HEADER;
FILE_DESCRIPTION(('Open CASCADE Model'),'2;1');
FILE_NAME('Open CASCADE Shape Model','2026-09-12T22:40:30',('Author'),(
    'Open CASCADE'),'Open CASCADE STEP processor 7.9','Open CASCADE 7.9'
  ,'Unknown');
FILE_SCHEMA(('AUTOMOTIVE_DESIGN { 1 0 10303 214 1 1 1 1 }'));
ENDSEC;
DATA;
#1 = APPLICATION_PROTOCOL_DEFINITION('international standard',
  'automotive_design',2000,#2);
#2 = APPLICATION_CONTEXT(
  'core data for automotive mechanical design processes');
#3 = SHAPE_DEFINITION_REPRESENTATION(#4,#10);
#4 = PRODUCT_DEFINITION_SHAPE('','',#5);
#5 = PRODUCT_DEFINITION('design','',#6,#9);
#6 = PRODUCT_DEFINITION_FORMATION('','',#7);
#7 = PRODUCT('back_plate','back_plate','',(#8));
#8 = PRODUCT_CONTEXT('',#2,'mechanical');
#9 = PRODUCT_DEFINITION_CONTEXT('part definition',#2,'design');
#10 = ADVANCED_BREP_SHAPE_REPRESENTATION('',(#11,#15),#4711);
#11 = AXIS2_PLACEMENT_3D('',#12,#13,#14);
#12 = CARTESIAN_POINT('',(0.,0.,0.));
#13 = DIRECTION('',(0.,0.,1.));
#14 = DIRECTION('',(1.,0.,-0.));
#15 = MANIFOLD_SOLID_BREP('',#16);
#16 = CLOSED_SHELL('',(#17,#137,#219,#301,#371,#1395,#1449,#1496,#1549,
    #1597,#1761,#1810,#1859,#1886,#2035,#2084,#2133,#2160,#2228,#2428,
    #2477,#2526,#2553,#2602,#2651,#2678,#2746,#2872,#2921,#2970,#2997,
    #3051,#3251,#3300,#3349,#3376,#3425,#3474,#3501,#3533,#3558,#3584,
    #3609,#3634,#3641,#3648,#3719,#3767,#3774,#3781,#3828,#3877,#3884,
    #3931,#3978,#3985,#3992,#4038,#4066,#4299,#4375,#4425,#4474,#4524,
    #4573,#4623,#4672,#4700));
#17 = ADVANCED_FACE('',(#18),#32,.T.);
#18 = FACE_BOUND('',#19,.T.);
#19 = EDGE_LOOP('',(#20,#55,#83,#111));
#20 = ORIENTED_EDGE('',*,*,#21,.T.);
#21 = EDGE_CURVE('',#22,#24,#26,.T.);
#22 = VERTEX_POINT('',#23);
#23 = CARTESIAN_POINT('',(-4.302,-7.6,-16.));
#24 = VERTEX_POINT('',#25);
#25 = CARTESIAN_POINT('',(-4.302,-7.6,-14.));
#26 = SURFACE_CURVE('',#27,(#31,#43),.PCURVE_S1.);
#27 = LINE('',#28,#29);
#28 = CARTESIAN_POINT('',(-4.302,-7.6,-16.));
#29 = VECTOR('',#30,1.);
#30 = DIRECTION('',(0.,0.,1.));
#31 = PCURVE('',#32,#37);
#32 = PLANE('',#33);
#33 = AXIS2_PLACEMENT_3D('',#34,#35,#36);
#34 = CARTESIAN_POINT('',(-4.302,-7.6,-16.));
#35 = DIRECTION('',(-1.,0.,0.));
#36 = DIRECTION('',(0.,1.,0.));
#37 = DEFINITIONAL_REPRESENTATION('',(#38),#42);
#38 = LINE('',#39,#40);
#39 = CARTESIAN_POINT('',(0.,0.));
#40 = VECTOR('',#41,1.);
#41 = DIRECTION('',(0.,-1.));
#42 = ( GEOMETRIC_REPRESENTATION_CONTEXT(2) 
PARAMETRIC_REPRESENTATION_CONTEXT() REPRESENTATION_CONTEXT('2D SPACE',''
  ) );
#43 = PCURVE('',#44,#49);
#44 = CYLINDRICAL_SURFACE('',#45,6.);
#45 = AXIS2_PLACEMENT_3D('',#46,#47,#48);
#46 = CARTESIAN_POINT('',(1.698,-7.6,-16.));
#47 = DIRECTION('',(-0.,-0.,-1.));
#48 = DIRECTION('',(1.,0.,0.));
#49 = DEFINITIONAL_REPRESENTATION('',(#50),#54);
#50 = LINE('',#51,#52);
#51 = CARTESIAN_POINT('',(-3.14159265359,0.));
#52 = VECTOR('',#53,1.);
#53 = DIRECTION('',(-0.,-1.));
#54 = ( GEOMETRIC_REPRESENTATION_CONTEXT(2) 
PARAMETRIC_REPRESENTATION_CONTEXT() REPRESENTATION_CONTEXT('2D SPACE',''
  ) );
#55 = ORIENTED_EDGE('',*,*,#56,.T.);
#56 = EDGE_CURVE('',#24,#57,#59,.T.);
#57 = VERTEX_POINT('',#58);
#58 = CARTESIAN_POINT('',(-4.302,61.2,-14.));
#59 = SURFACE_CURVE('',#60,(#64,#71),.PCURVE_S1.);
#60 = LINE('',#61,#62);
#61 = CARTESIAN_POINT('',(-4.302,26.8,-14.));
#62 = VECTOR('',#63,1.);
#63 = DIRECTION('',(0.,1.,0.));
#64 = PCURVE('',#32,#65);
#65 = DEFINITIONAL_REPRESENTATION('',(#66),#70);
#66 = LINE('',#67,#68);
#67 = CARTESIAN_POINT('',(34.4,-2.));
#68 = VECTOR('',#69,1.);
#69 = DIRECTION('',(1.,0.));
#70 = ( GEOMETRIC_REPRESENTATION_CONTEXT(2) 
PARAMETRIC_REPRESENTATION_CONTEXT() REPRESENTATION_CONTEXT('2D SPACE',''
  ) );
#71 = PCURVE('',#72,#77);
#72 = PLANE('',#73);
#73 = AXIS2_PLACEMENT_3D('',#74,#75,#76);
#74 = CARTESIAN_POINT('',(19.304999999552,26.8,-14.));
#75 = DIRECTION('',(0.,0.,1.));
#76 = DIRECTION('',(1.,0.,0.));
#77 = DEFINITIONAL_REPRESENTATION('',(#78),#82);
#78 = LINE('',#79,#80);
#79 = CARTESIAN_POINT('',(-23.60699999955,2.259388432962E-15));
#80 = VECTOR('',#81,1.);
#81 = DIRECTION('',(0.,1.));
#82 = ( GEOMETRIC_REPRESENTATION_CONTEXT(2) 
PARAMETRIC_REPRESENTATION_CONTEXT() REPRESENTATION_CONTEXT('2D SPACE',''
  ) );
#83 = ORIENTED_EDGE('',*,*,#84,.F.);
#84 = EDGE_CURVE('',#85,#57,#87,.T.);
#85 = VERTEX_POINT('',#86);
#86 = CARTESIAN_POINT('',(-4.302,61.2,-16.));
#87 = SURFACE_CURVE('',#88,(#92,#99),.PCURVE_S1.);
#88 = LINE('',#89,#90);
#89 = CARTESIAN_POINT('',(-4.302,61.2,-16.));
#90 = VECTOR('',#91,1.);
#91 = DIRECTION('',(0.,0.,1.));
#92 = PCURVE('',#32,#93);
#93 = DEFINITIONAL_REPRESENTATION('',(#94),#98);
#94 = LINE('',#95,#96);
#95 = CARTESIAN_POINT('',(68.8,0.));
#96 = VECTOR('',#97,1.);
#97 = DIRECTION('',(0.,-1.));
#98 = ( GEOMETRIC_REPRESENTATION_CONTEXT(2) 
PARAMETRIC_REPRESENTATION_CONTEXT() REPRESENTATION_CONTEXT('2D SPACE',''
  ) );
#99 = PCURVE('',#100,#105);
#100 = CYLINDRICAL_SURFACE('',#101,6.);
#101 = AXIS2_PLACEMENT_3D('',#102,#103,#104);
#102 = CARTESIAN_POINT('',(1.698,61.2,-16.));
#103 = DIRECTION('',(-0.,-0.,-1.));
#104 = DIRECTION('',(1.,0.,0.));
#105 = DEFINITIONAL_REPRESENTATION('',(#106),#110);
#106 = LINE('',#107,#108);
#107 = CARTESIAN_POINT('',(-3.14159265359,0.));
#108 = VECTOR('',#109,1.);
#109 = DIRECTION('',(-0.,-1.));
#110 = ( GEOMETRIC_REPRESENTATION_CONTEXT(2) 
PARAMETRIC_REPRESENTATION_CONTEXT() REPRESENTATION_CONTEXT('2D SPACE',''
  ) );
#111 = ORIENTED_EDGE('',*,*,#112,.F.);
#112 = EDGE_CURVE('',#22,#85,#113,.T.);
#113 = SURFACE_CURVE('',#114,(#118,#125),.PCURVE_S1.);
#114 = LINE('',#115,#116);
#115 = CARTESIAN_POINT('',(-4.302,26.8,-16.));
#116 = VECTOR('',#117,1.);
#117 = DIRECTION('',(0.,1.,0.));
#118 = PCURVE('',#32,#119);
#119 = DEFINITIONAL_REPRESENTATION('',(#120),#124);
#120 = LINE('',#121,#122);
#121 = CARTESIAN_POINT('',(34.4,0.));
#122 = VECTOR('',#123,1.);
#123 = DIRECTION('',(1.,0.));
#124 = ( GEOMETRIC_REPRESENTATION_CONTEXT(2) 
PARAMETRIC_REPRESENTATION_CONTEXT() REPRESENTATION_CONTEXT('2D SPACE',''
  ) );
#125 = PCURVE('',#126,#131);
#126 = PLANE('',#127);
#127 = AXIS2_PLACEMENT_3D('',#128,#129,#130);
#128 = CARTESIAN_POINT('',(-4.302,26.8,-16.));
#129 = DIRECTION('',(-0.707106781187,0.,-0.707106781187));
#130 = DIRECTION('',(0.,-1.,-0.));
#131 = DEFINITIONAL_REPRESENTATION('',(#132),#136);
#132 = LINE('',#133,#134);
#133 = CARTESIAN_POINT('',(0.,0.));
#134 = VECTOR('',#135,1.);
#135 = DIRECTION('',(-1.,0.));
#136 = ( GEOMETRIC_REPRESENTATION_CONTEXT(2) 
PARAMETRIC_REPRESENTATION_CONTEXT() REPRESENTATION_CONTEXT('2D SPACE',''
  ) );
#137 = ADVANCED_FACE('',(#138),#44,.T.);
#138 = FACE_BOUND('',#139,.F.);
#139 = EDGE_LOOP('',(#140,#141,#165,#193));
#140 = ORIENTED_EDGE('',*,*,#21,.T.);
#141 = ORIENTED_EDGE('',*,*,#142,.T.);
#142 = EDGE_CURVE('',#24,#143,#145,.T.);
#143 = VERTEX_POINT('',#144);
#144 = CARTESIAN_POINT('',(1.698,-13.6,-14.));
#145 = SURFACE_CURVE('',#146,(#151,#158),.PCURVE_S1.);
#146 = CIRCLE('',#147,6.);
#147 = AXIS2_PLACEMENT_3D('',#148,#149,#150);
#148 = CARTESIAN_POINT('',(1.698,-7.6,-14.));
#149 = DIRECTION('',(0.,0.,1.));
#150 = DIRECTION('',(1.,0.,0.));
#151 = PCURVE('',#44,#152);
#152 = DEFINITIONAL_REPRESENTATION('',(#153),#157);
#153 = LINE('',#154,#155);
#154 = CARTESIAN_POINT('',(-0.,-2.));
#155 = VECTOR('',#156,1.);
#156 = DIRECTION('',(-1.,0.));
#157 = ( GEOMETRIC_REPRESENTATION_CONTEXT(2) 
PARAMETRIC_REPRESENTATION_CONTEXT() REPRESENTATION_CONTEXT('2D SPACE',''
  ) );
#158 = PCURVE('',#72,#159);
#159 = DEFINITIONAL_REPRESENTATION('',(#160),#164);
#160 = CIRCLE('',#161,6.);
#161 = AXIS2_PLACEMENT_2D('',#162,#163);
#162 = CARTESIAN_POINT('',(-17.60699999955,-34.4));
#163 = DIRECTION('',(1.,0.));
#164 = ( GEOMETRIC_REPRESENTATION_CONTEXT(2) 
PARAMETRIC_REPRESENTATION_CONTEXT() REPRESENTATION_CONTEXT('2D SPACE',''
  ) );
#165 = ORIENTED_EDGE('',*,*,#166,.F.);
#166 = EDGE_CURVE('',#167,#143,#169,.T.);
#167 = VERTEX_POINT('',#168);
#168 = CARTESIAN_POINT('',(1.698,-13.6,-16.));
#169 = SURFACE_CURVE('',#170,(#174,#181),.PCURVE_S1.);
#170 = LINE('',#171,#172);
#171 = CARTESIAN_POINT('',(1.698,-13.6,-16.));
#172 = VECTOR('',#173,1.);
#173 = DIRECTION('',(0.,0.,1.));
#174 = PCURVE('',#44,#175);
#175 = DEFINITIONAL_REPRESENTATION('',(#176),#180);
#176 = LINE('',#177,#178);
#177 = CARTESIAN_POINT('',(-4.712388980385,0.));
#178 = VECTOR('',#179,1.);
#179 = DIRECTION('',(-0.,-1.));
#180 = ( GEOMETRIC_REPRESENTATION_CONTEXT(2) 
PARAMETRIC_REPRESENTATION_CONTEXT() REPRESENTATION_CONTEXT('2D SPACE',''
  ) );
#181 = PCURVE('',#182,#187);
#182 = PLANE('',#183);
#183 = AXIS2_PLACEMENT_3D('',#184,#185,#186);
#184 = CARTESIAN_POINT('',(1.698,-13.6,-16.));
#185 = DIRECTION('',(0.,1.,0.));
#186 = DIRECTION('',(1.,0.,0.));
#187 = DEFINITIONAL_REPRESENTATION('',(#188),#192);
#188 = LINE('',#189,#190);
#189 = CARTESIAN_POINT('',(0.,0.));
#190 = VECTOR('',#191,1.);
#191 = DIRECTION('',(0.,-1.));
#192 = ( GEOMETRIC_REPRESENTATION_CONTEXT(2) 
PARAMETRIC_REPRESENTATION_CONTEXT() REPRESENTATION_CONTEXT('2D SPACE',''
  ) );
#193 = ORIENTED_EDGE('',*,*,#194,.F.);
#194 = EDGE_CURVE('',#22,#167,#195,.T.);
#195 = SURFACE_CURVE('',#196,(#201,#208),.PCURVE_S1.);
#196 = CIRCLE('',#197,6.);
#197 = AXIS2_PLACEMENT_3D('',#198,#199,#200);
#198 = CARTESIAN_POINT('',(1.698,-7.6,-16.));
#199 = DIRECTION('',(0.,0.,1.));
#200 = DIRECTION('',(1.,0.,0.));
#201 = PCURVE('',#44,#202);
#202 = DEFINITIONAL_REPRESENTATION('',(#203),#207);
#203 = LINE('',#204,#205);
#204 = CARTESIAN_POINT('',(-0.,0.));
#205 = VECTOR('',#206,1.);
#206 = DIRECTION('',(-1.,0.));
#207 = ( GEOMETRIC_REPRESENTATION_CONTEXT(2) 
PARAMETRIC_REPRESENTATION_CONTEXT() REPRESENTATION_CONTEXT('2D SPACE',''
  ) );
#208 = PCURVE('',#209,#214);
#209 = CONICAL_SURFACE('',#210,5.6,0.785398163397);
#210 = AXIS2_PLACEMENT_3D('',#211,#212,#213);
#211 = CARTESIAN_POINT('',(1.698,-7.6,-16.4));
#212 = DIRECTION('',(0.,0.,1.));
#213 = DIRECTION('',(1.,0.,0.));
#214 = DEFINITIONAL_REPRESENTATION('',(#215),#218);
#215 = B_SPLINE_CURVE_WITH_KNOTS('',1,(#216,#217),.UNSPECIFIED.,.F.,.F.,
  (2,2),(3.14159265359,4.712388980385),.PIECEWISE_BEZIER_KNOTS.);
#216 = CARTESIAN_POINT('',(3.14159265359,0.4));
#217 = CARTESIAN_POINT('',(4.712388980385,0.4));
#218 = ( GEOMETRIC_REPRESENTATION_CONTEXT(2) 
PARAMETRIC_REPRESENTATION_CONTEXT() REPRESENTATION_CONTEXT('2D SPACE',''
  ) );
#219 = ADVANCED_FACE('',(#220),#100,.T.);
#220 = FACE_BOUND('',#221,.F.);
#221 = EDGE_LOOP('',(#222,#252,#274,#275));
#222 = ORIENTED_EDGE('',*,*,#223,.T.);
#223 = EDGE_CURVE('',#224,#226,#228,.T.);
#224 = VERTEX_POINT('',#225);
#225 = CARTESIAN_POINT('',(1.698,67.2,-16.));
#226 = VERTEX_POINT('',#227);
#227 = CARTESIAN_POINT('',(1.698,67.2,-14.));
#228 = SURFACE_CURVE('',#229,(#233,#240),.PCURVE_S1.);
#229 = LINE('',#230,#231);
#230 = CARTESIAN_POINT('',(1.698,67.2,-16.));
#231 = VECTOR('',#232,1.);
#232 = DIRECTION('',(0.,0.,1.));
#233 = PCURVE('',#100,#234);
#234 = DEFINITIONAL_REPRESENTATION('',(#235),#239);
#235 = LINE('',#236,#237);
#236 = CARTESIAN_POINT('',(-1.570796326795,0.));
#237 = VECTOR('',#238,1.);
#238 = DIRECTION('',(-0.,-1.));
#239 = ( GEOMETRIC_REPRESENTATION_CONTEXT(2) 
PARAMETRIC_REPRESENTATION_CONTEXT() REPRESENTATION_CONTEXT('2D SPACE',''
  ) );
#240 = PCURVE('',#241,#246);
#241 = PLANE('',#242);
#242 = AXIS2_PLACEMENT_3D('',#243,#244,#245);
#243 = CARTESIAN_POINT('',(1.698,67.2,-16.));
#244 = DIRECTION('',(0.,1.,0.));
#245 = DIRECTION('',(1.,0.,0.));
#246 = DEFINITIONAL_REPRESENTATION('',(#247),#251);
#247 = LINE('',#248,#249);
#248 = CARTESIAN_POINT('',(0.,0.));
#249 = VECTOR('',#250,1.);
#250 = DIRECTION('',(0.,-1.));
#251 = ( GEOMETRIC_REPRESENTATION_CONTEXT(2) 
PARAMETRIC_REPRESENTATION_CONTEXT() REPRESENTATION_CONTEXT('2D SPACE',''
  ) );
#252 = ORIENTED_EDGE('',*,*,#253,.T.);
#253 = EDGE_CURVE('',#226,#57,#254,.T.);
#254 = SURFACE_CURVE('',#255,(#260,#267),.PCURVE_S1.);
#255 = CIRCLE('',#256,6.);
#256 = AXIS2_PLACEMENT_3D('',#257,#258,#259);
#257 = CARTESIAN_POINT('',(1.698,61.2,-14.));
#258 = DIRECTION('',(0.,0.,1.));
#259 = DIRECTION('',(1.,0.,0.));
#260 = PCURVE('',#100,#261);
#261 = DEFINITIONAL_REPRESENTATION('',(#262),#266);
#262 = LINE('',#263,#264);
#263 = CARTESIAN_POINT('',(-0.,-2.));
#264 = VECTOR('',#265,1.);
#265 = DIRECTION('',(-1.,0.));
#266 = ( GEOMETRIC_REPRESENTATION_CONTEXT(2) 
PARAMETRIC_REPRESENTATION_CONTEXT() REPRESENTATION_CONTEXT('2D SPACE',''
  ) );
#267 = PCURVE('',#72,#268);
#268 = DEFINITIONAL_REPRESENTATION('',(#269),#273);
#269 = CIRCLE('',#270,6.);
#270 = AXIS2_PLACEMENT_2D('',#271,#272);
#271 = CARTESIAN_POINT('',(-17.60699999955,34.4));
#272 = DIRECTION('',(1.,0.));
#273 = ( GEOMETRIC_REPRESENTATION_CONTEXT(2) 
PARAMETRIC_REPRESENTATION_CONTEXT() REPRESENTATION_CONTEXT('2D SPACE',''
  ) );
#274 = ORIENTED_EDGE('',*,*,#84,.F.);
#275 = ORIENTED_EDGE('',*,*,#276,.F.);
#276 = EDGE_CURVE('',#224,#85,#277,.T.);
#277 = SURFACE_CURVE('',#278,(#283,#290),.PCURVE_S1.);
#278 = CIRCLE('',#279,6.);
#279 = AXIS2_PLACEMENT_3D('',#280,#281,#282);
#280 = CARTESIAN_POINT('',(1.698,61.2,-16.));
#281 = DIRECTION('',(0.,0.,1.));
#282 = DIRECTION('',(1.,0.,0.));
#283 = PCURVE('',#100,#284);
#284 = DEFINITIONAL_REPRESENTATION('',(#285),#289);
#285 = LINE('',#286,#287);
#286 = CARTESIAN_POINT('',(-0.,0.));
#287 = VECTOR('',#288,1.);
#288 = DIRECTION('',(-1.,0.));
#289 = ( GEOMETRIC_REPRESENTATION_CONTEXT(2) 
PARAMETRIC_REPRESENTATION_CONTEXT() REPRESENTATION_CONTEXT('2D SPACE',''
  ) );
#290 = PCURVE('',#291,#296);
#291 = CONICAL_SURFACE('',#292,5.6,0.785398163397);
#292 = AXIS2_PLACEMENT_3D('',#293,#294,#295);
#293 = CARTESIAN_POINT('',(1.698,61.2,-16.4));
#294 = DIRECTION('',(0.,0.,1.));
#295 = DIRECTION('',(1.,0.,0.));
#296 = DEFINITIONAL_REPRESENTATION('',(#297),#300);
#297 = B_SPLINE_CURVE_WITH_KNOTS('',1,(#298,#299),.UNSPECIFIED.,.F.,.F.,
  (2,2),(1.570796326795,3.14159265359),.PIECEWISE_BEZIER_KNOTS.);
#298 = CARTESIAN_POINT('',(1.570796326795,0.4));
#299 = CARTESIAN_POINT('',(3.14159265359,0.4));
#300 = ( GEOMETRIC_REPRESENTATION_CONTEXT(2) 
PARAMETRIC_REPRESENTATION_CONTEXT() REPRESENTATION_CONTEXT('2D SPACE',''
  ) );
#301 = ADVANCED_FACE('',(#302),#126,.T.);
#302 = FACE_BOUND('',#303,.T.);
#303 = EDGE_LOOP('',(#304,#334,#352,#353));
#304 = ORIENTED_EDGE('',*,*,#305,.F.);
#305 = EDGE_CURVE('',#306,#308,#310,.T.);
#306 = VERTEX_POINT('',#307);
#307 = CARTESIAN_POINT('',(-3.902,-7.6,-16.4));
#308 = VERTEX_POINT('',#309);
#309 = CARTESIAN_POINT('',(-3.902,61.2,-16.4));
#310 = SURFACE_CURVE('',#311,(#315,#322),.PCURVE_S1.);
#311 = LINE('',#312,#313);
#312 = CARTESIAN_POINT('',(-3.902,26.8,-16.4));
#313 = VECTOR('',#314,1.);
#314 = DIRECTION('',(0.,1.,0.));
#315 = PCURVE('',#126,#316);
#316 = DEFINITIONAL_REPRESENTATION('',(#317),#321);
#317 = LINE('',#318,#319);
#318 = CARTESIAN_POINT('',(3.552713678801E-15,-0.565685424949));
#319 = VECTOR('',#320,1.);
#320 = DIRECTION('',(-1.,0.));
#321 = ( GEOMETRIC_REPRESENTATION_CONTEXT(2) 
PARAMETRIC_REPRESENTATION_CONTEXT() REPRESENTATION_CONTEXT('2D SPACE',''
  ) );
#322 = PCURVE('',#323,#328);
#323 = PLANE('',#324);
#324 = AXIS2_PLACEMENT_3D('',#325,#326,#327);
#325 = CARTESIAN_POINT('',(1.698,-7.6,-16.4));
#326 = DIRECTION('',(0.,0.,1.));
#327 = DIRECTION('',(1.,0.,0.));
#328 = DEFINITIONAL_REPRESENTATION('',(#329),#333);
#329 = LINE('',#330,#331);
#330 = CARTESIAN_POINT('',(-5.6,34.4));
#331 = VECTOR('',#332,1.);
#332 = DIRECTION('',(0.,1.));
#333 = ( GEOMETRIC_REPRESENTATION_CONTEXT(2) 
PARAMETRIC_REPRESENTATION_CONTEXT() REPRESENTATION_CONTEXT('2D SPACE',''
  ) );
#334 = ORIENTED_EDGE('',*,*,#335,.T.);
#335 = EDGE_CURVE('',#306,#22,#336,.T.);
#336 = SURFACE_CURVE('',#337,(#340,#346),.PCURVE_S1.);
#337 = B_SPLINE_CURVE_WITH_KNOTS('',1,(#338,#339),.UNSPECIFIED.,.F.,.F.,
  (2,2),(0.,1.),.PIECEWISE_BEZIER_KNOTS.);
#338 = CARTESIAN_POINT('',(-3.902,-7.6,-16.4));
#339 = CARTESIAN_POINT('',(-4.302,-7.6,-16.));
#340 = PCURVE('',#126,#341);
#341 = DEFINITIONAL_REPRESENTATION('',(#342),#345);
#342 = B_SPLINE_CURVE_WITH_KNOTS('',1,(#343,#344),.UNSPECIFIED.,.F.,.F.,
  (2,2),(0.,1.),.PIECEWISE_BEZIER_KNOTS.);
#343 = CARTESIAN_POINT('',(34.4,-0.565685424949));
#344 = CARTESIAN_POINT('',(34.4,6.394884621841E-14));
#345 = ( GEOMETRIC_REPRESENTATION_CONTEXT(2) 
PARAMETRIC_REPRESENTATION_CONTEXT() REPRESENTATION_CONTEXT('2D SPACE',''
  ) );
#346 = PCURVE('',#209,#347);
#347 = DEFINITIONAL_REPRESENTATION('',(#348),#351);
#348 = B_SPLINE_CURVE_WITH_KNOTS('',1,(#349,#350),.UNSPECIFIED.,.F.,.F.,
  (2,2),(0.,1.),.PIECEWISE_BEZIER_KNOTS.);
#349 = CARTESIAN_POINT('',(3.14159265359,0.));
#350 = CARTESIAN_POINT('',(3.14159265359,0.4));
#351 = ( GEOMETRIC_REPRESENTATION_CONTEXT(2) 
PARAMETRIC_REPRESENTATION_CONTEXT() REPRESENTATION_CONTEXT('2D SPACE',''
  ) );
#352 = ORIENTED_EDGE('',*,*,#112,.T.);
#353 = ORIENTED_EDGE('',*,*,#354,.F.);
#354 = EDGE_CURVE('',#308,#85,#355,.T.);
#355 = SURFACE_CURVE('',#356,(#359,#365),.PCURVE_S1.);
#356 = B_SPLINE_CURVE_WITH_KNOTS('',1,(#357,#358),.UNSPECIFIED.,.F.,.F.,
  (2,2),(0.,1.),.PIECEWISE_BEZIER_KNOTS.);
#357 = CARTESIAN_POINT('',(-3.902,61.2,-16.4));
#358 = CARTESIAN_POINT('',(-4.302,61.2,-16.));
#359 = PCURVE('',#126,#360);
#360 = DEFINITIONAL_REPRESENTATION('',(#361),#364);
#361 = B_SPLINE_CURVE_WITH_KNOTS('',1,(#362,#363),.UNSPECIFIED.,.F.,.F.,
  (2,2),(0.,1.),.PIECEWISE_BEZIER_KNOTS.);
#362 = CARTESIAN_POINT('',(-34.4,-0.565685424949));
#363 = CARTESIAN_POINT('',(-34.4,6.394884621841E-14));
#364 = ( GEOMETRIC_REPRESENTATION_CONTEXT(2) 
PARAMETRIC_REPRESENTATION_CONTEXT() REPRESENTATION_CONTEXT('2D SPACE',''
  ) );
#365 = PCURVE('',#291,#366);
#366 = DEFINITIONAL_REPRESENTATION('',(#367),#370);
#367 = B_SPLINE_CURVE_WITH_KNOTS('',1,(#368,#369),.UNSPECIFIED.,.F.,.F.,
  (2,2),(0.,1.),.PIECEWISE_BEZIER_KNOTS.);
#368 = CARTESIAN_POINT('',(3.14159265359,0.));
#369 = CARTESIAN_POINT('',(3.14159265359,0.4));
#370 = ( GEOMETRIC_REPRESENTATION_CONTEXT(2) 
PARAMETRIC_REPRESENTATION_CONTEXT() REPRESENTATION_CONTEXT('2D SPACE',''
  ) );
#371 = ADVANCED_FACE('',(#372,#507),#72,.T.);
#372 = FACE_BOUND('',#373,.T.);
#373 = EDGE_LOOP('',(#374,#375,#376,#399,#428,#456,#485,#506));
#374 = ORIENTED_EDGE('',*,*,#56,.F.);
#375 = ORIENTED_EDGE('',*,*,#142,.T.);
#376 = ORIENTED_EDGE('',*,*,#377,.T.);
#377 = EDGE_CURVE('',#143,#378,#380,.T.);
#378 = VERTEX_POINT('',#379);
#379 = CARTESIAN_POINT('',(36.911999997959,-13.6,-14.));
#380 = SURFACE_CURVE('',#381,(#385,#392),.PCURVE_S1.);
#381 = LINE('',#382,#383);
#382 = CARTESIAN_POINT('',(19.305,-13.6,-14.));
#383 = VECTOR('',#384,1.);
#384 = DIRECTION('',(1.,0.,0.));
#385 = PCURVE('',#72,#386);
#386 = DEFINITIONAL_REPRESENTATION('',(#387),#391);
#387 = LINE('',#388,#389);
#388 = CARTESIAN_POINT('',(4.480583352791E-10,-40.4));
#389 = VECTOR('',#390,1.);
#390 = DIRECTION('',(1.,0.));
#391 = ( GEOMETRIC_REPRESENTATION_CONTEXT(2) 
PARAMETRIC_REPRESENTATION_CONTEXT() REPRESENTATION_CONTEXT('2D SPACE',''
  ) );
#392 = PCURVE('',#182,#393);
#393 = DEFINITIONAL_REPRESENTATION('',(#394),#398);
#394 = LINE('',#395,#396);
#395 = CARTESIAN_POINT('',(17.607,-2.));
#396 = VECTOR('',#397,1.);
#397 = DIRECTION('',(1.,0.));
#398 = ( GEOMETRIC_REPRESENTATION_CONTEXT(2) 
PARAMETRIC_REPRESENTATION_CONTEXT() REPRESENTATION_CONTEXT('2D SPACE',''
  ) );
#399 = ORIENTED_EDGE('',*,*,#400,.T.);
#400 = EDGE_CURVE('',#378,#401,#403,.T.);
#401 = VERTEX_POINT('',#402);
#402 = CARTESIAN_POINT('',(42.91199999898,-7.6,-14.));
#403 = SURFACE_CURVE('',#404,(#409,#416),.PCURVE_S1.);
#404 = CIRCLE('',#405,6.);
#405 = AXIS2_PLACEMENT_3D('',#406,#407,#408);
#406 = CARTESIAN_POINT('',(36.911999997959,-7.6,-14.));
#407 = DIRECTION('',(0.,0.,1.));
#408 = DIRECTION('',(1.,0.,0.));
#409 = PCURVE('',#72,#410);
#410 = DEFINITIONAL_REPRESENTATION('',(#411),#415);
#411 = CIRCLE('',#412,6.);
#412 = AXIS2_PLACEMENT_2D('',#413,#414);
#413 = CARTESIAN_POINT('',(17.606999998407,-34.4));
#414 = DIRECTION('',(1.,0.));
#415 = ( GEOMETRIC_REPRESENTATION_CONTEXT(2) 
PARAMETRIC_REPRESENTATION_CONTEXT() REPRESENTATION_CONTEXT('2D SPACE',''
  ) );
#416 = PCURVE('',#417,#422);
#417 = CYLINDRICAL_SURFACE('',#418,6.);
#418 = AXIS2_PLACEMENT_3D('',#419,#420,#421);
#419 = CARTESIAN_POINT('',(36.911999997959,-7.6,-16.));
#420 = DIRECTION('',(-0.,-0.,-1.));
#421 = DIRECTION('',(1.,0.,0.));
#422 = DEFINITIONAL_REPRESENTATION('',(#423),#427);
#423 = LINE('',#424,#425);
#424 = CARTESIAN_POINT('',(-0.,-2.));
#425 = VECTOR('',#426,1.);
#426 = DIRECTION('',(-1.,0.));
#427 = ( GEOMETRIC_REPRESENTATION_CONTEXT(2) 
PARAMETRIC_REPRESENTATION_CONTEXT() REPRESENTATION_CONTEXT('2D SPACE',''
  ) );
#428 = ORIENTED_EDGE('',*,*,#429,.T.);
#429 = EDGE_CURVE('',#401,#430,#432,.T.);
#430 = VERTEX_POINT('',#431);
#431 = CARTESIAN_POINT('',(42.91199999898,61.2,-14.));
#432 = SURFACE_CURVE('',#433,(#437,#444),.PCURVE_S1.);
#433 = LINE('',#434,#435);
#434 = CARTESIAN_POINT('',(42.912,26.8,-14.));
#435 = VECTOR('',#436,1.);
#436 = DIRECTION('',(0.,1.,0.));
#437 = PCURVE('',#72,#438);
#438 = DEFINITIONAL_REPRESENTATION('',(#439),#443);
#439 = LINE('',#440,#441);
#440 = CARTESIAN_POINT('',(23.607000000448,2.259388432962E-15));
#441 = VECTOR('',#442,1.);
#442 = DIRECTION('',(0.,1.));
#443 = ( GEOMETRIC_REPRESENTATION_CONTEXT(2) 
PARAMETRIC_REPRESENTATION_CONTEXT() REPRESENTATION_CONTEXT('2D SPACE',''
  ) );
#444 = PCURVE('',#445,#450);
#445 = PLANE('',#446);
#446 = AXIS2_PLACEMENT_3D('',#447,#448,#449);
#447 = CARTESIAN_POINT('',(42.912,-7.6,-16.));
#448 = DIRECTION('',(-1.,0.,0.));
#449 = DIRECTION('',(0.,1.,0.));
#450 = DEFINITIONAL_REPRESENTATION('',(#451),#455);
#451 = LINE('',#452,#453);
#452 = CARTESIAN_POINT('',(34.4,-2.));
#453 = VECTOR('',#454,1.);
#454 = DIRECTION('',(1.,0.));
#455 = ( GEOMETRIC_REPRESENTATION_CONTEXT(2) 
PARAMETRIC_REPRESENTATION_CONTEXT() REPRESENTATION_CONTEXT('2D SPACE',''
  ) );
#456 = ORIENTED_EDGE('',*,*,#457,.T.);
#457 = EDGE_CURVE('',#430,#458,#460,.T.);
#458 = VERTEX_POINT('',#459);
#459 = CARTESIAN_POINT('',(36.911999997959,67.2,-14.));
#460 = SURFACE_CURVE('',#461,(#466,#473),.PCURVE_S1.);
#461 = CIRCLE('',#462,6.);
#462 = AXIS2_PLACEMENT_3D('',#463,#464,#465);
#463 = CARTESIAN_POINT('',(36.911999997959,61.2,-14.));
#464 = DIRECTION('',(0.,0.,1.));
#465 = DIRECTION('',(1.,0.,0.));
#466 = PCURVE('',#72,#467);
#467 = DEFINITIONAL_REPRESENTATION('',(#468),#472);
#468 = CIRCLE('',#469,6.);
#469 = AXIS2_PLACEMENT_2D('',#470,#471);
#470 = CARTESIAN_POINT('',(17.606999998407,34.4));
#471 = DIRECTION('',(1.,0.));
#472 = ( GEOMETRIC_REPRESENTATION_CONTEXT(2) 
PARAMETRIC_REPRESENTATION_CONTEXT() REPRESENTATION_CONTEXT('2D SPACE',''
  ) );
#473 = PCURVE('',#474,#479);
#474 = CYLINDRICAL_SURFACE('',#475,6.);
#475 = AXIS2_PLACEMENT_3D('',#476,#477,#478);
#476 = CARTESIAN_POINT('',(36.911999997959,61.2,-16.));
#477 = DIRECTION('',(-0.,-0.,-1.));
#478 = DIRECTION('',(1.,0.,0.));
#479 = DEFINITIONAL_REPRESENTATION('',(#480),#484);
#480 = LINE('',#481,#482);
#481 = CARTESIAN_POINT('',(-0.,-2.));
#482 = VECTOR('',#483,1.);
#483 = DIRECTION('',(-1.,0.));
#484 = ( GEOMETRIC_REPRESENTATION_CONTEXT(2) 
PARAMETRIC_REPRESENTATION_CONTEXT() REPRESENTATION_CONTEXT('2D SPACE',''
  ) );
#485 = ORIENTED_EDGE('',*,*,#486,.F.);
#486 = EDGE_CURVE('',#226,#458,#487,.T.);
#487 = SURFACE_CURVE('',#488,(#492,#499),.PCURVE_S1.);
#488 = LINE('',#489,#490);
#489 = CARTESIAN_POINT('',(19.305,67.2,-14.));
#490 = VECTOR('',#491,1.);
#491 = DIRECTION('',(1.,0.,0.));
#492 = PCURVE('',#72,#493);
#493 = DEFINITIONAL_REPRESENTATION('',(#494),#498);
#494 = LINE('',#495,#496);
#495 = CARTESIAN_POINT('',(4.480583352791E-10,40.4));
#496 = VECTOR('',#497,1.);
#497 = DIRECTION('',(1.,0.));
#498 = ( GEOMETRIC_REPRESENTATION_CONTEXT(2) 
PARAMETRIC_REPRESENTATION_CONTEXT() REPRESENTATION_CONTEXT('2D SPACE',''
  ) );
#499 = PCURVE('',#241,#500);
#500 = DEFINITIONAL_REPRESENTATION('',(#501),#505);
#501 = LINE('',#502,#503);
#502 = CARTESIAN_POINT('',(17.607,-2.));
#503 = VECTOR('',#504,1.);
#504 = DIRECTION('',(1.,0.));
#505 = ( GEOMETRIC_REPRESENTATION_CONTEXT(2) 
PARAMETRIC_REPRESENTATION_CONTEXT() REPRESENTATION_CONTEXT('2D SPACE',''
  ) );
#506 = ORIENTED_EDGE('',*,*,#253,.T.);
#507 = FACE_BOUND('',#508,.T.);
#508 = EDGE_LOOP('',(#509,#539,#572,#600,#628,#656,#684,#707,#735,#763,
    #791,#814,#847,#875,#903,#931,#959,#982,#1015,#1043,#1071,#1099,
    #1127,#1150,#1178,#1206,#1234,#1257,#1290,#1313,#1341,#1369));
#509 = ORIENTED_EDGE('',*,*,#510,.F.);
#510 = EDGE_CURVE('',#511,#513,#515,.T.);
#511 = VERTEX_POINT('',#512);
#512 = CARTESIAN_POINT('',(1.698,-11.05,-14.));
#513 = VERTEX_POINT('',#514);
#514 = CARTESIAN_POINT('',(16.305,-11.05,-14.));
#515 = SURFACE_CURVE('',#516,(#520,#527),.PCURVE_S1.);
#516 = LINE('',#517,#518);
#517 = CARTESIAN_POINT('',(19.305,-11.05,-14.));
#518 = VECTOR('',#519,1.);
#519 = DIRECTION('',(1.,0.,0.));
#520 = PCURVE('',#72,#521);
#521 = DEFINITIONAL_REPRESENTATION('',(#522),#526);
#522 = LINE('',#523,#524);
#523 = CARTESIAN_POINT('',(4.482057728968E-10,-37.85));
#524 = VECTOR('',#525,1.);
#525 = DIRECTION('',(1.,0.));
#526 = ( GEOMETRIC_REPRESENTATION_CONTEXT(2) 
PARAMETRIC_REPRESENTATION_CONTEXT() REPRESENTATION_CONTEXT('2D SPACE',''
  ) );
#527 = PCURVE('',#528,#533);
#528 = PLANE('',#529);
#529 = AXIS2_PLACEMENT_3D('',#530,#531,#532);
#530 = CARTESIAN_POINT('',(1.698,-11.05,-14.));
#531 = DIRECTION('',(0.,1.,0.));
#532 = DIRECTION('',(1.,0.,0.));
#533 = DEFINITIONAL_REPRESENTATION('',(#534),#538);
#534 = LINE('',#535,#536);
#535 = CARTESIAN_POINT('',(17.607,0.));
#536 = VECTOR('',#537,1.);
#537 = DIRECTION('',(1.,0.));
#538 = ( GEOMETRIC_REPRESENTATION_CONTEXT(2) 
PARAMETRIC_REPRESENTATION_CONTEXT() REPRESENTATION_CONTEXT('2D SPACE',''
  ) );
#539 = ORIENTED_EDGE('',*,*,#540,.T.);
#540 = EDGE_CURVE('',#511,#541,#543,.T.);
#541 = VERTEX_POINT('',#542);
#542 = CARTESIAN_POINT('',(-1.752,-7.6,-14.));
#543 = SURFACE_CURVE('',#544,(#549,#560),.PCURVE_S1.);
#544 = CIRCLE('',#545,3.45);
#545 = AXIS2_PLACEMENT_3D('',#546,#547,#548);
#546 = CARTESIAN_POINT('',(1.698,-7.6,-14.));
#547 = DIRECTION('',(0.,0.,-1.));
#548 = DIRECTION('',(-1.,0.,0.));
#549 = PCURVE('',#72,#550);
#550 = DEFINITIONAL_REPRESENTATION('',(#551),#559);
#551 = ( BOUNDED_CURVE() B_SPLINE_CURVE(2,(#552,#553,#554,#555,#556,#557
,#558),.UNSPECIFIED.,.T.,.F.) B_SPLINE_CURVE_WITH_KNOTS((1,2,2,2,2,1),(
    -2.094395102393,0.,2.094395102393,4.188790204786,6.28318530718,
8.377580409573),.UNSPECIFIED.) CURVE() GEOMETRIC_REPRESENTATION_ITEM() 
RATIONAL_B_SPLINE_CURVE((1.,0.5,1.,0.5,1.,0.5,1.)) REPRESENTATION_ITEM(
  '') );
#552 = CARTESIAN_POINT('',(-21.05699999955,-34.4));
#553 = CARTESIAN_POINT('',(-21.05699999955,-28.42442471388));
#554 = CARTESIAN_POINT('',(-15.88199999955,-31.41221235694));
#555 = CARTESIAN_POINT('',(-10.70699999955,-34.4));
#556 = CARTESIAN_POINT('',(-15.88199999955,-37.38778764305));
#557 = CARTESIAN_POINT('',(-21.05699999955,-40.37557528611));
#558 = CARTESIAN_POINT('',(-21.05699999955,-34.4));
#559 = ( GEOMETRIC_REPRESENTATION_CONTEXT(2) 
PARAMETRIC_REPRESENTATION_CONTEXT() REPRESENTATION_CONTEXT('2D SPACE',''
  ) );
#560 = PCURVE('',#561,#566);
#561 = CYLINDRICAL_SURFACE('',#562,3.45);
#562 = AXIS2_PLACEMENT_3D('',#563,#564,#565);
#563 = CARTESIAN_POINT('',(1.698,-7.6,-14.));
#564 = DIRECTION('',(0.,0.,-1.));
#565 = DIRECTION('',(-1.,0.,0.));
#566 = DEFINITIONAL_REPRESENTATION('',(#567),#571);
#567 = LINE('',#568,#569);
#568 = CARTESIAN_POINT('',(0.,0.));
#569 = VECTOR('',#570,1.);
#570 = DIRECTION('',(1.,0.));
#571 = ( GEOMETRIC_REPRESENTATION_CONTEXT(2) 
PARAMETRIC_REPRESENTATION_CONTEXT() REPRESENTATION_CONTEXT('2D SPACE',''
  ) );
#572 = ORIENTED_EDGE('',*,*,#573,.T.);
#573 = EDGE_CURVE('',#541,#574,#576,.T.);
#574 = VERTEX_POINT('',#575);
#575 = CARTESIAN_POINT('',(-1.752,3.8,-14.));
#576 = SURFACE_CURVE('',#577,(#581,#588),.PCURVE_S1.);
#577 = LINE('',#578,#579);
#578 = CARTESIAN_POINT('',(-1.752,26.8,-14.));
#579 = VECTOR('',#580,1.);
#580 = DIRECTION('',(0.,1.,0.));
#581 = PCURVE('',#72,#582);
#582 = DEFINITIONAL_REPRESENTATION('',(#583),#587);
#583 = LINE('',#584,#585);
#584 = CARTESIAN_POINT('',(-21.05699999955,-1.293325245838E-15));
#585 = VECTOR('',#586,1.);
#586 = DIRECTION('',(0.,1.));
#587 = ( GEOMETRIC_REPRESENTATION_CONTEXT(2) 
PARAMETRIC_REPRESENTATION_CONTEXT() REPRESENTATION_CONTEXT('2D SPACE',''
  ) );
#588 = PCURVE('',#589,#594);
#589 = PLANE('',#590);
#590 = AXIS2_PLACEMENT_3D('',#591,#592,#593);
#591 = CARTESIAN_POINT('',(-1.752,-7.6,-14.));
#592 = DIRECTION('',(-1.,0.,0.));
#593 = DIRECTION('',(0.,1.,0.));
#594 = DEFINITIONAL_REPRESENTATION('',(#595),#599);
#595 = LINE('',#596,#597);
#596 = CARTESIAN_POINT('',(34.4,0.));
#597 = VECTOR('',#598,1.);
#598 = DIRECTION('',(1.,0.));
#599 = ( GEOMETRIC_REPRESENTATION_CONTEXT(2) 
PARAMETRIC_REPRESENTATION_CONTEXT() REPRESENTATION_CONTEXT('2D SPACE',''
  ) );
#600 = ORIENTED_EDGE('',*,*,#601,.F.);
#601 = EDGE_CURVE('',#602,#574,#604,.T.);
#602 = VERTEX_POINT('',#603);
#603 = CARTESIAN_POINT('',(-2.002,4.8,-14.));
#604 = SURFACE_CURVE('',#605,(#609,#616),.PCURVE_S1.);
#605 = LINE('',#606,#607);
#606 = CARTESIAN_POINT('',(-2.002,4.8,-14.));
#607 = VECTOR('',#608,1.);
#608 = DIRECTION('',(0.242535625036,-0.970142500145,0.));
#609 = PCURVE('',#72,#610);
#610 = DEFINITIONAL_REPRESENTATION('',(#611),#615);
#611 = LINE('',#612,#613);
#612 = CARTESIAN_POINT('',(-21.30699999955,-22.));
#613 = VECTOR('',#614,1.);
#614 = DIRECTION('',(0.242535625036,-0.970142500145));
#615 = ( GEOMETRIC_REPRESENTATION_CONTEXT(2) 
PARAMETRIC_REPRESENTATION_CONTEXT() REPRESENTATION_CONTEXT('2D SPACE',''
  ) );
#616 = PCURVE('',#617,#622);
#617 = PLANE('',#618);
#618 = AXIS2_PLACEMENT_3D('',#619,#620,#621);
#619 = CARTESIAN_POINT('',(-2.002,4.8,-14.));
#620 = DIRECTION('',(0.970142500145,0.242535625036,0.));
#621 = DIRECTION('',(0.242535625036,-0.970142500145,0.));
#622 = DEFINITIONAL_REPRESENTATION('',(#623),#627);
#623 = LINE('',#624,#625);
#624 = CARTESIAN_POINT('',(0.,0.));
#625 = VECTOR('',#626,1.);
#626 = DIRECTION('',(1.,0.));
#627 = ( GEOMETRIC_REPRESENTATION_CONTEXT(2) 
PARAMETRIC_REPRESENTATION_CONTEXT() REPRESENTATION_CONTEXT('2D SPACE',''
  ) );
#628 = ORIENTED_EDGE('',*,*,#629,.F.);
#629 = EDGE_CURVE('',#630,#602,#632,.T.);
#630 = VERTEX_POINT('',#631);
#631 = CARTESIAN_POINT('',(-2.002,8.8,-14.));
#632 = SURFACE_CURVE('',#633,(#637,#644),.PCURVE_S1.);
#633 = LINE('',#634,#635);
#634 = CARTESIAN_POINT('',(-2.002,8.8,-14.));
#635 = VECTOR('',#636,1.);
#636 = DIRECTION('',(-2.22044604925E-16,-1.,0.));
#637 = PCURVE('',#72,#638);
#638 = DEFINITIONAL_REPRESENTATION('',(#639),#643);
#639 = LINE('',#640,#641);
#640 = CARTESIAN_POINT('',(-21.30699999955,-18.));
#641 = VECTOR('',#642,1.);
#642 = DIRECTION('',(-2.22044604925E-16,-1.));
#643 = ( GEOMETRIC_REPRESENTATION_CONTEXT(2) 
PARAMETRIC_REPRESENTATION_CONTEXT() REPRESENTATION_CONTEXT('2D SPACE',''
  ) );
#644 = PCURVE('',#645,#650);
#645 = PLANE('',#646);
#646 = AXIS2_PLACEMENT_3D('',#647,#648,#649);
#647 = CARTESIAN_POINT('',(-2.002,8.8,-14.));
#648 = DIRECTION('',(1.,-2.22044604925E-16,0.));
#649 = DIRECTION('',(-2.22044604925E-16,-1.,0.));
#650 = DEFINITIONAL_REPRESENTATION('',(#651),#655);
#651 = LINE('',#652,#653);
#652 = CARTESIAN_POINT('',(0.,-0.));
#653 = VECTOR('',#654,1.);
#654 = DIRECTION('',(1.,0.));
#655 = ( GEOMETRIC_REPRESENTATION_CONTEXT(2) 
PARAMETRIC_REPRESENTATION_CONTEXT() REPRESENTATION_CONTEXT('2D SPACE',''
  ) );
#656 = ORIENTED_EDGE('',*,*,#657,.F.);
#657 = EDGE_CURVE('',#658,#630,#660,.T.);
#658 = VERTEX_POINT('',#659);
#659 = CARTESIAN_POINT('',(-1.752,9.8,-14.));
#660 = SURFACE_CURVE('',#661,(#665,#672),.PCURVE_S1.);
#661 = LINE('',#662,#663);
#662 = CARTESIAN_POINT('',(-1.752,9.8,-14.));
#663 = VECTOR('',#664,1.);
#664 = DIRECTION('',(-0.242535625036,-0.970142500145,0.));
#665 = PCURVE('',#72,#666);
#666 = DEFINITIONAL_REPRESENTATION('',(#667),#671);
#667 = LINE('',#668,#669);
#668 = CARTESIAN_POINT('',(-21.05699999955,-17.));
#669 = VECTOR('',#670,1.);
#670 = DIRECTION('',(-0.242535625036,-0.970142500145));
#671 = ( GEOMETRIC_REPRESENTATION_CONTEXT(2) 
PARAMETRIC_REPRESENTATION_CONTEXT() REPRESENTATION_CONTEXT('2D SPACE',''
  ) );
#672 = PCURVE('',#673,#678);
#673 = PLANE('',#674);
#674 = AXIS2_PLACEMENT_3D('',#675,#676,#677);
#675 = CARTESIAN_POINT('',(-1.752,9.8,-14.));
#676 = DIRECTION('',(0.970142500145,-0.242535625036,0.));
#677 = DIRECTION('',(-0.242535625036,-0.970142500145,0.));
#678 = DEFINITIONAL_REPRESENTATION('',(#679),#683);
#679 = LINE('',#680,#681);
#680 = CARTESIAN_POINT('',(0.,0.));
#681 = VECTOR('',#682,1.);
#682 = DIRECTION('',(1.,0.));
#683 = ( GEOMETRIC_REPRESENTATION_CONTEXT(2) 
PARAMETRIC_REPRESENTATION_CONTEXT() REPRESENTATION_CONTEXT('2D SPACE',''
  ) );
#684 = ORIENTED_EDGE('',*,*,#685,.T.);
#685 = EDGE_CURVE('',#658,#686,#688,.T.);
#686 = VERTEX_POINT('',#687);
#687 = CARTESIAN_POINT('',(-1.752,43.8,-14.));
#688 = SURFACE_CURVE('',#689,(#693,#700),.PCURVE_S1.);
#689 = LINE('',#690,#691);
#690 = CARTESIAN_POINT('',(-1.752,26.8,-14.));
#691 = VECTOR('',#692,1.);
#692 = DIRECTION('',(0.,1.,0.));
#693 = PCURVE('',#72,#694);
#694 = DEFINITIONAL_REPRESENTATION('',(#695),#699);
#695 = LINE('',#696,#697);
#696 = CARTESIAN_POINT('',(-21.05699999955,-1.293325245838E-15));
#697 = VECTOR('',#698,1.);
#698 = DIRECTION('',(0.,1.));
#699 = ( GEOMETRIC_REPRESENTATION_CONTEXT(2) 
PARAMETRIC_REPRESENTATION_CONTEXT() REPRESENTATION_CONTEXT('2D SPACE',''
  ) );
#700 = PCURVE('',#589,#701);
#701 = DEFINITIONAL_REPRESENTATION('',(#702),#706);
#702 = LINE('',#703,#704);
#703 = CARTESIAN_POINT('',(34.4,0.));
#704 = VECTOR('',#705,1.);
#705 = DIRECTION('',(1.,0.));
#706 = ( GEOMETRIC_REPRESENTATION_CONTEXT(2) 
PARAMETRIC_REPRESENTATION_CONTEXT() REPRESENTATION_CONTEXT('2D SPACE',''
  ) );
#707 = ORIENTED_EDGE('',*,*,#708,.F.);
#708 = EDGE_CURVE('',#709,#686,#711,.T.);
#709 = VERTEX_POINT('',#710);
#710 = CARTESIAN_POINT('',(-2.002,44.8,-14.));
#711 = SURFACE_CURVE('',#712,(#716,#723),.PCURVE_S1.);
#712 = LINE('',#713,#714);
#713 = CARTESIAN_POINT('',(-2.002,44.8,-14.));
#714 = VECTOR('',#715,1.);
#715 = DIRECTION('',(0.242535625036,-0.970142500145,0.));
#716 = PCURVE('',#72,#717);
#717 = DEFINITIONAL_REPRESENTATION('',(#718),#722);
#718 = LINE('',#719,#720);
#719 = CARTESIAN_POINT('',(-21.30699999955,18.));
#720 = VECTOR('',#721,1.);
#721 = DIRECTION('',(0.242535625036,-0.970142500145));
#722 = ( GEOMETRIC_REPRESENTATION_CONTEXT(2) 
PARAMETRIC_REPRESENTATION_CONTEXT() REPRESENTATION_CONTEXT('2D SPACE',''
  ) );
#723 = PCURVE('',#724,#729);
#724 = PLANE('',#725);
#725 = AXIS2_PLACEMENT_3D('',#726,#727,#728);
#726 = CARTESIAN_POINT('',(-2.002,44.8,-14.));
#727 = DIRECTION('',(0.970142500145,0.242535625036,0.));
#728 = DIRECTION('',(0.242535625036,-0.970142500145,0.));
#729 = DEFINITIONAL_REPRESENTATION('',(#730),#734);
#730 = LINE('',#731,#732);
#731 = CARTESIAN_POINT('',(0.,0.));
#732 = VECTOR('',#733,1.);
#733 = DIRECTION('',(1.,0.));
#734 = ( GEOMETRIC_REPRESENTATION_CONTEXT(2) 
PARAMETRIC_REPRESENTATION_CONTEXT() REPRESENTATION_CONTEXT('2D SPACE',''
  ) );
#735 = ORIENTED_EDGE('',*,*,#736,.F.);
#736 = EDGE_CURVE('',#737,#709,#739,.T.);
#737 = VERTEX_POINT('',#738);
#738 = CARTESIAN_POINT('',(-2.002,48.8,-14.));
#739 = SURFACE_CURVE('',#740,(#744,#751),.PCURVE_S1.);
#740 = LINE('',#741,#742);
#741 = CARTESIAN_POINT('',(-2.002,48.8,-14.));
#742 = VECTOR('',#743,1.);
#743 = DIRECTION('',(-2.22044604925E-16,-1.,0.));
#744 = PCURVE('',#72,#745);
#745 = DEFINITIONAL_REPRESENTATION('',(#746),#750);
#746 = LINE('',#747,#748);
#747 = CARTESIAN_POINT('',(-21.30699999955,22.));
#748 = VECTOR('',#749,1.);
#749 = DIRECTION('',(-2.22044604925E-16,-1.));
#750 = ( GEOMETRIC_REPRESENTATION_CONTEXT(2) 
PARAMETRIC_REPRESENTATION_CONTEXT() REPRESENTATION_CONTEXT('2D SPACE',''
  ) );
#751 = PCURVE('',#752,#757);
#752 = PLANE('',#753);
#753 = AXIS2_PLACEMENT_3D('',#754,#755,#756);
#754 = CARTESIAN_POINT('',(-2.002,48.8,-14.));
#755 = DIRECTION('',(1.,-2.22044604925E-16,0.));
#756 = DIRECTION('',(-2.22044604925E-16,-1.,0.));
#757 = DEFINITIONAL_REPRESENTATION('',(#758),#762);
#758 = LINE('',#759,#760);
#759 = CARTESIAN_POINT('',(0.,-0.));
#760 = VECTOR('',#761,1.);
#761 = DIRECTION('',(1.,0.));
#762 = ( GEOMETRIC_REPRESENTATION_CONTEXT(2) 
PARAMETRIC_REPRESENTATION_CONTEXT() REPRESENTATION_CONTEXT('2D SPACE',''
  ) );
#763 = ORIENTED_EDGE('',*,*,#764,.F.);
#764 = EDGE_CURVE('',#765,#737,#767,.T.);
#765 = VERTEX_POINT('',#766);
#766 = CARTESIAN_POINT('',(-1.752,49.8,-14.));
#767 = SURFACE_CURVE('',#768,(#772,#779),.PCURVE_S1.);
#768 = LINE('',#769,#770);
#769 = CARTESIAN_POINT('',(-1.752,49.8,-14.));
#770 = VECTOR('',#771,1.);
#771 = DIRECTION('',(-0.242535625036,-0.970142500145,0.));
#772 = PCURVE('',#72,#773);
#773 = DEFINITIONAL_REPRESENTATION('',(#774),#778);
#774 = LINE('',#775,#776);
#775 = CARTESIAN_POINT('',(-21.05699999955,23.));
#776 = VECTOR('',#777,1.);
#777 = DIRECTION('',(-0.242535625036,-0.970142500145));
#778 = ( GEOMETRIC_REPRESENTATION_CONTEXT(2) 
PARAMETRIC_REPRESENTATION_CONTEXT() REPRESENTATION_CONTEXT('2D SPACE',''
  ) );
#779 = PCURVE('',#780,#785);
#780 = PLANE('',#781);
#781 = AXIS2_PLACEMENT_3D('',#782,#783,#784);
#782 = CARTESIAN_POINT('',(-1.752,49.8,-14.));
#783 = DIRECTION('',(0.970142500145,-0.242535625036,0.));
#784 = DIRECTION('',(-0.242535625036,-0.970142500145,0.));
#785 = DEFINITIONAL_REPRESENTATION('',(#786),#790);
#786 = LINE('',#787,#788);
#787 = CARTESIAN_POINT('',(0.,0.));
#788 = VECTOR('',#789,1.);
#789 = DIRECTION('',(1.,0.));
#790 = ( GEOMETRIC_REPRESENTATION_CONTEXT(2) 
PARAMETRIC_REPRESENTATION_CONTEXT() REPRESENTATION_CONTEXT('2D SPACE',''
  ) );
#791 = ORIENTED_EDGE('',*,*,#792,.T.);
#792 = EDGE_CURVE('',#765,#793,#795,.T.);
#793 = VERTEX_POINT('',#794);
#794 = CARTESIAN_POINT('',(-1.752,61.2,-14.));
#795 = SURFACE_CURVE('',#796,(#800,#807),.PCURVE_S1.);
#796 = LINE('',#797,#798);
#797 = CARTESIAN_POINT('',(-1.752,26.8,-14.));
#798 = VECTOR('',#799,1.);
#799 = DIRECTION('',(0.,1.,0.));
#800 = PCURVE('',#72,#801);
#801 = DEFINITIONAL_REPRESENTATION('',(#802),#806);
#802 = LINE('',#803,#804);
#803 = CARTESIAN_POINT('',(-21.05699999955,-1.293325245838E-15));
#804 = VECTOR('',#805,1.);
#805 = DIRECTION('',(0.,1.));
#806 = ( GEOMETRIC_REPRESENTATION_CONTEXT(2) 
PARAMETRIC_REPRESENTATION_CONTEXT() REPRESENTATION_CONTEXT('2D SPACE',''
  ) );
#807 = PCURVE('',#589,#808);
#808 = DEFINITIONAL_REPRESENTATION('',(#809),#813);
#809 = LINE('',#810,#811);
#810 = CARTESIAN_POINT('',(34.4,0.));
#811 = VECTOR('',#812,1.);
#812 = DIRECTION('',(1.,0.));
#813 = ( GEOMETRIC_REPRESENTATION_CONTEXT(2) 
PARAMETRIC_REPRESENTATION_CONTEXT() REPRESENTATION_CONTEXT('2D SPACE',''
  ) );
#814 = ORIENTED_EDGE('',*,*,#815,.T.);
#815 = EDGE_CURVE('',#793,#816,#818,.T.);
#816 = VERTEX_POINT('',#817);
#817 = CARTESIAN_POINT('',(1.698,64.65,-14.));
#818 = SURFACE_CURVE('',#819,(#824,#835),.PCURVE_S1.);
#819 = CIRCLE('',#820,3.45);
#820 = AXIS2_PLACEMENT_3D('',#821,#822,#823);
#821 = CARTESIAN_POINT('',(1.698,61.2,-14.));
#822 = DIRECTION('',(0.,0.,-1.));
#823 = DIRECTION('',(-1.,0.,0.));
#824 = PCURVE('',#72,#825);
#825 = DEFINITIONAL_REPRESENTATION('',(#826),#834);
#826 = ( BOUNDED_CURVE() B_SPLINE_CURVE(2,(#827,#828,#829,#830,#831,#832
,#833),.UNSPECIFIED.,.T.,.F.) B_SPLINE_CURVE_WITH_KNOTS((1,2,2,2,2,1),(
    -2.094395102393,0.,2.094395102393,4.188790204786,6.28318530718,
8.377580409573),.UNSPECIFIED.) CURVE() GEOMETRIC_REPRESENTATION_ITEM() 
RATIONAL_B_SPLINE_CURVE((1.,0.5,1.,0.5,1.,0.5,1.)) REPRESENTATION_ITEM(
  '') );
#827 = CARTESIAN_POINT('',(-21.05699999955,34.4));
#828 = CARTESIAN_POINT('',(-21.05699999955,40.375575286113));
#829 = CARTESIAN_POINT('',(-15.88199999955,37.387787643056));
#830 = CARTESIAN_POINT('',(-10.70699999955,34.4));
#831 = CARTESIAN_POINT('',(-15.88199999955,31.412212356944));
#832 = CARTESIAN_POINT('',(-21.05699999955,28.424424713887));
#833 = CARTESIAN_POINT('',(-21.05699999955,34.4));
#834 = ( GEOMETRIC_REPRESENTATION_CONTEXT(2) 
PARAMETRIC_REPRESENTATION_CONTEXT() REPRESENTATION_CONTEXT('2D SPACE',''
  ) );
#835 = PCURVE('',#836,#841);
#836 = CYLINDRICAL_SURFACE('',#837,3.45);
#837 = AXIS2_PLACEMENT_3D('',#838,#839,#840);
#838 = CARTESIAN_POINT('',(1.698,61.2,-14.));
#839 = DIRECTION('',(0.,0.,-1.));
#840 = DIRECTION('',(-1.,0.,0.));
#841 = DEFINITIONAL_REPRESENTATION('',(#842),#846);
#842 = LINE('',#843,#844);
#843 = CARTESIAN_POINT('',(0.,0.));
#844 = VECTOR('',#845,1.);
#845 = DIRECTION('',(1.,0.));
#846 = ( GEOMETRIC_REPRESENTATION_CONTEXT(2) 
PARAMETRIC_REPRESENTATION_CONTEXT() REPRESENTATION_CONTEXT('2D SPACE',''
  ) );
#847 = ORIENTED_EDGE('',*,*,#848,.T.);
#848 = EDGE_CURVE('',#816,#849,#851,.T.);
#849 = VERTEX_POINT('',#850);
#850 = CARTESIAN_POINT('',(16.305,64.65,-14.));
#851 = SURFACE_CURVE('',#852,(#856,#863),.PCURVE_S1.);
#852 = LINE('',#853,#854);
#853 = CARTESIAN_POINT('',(19.305,64.65,-14.));
#854 = VECTOR('',#855,1.);
#855 = DIRECTION('',(1.,0.,0.));
#856 = PCURVE('',#72,#857);
#857 = DEFINITIONAL_REPRESENTATION('',(#858),#862);
#858 = LINE('',#859,#860);
#859 = CARTESIAN_POINT('',(4.482057728968E-10,37.85));
#860 = VECTOR('',#861,1.);
#861 = DIRECTION('',(1.,0.));
#862 = ( GEOMETRIC_REPRESENTATION_CONTEXT(2) 
PARAMETRIC_REPRESENTATION_CONTEXT() REPRESENTATION_CONTEXT('2D SPACE',''
  ) );
#863 = PCURVE('',#864,#869);
#864 = PLANE('',#865);
#865 = AXIS2_PLACEMENT_3D('',#866,#867,#868);
#866 = CARTESIAN_POINT('',(1.698,64.65,-14.));
#867 = DIRECTION('',(0.,1.,0.));
#868 = DIRECTION('',(1.,0.,0.));
#869 = DEFINITIONAL_REPRESENTATION('',(#870),#874);
#870 = LINE('',#871,#872);
#871 = CARTESIAN_POINT('',(17.607,0.));
#872 = VECTOR('',#873,1.);
#873 = DIRECTION('',(1.,0.));
#874 = ( GEOMETRIC_REPRESENTATION_CONTEXT(2) 
PARAMETRIC_REPRESENTATION_CONTEXT() REPRESENTATION_CONTEXT('2D SPACE',''
  ) );
#875 = ORIENTED_EDGE('',*,*,#876,.F.);
#876 = EDGE_CURVE('',#877,#849,#879,.T.);
#877 = VERTEX_POINT('',#878);
#878 = CARTESIAN_POINT('',(17.305,64.9,-14.));
#879 = SURFACE_CURVE('',#880,(#884,#891),.PCURVE_S1.);
#880 = LINE('',#881,#882);
#881 = CARTESIAN_POINT('',(17.305,64.9,-14.));
#882 = VECTOR('',#883,1.);
#883 = DIRECTION('',(-0.970142500145,-0.242535625036,0.));
#884 = PCURVE('',#72,#885);
#885 = DEFINITIONAL_REPRESENTATION('',(#886),#890);
#886 = LINE('',#887,#888);
#887 = CARTESIAN_POINT('',(-1.999999999552,38.1));
#888 = VECTOR('',#889,1.);
#889 = DIRECTION('',(-0.970142500145,-0.242535625036));
#890 = ( GEOMETRIC_REPRESENTATION_CONTEXT(2) 
PARAMETRIC_REPRESENTATION_CONTEXT() REPRESENTATION_CONTEXT('2D SPACE',''
  ) );
#891 = PCURVE('',#892,#897);
#892 = PLANE('',#893);
#893 = AXIS2_PLACEMENT_3D('',#894,#895,#896);
#894 = CARTESIAN_POINT('',(17.305,64.9,-14.));
#895 = DIRECTION('',(0.242535625036,-0.970142500145,0.));
#896 = DIRECTION('',(-0.970142500145,-0.242535625036,0.));
#897 = DEFINITIONAL_REPRESENTATION('',(#898),#902);
#898 = LINE('',#899,#900);
#899 = CARTESIAN_POINT('',(0.,0.));
#900 = VECTOR('',#901,1.);
#901 = DIRECTION('',(1.,0.));
#902 = ( GEOMETRIC_REPRESENTATION_CONTEXT(2) 
PARAMETRIC_REPRESENTATION_CONTEXT() REPRESENTATION_CONTEXT('2D SPACE',''
  ) );
#903 = ORIENTED_EDGE('',*,*,#904,.F.);
#904 = EDGE_CURVE('',#905,#877,#907,.T.);
#905 = VERTEX_POINT('',#906);
#906 = CARTESIAN_POINT('',(21.305,64.9,-14.));
#907 = SURFACE_CURVE('',#908,(#912,#919),.PCURVE_S1.);
#908 = LINE('',#909,#910);
#909 = CARTESIAN_POINT('',(21.305,64.9,-14.));
#910 = VECTOR('',#911,1.);
#911 = DIRECTION('',(-1.,0.,0.));
#912 = PCURVE('',#72,#913);
#913 = DEFINITIONAL_REPRESENTATION('',(#914),#918);
#914 = LINE('',#915,#916);
#915 = CARTESIAN_POINT('',(2.000000000448,38.1));
#916 = VECTOR('',#917,1.);
#917 = DIRECTION('',(-1.,0.));
#918 = ( GEOMETRIC_REPRESENTATION_CONTEXT(2) 
PARAMETRIC_REPRESENTATION_CONTEXT() REPRESENTATION_CONTEXT('2D SPACE',''
  ) );
#919 = PCURVE('',#920,#925);
#920 = PLANE('',#921);
#921 = AXIS2_PLACEMENT_3D('',#922,#923,#924);
#922 = CARTESIAN_POINT('',(21.305,64.9,-14.));
#923 = DIRECTION('',(0.,-1.,0.));
#924 = DIRECTION('',(-1.,0.,0.));
#925 = DEFINITIONAL_REPRESENTATION('',(#926),#930);
#926 = LINE('',#927,#928);
#927 = CARTESIAN_POINT('',(0.,-0.));
#928 = VECTOR('',#929,1.);
#929 = DIRECTION('',(1.,0.));
#930 = ( GEOMETRIC_REPRESENTATION_CONTEXT(2) 
PARAMETRIC_REPRESENTATION_CONTEXT() REPRESENTATION_CONTEXT('2D SPACE',''
  ) );
#931 = ORIENTED_EDGE('',*,*,#932,.F.);
#932 = EDGE_CURVE('',#933,#905,#935,.T.);
#933 = VERTEX_POINT('',#934);
#934 = CARTESIAN_POINT('',(22.305,64.65,-14.));
#935 = SURFACE_CURVE('',#936,(#940,#947),.PCURVE_S1.);
#936 = LINE('',#937,#938);
#937 = CARTESIAN_POINT('',(22.305,64.65,-14.));
#938 = VECTOR('',#939,1.);
#939 = DIRECTION('',(-0.970142500145,0.242535625036,0.));
#940 = PCURVE('',#72,#941);
#941 = DEFINITIONAL_REPRESENTATION('',(#942),#946);
#942 = LINE('',#943,#944);
#943 = CARTESIAN_POINT('',(3.000000000448,37.85));
#944 = VECTOR('',#945,1.);
#945 = DIRECTION('',(-0.970142500145,0.242535625036));
#946 = ( GEOMETRIC_REPRESENTATION_CONTEXT(2) 
PARAMETRIC_REPRESENTATION_CONTEXT() REPRESENTATION_CONTEXT('2D SPACE',''
  ) );
#947 = PCURVE('',#948,#953);
#948 = PLANE('',#949);
#949 = AXIS2_PLACEMENT_3D('',#950,#951,#952);
#950 = CARTESIAN_POINT('',(22.305,64.65,-14.));
#951 = DIRECTION('',(-0.242535625036,-0.970142500145,0.));
#952 = DIRECTION('',(-0.970142500145,0.242535625036,0.));
#953 = DEFINITIONAL_REPRESENTATION('',(#954),#958);
#954 = LINE('',#955,#956);
#955 = CARTESIAN_POINT('',(0.,0.));
#956 = VECTOR('',#957,1.);
#957 = DIRECTION('',(1.,0.));
#958 = ( GEOMETRIC_REPRESENTATION_CONTEXT(2) 
PARAMETRIC_REPRESENTATION_CONTEXT() REPRESENTATION_CONTEXT('2D SPACE',''
  ) );
#959 = ORIENTED_EDGE('',*,*,#960,.T.);
#960 = EDGE_CURVE('',#933,#961,#963,.T.);
#961 = VERTEX_POINT('',#962);
#962 = CARTESIAN_POINT('',(36.911999996799,64.65,-14.));
#963 = SURFACE_CURVE('',#964,(#968,#975),.PCURVE_S1.);
#964 = LINE('',#965,#966);
#965 = CARTESIAN_POINT('',(19.305,64.65,-14.));
#966 = VECTOR('',#967,1.);
#967 = DIRECTION('',(1.,0.,0.));
#968 = PCURVE('',#72,#969);
#969 = DEFINITIONAL_REPRESENTATION('',(#970),#974);
#970 = LINE('',#971,#972);
#971 = CARTESIAN_POINT('',(4.482057728968E-10,37.85));
#972 = VECTOR('',#973,1.);
#973 = DIRECTION('',(1.,0.));
#974 = ( GEOMETRIC_REPRESENTATION_CONTEXT(2) 
PARAMETRIC_REPRESENTATION_CONTEXT() REPRESENTATION_CONTEXT('2D SPACE',''
  ) );
#975 = PCURVE('',#864,#976);
#976 = DEFINITIONAL_REPRESENTATION('',(#977),#981);
#977 = LINE('',#978,#979);
#978 = CARTESIAN_POINT('',(17.607,0.));
#979 = VECTOR('',#980,1.);
#980 = DIRECTION('',(1.,0.));
#981 = ( GEOMETRIC_REPRESENTATION_CONTEXT(2) 
PARAMETRIC_REPRESENTATION_CONTEXT() REPRESENTATION_CONTEXT('2D SPACE',''
  ) );
#982 = ORIENTED_EDGE('',*,*,#983,.T.);
#983 = EDGE_CURVE('',#961,#984,#986,.T.);
#984 = VERTEX_POINT('',#985);
#985 = CARTESIAN_POINT('',(40.3619999984,61.2,-14.));
#986 = SURFACE_CURVE('',#987,(#992,#1003),.PCURVE_S1.);
#987 = CIRCLE('',#988,3.45);
#988 = AXIS2_PLACEMENT_3D('',#989,#990,#991);
#989 = CARTESIAN_POINT('',(36.911999996799,61.2,-14.));
#990 = DIRECTION('',(0.,0.,-1.));
#991 = DIRECTION('',(-1.,0.,0.));
#992 = PCURVE('',#72,#993);
#993 = DEFINITIONAL_REPRESENTATION('',(#994),#1002);
#994 = ( BOUNDED_CURVE() B_SPLINE_CURVE(2,(#995,#996,#997,#998,#999,
#1000,#1001),.UNSPECIFIED.,.T.,.F.) B_SPLINE_CURVE_WITH_KNOTS((1,2,2,2,2
    ,1),(-2.094395102393,0.,2.094395102393,4.188790204786,6.28318530718,
8.377580409573),.UNSPECIFIED.) CURVE() GEOMETRIC_REPRESENTATION_ITEM() 
RATIONAL_B_SPLINE_CURVE((1.,0.5,1.,0.5,1.,0.5,1.)) REPRESENTATION_ITEM(
  '') );
#995 = CARTESIAN_POINT('',(14.156999997247,34.4));
#996 = CARTESIAN_POINT('',(14.156999997247,40.375575286113));
#997 = CARTESIAN_POINT('',(19.331999997247,37.387787643056));
#998 = CARTESIAN_POINT('',(24.506999997247,34.4));
#999 = CARTESIAN_POINT('',(19.331999997247,31.412212356944));
#1000 = CARTESIAN_POINT('',(14.156999997247,28.424424713887));
#1001 = CARTESIAN_POINT('',(14.156999997247,34.4));
#1002 = ( GEOMETRIC_REPRESENTATION_CONTEXT(2) 
PARAMETRIC_REPRESENTATION_CONTEXT() REPRESENTATION_CONTEXT('2D SPACE',''
  ) );
#1003 = PCURVE('',#1004,#1009);
#1004 = CYLINDRICAL_SURFACE('',#1005,3.45);
#1005 = AXIS2_PLACEMENT_3D('',#1006,#1007,#1008);
#1006 = CARTESIAN_POINT('',(36.911999996799,61.2,-14.));
#1007 = DIRECTION('',(0.,0.,-1.));
#1008 = DIRECTION('',(-1.,0.,0.));
#1009 = DEFINITIONAL_REPRESENTATION('',(#1010),#1014);
#1010 = LINE('',#1011,#1012);
#1011 = CARTESIAN_POINT('',(0.,0.));
#1012 = VECTOR('',#1013,1.);
#1013 = DIRECTION('',(1.,0.));
#1014 = ( GEOMETRIC_REPRESENTATION_CONTEXT(2) 
PARAMETRIC_REPRESENTATION_CONTEXT() REPRESENTATION_CONTEXT('2D SPACE',''
  ) );
#1015 = ORIENTED_EDGE('',*,*,#1016,.F.);
#1016 = EDGE_CURVE('',#1017,#984,#1019,.T.);
#1017 = VERTEX_POINT('',#1018);
#1018 = CARTESIAN_POINT('',(40.362,49.8,-14.));
#1019 = SURFACE_CURVE('',#1020,(#1024,#1031),.PCURVE_S1.);
#1020 = LINE('',#1021,#1022);
#1021 = CARTESIAN_POINT('',(40.362,26.8,-14.));
#1022 = VECTOR('',#1023,1.);
#1023 = DIRECTION('',(0.,1.,0.));
#1024 = PCURVE('',#72,#1025);
#1025 = DEFINITIONAL_REPRESENTATION('',(#1026),#1030);
#1026 = LINE('',#1027,#1028);
#1027 = CARTESIAN_POINT('',(21.057000000448,-1.293325245838E-15));
#1028 = VECTOR('',#1029,1.);
#1029 = DIRECTION('',(0.,1.));
#1030 = ( GEOMETRIC_REPRESENTATION_CONTEXT(2) 
PARAMETRIC_REPRESENTATION_CONTEXT() REPRESENTATION_CONTEXT('2D SPACE',''
  ) );
#1031 = PCURVE('',#1032,#1037);
#1032 = PLANE('',#1033);
#1033 = AXIS2_PLACEMENT_3D('',#1034,#1035,#1036);
#1034 = CARTESIAN_POINT('',(40.362,-7.6,-14.));
#1035 = DIRECTION('',(-1.,0.,0.));
#1036 = DIRECTION('',(0.,1.,0.));
#1037 = DEFINITIONAL_REPRESENTATION('',(#1038),#1042);
#1038 = LINE('',#1039,#1040);
#1039 = CARTESIAN_POINT('',(34.4,0.));
#1040 = VECTOR('',#1041,1.);
#1041 = DIRECTION('',(1.,0.));
#1042 = ( GEOMETRIC_REPRESENTATION_CONTEXT(2) 
PARAMETRIC_REPRESENTATION_CONTEXT() REPRESENTATION_CONTEXT('2D SPACE',''
  ) );
#1043 = ORIENTED_EDGE('',*,*,#1044,.F.);
#1044 = EDGE_CURVE('',#1045,#1017,#1047,.T.);
#1045 = VERTEX_POINT('',#1046);
#1046 = CARTESIAN_POINT('',(40.612,48.8,-14.));
#1047 = SURFACE_CURVE('',#1048,(#1052,#1059),.PCURVE_S1.);
#1048 = LINE('',#1049,#1050);
#1049 = CARTESIAN_POINT('',(40.612,48.8,-14.));
#1050 = VECTOR('',#1051,1.);
#1051 = DIRECTION('',(-0.242535625036,0.970142500145,0.));
#1052 = PCURVE('',#72,#1053);
#1053 = DEFINITIONAL_REPRESENTATION('',(#1054),#1058);
#1054 = LINE('',#1055,#1056);
#1055 = CARTESIAN_POINT('',(21.307000000448,22.));
#1056 = VECTOR('',#1057,1.);
#1057 = DIRECTION('',(-0.242535625036,0.970142500145));
#1058 = ( GEOMETRIC_REPRESENTATION_CONTEXT(2) 
PARAMETRIC_REPRESENTATION_CONTEXT() REPRESENTATION_CONTEXT('2D SPACE',''
  ) );
#1059 = PCURVE('',#1060,#1065);
#1060 = PLANE('',#1061);
#1061 = AXIS2_PLACEMENT_3D('',#1062,#1063,#1064);
#1062 = CARTESIAN_POINT('',(40.612,48.8,-14.));
#1063 = DIRECTION('',(-0.970142500145,-0.242535625036,0.));
#1064 = DIRECTION('',(-0.242535625036,0.970142500145,0.));
#1065 = DEFINITIONAL_REPRESENTATION('',(#1066),#1070);
#1066 = LINE('',#1067,#1068);
#1067 = CARTESIAN_POINT('',(0.,0.));
#1068 = VECTOR('',#1069,1.);
#1069 = DIRECTION('',(1.,0.));
#1070 = ( GEOMETRIC_REPRESENTATION_CONTEXT(2) 
PARAMETRIC_REPRESENTATION_CONTEXT() REPRESENTATION_CONTEXT('2D SPACE',''
  ) );
#1071 = ORIENTED_EDGE('',*,*,#1072,.F.);
#1072 = EDGE_CURVE('',#1073,#1045,#1075,.T.);
#1073 = VERTEX_POINT('',#1074);
#1074 = CARTESIAN_POINT('',(40.612,44.8,-14.));
#1075 = SURFACE_CURVE('',#1076,(#1080,#1087),.PCURVE_S1.);
#1076 = LINE('',#1077,#1078);
#1077 = CARTESIAN_POINT('',(40.612,44.8,-14.));
#1078 = VECTOR('',#1079,1.);
#1079 = DIRECTION('',(-2.22044604925E-16,1.,0.));
#1080 = PCURVE('',#72,#1081);
#1081 = DEFINITIONAL_REPRESENTATION('',(#1082),#1086);
#1082 = LINE('',#1083,#1084);
#1083 = CARTESIAN_POINT('',(21.307000000448,18.));
#1084 = VECTOR('',#1085,1.);
#1085 = DIRECTION('',(-2.22044604925E-16,1.));
#1086 = ( GEOMETRIC_REPRESENTATION_CONTEXT(2) 
PARAMETRIC_REPRESENTATION_CONTEXT() REPRESENTATION_CONTEXT('2D SPACE',''
  ) );
#1087 = PCURVE('',#1088,#1093);
#1088 = PLANE('',#1089);
#1089 = AXIS2_PLACEMENT_3D('',#1090,#1091,#1092);
#1090 = CARTESIAN_POINT('',(40.612,44.8,-14.));
#1091 = DIRECTION('',(-1.,-2.22044604925E-16,0.));
#1092 = DIRECTION('',(-2.22044604925E-16,1.,0.));
#1093 = DEFINITIONAL_REPRESENTATION('',(#1094),#1098);
#1094 = LINE('',#1095,#1096);
#1095 = CARTESIAN_POINT('',(0.,-0.));
#1096 = VECTOR('',#1097,1.);
#1097 = DIRECTION('',(1.,0.));
#1098 = ( GEOMETRIC_REPRESENTATION_CONTEXT(2) 
PARAMETRIC_REPRESENTATION_CONTEXT() REPRESENTATION_CONTEXT('2D SPACE',''
  ) );
#1099 = ORIENTED_EDGE('',*,*,#1100,.F.);
#1100 = EDGE_CURVE('',#1101,#1073,#1103,.T.);
#1101 = VERTEX_POINT('',#1102);
#1102 = CARTESIAN_POINT('',(40.362,43.8,-14.));
#1103 = SURFACE_CURVE('',#1104,(#1108,#1115),.PCURVE_S1.);
#1104 = LINE('',#1105,#1106);
#1105 = CARTESIAN_POINT('',(40.362,43.8,-14.));
#1106 = VECTOR('',#1107,1.);
#1107 = DIRECTION('',(0.242535625036,0.970142500145,0.));
#1108 = PCURVE('',#72,#1109);
#1109 = DEFINITIONAL_REPRESENTATION('',(#1110),#1114);
#1110 = LINE('',#1111,#1112);
#1111 = CARTESIAN_POINT('',(21.057000000448,17.));
#1112 = VECTOR('',#1113,1.);
#1113 = DIRECTION('',(0.242535625036,0.970142500145));
#1114 = ( GEOMETRIC_REPRESENTATION_CONTEXT(2) 
PARAMETRIC_REPRESENTATION_CONTEXT() REPRESENTATION_CONTEXT('2D SPACE',''
  ) );
#1115 = PCURVE('',#1116,#1121);
#1116 = PLANE('',#1117);
#1117 = AXIS2_PLACEMENT_3D('',#1118,#1119,#1120);
#1118 = CARTESIAN_POINT('',(40.362,43.8,-14.));
#1119 = DIRECTION('',(-0.970142500145,0.242535625036,0.));
#1120 = DIRECTION('',(0.242535625036,0.970142500145,0.));
#1121 = DEFINITIONAL_REPRESENTATION('',(#1122),#1126);
#1122 = LINE('',#1123,#1124);
#1123 = CARTESIAN_POINT('',(0.,0.));
#1124 = VECTOR('',#1125,1.);
#1125 = DIRECTION('',(1.,0.));
#1126 = ( GEOMETRIC_REPRESENTATION_CONTEXT(2) 
PARAMETRIC_REPRESENTATION_CONTEXT() REPRESENTATION_CONTEXT('2D SPACE',''
  ) );
#1127 = ORIENTED_EDGE('',*,*,#1128,.F.);
#1128 = EDGE_CURVE('',#1129,#1101,#1131,.T.);
#1129 = VERTEX_POINT('',#1130);
#1130 = CARTESIAN_POINT('',(40.362,9.8,-14.));
#1131 = SURFACE_CURVE('',#1132,(#1136,#1143),.PCURVE_S1.);
#1132 = LINE('',#1133,#1134);
#1133 = CARTESIAN_POINT('',(40.362,26.8,-14.));
#1134 = VECTOR('',#1135,1.);
#1135 = DIRECTION('',(0.,1.,0.));
#1136 = PCURVE('',#72,#1137);
#1137 = DEFINITIONAL_REPRESENTATION('',(#1138),#1142);
#1138 = LINE('',#1139,#1140);
#1139 = CARTESIAN_POINT('',(21.057000000448,-1.293325245838E-15));
#1140 = VECTOR('',#1141,1.);
#1141 = DIRECTION('',(0.,1.));
#1142 = ( GEOMETRIC_REPRESENTATION_CONTEXT(2) 
PARAMETRIC_REPRESENTATION_CONTEXT() REPRESENTATION_CONTEXT('2D SPACE',''
  ) );
#1143 = PCURVE('',#1032,#1144);
#1144 = DEFINITIONAL_REPRESENTATION('',(#1145),#1149);
#1145 = LINE('',#1146,#1147);
#1146 = CARTESIAN_POINT('',(34.4,0.));
#1147 = VECTOR('',#1148,1.);
#1148 = DIRECTION('',(1.,0.));
#1149 = ( GEOMETRIC_REPRESENTATION_CONTEXT(2) 
PARAMETRIC_REPRESENTATION_CONTEXT() REPRESENTATION_CONTEXT('2D SPACE',''
  ) );
#1150 = ORIENTED_EDGE('',*,*,#1151,.F.);
#1151 = EDGE_CURVE('',#1152,#1129,#1154,.T.);
#1152 = VERTEX_POINT('',#1153);
#1153 = CARTESIAN_POINT('',(40.612,8.8,-14.));
#1154 = SURFACE_CURVE('',#1155,(#1159,#1166),.PCURVE_S1.);
#1155 = LINE('',#1156,#1157);
#1156 = CARTESIAN_POINT('',(40.612,8.8,-14.));
#1157 = VECTOR('',#1158,1.);
#1158 = DIRECTION('',(-0.242535625036,0.970142500145,0.));
#1159 = PCURVE('',#72,#1160);
#1160 = DEFINITIONAL_REPRESENTATION('',(#1161),#1165);
#1161 = LINE('',#1162,#1163);
#1162 = CARTESIAN_POINT('',(21.307000000448,-18.));
#1163 = VECTOR('',#1164,1.);
#1164 = DIRECTION('',(-0.242535625036,0.970142500145));
#1165 = ( GEOMETRIC_REPRESENTATION_CONTEXT(2) 
PARAMETRIC_REPRESENTATION_CONTEXT() REPRESENTATION_CONTEXT('2D SPACE',''
  ) );
#1166 = PCURVE('',#1167,#1172);
#1167 = PLANE('',#1168);
#1168 = AXIS2_PLACEMENT_3D('',#1169,#1170,#1171);
#1169 = CARTESIAN_POINT('',(40.612,8.8,-14.));
#1170 = DIRECTION('',(-0.970142500145,-0.242535625036,0.));
#1171 = DIRECTION('',(-0.242535625036,0.970142500145,0.));
#1172 = DEFINITIONAL_REPRESENTATION('',(#1173),#1177);
#1173 = LINE('',#1174,#1175);
#1174 = CARTESIAN_POINT('',(0.,0.));
#1175 = VECTOR('',#1176,1.);
#1176 = DIRECTION('',(1.,0.));
#1177 = ( GEOMETRIC_REPRESENTATION_CONTEXT(2) 
PARAMETRIC_REPRESENTATION_CONTEXT() REPRESENTATION_CONTEXT('2D SPACE',''
  ) );
#1178 = ORIENTED_EDGE('',*,*,#1179,.F.);
#1179 = EDGE_CURVE('',#1180,#1152,#1182,.T.);
#1180 = VERTEX_POINT('',#1181);
#1181 = CARTESIAN_POINT('',(40.612,4.8,-14.));
#1182 = SURFACE_CURVE('',#1183,(#1187,#1194),.PCURVE_S1.);
#1183 = LINE('',#1184,#1185);
#1184 = CARTESIAN_POINT('',(40.612,4.8,-14.));
#1185 = VECTOR('',#1186,1.);
#1186 = DIRECTION('',(-2.22044604925E-16,1.,0.));
#1187 = PCURVE('',#72,#1188);
#1188 = DEFINITIONAL_REPRESENTATION('',(#1189),#1193);
#1189 = LINE('',#1190,#1191);
#1190 = CARTESIAN_POINT('',(21.307000000448,-22.));
#1191 = VECTOR('',#1192,1.);
#1192 = DIRECTION('',(-2.22044604925E-16,1.));
#1193 = ( GEOMETRIC_REPRESENTATION_CONTEXT(2) 
PARAMETRIC_REPRESENTATION_CONTEXT() REPRESENTATION_CONTEXT('2D SPACE',''
  ) );
#1194 = PCURVE('',#1195,#1200);
#1195 = PLANE('',#1196);
#1196 = AXIS2_PLACEMENT_3D('',#1197,#1198,#1199);
#1197 = CARTESIAN_POINT('',(40.612,4.8,-14.));
#1198 = DIRECTION('',(-1.,-2.22044604925E-16,0.));
#1199 = DIRECTION('',(-2.22044604925E-16,1.,0.));
#1200 = DEFINITIONAL_REPRESENTATION('',(#1201),#1205);
#1201 = LINE('',#1202,#1203);
#1202 = CARTESIAN_POINT('',(0.,-0.));
#1203 = VECTOR('',#1204,1.);
#1204 = DIRECTION('',(1.,0.));
#1205 = ( GEOMETRIC_REPRESENTATION_CONTEXT(2) 
PARAMETRIC_REPRESENTATION_CONTEXT() REPRESENTATION_CONTEXT('2D SPACE',''
  ) );
#1206 = ORIENTED_EDGE('',*,*,#1207,.F.);
#1207 = EDGE_CURVE('',#1208,#1180,#1210,.T.);
#1208 = VERTEX_POINT('',#1209);
#1209 = CARTESIAN_POINT('',(40.362,3.8,-14.));
#1210 = SURFACE_CURVE('',#1211,(#1215,#1222),.PCURVE_S1.);
#1211 = LINE('',#1212,#1213);
#1212 = CARTESIAN_POINT('',(40.362,3.8,-14.));
#1213 = VECTOR('',#1214,1.);
#1214 = DIRECTION('',(0.242535625036,0.970142500145,0.));
#1215 = PCURVE('',#72,#1216);
#1216 = DEFINITIONAL_REPRESENTATION('',(#1217),#1221);
#1217 = LINE('',#1218,#1219);
#1218 = CARTESIAN_POINT('',(21.057000000448,-23.));
#1219 = VECTOR('',#1220,1.);
#1220 = DIRECTION('',(0.242535625036,0.970142500145));
#1221 = ( GEOMETRIC_REPRESENTATION_CONTEXT(2) 
PARAMETRIC_REPRESENTATION_CONTEXT() REPRESENTATION_CONTEXT('2D SPACE',''
  ) );
#1222 = PCURVE('',#1223,#1228);
#1223 = PLANE('',#1224);
#1224 = AXIS2_PLACEMENT_3D('',#1225,#1226,#1227);
#1225 = CARTESIAN_POINT('',(40.362,3.8,-14.));
#1226 = DIRECTION('',(-0.970142500145,0.242535625036,0.));
#1227 = DIRECTION('',(0.242535625036,0.970142500145,0.));
#1228 = DEFINITIONAL_REPRESENTATION('',(#1229),#1233);
#1229 = LINE('',#1230,#1231);
#1230 = CARTESIAN_POINT('',(0.,0.));
#1231 = VECTOR('',#1232,1.);
#1232 = DIRECTION('',(1.,0.));
#1233 = ( GEOMETRIC_REPRESENTATION_CONTEXT(2) 
PARAMETRIC_REPRESENTATION_CONTEXT() REPRESENTATION_CONTEXT('2D SPACE',''
  ) );
#1234 = ORIENTED_EDGE('',*,*,#1235,.F.);
#1235 = EDGE_CURVE('',#1236,#1208,#1238,.T.);
#1236 = VERTEX_POINT('',#1237);
#1237 = CARTESIAN_POINT('',(40.3619999984,-7.6,-14.));
#1238 = SURFACE_CURVE('',#1239,(#1243,#1250),.PCURVE_S1.);
#1239 = LINE('',#1240,#1241);
#1240 = CARTESIAN_POINT('',(40.362,26.8,-14.));
#1241 = VECTOR('',#1242,1.);
#1242 = DIRECTION('',(0.,1.,0.));
#1243 = PCURVE('',#72,#1244);
#1244 = DEFINITIONAL_REPRESENTATION('',(#1245),#1249);
#1245 = LINE('',#1246,#1247);
#1246 = CARTESIAN_POINT('',(21.057000000448,-1.293325245838E-15));
#1247 = VECTOR('',#1248,1.);
#1248 = DIRECTION('',(0.,1.));
#1249 = ( GEOMETRIC_REPRESENTATION_CONTEXT(2) 
PARAMETRIC_REPRESENTATION_CONTEXT() REPRESENTATION_CONTEXT('2D SPACE',''
  ) );
#1250 = PCURVE('',#1032,#1251);
#1251 = DEFINITIONAL_REPRESENTATION('',(#1252),#1256);
#1252 = LINE('',#1253,#1254);
#1253 = CARTESIAN_POINT('',(34.4,0.));
#1254 = VECTOR('',#1255,1.);
#1255 = DIRECTION('',(1.,0.));
#1256 = ( GEOMETRIC_REPRESENTATION_CONTEXT(2) 
PARAMETRIC_REPRESENTATION_CONTEXT() REPRESENTATION_CONTEXT('2D SPACE',''
  ) );
#1257 = ORIENTED_EDGE('',*,*,#1258,.T.);
#1258 = EDGE_CURVE('',#1236,#1259,#1261,.T.);
#1259 = VERTEX_POINT('',#1260);
#1260 = CARTESIAN_POINT('',(36.911999996799,-11.05,-14.));
#1261 = SURFACE_CURVE('',#1262,(#1267,#1278),.PCURVE_S1.);
#1262 = CIRCLE('',#1263,3.45);
#1263 = AXIS2_PLACEMENT_3D('',#1264,#1265,#1266);
#1264 = CARTESIAN_POINT('',(36.911999996799,-7.6,-14.));
#1265 = DIRECTION('',(0.,0.,-1.));
#1266 = DIRECTION('',(-1.,0.,0.));
#1267 = PCURVE('',#72,#1268);
#1268 = DEFINITIONAL_REPRESENTATION('',(#1269),#1277);
#1269 = ( BOUNDED_CURVE() B_SPLINE_CURVE(2,(#1270,#1271,#1272,#1273,
#1274,#1275,#1276),.UNSPECIFIED.,.T.,.F.) B_SPLINE_CURVE_WITH_KNOTS((1,2
    ,2,2,2,1),(-2.094395102393,0.,2.094395102393,4.188790204786,
6.28318530718,8.377580409573),.UNSPECIFIED.) CURVE() 
GEOMETRIC_REPRESENTATION_ITEM() RATIONAL_B_SPLINE_CURVE((1.,0.5,1.,0.5,
1.,0.5,1.)) REPRESENTATION_ITEM('') );
#1270 = CARTESIAN_POINT('',(14.156999997247,-34.4));
#1271 = CARTESIAN_POINT('',(14.156999997247,-28.42442471388));
#1272 = CARTESIAN_POINT('',(19.331999997247,-31.41221235694));
#1273 = CARTESIAN_POINT('',(24.506999997247,-34.4));
#1274 = CARTESIAN_POINT('',(19.331999997247,-37.38778764305));
#1275 = CARTESIAN_POINT('',(14.156999997247,-40.37557528611));
#1276 = CARTESIAN_POINT('',(14.156999997247,-34.4));
#1277 = ( GEOMETRIC_REPRESENTATION_CONTEXT(2) 
PARAMETRIC_REPRESENTATION_CONTEXT() REPRESENTATION_CONTEXT('2D SPACE',''
  ) );
#1278 = PCURVE('',#1279,#1284);
#1279 = CYLINDRICAL_SURFACE('',#1280,3.45);
#1280 = AXIS2_PLACEMENT_3D('',#1281,#1282,#1283);
#1281 = CARTESIAN_POINT('',(36.911999996799,-7.6,-14.));
#1282 = DIRECTION('',(0.,0.,-1.));
#1283 = DIRECTION('',(-1.,0.,0.));
#1284 = DEFINITIONAL_REPRESENTATION('',(#1285),#1289);
#1285 = LINE('',#1286,#1287);
#1286 = CARTESIAN_POINT('',(0.,0.));
#1287 = VECTOR('',#1288,1.);
#1288 = DIRECTION('',(1.,0.));
#1289 = ( GEOMETRIC_REPRESENTATION_CONTEXT(2) 
PARAMETRIC_REPRESENTATION_CONTEXT() REPRESENTATION_CONTEXT('2D SPACE',''
  ) );
#1290 = ORIENTED_EDGE('',*,*,#1291,.F.);
#1291 = EDGE_CURVE('',#1292,#1259,#1294,.T.);
#1292 = VERTEX_POINT('',#1293);
#1293 = CARTESIAN_POINT('',(22.305,-11.05,-14.));
#1294 = SURFACE_CURVE('',#1295,(#1299,#1306),.PCURVE_S1.);
#1295 = LINE('',#1296,#1297);
#1296 = CARTESIAN_POINT('',(19.305,-11.05,-14.));
#1297 = VECTOR('',#1298,1.);
#1298 = DIRECTION('',(1.,0.,0.));
#1299 = PCURVE('',#72,#1300);
#1300 = DEFINITIONAL_REPRESENTATION('',(#1301),#1305);
#1301 = LINE('',#1302,#1303);
#1302 = CARTESIAN_POINT('',(4.482057728968E-10,-37.85));
#1303 = VECTOR('',#1304,1.);
#1304 = DIRECTION('',(1.,0.));
#1305 = ( GEOMETRIC_REPRESENTATION_CONTEXT(2) 
PARAMETRIC_REPRESENTATION_CONTEXT() REPRESENTATION_CONTEXT('2D SPACE',''
  ) );
#1306 = PCURVE('',#528,#1307);
#1307 = DEFINITIONAL_REPRESENTATION('',(#1308),#1312);
#1308 = LINE('',#1309,#1310);
#1309 = CARTESIAN_POINT('',(17.607,0.));
#1310 = VECTOR('',#1311,1.);
#1311 = DIRECTION('',(1.,0.));
#1312 = ( GEOMETRIC_REPRESENTATION_CONTEXT(2) 
PARAMETRIC_REPRESENTATION_CONTEXT() REPRESENTATION_CONTEXT('2D SPACE',''
  ) );
#1313 = ORIENTED_EDGE('',*,*,#1314,.F.);
#1314 = EDGE_CURVE('',#1315,#1292,#1317,.T.);
#1315 = VERTEX_POINT('',#1316);
#1316 = CARTESIAN_POINT('',(21.305,-11.3,-14.));
#1317 = SURFACE_CURVE('',#1318,(#1322,#1329),.PCURVE_S1.);
#1318 = LINE('',#1319,#1320);
#1319 = CARTESIAN_POINT('',(21.305,-11.3,-14.));
#1320 = VECTOR('',#1321,1.);
#1321 = DIRECTION('',(0.970142500145,0.242535625036,0.));
#1322 = PCURVE('',#72,#1323);
#1323 = DEFINITIONAL_REPRESENTATION('',(#1324),#1328);
#1324 = LINE('',#1325,#1326);
#1325 = CARTESIAN_POINT('',(2.000000000448,-38.1));
#1326 = VECTOR('',#1327,1.);
#1327 = DIRECTION('',(0.970142500145,0.242535625036));
#1328 = ( GEOMETRIC_REPRESENTATION_CONTEXT(2) 
PARAMETRIC_REPRESENTATION_CONTEXT() REPRESENTATION_CONTEXT('2D SPACE',''
  ) );
#1329 = PCURVE('',#1330,#1335);
#1330 = PLANE('',#1331);
#1331 = AXIS2_PLACEMENT_3D('',#1332,#1333,#1334);
#1332 = CARTESIAN_POINT('',(21.305,-11.3,-14.));
#1333 = DIRECTION('',(-0.242535625036,0.970142500145,0.));
#1334 = DIRECTION('',(0.970142500145,0.242535625036,0.));
#1335 = DEFINITIONAL_REPRESENTATION('',(#1336),#1340);
#1336 = LINE('',#1337,#1338);
#1337 = CARTESIAN_POINT('',(0.,0.));
#1338 = VECTOR('',#1339,1.);
#1339 = DIRECTION('',(1.,0.));
#1340 = ( GEOMETRIC_REPRESENTATION_CONTEXT(2) 
PARAMETRIC_REPRESENTATION_CONTEXT() REPRESENTATION_CONTEXT('2D SPACE',''
  ) );
#1341 = ORIENTED_EDGE('',*,*,#1342,.F.);
#1342 = EDGE_CURVE('',#1343,#1315,#1345,.T.);
#1343 = VERTEX_POINT('',#1344);
#1344 = CARTESIAN_POINT('',(17.305,-11.3,-14.));
#1345 = SURFACE_CURVE('',#1346,(#1350,#1357),.PCURVE_S1.);
#1346 = LINE('',#1347,#1348);
#1347 = CARTESIAN_POINT('',(17.305,-11.3,-14.));
#1348 = VECTOR('',#1349,1.);
#1349 = DIRECTION('',(1.,-1.224646799147E-16,0.));
#1350 = PCURVE('',#72,#1351);
#1351 = DEFINITIONAL_REPRESENTATION('',(#1352),#1356);
#1352 = LINE('',#1353,#1354);
#1353 = CARTESIAN_POINT('',(-1.999999999552,-38.1));
#1354 = VECTOR('',#1355,1.);
#1355 = DIRECTION('',(1.,-1.224646799147E-16));
#1356 = ( GEOMETRIC_REPRESENTATION_CONTEXT(2) 
PARAMETRIC_REPRESENTATION_CONTEXT() REPRESENTATION_CONTEXT('2D SPACE',''
  ) );
#1357 = PCURVE('',#1358,#1363);
#1358 = PLANE('',#1359);
#1359 = AXIS2_PLACEMENT_3D('',#1360,#1361,#1362);
#1360 = CARTESIAN_POINT('',(17.305,-11.3,-14.));
#1361 = DIRECTION('',(1.224646799147E-16,1.,0.));
#1362 = DIRECTION('',(1.,-1.224646799147E-16,0.));
#1363 = DEFINITIONAL_REPRESENTATION('',(#1364),#1368);
#1364 = LINE('',#1365,#1366);
#1365 = CARTESIAN_POINT('',(0.,-0.));
#1366 = VECTOR('',#1367,1.);
#1367 = DIRECTION('',(1.,0.));
#1368 = ( GEOMETRIC_REPRESENTATION_CONTEXT(2) 
PARAMETRIC_REPRESENTATION_CONTEXT() REPRESENTATION_CONTEXT('2D SPACE',''
  ) );
#1369 = ORIENTED_EDGE('',*,*,#1370,.F.);
#1370 = EDGE_CURVE('',#513,#1343,#1371,.T.);
#1371 = SURFACE_CURVE('',#1372,(#1376,#1383),.PCURVE_S1.);
#1372 = LINE('',#1373,#1374);
#1373 = CARTESIAN_POINT('',(16.305,-11.05,-14.));
#1374 = VECTOR('',#1375,1.);
#1375 = DIRECTION('',(0.970142500145,-0.242535625036,0.));
#1376 = PCURVE('',#72,#1377);
#1377 = DEFINITIONAL_REPRESENTATION('',(#1378),#1382);
#1378 = LINE('',#1379,#1380);
#1379 = CARTESIAN_POINT('',(-2.999999999552,-37.85));
#1380 = VECTOR('',#1381,1.);
#1381 = DIRECTION('',(0.970142500145,-0.242535625036));
#1382 = ( GEOMETRIC_REPRESENTATION_CONTEXT(2) 
PARAMETRIC_REPRESENTATION_CONTEXT() REPRESENTATION_CONTEXT('2D SPACE',''
  ) );
#1383 = PCURVE('',#1384,#1389);
#1384 = PLANE('',#1385);
#1385 = AXIS2_PLACEMENT_3D('',#1386,#1387,#1388);
#1386 = CARTESIAN_POINT('',(16.305,-11.05,-14.));
#1387 = DIRECTION('',(0.242535625036,0.970142500145,0.));
#1388 = DIRECTION('',(0.970142500145,-0.242535625036,0.));
#1389 = DEFINITIONAL_REPRESENTATION('',(#1390),#1394);
#1390 = LINE('',#1391,#1392);
#1391 = CARTESIAN_POINT('',(0.,0.));
#1392 = VECTOR('',#1393,1.);
#1393 = DIRECTION('',(1.,0.));
#1394 = ( GEOMETRIC_REPRESENTATION_CONTEXT(2) 
PARAMETRIC_REPRESENTATION_CONTEXT() REPRESENTATION_CONTEXT('2D SPACE',''
  ) );
#1395 = ADVANCED_FACE('',(#1396),#182,.F.);
#1396 = FACE_BOUND('',#1397,.F.);
#1397 = EDGE_LOOP('',(#1398,#1399,#1400,#1423));
#1398 = ORIENTED_EDGE('',*,*,#166,.T.);
#1399 = ORIENTED_EDGE('',*,*,#377,.T.);
#1400 = ORIENTED_EDGE('',*,*,#1401,.F.);
#1401 = EDGE_CURVE('',#1402,#378,#1404,.T.);
#1402 = VERTEX_POINT('',#1403);
#1403 = CARTESIAN_POINT('',(36.911999997959,-13.6,-16.));
#1404 = SURFACE_CURVE('',#1405,(#1409,#1416),.PCURVE_S1.);
#1405 = LINE('',#1406,#1407);
#1406 = CARTESIAN_POINT('',(36.911999997959,-13.6,-16.));
#1407 = VECTOR('',#1408,1.);
#1408 = DIRECTION('',(0.,0.,1.));
#1409 = PCURVE('',#182,#1410);
#1410 = DEFINITIONAL_REPRESENTATION('',(#1411),#1415);
#1411 = LINE('',#1412,#1413);
#1412 = CARTESIAN_POINT('',(35.213999997959,0.));
#1413 = VECTOR('',#1414,1.);
#1414 = DIRECTION('',(0.,-1.));
#1415 = ( GEOMETRIC_REPRESENTATION_CONTEXT(2) 
PARAMETRIC_REPRESENTATION_CONTEXT() REPRESENTATION_CONTEXT('2D SPACE',''
  ) );
#1416 = PCURVE('',#417,#1417);
#1417 = DEFINITIONAL_REPRESENTATION('',(#1418),#1422);
#1418 = LINE('',#1419,#1420);
#1419 = CARTESIAN_POINT('',(-4.712388980385,0.));
#1420 = VECTOR('',#1421,1.);
#1421 = DIRECTION('',(-0.,-1.));
#1422 = ( GEOMETRIC_REPRESENTATION_CONTEXT(2) 
PARAMETRIC_REPRESENTATION_CONTEXT() REPRESENTATION_CONTEXT('2D SPACE',''
  ) );
#1423 = ORIENTED_EDGE('',*,*,#1424,.F.);
#1424 = EDGE_CURVE('',#167,#1402,#1425,.T.);
#1425 = SURFACE_CURVE('',#1426,(#1430,#1437),.PCURVE_S1.);
#1426 = LINE('',#1427,#1428);
#1427 = CARTESIAN_POINT('',(19.305,-13.6,-16.));
#1428 = VECTOR('',#1429,1.);
#1429 = DIRECTION('',(1.,0.,0.));
#1430 = PCURVE('',#182,#1431);
#1431 = DEFINITIONAL_REPRESENTATION('',(#1432),#1436);
#1432 = LINE('',#1433,#1434);
#1433 = CARTESIAN_POINT('',(17.607,0.));
#1434 = VECTOR('',#1435,1.);
#1435 = DIRECTION('',(1.,0.));
#1436 = ( GEOMETRIC_REPRESENTATION_CONTEXT(2) 
PARAMETRIC_REPRESENTATION_CONTEXT() REPRESENTATION_CONTEXT('2D SPACE',''
  ) );
#1437 = PCURVE('',#1438,#1443);
#1438 = PLANE('',#1439);
#1439 = AXIS2_PLACEMENT_3D('',#1440,#1441,#1442);
#1440 = CARTESIAN_POINT('',(19.305,-13.6,-16.));
#1441 = DIRECTION('',(0.,-0.707106781187,-0.707106781187));
#1442 = DIRECTION('',(1.,0.,0.));
#1443 = DEFINITIONAL_REPRESENTATION('',(#1444),#1448);
#1444 = LINE('',#1445,#1446);
#1445 = CARTESIAN_POINT('',(0.,0.));
#1446 = VECTOR('',#1447,1.);
#1447 = DIRECTION('',(1.,0.));
#1448 = ( GEOMETRIC_REPRESENTATION_CONTEXT(2) 
PARAMETRIC_REPRESENTATION_CONTEXT() REPRESENTATION_CONTEXT('2D SPACE',''
  ) );
#1449 = ADVANCED_FACE('',(#1450),#209,.T.);
#1450 = FACE_BOUND('',#1451,.T.);
#1451 = EDGE_LOOP('',(#1452,#1476,#1494,#1495));
#1452 = ORIENTED_EDGE('',*,*,#1453,.T.);
#1453 = EDGE_CURVE('',#306,#1454,#1456,.T.);
#1454 = VERTEX_POINT('',#1455);
#1455 = CARTESIAN_POINT('',(1.698,-13.2,-16.4));
#1456 = SURFACE_CURVE('',#1457,(#1462,#1469),.PCURVE_S1.);
#1457 = CIRCLE('',#1458,5.6);
#1458 = AXIS2_PLACEMENT_3D('',#1459,#1460,#1461);
#1459 = CARTESIAN_POINT('',(1.698,-7.6,-16.4));
#1460 = DIRECTION('',(0.,0.,1.));
#1461 = DIRECTION('',(1.,0.,0.));
#1462 = PCURVE('',#209,#1463);
#1463 = DEFINITIONAL_REPRESENTATION('',(#1464),#1468);
#1464 = LINE('',#1465,#1466);
#1465 = CARTESIAN_POINT('',(0.,0.));
#1466 = VECTOR('',#1467,1.);
#1467 = DIRECTION('',(1.,0.));
#1468 = ( GEOMETRIC_REPRESENTATION_CONTEXT(2) 
PARAMETRIC_REPRESENTATION_CONTEXT() REPRESENTATION_CONTEXT('2D SPACE',''
  ) );
#1469 = PCURVE('',#323,#1470);
#1470 = DEFINITIONAL_REPRESENTATION('',(#1471),#1475);
#1471 = CIRCLE('',#1472,5.6);
#1472 = AXIS2_PLACEMENT_2D('',#1473,#1474);
#1473 = CARTESIAN_POINT('',(0.,0.));
#1474 = DIRECTION('',(1.,0.));
#1475 = ( GEOMETRIC_REPRESENTATION_CONTEXT(2) 
PARAMETRIC_REPRESENTATION_CONTEXT() REPRESENTATION_CONTEXT('2D SPACE',''
  ) );
#1476 = ORIENTED_EDGE('',*,*,#1477,.T.);
#1477 = EDGE_CURVE('',#1454,#167,#1478,.T.);
#1478 = SURFACE_CURVE('',#1479,(#1482,#1488),.PCURVE_S1.);
#1479 = B_SPLINE_CURVE_WITH_KNOTS('',1,(#1480,#1481),.UNSPECIFIED.,.F.,
  .F.,(2,2),(0.,1.),.PIECEWISE_BEZIER_KNOTS.);
#1480 = CARTESIAN_POINT('',(1.698,-13.2,-16.4));
#1481 = CARTESIAN_POINT('',(1.698,-13.6,-16.));
#1482 = PCURVE('',#209,#1483);
#1483 = DEFINITIONAL_REPRESENTATION('',(#1484),#1487);
#1484 = B_SPLINE_CURVE_WITH_KNOTS('',1,(#1485,#1486),.UNSPECIFIED.,.F.,
  .F.,(2,2),(0.,1.),.PIECEWISE_BEZIER_KNOTS.);
#1485 = CARTESIAN_POINT('',(4.712388980385,0.));
#1486 = CARTESIAN_POINT('',(4.712388980385,0.4));
#1487 = ( GEOMETRIC_REPRESENTATION_CONTEXT(2) 
PARAMETRIC_REPRESENTATION_CONTEXT() REPRESENTATION_CONTEXT('2D SPACE',''
  ) );
#1488 = PCURVE('',#1438,#1489);
#1489 = DEFINITIONAL_REPRESENTATION('',(#1490),#1493);
#1490 = B_SPLINE_CURVE_WITH_KNOTS('',1,(#1491,#1492),.UNSPECIFIED.,.F.,
  .F.,(2,2),(0.,1.),.PIECEWISE_BEZIER_KNOTS.);
#1491 = CARTESIAN_POINT('',(-17.607,-0.565685424949));
#1492 = CARTESIAN_POINT('',(-17.607,0.));
#1493 = ( GEOMETRIC_REPRESENTATION_CONTEXT(2) 
PARAMETRIC_REPRESENTATION_CONTEXT() REPRESENTATION_CONTEXT('2D SPACE',''
  ) );
#1494 = ORIENTED_EDGE('',*,*,#194,.F.);
#1495 = ORIENTED_EDGE('',*,*,#335,.F.);
#1496 = ADVANCED_FACE('',(#1497),#241,.T.);
#1497 = FACE_BOUND('',#1498,.T.);
#1498 = EDGE_LOOP('',(#1499,#1500,#1501,#1524));
#1499 = ORIENTED_EDGE('',*,*,#223,.T.);
#1500 = ORIENTED_EDGE('',*,*,#486,.T.);
#1501 = ORIENTED_EDGE('',*,*,#1502,.F.);
#1502 = EDGE_CURVE('',#1503,#458,#1505,.T.);
#1503 = VERTEX_POINT('',#1504);
#1504 = CARTESIAN_POINT('',(36.911999997959,67.2,-16.));
#1505 = SURFACE_CURVE('',#1506,(#1510,#1517),.PCURVE_S1.);
#1506 = LINE('',#1507,#1508);
#1507 = CARTESIAN_POINT('',(36.911999997959,67.2,-16.));
#1508 = VECTOR('',#1509,1.);
#1509 = DIRECTION('',(0.,0.,1.));
#1510 = PCURVE('',#241,#1511);
#1511 = DEFINITIONAL_REPRESENTATION('',(#1512),#1516);
#1512 = LINE('',#1513,#1514);
#1513 = CARTESIAN_POINT('',(35.213999997959,0.));
#1514 = VECTOR('',#1515,1.);
#1515 = DIRECTION('',(0.,-1.));
#1516 = ( GEOMETRIC_REPRESENTATION_CONTEXT(2) 
PARAMETRIC_REPRESENTATION_CONTEXT() REPRESENTATION_CONTEXT('2D SPACE',''
  ) );
#1517 = PCURVE('',#474,#1518);
#1518 = DEFINITIONAL_REPRESENTATION('',(#1519),#1523);
#1519 = LINE('',#1520,#1521);
#1520 = CARTESIAN_POINT('',(-1.570796326795,0.));
#1521 = VECTOR('',#1522,1.);
#1522 = DIRECTION('',(-0.,-1.));
#1523 = ( GEOMETRIC_REPRESENTATION_CONTEXT(2) 
PARAMETRIC_REPRESENTATION_CONTEXT() REPRESENTATION_CONTEXT('2D SPACE',''
  ) );
#1524 = ORIENTED_EDGE('',*,*,#1525,.F.);
#1525 = EDGE_CURVE('',#224,#1503,#1526,.T.);
#1526 = SURFACE_CURVE('',#1527,(#1531,#1538),.PCURVE_S1.);
#1527 = LINE('',#1528,#1529);
#1528 = CARTESIAN_POINT('',(19.305,67.2,-16.));
#1529 = VECTOR('',#1530,1.);
#1530 = DIRECTION('',(1.,0.,0.));
#1531 = PCURVE('',#241,#1532);
#1532 = DEFINITIONAL_REPRESENTATION('',(#1533),#1537);
#1533 = LINE('',#1534,#1535);
#1534 = CARTESIAN_POINT('',(17.607,0.));
#1535 = VECTOR('',#1536,1.);
#1536 = DIRECTION('',(1.,0.));
#1537 = ( GEOMETRIC_REPRESENTATION_CONTEXT(2) 
PARAMETRIC_REPRESENTATION_CONTEXT() REPRESENTATION_CONTEXT('2D SPACE',''
  ) );
#1538 = PCURVE('',#1539,#1544);
#1539 = B_SPLINE_SURFACE_WITH_KNOTS('',1,1,(
    (#1540,#1541)
    ,(#1542,#1543
    )),.UNSPECIFIED.,.F.,.F.,.F.,(2,2),(2,2),(-17.60699999795,17.607),(
    0.,1.),.PIECEWISE_BEZIER_KNOTS.);
#1540 = CARTESIAN_POINT('',(36.911999997831,66.8,-16.4));
#1541 = CARTESIAN_POINT('',(36.911999997959,67.2,-16.));
#1542 = CARTESIAN_POINT('',(1.698,66.8,-16.4));
#1543 = CARTESIAN_POINT('',(1.698,67.2,-16.));
#1544 = DEFINITIONAL_REPRESENTATION('',(#1545),#1548);
#1545 = B_SPLINE_CURVE_WITH_KNOTS('',1,(#1546,#1547),.UNSPECIFIED.,.F.,
  .F.,(2,2),(-17.607,17.606999997959),.PIECEWISE_BEZIER_KNOTS.);
#1546 = CARTESIAN_POINT('',(17.607,1.));
#1547 = CARTESIAN_POINT('',(-17.60699999795,1.));
#1548 = ( GEOMETRIC_REPRESENTATION_CONTEXT(2) 
PARAMETRIC_REPRESENTATION_CONTEXT() REPRESENTATION_CONTEXT('2D SPACE',''
  ) );
#1549 = ADVANCED_FACE('',(#1550),#291,.T.);
#1550 = FACE_BOUND('',#1551,.T.);
#1551 = EDGE_LOOP('',(#1552,#1576,#1577,#1578));
#1552 = ORIENTED_EDGE('',*,*,#1553,.T.);
#1553 = EDGE_CURVE('',#1554,#308,#1556,.T.);
#1554 = VERTEX_POINT('',#1555);
#1555 = CARTESIAN_POINT('',(1.698,66.8,-16.4));
#1556 = SURFACE_CURVE('',#1557,(#1562,#1569),.PCURVE_S1.);
#1557 = CIRCLE('',#1558,5.6);
#1558 = AXIS2_PLACEMENT_3D('',#1559,#1560,#1561);
#1559 = CARTESIAN_POINT('',(1.698,61.2,-16.4));
#1560 = DIRECTION('',(0.,0.,1.));
#1561 = DIRECTION('',(1.,0.,0.));
#1562 = PCURVE('',#291,#1563);
#1563 = DEFINITIONAL_REPRESENTATION('',(#1564),#1568);
#1564 = LINE('',#1565,#1566);
#1565 = CARTESIAN_POINT('',(0.,0.));
#1566 = VECTOR('',#1567,1.);
#1567 = DIRECTION('',(1.,0.));
#1568 = ( GEOMETRIC_REPRESENTATION_CONTEXT(2) 
PARAMETRIC_REPRESENTATION_CONTEXT() REPRESENTATION_CONTEXT('2D SPACE',''
  ) );
#1569 = PCURVE('',#323,#1570);
#1570 = DEFINITIONAL_REPRESENTATION('',(#1571),#1575);
#1571 = CIRCLE('',#1572,5.6);
#1572 = AXIS2_PLACEMENT_2D('',#1573,#1574);
#1573 = CARTESIAN_POINT('',(0.,68.8));
#1574 = DIRECTION('',(1.,0.));
#1575 = ( GEOMETRIC_REPRESENTATION_CONTEXT(2) 
PARAMETRIC_REPRESENTATION_CONTEXT() REPRESENTATION_CONTEXT('2D SPACE',''
  ) );
#1576 = ORIENTED_EDGE('',*,*,#354,.T.);
#1577 = ORIENTED_EDGE('',*,*,#276,.F.);
#1578 = ORIENTED_EDGE('',*,*,#1579,.F.);
#1579 = EDGE_CURVE('',#1554,#224,#1580,.T.);
#1580 = SURFACE_CURVE('',#1581,(#1584,#1590),.PCURVE_S1.);
#1581 = B_SPLINE_CURVE_WITH_KNOTS('',1,(#1582,#1583),.UNSPECIFIED.,.F.,
  .F.,(2,2),(0.,1.),.PIECEWISE_BEZIER_KNOTS.);
#1582 = CARTESIAN_POINT('',(1.698,66.8,-16.4));
#1583 = CARTESIAN_POINT('',(1.698,67.2,-16.));
#1584 = PCURVE('',#291,#1585);
#1585 = DEFINITIONAL_REPRESENTATION('',(#1586),#1589);
#1586 = B_SPLINE_CURVE_WITH_KNOTS('',1,(#1587,#1588),.UNSPECIFIED.,.F.,
  .F.,(2,2),(0.,1.),.PIECEWISE_BEZIER_KNOTS.);
#1587 = CARTESIAN_POINT('',(1.570796326795,0.));
#1588 = CARTESIAN_POINT('',(1.570796326795,0.4));
#1589 = ( GEOMETRIC_REPRESENTATION_CONTEXT(2) 
PARAMETRIC_REPRESENTATION_CONTEXT() REPRESENTATION_CONTEXT('2D SPACE',''
  ) );
#1590 = PCURVE('',#1539,#1591);
#1591 = DEFINITIONAL_REPRESENTATION('',(#1592),#1596);
#1592 = LINE('',#1593,#1594);
#1593 = CARTESIAN_POINT('',(17.607,0.));
#1594 = VECTOR('',#1595,1.);
#1595 = DIRECTION('',(0.,1.));
#1596 = ( GEOMETRIC_REPRESENTATION_CONTEXT(2) 
PARAMETRIC_REPRESENTATION_CONTEXT() REPRESENTATION_CONTEXT('2D SPACE',''
  ) );
#1597 = ADVANCED_FACE('',(#1598),#323,.F.);
#1598 = FACE_BOUND('',#1599,.F.);
#1599 = EDGE_LOOP('',(#1600,#1601,#1602,#1625,#1668,#1696,#1739,#1760));
#1600 = ORIENTED_EDGE('',*,*,#305,.F.);
#1601 = ORIENTED_EDGE('',*,*,#1453,.T.);
#1602 = ORIENTED_EDGE('',*,*,#1603,.T.);
#1603 = EDGE_CURVE('',#1454,#1604,#1606,.T.);
#1604 = VERTEX_POINT('',#1605);
#1605 = CARTESIAN_POINT('',(36.911999997831,-13.2,-16.4));
#1606 = SURFACE_CURVE('',#1607,(#1611,#1618),.PCURVE_S1.);
#1607 = LINE('',#1608,#1609);
#1608 = CARTESIAN_POINT('',(19.305,-13.2,-16.4));
#1609 = VECTOR('',#1610,1.);
#1610 = DIRECTION('',(1.,0.,0.));
#1611 = PCURVE('',#323,#1612);
#1612 = DEFINITIONAL_REPRESENTATION('',(#1613),#1617);
#1613 = LINE('',#1614,#1615);
#1614 = CARTESIAN_POINT('',(17.607,-5.6));
#1615 = VECTOR('',#1616,1.);
#1616 = DIRECTION('',(1.,0.));
#1617 = ( GEOMETRIC_REPRESENTATION_CONTEXT(2) 
PARAMETRIC_REPRESENTATION_CONTEXT() REPRESENTATION_CONTEXT('2D SPACE',''
  ) );
#1618 = PCURVE('',#1438,#1619);
#1619 = DEFINITIONAL_REPRESENTATION('',(#1620),#1624);
#1620 = LINE('',#1621,#1622);
#1621 = CARTESIAN_POINT('',(8.881784197001E-15,-0.565685424949));
#1622 = VECTOR('',#1623,1.);
#1623 = DIRECTION('',(1.,0.));
#1624 = ( GEOMETRIC_REPRESENTATION_CONTEXT(2) 
PARAMETRIC_REPRESENTATION_CONTEXT() REPRESENTATION_CONTEXT('2D SPACE',''
  ) );
#1625 = ORIENTED_EDGE('',*,*,#1626,.T.);
#1626 = EDGE_CURVE('',#1604,#1627,#1629,.T.);
#1627 = VERTEX_POINT('',#1628);
#1628 = CARTESIAN_POINT('',(42.511999998915,-7.6,-16.4));
#1629 = SURFACE_CURVE('',#1630,(#1635,#1642),.PCURVE_S1.);
#1630 = CIRCLE('',#1631,5.6);
#1631 = AXIS2_PLACEMENT_3D('',#1632,#1633,#1634);
#1632 = CARTESIAN_POINT('',(36.911999997831,-7.6,-16.4));
#1633 = DIRECTION('',(0.,0.,1.));
#1634 = DIRECTION('',(1.,0.,0.));
#1635 = PCURVE('',#323,#1636);
#1636 = DEFINITIONAL_REPRESENTATION('',(#1637),#1641);
#1637 = CIRCLE('',#1638,5.6);
#1638 = AXIS2_PLACEMENT_2D('',#1639,#1640);
#1639 = CARTESIAN_POINT('',(35.213999997831,0.));
#1640 = DIRECTION('',(1.,0.));
#1641 = ( GEOMETRIC_REPRESENTATION_CONTEXT(2) 
PARAMETRIC_REPRESENTATION_CONTEXT() REPRESENTATION_CONTEXT('2D SPACE',''
  ) );
#1642 = PCURVE('',#1643,#1662);
#1643 = B_SPLINE_SURFACE_WITH_KNOTS('',8,1,(
    (#1644,#1645)
    ,(#1646,#1647)
    ,(#1648,#1649)
    ,(#1650,#1651)
    ,(#1652,#1653)
    ,(#1654,#1655)
    ,(#1656,#1657)
    ,(#1658,#1659)
    ,(#1660,#1661
    )),.UNSPECIFIED.,.F.,.F.,.F.,(9,9),(2,2),(4.712388980385,
    6.28318530718),(0.,1.),.PIECEWISE_BEZIER_KNOTS.);
#1644 = CARTESIAN_POINT('',(36.911999997831,-13.2,-16.4));
#1645 = CARTESIAN_POINT('',(36.911999997959,-13.6,-16.));
#1646 = CARTESIAN_POINT('',(38.011557426587,-13.2,-16.4));
#1647 = CARTESIAN_POINT('',(38.090097243055,-13.6,-16.));
#1648 = CARTESIAN_POINT('',(39.111115201455,-12.95325958181,-16.4));
#1649 = CARTESIAN_POINT('',(39.268194858985,-13.33563526623,-16.));
#1650 = CARTESIAN_POINT('',(40.146074110106,-12.45978116887,
    -16.39999999999));
#1651 = CARTESIAN_POINT('',(40.377079403968,-12.80690839522,
    -15.99999999999));
#1652 = CARTESIAN_POINT('',(41.051849030199,-11.73984903237,-16.4));
#1653 = CARTESIAN_POINT('',(41.34755253264,-12.03555253468,-16.));
#1654 = CARTESIAN_POINT('',(41.77178116671,-10.83407411227,
    -16.39999999999));
#1655 = CARTESIAN_POINT('',(42.118908393187,-11.065079406,
    -15.99999999999));
#1656 = CARTESIAN_POINT('',(42.265259579648,-9.799115203625,-16.4));
#1657 = CARTESIAN_POINT('',(42.647635264193,-9.956194861026,-16.));
#1658 = CARTESIAN_POINT('',(42.511999997831,-8.699557428756,-16.4));
#1659 = CARTESIAN_POINT('',(42.911999997959,-8.778097245096,-16.));
#1660 = CARTESIAN_POINT('',(42.511999997831,-7.6,-16.4));
#1661 = CARTESIAN_POINT('',(42.911999997959,-7.6,-16.));
#1662 = DEFINITIONAL_REPRESENTATION('',(#1663),#1667);
#1663 = LINE('',#1664,#1665);
#1664 = CARTESIAN_POINT('',(0.,0.));
#1665 = VECTOR('',#1666,1.);
#1666 = DIRECTION('',(1.,0.));
#1667 = ( GEOMETRIC_REPRESENTATION_CONTEXT(2) 
PARAMETRIC_REPRESENTATION_CONTEXT() REPRESENTATION_CONTEXT('2D SPACE',''
  ) );
#1668 = ORIENTED_EDGE('',*,*,#1669,.T.);
#1669 = EDGE_CURVE('',#1627,#1670,#1672,.T.);
#1670 = VERTEX_POINT('',#1671);
#1671 = CARTESIAN_POINT('',(42.511999998915,61.2,-16.4));
#1672 = SURFACE_CURVE('',#1673,(#1677,#1684),.PCURVE_S1.);
#1673 = LINE('',#1674,#1675);
#1674 = CARTESIAN_POINT('',(42.512,26.8,-16.4));
#1675 = VECTOR('',#1676,1.);
#1676 = DIRECTION('',(0.,1.,0.));
#1677 = PCURVE('',#323,#1678);
#1678 = DEFINITIONAL_REPRESENTATION('',(#1679),#1683);
#1679 = LINE('',#1680,#1681);
#1680 = CARTESIAN_POINT('',(40.814,34.4));
#1681 = VECTOR('',#1682,1.);
#1682 = DIRECTION('',(0.,1.));
#1683 = ( GEOMETRIC_REPRESENTATION_CONTEXT(2) 
PARAMETRIC_REPRESENTATION_CONTEXT() REPRESENTATION_CONTEXT('2D SPACE',''
  ) );
#1684 = PCURVE('',#1685,#1690);
#1685 = PLANE('',#1686);
#1686 = AXIS2_PLACEMENT_3D('',#1687,#1688,#1689);
#1687 = CARTESIAN_POINT('',(42.912,26.8,-16.));
#1688 = DIRECTION('',(0.707106781187,0.,-0.707106781187));
#1689 = DIRECTION('',(0.,1.,0.));
#1690 = DEFINITIONAL_REPRESENTATION('',(#1691),#1695);
#1691 = LINE('',#1692,#1693);
#1692 = CARTESIAN_POINT('',(-3.552713678801E-15,-0.565685424949));
#1693 = VECTOR('',#1694,1.);
#1694 = DIRECTION('',(1.,0.));
#1695 = ( GEOMETRIC_REPRESENTATION_CONTEXT(2) 
PARAMETRIC_REPRESENTATION_CONTEXT() REPRESENTATION_CONTEXT('2D SPACE',''
  ) );
#1696 = ORIENTED_EDGE('',*,*,#1697,.T.);
#1697 = EDGE_CURVE('',#1670,#1698,#1700,.T.);
#1698 = VERTEX_POINT('',#1699);
#1699 = CARTESIAN_POINT('',(36.911999997831,66.8,-16.4));
#1700 = SURFACE_CURVE('',#1701,(#1706,#1713),.PCURVE_S1.);
#1701 = CIRCLE('',#1702,5.6);
#1702 = AXIS2_PLACEMENT_3D('',#1703,#1704,#1705);
#1703 = CARTESIAN_POINT('',(36.911999997831,61.2,-16.4));
#1704 = DIRECTION('',(0.,0.,1.));
#1705 = DIRECTION('',(1.,0.,0.));
#1706 = PCURVE('',#323,#1707);
#1707 = DEFINITIONAL_REPRESENTATION('',(#1708),#1712);
#1708 = CIRCLE('',#1709,5.6);
#1709 = AXIS2_PLACEMENT_2D('',#1710,#1711);
#1710 = CARTESIAN_POINT('',(35.213999997831,68.8));
#1711 = DIRECTION('',(1.,0.));
#1712 = ( GEOMETRIC_REPRESENTATION_CONTEXT(2) 
PARAMETRIC_REPRESENTATION_CONTEXT() REPRESENTATION_CONTEXT('2D SPACE',''
  ) );
#1713 = PCURVE('',#1714,#1733);
#1714 = B_SPLINE_SURFACE_WITH_KNOTS('',8,1,(
    (#1715,#1716)
    ,(#1717,#1718)
    ,(#1719,#1720)
    ,(#1721,#1722)
    ,(#1723,#1724)
    ,(#1725,#1726)
    ,(#1727,#1728)
    ,(#1729,#1730)
    ,(#1731,#1732
    )),.UNSPECIFIED.,.F.,.F.,.F.,(9,9),(2,2),(0.,1.570796326795),(0.,1.)
  ,.PIECEWISE_BEZIER_KNOTS.);
#1715 = CARTESIAN_POINT('',(42.511999997831,61.2,-16.4));
#1716 = CARTESIAN_POINT('',(42.911999997959,61.2,-16.));
#1717 = CARTESIAN_POINT('',(42.511999997831,62.299557428756,-16.4));
#1718 = CARTESIAN_POINT('',(42.911999997959,62.378097245096,-16.));
#1719 = CARTESIAN_POINT('',(42.265259579648,63.399115203624,-16.4));
#1720 = CARTESIAN_POINT('',(42.647635264192,63.556194861026,-16.));
#1721 = CARTESIAN_POINT('',(41.771781166711,64.434074112276,-16.4));
#1722 = CARTESIAN_POINT('',(42.118908393187,64.66507940601,-16.));
#1723 = CARTESIAN_POINT('',(41.051849030198,65.339849032368,-16.4));
#1724 = CARTESIAN_POINT('',(41.347552532639,65.63555253468,-16.));
#1725 = CARTESIAN_POINT('',(40.146074110108,66.05978116888,-16.4));
#1726 = CARTESIAN_POINT('',(40.377079403969,66.406908395228,-16.));
#1727 = CARTESIAN_POINT('',(39.111115201454,66.553259581817,-16.4));
#1728 = CARTESIAN_POINT('',(39.268194858985,66.935635266233,-16.));
#1729 = CARTESIAN_POINT('',(38.011557426587,66.8,-16.4));
#1730 = CARTESIAN_POINT('',(38.090097243055,67.2,-16.));
#1731 = CARTESIAN_POINT('',(36.911999997831,66.8,-16.4));
#1732 = CARTESIAN_POINT('',(36.911999997959,67.2,-16.));
#1733 = DEFINITIONAL_REPRESENTATION('',(#1734),#1738);
#1734 = LINE('',#1735,#1736);
#1735 = CARTESIAN_POINT('',(0.,0.));
#1736 = VECTOR('',#1737,1.);
#1737 = DIRECTION('',(1.,0.));
#1738 = ( GEOMETRIC_REPRESENTATION_CONTEXT(2) 
PARAMETRIC_REPRESENTATION_CONTEXT() REPRESENTATION_CONTEXT('2D SPACE',''
  ) );
#1739 = ORIENTED_EDGE('',*,*,#1740,.F.);
#1740 = EDGE_CURVE('',#1554,#1698,#1741,.T.);
#1741 = SURFACE_CURVE('',#1742,(#1746,#1753),.PCURVE_S1.);
#1742 = LINE('',#1743,#1744);
#1743 = CARTESIAN_POINT('',(19.305,66.8,-16.4));
#1744 = VECTOR('',#1745,1.);
#1745 = DIRECTION('',(1.,0.,0.));
#1746 = PCURVE('',#323,#1747);
#1747 = DEFINITIONAL_REPRESENTATION('',(#1748),#1752);
#1748 = LINE('',#1749,#1750);
#1749 = CARTESIAN_POINT('',(17.607,74.4));
#1750 = VECTOR('',#1751,1.);
#1751 = DIRECTION('',(1.,0.));
#1752 = ( GEOMETRIC_REPRESENTATION_CONTEXT(2) 
PARAMETRIC_REPRESENTATION_CONTEXT() REPRESENTATION_CONTEXT('2D SPACE',''
  ) );
#1753 = PCURVE('',#1539,#1754);
#1754 = DEFINITIONAL_REPRESENTATION('',(#1755),#1759);
#1755 = LINE('',#1756,#1757);
#1756 = CARTESIAN_POINT('',(0.,0.));
#1757 = VECTOR('',#1758,1.);
#1758 = DIRECTION('',(-1.,0.));
#1759 = ( GEOMETRIC_REPRESENTATION_CONTEXT(2) 
PARAMETRIC_REPRESENTATION_CONTEXT() REPRESENTATION_CONTEXT('2D SPACE',''
  ) );
#1760 = ORIENTED_EDGE('',*,*,#1553,.T.);
#1761 = ADVANCED_FACE('',(#1762),#417,.T.);
#1762 = FACE_BOUND('',#1763,.F.);
#1763 = EDGE_LOOP('',(#1764,#1765,#1766,#1789));
#1764 = ORIENTED_EDGE('',*,*,#1401,.T.);
#1765 = ORIENTED_EDGE('',*,*,#400,.T.);
#1766 = ORIENTED_EDGE('',*,*,#1767,.F.);
#1767 = EDGE_CURVE('',#1768,#401,#1770,.T.);
#1768 = VERTEX_POINT('',#1769);
#1769 = CARTESIAN_POINT('',(42.91199999898,-7.6,-16.));
#1770 = SURFACE_CURVE('',#1771,(#1775,#1782),.PCURVE_S1.);
#1771 = LINE('',#1772,#1773);
#1772 = CARTESIAN_POINT('',(42.91199999898,-7.6,-16.));
#1773 = VECTOR('',#1774,1.);
#1774 = DIRECTION('',(0.,0.,1.));
#1775 = PCURVE('',#417,#1776);
#1776 = DEFINITIONAL_REPRESENTATION('',(#1777),#1781);
#1777 = LINE('',#1778,#1779);
#1778 = CARTESIAN_POINT('',(-6.28318530718,0.));
#1779 = VECTOR('',#1780,1.);
#1780 = DIRECTION('',(-0.,-1.));
#1781 = ( GEOMETRIC_REPRESENTATION_CONTEXT(2) 
PARAMETRIC_REPRESENTATION_CONTEXT() REPRESENTATION_CONTEXT('2D SPACE',''
  ) );
#1782 = PCURVE('',#445,#1783);
#1783 = DEFINITIONAL_REPRESENTATION('',(#1784),#1788);
#1784 = LINE('',#1785,#1786);
#1785 = CARTESIAN_POINT('',(0.,0.));
#1786 = VECTOR('',#1787,1.);
#1787 = DIRECTION('',(0.,-1.));
#1788 = ( GEOMETRIC_REPRESENTATION_CONTEXT(2) 
PARAMETRIC_REPRESENTATION_CONTEXT() REPRESENTATION_CONTEXT('2D SPACE',''
  ) );
#1789 = ORIENTED_EDGE('',*,*,#1790,.F.);
#1790 = EDGE_CURVE('',#1402,#1768,#1791,.T.);
#1791 = SURFACE_CURVE('',#1792,(#1797,#1804),.PCURVE_S1.);
#1792 = CIRCLE('',#1793,6.);
#1793 = AXIS2_PLACEMENT_3D('',#1794,#1795,#1796);
#1794 = CARTESIAN_POINT('',(36.911999997959,-7.6,-16.));
#1795 = DIRECTION('',(0.,0.,1.));
#1796 = DIRECTION('',(1.,0.,0.));
#1797 = PCURVE('',#417,#1798);
#1798 = DEFINITIONAL_REPRESENTATION('',(#1799),#1803);
#1799 = LINE('',#1800,#1801);
#1800 = CARTESIAN_POINT('',(-0.,0.));
#1801 = VECTOR('',#1802,1.);
#1802 = DIRECTION('',(-1.,0.));
#1803 = ( GEOMETRIC_REPRESENTATION_CONTEXT(2) 
PARAMETRIC_REPRESENTATION_CONTEXT() REPRESENTATION_CONTEXT('2D SPACE',''
  ) );
#1804 = PCURVE('',#1643,#1805);
#1805 = DEFINITIONAL_REPRESENTATION('',(#1806),#1809);
#1806 = B_SPLINE_CURVE_WITH_KNOTS('',1,(#1807,#1808),.UNSPECIFIED.,.F.,
  .F.,(2,2),(4.712388980385,6.28318530718),.PIECEWISE_BEZIER_KNOTS.);
#1807 = CARTESIAN_POINT('',(4.712388980385,1.));
#1808 = CARTESIAN_POINT('',(6.28318530718,1.));
#1809 = ( GEOMETRIC_REPRESENTATION_CONTEXT(2) 
PARAMETRIC_REPRESENTATION_CONTEXT() REPRESENTATION_CONTEXT('2D SPACE',''
  ) );
#1810 = ADVANCED_FACE('',(#1811),#474,.T.);
#1811 = FACE_BOUND('',#1812,.F.);
#1812 = EDGE_LOOP('',(#1813,#1836,#1837,#1838));
#1813 = ORIENTED_EDGE('',*,*,#1814,.T.);
#1814 = EDGE_CURVE('',#1815,#430,#1817,.T.);
#1815 = VERTEX_POINT('',#1816);
#1816 = CARTESIAN_POINT('',(42.91199999898,61.2,-16.));
#1817 = SURFACE_CURVE('',#1818,(#1822,#1829),.PCURVE_S1.);
#1818 = LINE('',#1819,#1820);
#1819 = CARTESIAN_POINT('',(42.91199999898,61.2,-16.));
#1820 = VECTOR('',#1821,1.);
#1821 = DIRECTION('',(0.,0.,1.));
#1822 = PCURVE('',#474,#1823);
#1823 = DEFINITIONAL_REPRESENTATION('',(#1824),#1828);
#1824 = LINE('',#1825,#1826);
#1825 = CARTESIAN_POINT('',(-0.,0.));
#1826 = VECTOR('',#1827,1.);
#1827 = DIRECTION('',(-0.,-1.));
#1828 = ( GEOMETRIC_REPRESENTATION_CONTEXT(2) 
PARAMETRIC_REPRESENTATION_CONTEXT() REPRESENTATION_CONTEXT('2D SPACE',''
  ) );
#1829 = PCURVE('',#445,#1830);
#1830 = DEFINITIONAL_REPRESENTATION('',(#1831),#1835);
#1831 = LINE('',#1832,#1833);
#1832 = CARTESIAN_POINT('',(68.8,0.));
#1833 = VECTOR('',#1834,1.);
#1834 = DIRECTION('',(0.,-1.));
#1835 = ( GEOMETRIC_REPRESENTATION_CONTEXT(2) 
PARAMETRIC_REPRESENTATION_CONTEXT() REPRESENTATION_CONTEXT('2D SPACE',''
  ) );
#1836 = ORIENTED_EDGE('',*,*,#457,.T.);
#1837 = ORIENTED_EDGE('',*,*,#1502,.F.);
#1838 = ORIENTED_EDGE('',*,*,#1839,.F.);
#1839 = EDGE_CURVE('',#1815,#1503,#1840,.T.);
#1840 = SURFACE_CURVE('',#1841,(#1846,#1853),.PCURVE_S1.);
#1841 = CIRCLE('',#1842,6.);
#1842 = AXIS2_PLACEMENT_3D('',#1843,#1844,#1845);
#1843 = CARTESIAN_POINT('',(36.911999997959,61.2,-16.));
#1844 = DIRECTION('',(0.,0.,1.));
#1845 = DIRECTION('',(1.,0.,0.));
#1846 = PCURVE('',#474,#1847);
#1847 = DEFINITIONAL_REPRESENTATION('',(#1848),#1852);
#1848 = LINE('',#1849,#1850);
#1849 = CARTESIAN_POINT('',(-0.,0.));
#1850 = VECTOR('',#1851,1.);
#1851 = DIRECTION('',(-1.,0.));
#1852 = ( GEOMETRIC_REPRESENTATION_CONTEXT(2) 
PARAMETRIC_REPRESENTATION_CONTEXT() REPRESENTATION_CONTEXT('2D SPACE',''
  ) );
#1853 = PCURVE('',#1714,#1854);
#1854 = DEFINITIONAL_REPRESENTATION('',(#1855),#1858);
#1855 = B_SPLINE_CURVE_WITH_KNOTS('',1,(#1856,#1857),.UNSPECIFIED.,.F.,
  .F.,(2,2),(0.,1.570796326795),.PIECEWISE_BEZIER_KNOTS.);
#1856 = CARTESIAN_POINT('',(0.,1.));
#1857 = CARTESIAN_POINT('',(1.570796326795,1.));
#1858 = ( GEOMETRIC_REPRESENTATION_CONTEXT(2) 
PARAMETRIC_REPRESENTATION_CONTEXT() REPRESENTATION_CONTEXT('2D SPACE',''
  ) );
#1859 = ADVANCED_FACE('',(#1860),#445,.F.);
#1860 = FACE_BOUND('',#1861,.F.);
#1861 = EDGE_LOOP('',(#1862,#1863,#1864,#1865));
#1862 = ORIENTED_EDGE('',*,*,#1767,.T.);
#1863 = ORIENTED_EDGE('',*,*,#429,.T.);
#1864 = ORIENTED_EDGE('',*,*,#1814,.F.);
#1865 = ORIENTED_EDGE('',*,*,#1866,.F.);
#1866 = EDGE_CURVE('',#1768,#1815,#1867,.T.);
#1867 = SURFACE_CURVE('',#1868,(#1872,#1879),.PCURVE_S1.);
#1868 = LINE('',#1869,#1870);
#1869 = CARTESIAN_POINT('',(42.912,26.8,-16.));
#1870 = VECTOR('',#1871,1.);
#1871 = DIRECTION('',(0.,1.,0.));
#1872 = PCURVE('',#445,#1873);
#1873 = DEFINITIONAL_REPRESENTATION('',(#1874),#1878);
#1874 = LINE('',#1875,#1876);
#1875 = CARTESIAN_POINT('',(34.4,0.));
#1876 = VECTOR('',#1877,1.);
#1877 = DIRECTION('',(1.,0.));
#1878 = ( GEOMETRIC_REPRESENTATION_CONTEXT(2) 
PARAMETRIC_REPRESENTATION_CONTEXT() REPRESENTATION_CONTEXT('2D SPACE',''
  ) );
#1879 = PCURVE('',#1685,#1880);
#1880 = DEFINITIONAL_REPRESENTATION('',(#1881),#1885);
#1881 = LINE('',#1882,#1883);
#1882 = CARTESIAN_POINT('',(0.,0.));
#1883 = VECTOR('',#1884,1.);
#1884 = DIRECTION('',(1.,0.));
#1885 = ( GEOMETRIC_REPRESENTATION_CONTEXT(2) 
PARAMETRIC_REPRESENTATION_CONTEXT() REPRESENTATION_CONTEXT('2D SPACE',''
  ) );
#1886 = ADVANCED_FACE('',(#1887),#528,.F.);
#1887 = FACE_BOUND('',#1888,.F.);
#1888 = EDGE_LOOP('',(#1889,#1890,#1913,#1941,#1962,#1963,#1986,#2014));
#1889 = ORIENTED_EDGE('',*,*,#510,.F.);
#1890 = ORIENTED_EDGE('',*,*,#1891,.T.);
#1891 = EDGE_CURVE('',#511,#1892,#1894,.T.);
#1892 = VERTEX_POINT('',#1893);
#1893 = CARTESIAN_POINT('',(1.698,-11.05,-7.1));
#1894 = SURFACE_CURVE('',#1895,(#1899,#1906),.PCURVE_S1.);
#1895 = LINE('',#1896,#1897);
#1896 = CARTESIAN_POINT('',(1.698,-11.05,-14.));
#1897 = VECTOR('',#1898,1.);
#1898 = DIRECTION('',(0.,0.,1.));
#1899 = PCURVE('',#528,#1900);
#1900 = DEFINITIONAL_REPRESENTATION('',(#1901),#1905);
#1901 = LINE('',#1902,#1903);
#1902 = CARTESIAN_POINT('',(0.,0.));
#1903 = VECTOR('',#1904,1.);
#1904 = DIRECTION('',(0.,-1.));
#1905 = ( GEOMETRIC_REPRESENTATION_CONTEXT(2) 
PARAMETRIC_REPRESENTATION_CONTEXT() REPRESENTATION_CONTEXT('2D SPACE',''
  ) );
#1906 = PCURVE('',#561,#1907);
#1907 = DEFINITIONAL_REPRESENTATION('',(#1908),#1912);
#1908 = LINE('',#1909,#1910);
#1909 = CARTESIAN_POINT('',(4.712388980385,0.));
#1910 = VECTOR('',#1911,1.);
#1911 = DIRECTION('',(0.,-1.));
#1912 = ( GEOMETRIC_REPRESENTATION_CONTEXT(2) 
PARAMETRIC_REPRESENTATION_CONTEXT() REPRESENTATION_CONTEXT('2D SPACE',''
  ) );
#1913 = ORIENTED_EDGE('',*,*,#1914,.T.);
#1914 = EDGE_CURVE('',#1892,#1915,#1917,.T.);
#1915 = VERTEX_POINT('',#1916);
#1916 = CARTESIAN_POINT('',(36.911999996799,-11.05,-7.1));
#1917 = SURFACE_CURVE('',#1918,(#1922,#1929),.PCURVE_S1.);
#1918 = LINE('',#1919,#1920);
#1919 = CARTESIAN_POINT('',(19.305,-11.05,-7.1));
#1920 = VECTOR('',#1921,1.);
#1921 = DIRECTION('',(1.,0.,0.));
#1922 = PCURVE('',#528,#1923);
#1923 = DEFINITIONAL_REPRESENTATION('',(#1924),#1928);
#1924 = LINE('',#1925,#1926);
#1925 = CARTESIAN_POINT('',(17.607,-6.9));
#1926 = VECTOR('',#1927,1.);
#1927 = DIRECTION('',(1.,0.));
#1928 = ( GEOMETRIC_REPRESENTATION_CONTEXT(2) 
PARAMETRIC_REPRESENTATION_CONTEXT() REPRESENTATION_CONTEXT('2D SPACE',''
  ) );
#1929 = PCURVE('',#1930,#1935);
#1930 = PLANE('',#1931);
#1931 = AXIS2_PLACEMENT_3D('',#1932,#1933,#1934);
#1932 = CARTESIAN_POINT('',(19.305,-10.45,-6.5));
#1933 = DIRECTION('',(0.,-0.707106781187,0.707106781187));
#1934 = DIRECTION('',(1.,0.,0.));
#1935 = DEFINITIONAL_REPRESENTATION('',(#1936),#1940);
#1936 = LINE('',#1937,#1938);
#1937 = CARTESIAN_POINT('',(-9.414691248821E-14,-0.848528137424));
#1938 = VECTOR('',#1939,1.);
#1939 = DIRECTION('',(1.,0.));
#1940 = ( GEOMETRIC_REPRESENTATION_CONTEXT(2) 
PARAMETRIC_REPRESENTATION_CONTEXT() REPRESENTATION_CONTEXT('2D SPACE',''
  ) );
#1941 = ORIENTED_EDGE('',*,*,#1942,.F.);
#1942 = EDGE_CURVE('',#1259,#1915,#1943,.T.);
#1943 = SURFACE_CURVE('',#1944,(#1948,#1955),.PCURVE_S1.);
#1944 = LINE('',#1945,#1946);
#1945 = CARTESIAN_POINT('',(36.911999996799,-11.05,-14.));
#1946 = VECTOR('',#1947,1.);
#1947 = DIRECTION('',(0.,0.,1.));
#1948 = PCURVE('',#528,#1949);
#1949 = DEFINITIONAL_REPRESENTATION('',(#1950),#1954);
#1950 = LINE('',#1951,#1952);
#1951 = CARTESIAN_POINT('',(35.213999996799,0.));
#1952 = VECTOR('',#1953,1.);
#1953 = DIRECTION('',(0.,-1.));
#1954 = ( GEOMETRIC_REPRESENTATION_CONTEXT(2) 
PARAMETRIC_REPRESENTATION_CONTEXT() REPRESENTATION_CONTEXT('2D SPACE',''
  ) );
#1955 = PCURVE('',#1279,#1956);
#1956 = DEFINITIONAL_REPRESENTATION('',(#1957),#1961);
#1957 = LINE('',#1958,#1959);
#1958 = CARTESIAN_POINT('',(4.712388980385,0.));
#1959 = VECTOR('',#1960,1.);
#1960 = DIRECTION('',(0.,-1.));
#1961 = ( GEOMETRIC_REPRESENTATION_CONTEXT(2) 
PARAMETRIC_REPRESENTATION_CONTEXT() REPRESENTATION_CONTEXT('2D SPACE',''
  ) );
#1962 = ORIENTED_EDGE('',*,*,#1291,.F.);
#1963 = ORIENTED_EDGE('',*,*,#1964,.T.);
#1964 = EDGE_CURVE('',#1292,#1965,#1967,.T.);
#1965 = VERTEX_POINT('',#1966);
#1966 = CARTESIAN_POINT('',(22.305,-11.05,-7.6));
#1967 = SURFACE_CURVE('',#1968,(#1972,#1979),.PCURVE_S1.);
#1968 = LINE('',#1969,#1970);
#1969 = CARTESIAN_POINT('',(22.305,-11.05,-14.));
#1970 = VECTOR('',#1971,1.);
#1971 = DIRECTION('',(0.,0.,1.));
#1972 = PCURVE('',#528,#1973);
#1973 = DEFINITIONAL_REPRESENTATION('',(#1974),#1978);
#1974 = LINE('',#1975,#1976);
#1975 = CARTESIAN_POINT('',(20.607,0.));
#1976 = VECTOR('',#1977,1.);
#1977 = DIRECTION('',(0.,-1.));
#1978 = ( GEOMETRIC_REPRESENTATION_CONTEXT(2) 
PARAMETRIC_REPRESENTATION_CONTEXT() REPRESENTATION_CONTEXT('2D SPACE',''
  ) );
#1979 = PCURVE('',#1330,#1980);
#1980 = DEFINITIONAL_REPRESENTATION('',(#1981),#1985);
#1981 = LINE('',#1982,#1983);
#1982 = CARTESIAN_POINT('',(1.030776406404,0.));
#1983 = VECTOR('',#1984,1.);
#1984 = DIRECTION('',(0.,-1.));
#1985 = ( GEOMETRIC_REPRESENTATION_CONTEXT(2) 
PARAMETRIC_REPRESENTATION_CONTEXT() REPRESENTATION_CONTEXT('2D SPACE',''
  ) );
#1986 = ORIENTED_EDGE('',*,*,#1987,.T.);
#1987 = EDGE_CURVE('',#1965,#1988,#1990,.T.);
#1988 = VERTEX_POINT('',#1989);
#1989 = CARTESIAN_POINT('',(16.305,-11.05,-7.6));
#1990 = SURFACE_CURVE('',#1991,(#1995,#2002),.PCURVE_S1.);
#1991 = LINE('',#1992,#1993);
#1992 = CARTESIAN_POINT('',(22.305,-11.05,-7.6));
#1993 = VECTOR('',#1994,1.);
#1994 = DIRECTION('',(-1.,1.224646799147E-16,0.));
#1995 = PCURVE('',#528,#1996);
#1996 = DEFINITIONAL_REPRESENTATION('',(#1997),#2001);
#1997 = LINE('',#1998,#1999);
#1998 = CARTESIAN_POINT('',(20.607,-6.4));
#1999 = VECTOR('',#2000,1.);
#2000 = DIRECTION('',(-1.,0.));
#2001 = ( GEOMETRIC_REPRESENTATION_CONTEXT(2) 
PARAMETRIC_REPRESENTATION_CONTEXT() REPRESENTATION_CONTEXT('2D SPACE',''
  ) );
#2002 = PCURVE('',#2003,#2008);
#2003 = PLANE('',#2004);
#2004 = AXIS2_PLACEMENT_3D('',#2005,#2006,#2007);
#2005 = CARTESIAN_POINT('',(19.305,-11.15427298384,-7.6));
#2006 = DIRECTION('',(0.,0.,1.));
#2007 = DIRECTION('',(-1.,1.224646799147E-16,0.));
#2008 = DEFINITIONAL_REPRESENTATION('',(#2009),#2013);
#2009 = LINE('',#2010,#2011);
#2010 = CARTESIAN_POINT('',(-3.,-0.104272983845));
#2011 = VECTOR('',#2012,1.);
#2012 = DIRECTION('',(1.,0.));
#2013 = ( GEOMETRIC_REPRESENTATION_CONTEXT(2) 
PARAMETRIC_REPRESENTATION_CONTEXT() REPRESENTATION_CONTEXT('2D SPACE',''
  ) );
#2014 = ORIENTED_EDGE('',*,*,#2015,.F.);
#2015 = EDGE_CURVE('',#513,#1988,#2016,.T.);
#2016 = SURFACE_CURVE('',#2017,(#2021,#2028),.PCURVE_S1.);
#2017 = LINE('',#2018,#2019);
#2018 = CARTESIAN_POINT('',(16.305,-11.05,-14.));
#2019 = VECTOR('',#2020,1.);
#2020 = DIRECTION('',(0.,0.,1.));
#2021 = PCURVE('',#528,#2022);
#2022 = DEFINITIONAL_REPRESENTATION('',(#2023),#2027);
#2023 = LINE('',#2024,#2025);
#2024 = CARTESIAN_POINT('',(14.607,0.));
#2025 = VECTOR('',#2026,1.);
#2026 = DIRECTION('',(0.,-1.));
#2027 = ( GEOMETRIC_REPRESENTATION_CONTEXT(2) 
PARAMETRIC_REPRESENTATION_CONTEXT() REPRESENTATION_CONTEXT('2D SPACE',''
  ) );
#2028 = PCURVE('',#1384,#2029);
#2029 = DEFINITIONAL_REPRESENTATION('',(#2030),#2034);
#2030 = LINE('',#2031,#2032);
#2031 = CARTESIAN_POINT('',(0.,0.));
#2032 = VECTOR('',#2033,1.);
#2033 = DIRECTION('',(0.,-1.));
#2034 = ( GEOMETRIC_REPRESENTATION_CONTEXT(2) 
PARAMETRIC_REPRESENTATION_CONTEXT() REPRESENTATION_CONTEXT('2D SPACE',''
  ) );
#2035 = ADVANCED_FACE('',(#2036),#1384,.F.);
#2036 = FACE_BOUND('',#2037,.F.);
#2037 = EDGE_LOOP('',(#2038,#2039,#2062,#2083));
#2038 = ORIENTED_EDGE('',*,*,#2015,.T.);
#2039 = ORIENTED_EDGE('',*,*,#2040,.T.);
#2040 = EDGE_CURVE('',#1988,#2041,#2043,.T.);
#2041 = VERTEX_POINT('',#2042);
#2042 = CARTESIAN_POINT('',(17.305,-11.3,-7.6));
#2043 = SURFACE_CURVE('',#2044,(#2048,#2055),.PCURVE_S1.);
#2044 = LINE('',#2045,#2046);
#2045 = CARTESIAN_POINT('',(16.305,-11.05,-7.6));
#2046 = VECTOR('',#2047,1.);
#2047 = DIRECTION('',(0.970142500145,-0.242535625036,0.));
#2048 = PCURVE('',#1384,#2049);
#2049 = DEFINITIONAL_REPRESENTATION('',(#2050),#2054);
#2050 = LINE('',#2051,#2052);
#2051 = CARTESIAN_POINT('',(0.,-6.4));
#2052 = VECTOR('',#2053,1.);
#2053 = DIRECTION('',(1.,0.));
#2054 = ( GEOMETRIC_REPRESENTATION_CONTEXT(2) 
PARAMETRIC_REPRESENTATION_CONTEXT() REPRESENTATION_CONTEXT('2D SPACE',''
  ) );
#2055 = PCURVE('',#2003,#2056);
#2056 = DEFINITIONAL_REPRESENTATION('',(#2057),#2061);
#2057 = LINE('',#2058,#2059);
#2058 = CARTESIAN_POINT('',(3.,-0.104272983845));
#2059 = VECTOR('',#2060,1.);
#2060 = DIRECTION('',(-0.970142500145,0.242535625036));
#2061 = ( GEOMETRIC_REPRESENTATION_CONTEXT(2) 
PARAMETRIC_REPRESENTATION_CONTEXT() REPRESENTATION_CONTEXT('2D SPACE',''
  ) );
#2062 = ORIENTED_EDGE('',*,*,#2063,.F.);
#2063 = EDGE_CURVE('',#1343,#2041,#2064,.T.);
#2064 = SURFACE_CURVE('',#2065,(#2069,#2076),.PCURVE_S1.);
#2065 = LINE('',#2066,#2067);
#2066 = CARTESIAN_POINT('',(17.305,-11.3,-14.));
#2067 = VECTOR('',#2068,1.);
#2068 = DIRECTION('',(0.,0.,1.));
#2069 = PCURVE('',#1384,#2070);
#2070 = DEFINITIONAL_REPRESENTATION('',(#2071),#2075);
#2071 = LINE('',#2072,#2073);
#2072 = CARTESIAN_POINT('',(1.030776406404,0.));
#2073 = VECTOR('',#2074,1.);
#2074 = DIRECTION('',(0.,-1.));
#2075 = ( GEOMETRIC_REPRESENTATION_CONTEXT(2) 
PARAMETRIC_REPRESENTATION_CONTEXT() REPRESENTATION_CONTEXT('2D SPACE',''
  ) );
#2076 = PCURVE('',#1358,#2077);
#2077 = DEFINITIONAL_REPRESENTATION('',(#2078),#2082);
#2078 = LINE('',#2079,#2080);
#2079 = CARTESIAN_POINT('',(0.,-0.));
#2080 = VECTOR('',#2081,1.);
#2081 = DIRECTION('',(0.,-1.));
#2082 = ( GEOMETRIC_REPRESENTATION_CONTEXT(2) 
PARAMETRIC_REPRESENTATION_CONTEXT() REPRESENTATION_CONTEXT('2D SPACE',''
  ) );
#2083 = ORIENTED_EDGE('',*,*,#1370,.F.);
#2084 = ADVANCED_FACE('',(#2085),#1358,.F.);
#2085 = FACE_BOUND('',#2086,.F.);
#2086 = EDGE_LOOP('',(#2087,#2088,#2111,#2132));
#2087 = ORIENTED_EDGE('',*,*,#2063,.T.);
#2088 = ORIENTED_EDGE('',*,*,#2089,.T.);
#2089 = EDGE_CURVE('',#2041,#2090,#2092,.T.);
#2090 = VERTEX_POINT('',#2091);
#2091 = CARTESIAN_POINT('',(21.305,-11.3,-7.6));
#2092 = SURFACE_CURVE('',#2093,(#2097,#2104),.PCURVE_S1.);
#2093 = LINE('',#2094,#2095);
#2094 = CARTESIAN_POINT('',(17.305,-11.3,-7.6));
#2095 = VECTOR('',#2096,1.);
#2096 = DIRECTION('',(1.,-1.224646799147E-16,0.));
#2097 = PCURVE('',#1358,#2098);
#2098 = DEFINITIONAL_REPRESENTATION('',(#2099),#2103);
#2099 = LINE('',#2100,#2101);
#2100 = CARTESIAN_POINT('',(0.,-6.4));
#2101 = VECTOR('',#2102,1.);
#2102 = DIRECTION('',(1.,0.));
#2103 = ( GEOMETRIC_REPRESENTATION_CONTEXT(2) 
PARAMETRIC_REPRESENTATION_CONTEXT() REPRESENTATION_CONTEXT('2D SPACE',''
  ) );
#2104 = PCURVE('',#2003,#2105);
#2105 = DEFINITIONAL_REPRESENTATION('',(#2106),#2110);
#2106 = LINE('',#2107,#2108);
#2107 = CARTESIAN_POINT('',(2.,0.145727016155));
#2108 = VECTOR('',#2109,1.);
#2109 = DIRECTION('',(-1.,0.));
#2110 = ( GEOMETRIC_REPRESENTATION_CONTEXT(2) 
PARAMETRIC_REPRESENTATION_CONTEXT() REPRESENTATION_CONTEXT('2D SPACE',''
  ) );
#2111 = ORIENTED_EDGE('',*,*,#2112,.F.);
#2112 = EDGE_CURVE('',#1315,#2090,#2113,.T.);
#2113 = SURFACE_CURVE('',#2114,(#2118,#2125),.PCURVE_S1.);
#2114 = LINE('',#2115,#2116);
#2115 = CARTESIAN_POINT('',(21.305,-11.3,-14.));
#2116 = VECTOR('',#2117,1.);
#2117 = DIRECTION('',(0.,0.,1.));
#2118 = PCURVE('',#1358,#2119);
#2119 = DEFINITIONAL_REPRESENTATION('',(#2120),#2124);
#2120 = LINE('',#2121,#2122);
#2121 = CARTESIAN_POINT('',(4.,0.));
#2122 = VECTOR('',#2123,1.);
#2123 = DIRECTION('',(0.,-1.));
#2124 = ( GEOMETRIC_REPRESENTATION_CONTEXT(2) 
PARAMETRIC_REPRESENTATION_CONTEXT() REPRESENTATION_CONTEXT('2D SPACE',''
  ) );
#2125 = PCURVE('',#1330,#2126);
#2126 = DEFINITIONAL_REPRESENTATION('',(#2127),#2131);
#2127 = LINE('',#2128,#2129);
#2128 = CARTESIAN_POINT('',(0.,0.));
#2129 = VECTOR('',#2130,1.);
#2130 = DIRECTION('',(0.,-1.));
#2131 = ( GEOMETRIC_REPRESENTATION_CONTEXT(2) 
PARAMETRIC_REPRESENTATION_CONTEXT() REPRESENTATION_CONTEXT('2D SPACE',''
  ) );
#2132 = ORIENTED_EDGE('',*,*,#1342,.F.);
#2133 = ADVANCED_FACE('',(#2134),#1330,.F.);
#2134 = FACE_BOUND('',#2135,.F.);
#2135 = EDGE_LOOP('',(#2136,#2137,#2158,#2159));
#2136 = ORIENTED_EDGE('',*,*,#2112,.T.);
#2137 = ORIENTED_EDGE('',*,*,#2138,.T.);
#2138 = EDGE_CURVE('',#2090,#1965,#2139,.T.);
#2139 = SURFACE_CURVE('',#2140,(#2144,#2151),.PCURVE_S1.);
#2140 = LINE('',#2141,#2142);
#2141 = CARTESIAN_POINT('',(21.305,-11.3,-7.6));
#2142 = VECTOR('',#2143,1.);
#2143 = DIRECTION('',(0.970142500145,0.242535625036,0.));
#2144 = PCURVE('',#1330,#2145);
#2145 = DEFINITIONAL_REPRESENTATION('',(#2146),#2150);
#2146 = LINE('',#2147,#2148);
#2147 = CARTESIAN_POINT('',(0.,-6.4));
#2148 = VECTOR('',#2149,1.);
#2149 = DIRECTION('',(1.,0.));
#2150 = ( GEOMETRIC_REPRESENTATION_CONTEXT(2) 
PARAMETRIC_REPRESENTATION_CONTEXT() REPRESENTATION_CONTEXT('2D SPACE',''
  ) );
#2151 = PCURVE('',#2003,#2152);
#2152 = DEFINITIONAL_REPRESENTATION('',(#2153),#2157);
#2153 = LINE('',#2154,#2155);
#2154 = CARTESIAN_POINT('',(-2.,0.145727016155));
#2155 = VECTOR('',#2156,1.);
#2156 = DIRECTION('',(-0.970142500145,-0.242535625036));
#2157 = ( GEOMETRIC_REPRESENTATION_CONTEXT(2) 
PARAMETRIC_REPRESENTATION_CONTEXT() REPRESENTATION_CONTEXT('2D SPACE',''
  ) );
#2158 = ORIENTED_EDGE('',*,*,#1964,.F.);
#2159 = ORIENTED_EDGE('',*,*,#1314,.F.);
#2160 = ADVANCED_FACE('',(#2161),#1279,.T.);
#2161 = FACE_BOUND('',#2162,.T.);
#2162 = EDGE_LOOP('',(#2163,#2186,#2226,#2227));
#2163 = ORIENTED_EDGE('',*,*,#2164,.T.);
#2164 = EDGE_CURVE('',#1236,#2165,#2167,.T.);
#2165 = VERTEX_POINT('',#2166);
#2166 = CARTESIAN_POINT('',(40.3619999984,-7.6,-7.1));
#2167 = SURFACE_CURVE('',#2168,(#2172,#2179),.PCURVE_S1.);
#2168 = LINE('',#2169,#2170);
#2169 = CARTESIAN_POINT('',(40.3619999984,-7.6,-14.));
#2170 = VECTOR('',#2171,1.);
#2171 = DIRECTION('',(0.,0.,1.));
#2172 = PCURVE('',#1279,#2173);
#2173 = DEFINITIONAL_REPRESENTATION('',(#2174),#2178);
#2174 = LINE('',#2175,#2176);
#2175 = CARTESIAN_POINT('',(3.14159265359,0.));
#2176 = VECTOR('',#2177,1.);
#2177 = DIRECTION('',(0.,-1.));
#2178 = ( GEOMETRIC_REPRESENTATION_CONTEXT(2) 
PARAMETRIC_REPRESENTATION_CONTEXT() REPRESENTATION_CONTEXT('2D SPACE',''
  ) );
#2179 = PCURVE('',#1032,#2180);
#2180 = DEFINITIONAL_REPRESENTATION('',(#2181),#2185);
#2181 = LINE('',#2182,#2183);
#2182 = CARTESIAN_POINT('',(0.,0.));
#2183 = VECTOR('',#2184,1.);
#2184 = DIRECTION('',(0.,-1.));
#2185 = ( GEOMETRIC_REPRESENTATION_CONTEXT(2) 
PARAMETRIC_REPRESENTATION_CONTEXT() REPRESENTATION_CONTEXT('2D SPACE',''
  ) );
#2186 = ORIENTED_EDGE('',*,*,#2187,.T.);
#2187 = EDGE_CURVE('',#2165,#1915,#2188,.T.);
#2188 = SURFACE_CURVE('',#2189,(#2194,#2201),.PCURVE_S1.);
#2189 = CIRCLE('',#2190,3.45);
#2190 = AXIS2_PLACEMENT_3D('',#2191,#2192,#2193);
#2191 = CARTESIAN_POINT('',(36.911999996799,-7.6,-7.1));
#2192 = DIRECTION('',(0.,0.,-1.));
#2193 = DIRECTION('',(-1.,0.,0.));
#2194 = PCURVE('',#1279,#2195);
#2195 = DEFINITIONAL_REPRESENTATION('',(#2196),#2200);
#2196 = LINE('',#2197,#2198);
#2197 = CARTESIAN_POINT('',(0.,-6.9));
#2198 = VECTOR('',#2199,1.);
#2199 = DIRECTION('',(1.,0.));
#2200 = ( GEOMETRIC_REPRESENTATION_CONTEXT(2) 
PARAMETRIC_REPRESENTATION_CONTEXT() REPRESENTATION_CONTEXT('2D SPACE',''
  ) );
#2201 = PCURVE('',#2202,#2221);
#2202 = B_SPLINE_SURFACE_WITH_KNOTS('',8,1,(
    (#2203,#2204)
    ,(#2205,#2206)
    ,(#2207,#2208)
    ,(#2209,#2210)
    ,(#2211,#2212)
    ,(#2213,#2214)
    ,(#2215,#2216)
    ,(#2217,#2218)
    ,(#2219,#2220
    )),.UNSPECIFIED.,.F.,.F.,.F.,(9,9),(2,2),(1.570796326795,
    3.14159265359),(0.,1.),.PIECEWISE_BEZIER_KNOTS.);
#2203 = CARTESIAN_POINT('',(36.911999996799,-11.05,-7.1));
#2204 = CARTESIAN_POINT('',(36.911999996338,-10.45,-6.5));
#2205 = CARTESIAN_POINT('',(37.589405912729,-11.05,-7.1));
#2206 = CARTESIAN_POINT('',(37.471596187758,-10.45,-6.5));
#2207 = CARTESIAN_POINT('',(38.266812041889,-10.89799027808,-7.1));
#2208 = CARTESIAN_POINT('',(38.031192555325,-10.32442675146,-6.5));
#2209 = CARTESIAN_POINT('',(38.904420655255,-10.59397232725,-7.1));
#2210 = CARTESIAN_POINT('',(38.557912714192,-10.07328148773,-6.5));
#2211 = CARTESIAN_POINT('',(39.46244270424,-10.15044270744,
    -7.100000000001));
#2212 = CARTESIAN_POINT('',(39.018887450311,-9.706887453974,-6.5));
#2213 = CARTESIAN_POINT('',(39.905972324056,-9.592420658455,-7.1));
#2214 = CARTESIAN_POINT('',(39.385281484071,-9.245912717854,-6.5));
#2215 = CARTESIAN_POINT('',(40.209990274883,-8.95481204509,-7.1));
#2216 = CARTESIAN_POINT('',(39.636426747798,-8.719192558987,-6.5));
#2217 = CARTESIAN_POINT('',(40.361999996799,-8.27740591593,-7.1));
#2218 = CARTESIAN_POINT('',(39.761999996338,-8.159596191421,-6.5));
#2219 = CARTESIAN_POINT('',(40.361999996799,-7.6,-7.1));
#2220 = CARTESIAN_POINT('',(39.761999996338,-7.6,-6.5));
#2221 = DEFINITIONAL_REPRESENTATION('',(#2222),#2225);
#2222 = B_SPLINE_CURVE_WITH_KNOTS('',1,(#2223,#2224),.UNSPECIFIED.,.F.,
  .F.,(2,2),(3.14159265359,4.712388980385),.PIECEWISE_BEZIER_KNOTS.);
#2223 = CARTESIAN_POINT('',(3.14159265359,0.));
#2224 = CARTESIAN_POINT('',(1.570796326795,0.));
#2225 = ( GEOMETRIC_REPRESENTATION_CONTEXT(2) 
PARAMETRIC_REPRESENTATION_CONTEXT() REPRESENTATION_CONTEXT('2D SPACE',''
  ) );
#2226 = ORIENTED_EDGE('',*,*,#1942,.F.);
#2227 = ORIENTED_EDGE('',*,*,#1258,.F.);
#2228 = ADVANCED_FACE('',(#2229),#1032,.F.);
#2229 = FACE_BOUND('',#2230,.F.);
#2230 = EDGE_LOOP('',(#2231,#2232,#2233,#2261,#2282,#2283,#2306,#2334,
    #2355,#2356,#2379,#2407));
#2231 = ORIENTED_EDGE('',*,*,#1235,.F.);
#2232 = ORIENTED_EDGE('',*,*,#2164,.T.);
#2233 = ORIENTED_EDGE('',*,*,#2234,.T.);
#2234 = EDGE_CURVE('',#2165,#2235,#2237,.T.);
#2235 = VERTEX_POINT('',#2236);
#2236 = CARTESIAN_POINT('',(40.3619999984,61.2,-7.1));
#2237 = SURFACE_CURVE('',#2238,(#2242,#2249),.PCURVE_S1.);
#2238 = LINE('',#2239,#2240);
#2239 = CARTESIAN_POINT('',(40.362,26.8,-7.1));
#2240 = VECTOR('',#2241,1.);
#2241 = DIRECTION('',(0.,1.,0.));
#2242 = PCURVE('',#1032,#2243);
#2243 = DEFINITIONAL_REPRESENTATION('',(#2244),#2248);
#2244 = LINE('',#2245,#2246);
#2245 = CARTESIAN_POINT('',(34.4,-6.9));
#2246 = VECTOR('',#2247,1.);
#2247 = DIRECTION('',(1.,0.));
#2248 = ( GEOMETRIC_REPRESENTATION_CONTEXT(2) 
PARAMETRIC_REPRESENTATION_CONTEXT() REPRESENTATION_CONTEXT('2D SPACE',''
  ) );
#2249 = PCURVE('',#2250,#2255);
#2250 = PLANE('',#2251);
#2251 = AXIS2_PLACEMENT_3D('',#2252,#2253,#2254);
#2252 = CARTESIAN_POINT('',(39.762,26.8,-6.5));
#2253 = DIRECTION('',(0.707106781187,-0.,0.707106781186));
#2254 = DIRECTION('',(0.,1.,0.));
#2255 = DEFINITIONAL_REPRESENTATION('',(#2256),#2260);
#2256 = LINE('',#2257,#2258);
#2257 = CARTESIAN_POINT('',(3.552713678801E-15,-0.848528137424));
#2258 = VECTOR('',#2259,1.);
#2259 = DIRECTION('',(1.,0.));
#2260 = ( GEOMETRIC_REPRESENTATION_CONTEXT(2) 
PARAMETRIC_REPRESENTATION_CONTEXT() REPRESENTATION_CONTEXT('2D SPACE',''
  ) );
#2261 = ORIENTED_EDGE('',*,*,#2262,.F.);
#2262 = EDGE_CURVE('',#984,#2235,#2263,.T.);
#2263 = SURFACE_CURVE('',#2264,(#2268,#2275),.PCURVE_S1.);
#2264 = LINE('',#2265,#2266);
#2265 = CARTESIAN_POINT('',(40.3619999984,61.2,-14.));
#2266 = VECTOR('',#2267,1.);
#2267 = DIRECTION('',(0.,0.,1.));
#2268 = PCURVE('',#1032,#2269);
#2269 = DEFINITIONAL_REPRESENTATION('',(#2270),#2274);
#2270 = LINE('',#2271,#2272);
#2271 = CARTESIAN_POINT('',(68.8,0.));
#2272 = VECTOR('',#2273,1.);
#2273 = DIRECTION('',(0.,-1.));
#2274 = ( GEOMETRIC_REPRESENTATION_CONTEXT(2) 
PARAMETRIC_REPRESENTATION_CONTEXT() REPRESENTATION_CONTEXT('2D SPACE',''
  ) );
#2275 = PCURVE('',#1004,#2276);
#2276 = DEFINITIONAL_REPRESENTATION('',(#2277),#2281);
#2277 = LINE('',#2278,#2279);
#2278 = CARTESIAN_POINT('',(3.14159265359,0.));
#2279 = VECTOR('',#2280,1.);
#2280 = DIRECTION('',(0.,-1.));
#2281 = ( GEOMETRIC_REPRESENTATION_CONTEXT(2) 
PARAMETRIC_REPRESENTATION_CONTEXT() REPRESENTATION_CONTEXT('2D SPACE',''
  ) );
#2282 = ORIENTED_EDGE('',*,*,#1016,.F.);
#2283 = ORIENTED_EDGE('',*,*,#2284,.T.);
#2284 = EDGE_CURVE('',#1017,#2285,#2287,.T.);
#2285 = VERTEX_POINT('',#2286);
#2286 = CARTESIAN_POINT('',(40.362,49.8,-7.6));
#2287 = SURFACE_CURVE('',#2288,(#2292,#2299),.PCURVE_S1.);
#2288 = LINE('',#2289,#2290);
#2289 = CARTESIAN_POINT('',(40.362,49.8,-14.));
#2290 = VECTOR('',#2291,1.);
#2291 = DIRECTION('',(0.,0.,1.));
#2292 = PCURVE('',#1032,#2293);
#2293 = DEFINITIONAL_REPRESENTATION('',(#2294),#2298);
#2294 = LINE('',#2295,#2296);
#2295 = CARTESIAN_POINT('',(57.4,0.));
#2296 = VECTOR('',#2297,1.);
#2297 = DIRECTION('',(0.,-1.));
#2298 = ( GEOMETRIC_REPRESENTATION_CONTEXT(2) 
PARAMETRIC_REPRESENTATION_CONTEXT() REPRESENTATION_CONTEXT('2D SPACE',''
  ) );
#2299 = PCURVE('',#1060,#2300);
#2300 = DEFINITIONAL_REPRESENTATION('',(#2301),#2305);
#2301 = LINE('',#2302,#2303);
#2302 = CARTESIAN_POINT('',(1.030776406404,0.));
#2303 = VECTOR('',#2304,1.);
#2304 = DIRECTION('',(0.,-1.));
#2305 = ( GEOMETRIC_REPRESENTATION_CONTEXT(2) 
PARAMETRIC_REPRESENTATION_CONTEXT() REPRESENTATION_CONTEXT('2D SPACE',''
  ) );
#2306 = ORIENTED_EDGE('',*,*,#2307,.T.);
#2307 = EDGE_CURVE('',#2285,#2308,#2310,.T.);
#2308 = VERTEX_POINT('',#2309);
#2309 = CARTESIAN_POINT('',(40.362,43.8,-7.6));
#2310 = SURFACE_CURVE('',#2311,(#2315,#2322),.PCURVE_S1.);
#2311 = LINE('',#2312,#2313);
#2312 = CARTESIAN_POINT('',(40.362,49.8,-7.6));
#2313 = VECTOR('',#2314,1.);
#2314 = DIRECTION('',(2.22044604925E-16,-1.,0.));
#2315 = PCURVE('',#1032,#2316);
#2316 = DEFINITIONAL_REPRESENTATION('',(#2317),#2321);
#2317 = LINE('',#2318,#2319);
#2318 = CARTESIAN_POINT('',(57.4,-6.4));
#2319 = VECTOR('',#2320,1.);
#2320 = DIRECTION('',(-1.,0.));
#2321 = ( GEOMETRIC_REPRESENTATION_CONTEXT(2) 
PARAMETRIC_REPRESENTATION_CONTEXT() REPRESENTATION_CONTEXT('2D SPACE',''
  ) );
#2322 = PCURVE('',#2323,#2328);
#2323 = PLANE('',#2324);
#2324 = AXIS2_PLACEMENT_3D('',#2325,#2326,#2327);
#2325 = CARTESIAN_POINT('',(40.466272983845,46.8,-7.6));
#2326 = DIRECTION('',(0.,0.,1.));
#2327 = DIRECTION('',(2.22044604925E-16,-1.,0.));
#2328 = DEFINITIONAL_REPRESENTATION('',(#2329),#2333);
#2329 = LINE('',#2330,#2331);
#2330 = CARTESIAN_POINT('',(-3.,-0.104272983845));
#2331 = VECTOR('',#2332,1.);
#2332 = DIRECTION('',(1.,0.));
#2333 = ( GEOMETRIC_REPRESENTATION_CONTEXT(2) 
PARAMETRIC_REPRESENTATION_CONTEXT() REPRESENTATION_CONTEXT('2D SPACE',''
  ) );
#2334 = ORIENTED_EDGE('',*,*,#2335,.F.);
#2335 = EDGE_CURVE('',#1101,#2308,#2336,.T.);
#2336 = SURFACE_CURVE('',#2337,(#2341,#2348),.PCURVE_S1.);
#2337 = LINE('',#2338,#2339);
#2338 = CARTESIAN_POINT('',(40.362,43.8,-14.));
#2339 = VECTOR('',#2340,1.);
#2340 = DIRECTION('',(0.,0.,1.));
#2341 = PCURVE('',#1032,#2342);
#2342 = DEFINITIONAL_REPRESENTATION('',(#2343),#2347);
#2343 = LINE('',#2344,#2345);
#2344 = CARTESIAN_POINT('',(51.4,0.));
#2345 = VECTOR('',#2346,1.);
#2346 = DIRECTION('',(0.,-1.));
#2347 = ( GEOMETRIC_REPRESENTATION_CONTEXT(2) 
PARAMETRIC_REPRESENTATION_CONTEXT() REPRESENTATION_CONTEXT('2D SPACE',''
  ) );
#2348 = PCURVE('',#1116,#2349);
#2349 = DEFINITIONAL_REPRESENTATION('',(#2350),#2354);
#2350 = LINE('',#2351,#2352);
#2351 = CARTESIAN_POINT('',(0.,0.));
#2352 = VECTOR('',#2353,1.);
#2353 = DIRECTION('',(0.,-1.));
#2354 = ( GEOMETRIC_REPRESENTATION_CONTEXT(2) 
PARAMETRIC_REPRESENTATION_CONTEXT() REPRESENTATION_CONTEXT('2D SPACE',''
  ) );
#2355 = ORIENTED_EDGE('',*,*,#1128,.F.);
#2356 = ORIENTED_EDGE('',*,*,#2357,.T.);
#2357 = EDGE_CURVE('',#1129,#2358,#2360,.T.);
#2358 = VERTEX_POINT('',#2359);
#2359 = CARTESIAN_POINT('',(40.362,9.8,-7.6));
#2360 = SURFACE_CURVE('',#2361,(#2365,#2372),.PCURVE_S1.);
#2361 = LINE('',#2362,#2363);
#2362 = CARTESIAN_POINT('',(40.362,9.8,-14.));
#2363 = VECTOR('',#2364,1.);
#2364 = DIRECTION('',(0.,0.,1.));
#2365 = PCURVE('',#1032,#2366);
#2366 = DEFINITIONAL_REPRESENTATION('',(#2367),#2371);
#2367 = LINE('',#2368,#2369);
#2368 = CARTESIAN_POINT('',(17.4,0.));
#2369 = VECTOR('',#2370,1.);
#2370 = DIRECTION('',(0.,-1.));
#2371 = ( GEOMETRIC_REPRESENTATION_CONTEXT(2) 
PARAMETRIC_REPRESENTATION_CONTEXT() REPRESENTATION_CONTEXT('2D SPACE',''
  ) );
#2372 = PCURVE('',#1167,#2373);
#2373 = DEFINITIONAL_REPRESENTATION('',(#2374),#2378);
#2374 = LINE('',#2375,#2376);
#2375 = CARTESIAN_POINT('',(1.030776406404,0.));
#2376 = VECTOR('',#2377,1.);
#2377 = DIRECTION('',(0.,-1.));
#2378 = ( GEOMETRIC_REPRESENTATION_CONTEXT(2) 
PARAMETRIC_REPRESENTATION_CONTEXT() REPRESENTATION_CONTEXT('2D SPACE',''
  ) );
#2379 = ORIENTED_EDGE('',*,*,#2380,.T.);
#2380 = EDGE_CURVE('',#2358,#2381,#2383,.T.);
#2381 = VERTEX_POINT('',#2382);
#2382 = CARTESIAN_POINT('',(40.362,3.8,-7.6));
#2383 = SURFACE_CURVE('',#2384,(#2388,#2395),.PCURVE_S1.);
#2384 = LINE('',#2385,#2386);
#2385 = CARTESIAN_POINT('',(40.362,9.8,-7.6));
#2386 = VECTOR('',#2387,1.);
#2387 = DIRECTION('',(2.22044604925E-16,-1.,0.));
#2388 = PCURVE('',#1032,#2389);
#2389 = DEFINITIONAL_REPRESENTATION('',(#2390),#2394);
#2390 = LINE('',#2391,#2392);
#2391 = CARTESIAN_POINT('',(17.4,-6.4));
#2392 = VECTOR('',#2393,1.);
#2393 = DIRECTION('',(-1.,0.));
#2394 = ( GEOMETRIC_REPRESENTATION_CONTEXT(2) 
PARAMETRIC_REPRESENTATION_CONTEXT() REPRESENTATION_CONTEXT('2D SPACE',''
  ) );
#2395 = PCURVE('',#2396,#2401);
#2396 = PLANE('',#2397);
#2397 = AXIS2_PLACEMENT_3D('',#2398,#2399,#2400);
#2398 = CARTESIAN_POINT('',(40.466272983845,6.8,-7.6));
#2399 = DIRECTION('',(0.,0.,1.));
#2400 = DIRECTION('',(2.22044604925E-16,-1.,0.));
#2401 = DEFINITIONAL_REPRESENTATION('',(#2402),#2406);
#2402 = LINE('',#2403,#2404);
#2403 = CARTESIAN_POINT('',(-3.,-0.104272983845));
#2404 = VECTOR('',#2405,1.);
#2405 = DIRECTION('',(1.,0.));
#2406 = ( GEOMETRIC_REPRESENTATION_CONTEXT(2) 
PARAMETRIC_REPRESENTATION_CONTEXT() REPRESENTATION_CONTEXT('2D SPACE',''
  ) );
#2407 = ORIENTED_EDGE('',*,*,#2408,.F.);
#2408 = EDGE_CURVE('',#1208,#2381,#2409,.T.);
#2409 = SURFACE_CURVE('',#2410,(#2414,#2421),.PCURVE_S1.);
#2410 = LINE('',#2411,#2412);
#2411 = CARTESIAN_POINT('',(40.362,3.8,-14.));
#2412 = VECTOR('',#2413,1.);
#2413 = DIRECTION('',(0.,0.,1.));
#2414 = PCURVE('',#1032,#2415);
#2415 = DEFINITIONAL_REPRESENTATION('',(#2416),#2420);
#2416 = LINE('',#2417,#2418);
#2417 = CARTESIAN_POINT('',(11.4,0.));
#2418 = VECTOR('',#2419,1.);
#2419 = DIRECTION('',(0.,-1.));
#2420 = ( GEOMETRIC_REPRESENTATION_CONTEXT(2) 
PARAMETRIC_REPRESENTATION_CONTEXT() REPRESENTATION_CONTEXT('2D SPACE',''
  ) );
#2421 = PCURVE('',#1223,#2422);
#2422 = DEFINITIONAL_REPRESENTATION('',(#2423),#2427);
#2423 = LINE('',#2424,#2425);
#2424 = CARTESIAN_POINT('',(0.,0.));
#2425 = VECTOR('',#2426,1.);
#2426 = DIRECTION('',(0.,-1.));
#2427 = ( GEOMETRIC_REPRESENTATION_CONTEXT(2) 
PARAMETRIC_REPRESENTATION_CONTEXT() REPRESENTATION_CONTEXT('2D SPACE',''
  ) );
#2428 = ADVANCED_FACE('',(#2429),#1223,.F.);
#2429 = FACE_BOUND('',#2430,.F.);
#2430 = EDGE_LOOP('',(#2431,#2432,#2455,#2476));
#2431 = ORIENTED_EDGE('',*,*,#2408,.T.);
#2432 = ORIENTED_EDGE('',*,*,#2433,.T.);
#2433 = EDGE_CURVE('',#2381,#2434,#2436,.T.);
#2434 = VERTEX_POINT('',#2435);
#2435 = CARTESIAN_POINT('',(40.612,4.8,-7.6));
#2436 = SURFACE_CURVE('',#2437,(#2441,#2448),.PCURVE_S1.);
#2437 = LINE('',#2438,#2439);
#2438 = CARTESIAN_POINT('',(40.362,3.8,-7.6));
#2439 = VECTOR('',#2440,1.);
#2440 = DIRECTION('',(0.242535625036,0.970142500145,0.));
#2441 = PCURVE('',#1223,#2442);
#2442 = DEFINITIONAL_REPRESENTATION('',(#2443),#2447);
#2443 = LINE('',#2444,#2445);
#2444 = CARTESIAN_POINT('',(0.,-6.4));
#2445 = VECTOR('',#2446,1.);
#2446 = DIRECTION('',(1.,0.));
#2447 = ( GEOMETRIC_REPRESENTATION_CONTEXT(2) 
PARAMETRIC_REPRESENTATION_CONTEXT() REPRESENTATION_CONTEXT('2D SPACE',''
  ) );
#2448 = PCURVE('',#2396,#2449);
#2449 = DEFINITIONAL_REPRESENTATION('',(#2450),#2454);
#2450 = LINE('',#2451,#2452);
#2451 = CARTESIAN_POINT('',(3.,-0.104272983845));
#2452 = VECTOR('',#2453,1.);
#2453 = DIRECTION('',(-0.970142500145,0.242535625036));
#2454 = ( GEOMETRIC_REPRESENTATION_CONTEXT(2) 
PARAMETRIC_REPRESENTATION_CONTEXT() REPRESENTATION_CONTEXT('2D SPACE',''
  ) );
#2455 = ORIENTED_EDGE('',*,*,#2456,.F.);
#2456 = EDGE_CURVE('',#1180,#2434,#2457,.T.);
#2457 = SURFACE_CURVE('',#2458,(#2462,#2469),.PCURVE_S1.);
#2458 = LINE('',#2459,#2460);
#2459 = CARTESIAN_POINT('',(40.612,4.8,-14.));
#2460 = VECTOR('',#2461,1.);
#2461 = DIRECTION('',(0.,0.,1.));
#2462 = PCURVE('',#1223,#2463);
#2463 = DEFINITIONAL_REPRESENTATION('',(#2464),#2468);
#2464 = LINE('',#2465,#2466);
#2465 = CARTESIAN_POINT('',(1.030776406404,0.));
#2466 = VECTOR('',#2467,1.);
#2467 = DIRECTION('',(0.,-1.));
#2468 = ( GEOMETRIC_REPRESENTATION_CONTEXT(2) 
PARAMETRIC_REPRESENTATION_CONTEXT() REPRESENTATION_CONTEXT('2D SPACE',''
  ) );
#2469 = PCURVE('',#1195,#2470);
#2470 = DEFINITIONAL_REPRESENTATION('',(#2471),#2475);
#2471 = LINE('',#2472,#2473);
#2472 = CARTESIAN_POINT('',(0.,-0.));
#2473 = VECTOR('',#2474,1.);
#2474 = DIRECTION('',(0.,-1.));
#2475 = ( GEOMETRIC_REPRESENTATION_CONTEXT(2) 
PARAMETRIC_REPRESENTATION_CONTEXT() REPRESENTATION_CONTEXT('2D SPACE',''
  ) );
#2476 = ORIENTED_EDGE('',*,*,#1207,.F.);
#2477 = ADVANCED_FACE('',(#2478),#1195,.F.);
#2478 = FACE_BOUND('',#2479,.F.);
#2479 = EDGE_LOOP('',(#2480,#2481,#2504,#2525));
#2480 = ORIENTED_EDGE('',*,*,#2456,.T.);
#2481 = ORIENTED_EDGE('',*,*,#2482,.T.);
#2482 = EDGE_CURVE('',#2434,#2483,#2485,.T.);
#2483 = VERTEX_POINT('',#2484);
#2484 = CARTESIAN_POINT('',(40.612,8.8,-7.6));
#2485 = SURFACE_CURVE('',#2486,(#2490,#2497),.PCURVE_S1.);
#2486 = LINE('',#2487,#2488);
#2487 = CARTESIAN_POINT('',(40.612,4.8,-7.6));
#2488 = VECTOR('',#2489,1.);
#2489 = DIRECTION('',(-2.22044604925E-16,1.,0.));
#2490 = PCURVE('',#1195,#2491);
#2491 = DEFINITIONAL_REPRESENTATION('',(#2492),#2496);
#2492 = LINE('',#2493,#2494);
#2493 = CARTESIAN_POINT('',(0.,-6.4));
#2494 = VECTOR('',#2495,1.);
#2495 = DIRECTION('',(1.,0.));
#2496 = ( GEOMETRIC_REPRESENTATION_CONTEXT(2) 
PARAMETRIC_REPRESENTATION_CONTEXT() REPRESENTATION_CONTEXT('2D SPACE',''
  ) );
#2497 = PCURVE('',#2396,#2498);
#2498 = DEFINITIONAL_REPRESENTATION('',(#2499),#2503);
#2499 = LINE('',#2500,#2501);
#2500 = CARTESIAN_POINT('',(2.,0.145727016155));
#2501 = VECTOR('',#2502,1.);
#2502 = DIRECTION('',(-1.,0.));
#2503 = ( GEOMETRIC_REPRESENTATION_CONTEXT(2) 
PARAMETRIC_REPRESENTATION_CONTEXT() REPRESENTATION_CONTEXT('2D SPACE',''
  ) );
#2504 = ORIENTED_EDGE('',*,*,#2505,.F.);
#2505 = EDGE_CURVE('',#1152,#2483,#2506,.T.);
#2506 = SURFACE_CURVE('',#2507,(#2511,#2518),.PCURVE_S1.);
#2507 = LINE('',#2508,#2509);
#2508 = CARTESIAN_POINT('',(40.612,8.8,-14.));
#2509 = VECTOR('',#2510,1.);
#2510 = DIRECTION('',(0.,0.,1.));
#2511 = PCURVE('',#1195,#2512);
#2512 = DEFINITIONAL_REPRESENTATION('',(#2513),#2517);
#2513 = LINE('',#2514,#2515);
#2514 = CARTESIAN_POINT('',(4.,0.));
#2515 = VECTOR('',#2516,1.);
#2516 = DIRECTION('',(0.,-1.));
#2517 = ( GEOMETRIC_REPRESENTATION_CONTEXT(2) 
PARAMETRIC_REPRESENTATION_CONTEXT() REPRESENTATION_CONTEXT('2D SPACE',''
  ) );
#2518 = PCURVE('',#1167,#2519);
#2519 = DEFINITIONAL_REPRESENTATION('',(#2520),#2524);
#2520 = LINE('',#2521,#2522);
#2521 = CARTESIAN_POINT('',(0.,0.));
#2522 = VECTOR('',#2523,1.);
#2523 = DIRECTION('',(0.,-1.));
#2524 = ( GEOMETRIC_REPRESENTATION_CONTEXT(2) 
PARAMETRIC_REPRESENTATION_CONTEXT() REPRESENTATION_CONTEXT('2D SPACE',''
  ) );
#2525 = ORIENTED_EDGE('',*,*,#1179,.F.);
#2526 = ADVANCED_FACE('',(#2527),#1167,.F.);
#2527 = FACE_BOUND('',#2528,.F.);
#2528 = EDGE_LOOP('',(#2529,#2530,#2551,#2552));
#2529 = ORIENTED_EDGE('',*,*,#2505,.T.);
#2530 = ORIENTED_EDGE('',*,*,#2531,.T.);
#2531 = EDGE_CURVE('',#2483,#2358,#2532,.T.);
#2532 = SURFACE_CURVE('',#2533,(#2537,#2544),.PCURVE_S1.);
#2533 = LINE('',#2534,#2535);
#2534 = CARTESIAN_POINT('',(40.612,8.8,-7.6));
#2535 = VECTOR('',#2536,1.);
#2536 = DIRECTION('',(-0.242535625036,0.970142500145,0.));
#2537 = PCURVE('',#1167,#2538);
#2538 = DEFINITIONAL_REPRESENTATION('',(#2539),#2543);
#2539 = LINE('',#2540,#2541);
#2540 = CARTESIAN_POINT('',(0.,-6.4));
#2541 = VECTOR('',#2542,1.);
#2542 = DIRECTION('',(1.,0.));
#2543 = ( GEOMETRIC_REPRESENTATION_CONTEXT(2) 
PARAMETRIC_REPRESENTATION_CONTEXT() REPRESENTATION_CONTEXT('2D SPACE',''
  ) );
#2544 = PCURVE('',#2396,#2545);
#2545 = DEFINITIONAL_REPRESENTATION('',(#2546),#2550);
#2546 = LINE('',#2547,#2548);
#2547 = CARTESIAN_POINT('',(-2.,0.145727016155));
#2548 = VECTOR('',#2549,1.);
#2549 = DIRECTION('',(-0.970142500145,-0.242535625036));
#2550 = ( GEOMETRIC_REPRESENTATION_CONTEXT(2) 
PARAMETRIC_REPRESENTATION_CONTEXT() REPRESENTATION_CONTEXT('2D SPACE',''
  ) );
#2551 = ORIENTED_EDGE('',*,*,#2357,.F.);
#2552 = ORIENTED_EDGE('',*,*,#1151,.F.);
#2553 = ADVANCED_FACE('',(#2554),#1116,.F.);
#2554 = FACE_BOUND('',#2555,.F.);
#2555 = EDGE_LOOP('',(#2556,#2557,#2580,#2601));
#2556 = ORIENTED_EDGE('',*,*,#2335,.T.);
#2557 = ORIENTED_EDGE('',*,*,#2558,.T.);
#2558 = EDGE_CURVE('',#2308,#2559,#2561,.T.);
#2559 = VERTEX_POINT('',#2560);
#2560 = CARTESIAN_POINT('',(40.612,44.8,-7.6));
#2561 = SURFACE_CURVE('',#2562,(#2566,#2573),.PCURVE_S1.);
#2562 = LINE('',#2563,#2564);
#2563 = CARTESIAN_POINT('',(40.362,43.8,-7.6));
#2564 = VECTOR('',#2565,1.);
#2565 = DIRECTION('',(0.242535625036,0.970142500145,0.));
#2566 = PCURVE('',#1116,#2567);
#2567 = DEFINITIONAL_REPRESENTATION('',(#2568),#2572);
#2568 = LINE('',#2569,#2570);
#2569 = CARTESIAN_POINT('',(0.,-6.4));
#2570 = VECTOR('',#2571,1.);
#2571 = DIRECTION('',(1.,0.));
#2572 = ( GEOMETRIC_REPRESENTATION_CONTEXT(2) 
PARAMETRIC_REPRESENTATION_CONTEXT() REPRESENTATION_CONTEXT('2D SPACE',''
  ) );
#2573 = PCURVE('',#2323,#2574);
#2574 = DEFINITIONAL_REPRESENTATION('',(#2575),#2579);
#2575 = LINE('',#2576,#2577);
#2576 = CARTESIAN_POINT('',(3.,-0.104272983845));
#2577 = VECTOR('',#2578,1.);
#2578 = DIRECTION('',(-0.970142500145,0.242535625036));
#2579 = ( GEOMETRIC_REPRESENTATION_CONTEXT(2) 
PARAMETRIC_REPRESENTATION_CONTEXT() REPRESENTATION_CONTEXT('2D SPACE',''
  ) );
#2580 = ORIENTED_EDGE('',*,*,#2581,.F.);
#2581 = EDGE_CURVE('',#1073,#2559,#2582,.T.);
#2582 = SURFACE_CURVE('',#2583,(#2587,#2594),.PCURVE_S1.);
#2583 = LINE('',#2584,#2585);
#2584 = CARTESIAN_POINT('',(40.612,44.8,-14.));
#2585 = VECTOR('',#2586,1.);
#2586 = DIRECTION('',(0.,0.,1.));
#2587 = PCURVE('',#1116,#2588);
#2588 = DEFINITIONAL_REPRESENTATION('',(#2589),#2593);
#2589 = LINE('',#2590,#2591);
#2590 = CARTESIAN_POINT('',(1.030776406404,0.));
#2591 = VECTOR('',#2592,1.);
#2592 = DIRECTION('',(0.,-1.));
#2593 = ( GEOMETRIC_REPRESENTATION_CONTEXT(2) 
PARAMETRIC_REPRESENTATION_CONTEXT() REPRESENTATION_CONTEXT('2D SPACE',''
  ) );
#2594 = PCURVE('',#1088,#2595);
#2595 = DEFINITIONAL_REPRESENTATION('',(#2596),#2600);
#2596 = LINE('',#2597,#2598);
#2597 = CARTESIAN_POINT('',(0.,-0.));
#2598 = VECTOR('',#2599,1.);
#2599 = DIRECTION('',(0.,-1.));
#2600 = ( GEOMETRIC_REPRESENTATION_CONTEXT(2) 
PARAMETRIC_REPRESENTATION_CONTEXT() REPRESENTATION_CONTEXT('2D SPACE',''
  ) );
#2601 = ORIENTED_EDGE('',*,*,#1100,.F.);
#2602 = ADVANCED_FACE('',(#2603),#1088,.F.);
#2603 = FACE_BOUND('',#2604,.F.);
#2604 = EDGE_LOOP('',(#2605,#2606,#2629,#2650));
#2605 = ORIENTED_EDGE('',*,*,#2581,.T.);
#2606 = ORIENTED_EDGE('',*,*,#2607,.T.);
#2607 = EDGE_CURVE('',#2559,#2608,#2610,.T.);
#2608 = VERTEX_POINT('',#2609);
#2609 = CARTESIAN_POINT('',(40.612,48.8,-7.6));
#2610 = SURFACE_CURVE('',#2611,(#2615,#2622),.PCURVE_S1.);
#2611 = LINE('',#2612,#2613);
#2612 = CARTESIAN_POINT('',(40.612,44.8,-7.6));
#2613 = VECTOR('',#2614,1.);
#2614 = DIRECTION('',(-2.22044604925E-16,1.,0.));
#2615 = PCURVE('',#1088,#2616);
#2616 = DEFINITIONAL_REPRESENTATION('',(#2617),#2621);
#2617 = LINE('',#2618,#2619);
#2618 = CARTESIAN_POINT('',(0.,-6.4));
#2619 = VECTOR('',#2620,1.);
#2620 = DIRECTION('',(1.,0.));
#2621 = ( GEOMETRIC_REPRESENTATION_CONTEXT(2) 
PARAMETRIC_REPRESENTATION_CONTEXT() REPRESENTATION_CONTEXT('2D SPACE',''
  ) );
#2622 = PCURVE('',#2323,#2623);
#2623 = DEFINITIONAL_REPRESENTATION('',(#2624),#2628);
#2624 = LINE('',#2625,#2626);
#2625 = CARTESIAN_POINT('',(2.,0.145727016155));
#2626 = VECTOR('',#2627,1.);
#2627 = DIRECTION('',(-1.,0.));
#2628 = ( GEOMETRIC_REPRESENTATION_CONTEXT(2) 
PARAMETRIC_REPRESENTATION_CONTEXT() REPRESENTATION_CONTEXT('2D SPACE',''
  ) );
#2629 = ORIENTED_EDGE('',*,*,#2630,.F.);
#2630 = EDGE_CURVE('',#1045,#2608,#2631,.T.);
#2631 = SURFACE_CURVE('',#2632,(#2636,#2643),.PCURVE_S1.);
#2632 = LINE('',#2633,#2634);
#2633 = CARTESIAN_POINT('',(40.612,48.8,-14.));
#2634 = VECTOR('',#2635,1.);
#2635 = DIRECTION('',(0.,0.,1.));
#2636 = PCURVE('',#1088,#2637);
#2637 = DEFINITIONAL_REPRESENTATION('',(#2638),#2642);
#2638 = LINE('',#2639,#2640);
#2639 = CARTESIAN_POINT('',(4.,0.));
#2640 = VECTOR('',#2641,1.);
#2641 = DIRECTION('',(0.,-1.));
#2642 = ( GEOMETRIC_REPRESENTATION_CONTEXT(2) 
PARAMETRIC_REPRESENTATION_CONTEXT() REPRESENTATION_CONTEXT('2D SPACE',''
  ) );
#2643 = PCURVE('',#1060,#2644);
#2644 = DEFINITIONAL_REPRESENTATION('',(#2645),#2649);
#2645 = LINE('',#2646,#2647);
#2646 = CARTESIAN_POINT('',(0.,0.));
#2647 = VECTOR('',#2648,1.);
#2648 = DIRECTION('',(0.,-1.));
#2649 = ( GEOMETRIC_REPRESENTATION_CONTEXT(2) 
PARAMETRIC_REPRESENTATION_CONTEXT() REPRESENTATION_CONTEXT('2D SPACE',''
  ) );
#2650 = ORIENTED_EDGE('',*,*,#1072,.F.);
#2651 = ADVANCED_FACE('',(#2652),#1060,.F.);
#2652 = FACE_BOUND('',#2653,.F.);
#2653 = EDGE_LOOP('',(#2654,#2655,#2676,#2677));
#2654 = ORIENTED_EDGE('',*,*,#2630,.T.);
#2655 = ORIENTED_EDGE('',*,*,#2656,.T.);
#2656 = EDGE_CURVE('',#2608,#2285,#2657,.T.);
#2657 = SURFACE_CURVE('',#2658,(#2662,#2669),.PCURVE_S1.);
#2658 = LINE('',#2659,#2660);
#2659 = CARTESIAN_POINT('',(40.612,48.8,-7.6));
#2660 = VECTOR('',#2661,1.);
#2661 = DIRECTION('',(-0.242535625036,0.970142500145,0.));
#2662 = PCURVE('',#1060,#2663);
#2663 = DEFINITIONAL_REPRESENTATION('',(#2664),#2668);
#2664 = LINE('',#2665,#2666);
#2665 = CARTESIAN_POINT('',(0.,-6.4));
#2666 = VECTOR('',#2667,1.);
#2667 = DIRECTION('',(1.,0.));
#2668 = ( GEOMETRIC_REPRESENTATION_CONTEXT(2) 
PARAMETRIC_REPRESENTATION_CONTEXT() REPRESENTATION_CONTEXT('2D SPACE',''
  ) );
#2669 = PCURVE('',#2323,#2670);
#2670 = DEFINITIONAL_REPRESENTATION('',(#2671),#2675);
#2671 = LINE('',#2672,#2673);
#2672 = CARTESIAN_POINT('',(-2.,0.145727016155));
#2673 = VECTOR('',#2674,1.);
#2674 = DIRECTION('',(-0.970142500145,-0.242535625036));
#2675 = ( GEOMETRIC_REPRESENTATION_CONTEXT(2) 
PARAMETRIC_REPRESENTATION_CONTEXT() REPRESENTATION_CONTEXT('2D SPACE',''
  ) );
#2676 = ORIENTED_EDGE('',*,*,#2284,.F.);
#2677 = ORIENTED_EDGE('',*,*,#1044,.F.);
#2678 = ADVANCED_FACE('',(#2679),#1004,.T.);
#2679 = FACE_BOUND('',#2680,.T.);
#2680 = EDGE_LOOP('',(#2681,#2704,#2744,#2745));
#2681 = ORIENTED_EDGE('',*,*,#2682,.T.);
#2682 = EDGE_CURVE('',#961,#2683,#2685,.T.);
#2683 = VERTEX_POINT('',#2684);
#2684 = CARTESIAN_POINT('',(36.911999996799,64.65,-7.1));
#2685 = SURFACE_CURVE('',#2686,(#2690,#2697),.PCURVE_S1.);
#2686 = LINE('',#2687,#2688);
#2687 = CARTESIAN_POINT('',(36.911999996799,64.65,-14.));
#2688 = VECTOR('',#2689,1.);
#2689 = DIRECTION('',(0.,0.,1.));
#2690 = PCURVE('',#1004,#2691);
#2691 = DEFINITIONAL_REPRESENTATION('',(#2692),#2696);
#2692 = LINE('',#2693,#2694);
#2693 = CARTESIAN_POINT('',(1.570796326795,0.));
#2694 = VECTOR('',#2695,1.);
#2695 = DIRECTION('',(0.,-1.));
#2696 = ( GEOMETRIC_REPRESENTATION_CONTEXT(2) 
PARAMETRIC_REPRESENTATION_CONTEXT() REPRESENTATION_CONTEXT('2D SPACE',''
  ) );
#2697 = PCURVE('',#864,#2698);
#2698 = DEFINITIONAL_REPRESENTATION('',(#2699),#2703);
#2699 = LINE('',#2700,#2701);
#2700 = CARTESIAN_POINT('',(35.213999996799,0.));
#2701 = VECTOR('',#2702,1.);
#2702 = DIRECTION('',(0.,-1.));
#2703 = ( GEOMETRIC_REPRESENTATION_CONTEXT(2) 
PARAMETRIC_REPRESENTATION_CONTEXT() REPRESENTATION_CONTEXT('2D SPACE',''
  ) );
#2704 = ORIENTED_EDGE('',*,*,#2705,.T.);
#2705 = EDGE_CURVE('',#2683,#2235,#2706,.T.);
#2706 = SURFACE_CURVE('',#2707,(#2712,#2719),.PCURVE_S1.);
#2707 = CIRCLE('',#2708,3.45);
#2708 = AXIS2_PLACEMENT_3D('',#2709,#2710,#2711);
#2709 = CARTESIAN_POINT('',(36.911999996799,61.2,-7.1));
#2710 = DIRECTION('',(0.,0.,-1.));
#2711 = DIRECTION('',(-1.,0.,0.));
#2712 = PCURVE('',#1004,#2713);
#2713 = DEFINITIONAL_REPRESENTATION('',(#2714),#2718);
#2714 = LINE('',#2715,#2716);
#2715 = CARTESIAN_POINT('',(0.,-6.9));
#2716 = VECTOR('',#2717,1.);
#2717 = DIRECTION('',(1.,0.));
#2718 = ( GEOMETRIC_REPRESENTATION_CONTEXT(2) 
PARAMETRIC_REPRESENTATION_CONTEXT() REPRESENTATION_CONTEXT('2D SPACE',''
  ) );
#2719 = PCURVE('',#2720,#2739);
#2720 = B_SPLINE_SURFACE_WITH_KNOTS('',8,1,(
    (#2721,#2722)
    ,(#2723,#2724)
    ,(#2725,#2726)
    ,(#2727,#2728)
    ,(#2729,#2730)
    ,(#2731,#2732)
    ,(#2733,#2734)
    ,(#2735,#2736)
    ,(#2737,#2738
    )),.UNSPECIFIED.,.F.,.F.,.F.,(9,9),(2,2),(3.14159265359,
    4.712388980385),(0.,1.),.PIECEWISE_BEZIER_KNOTS.);
#2721 = CARTESIAN_POINT('',(40.361999996799,61.2,-7.1));
#2722 = CARTESIAN_POINT('',(39.761999996338,61.2,-6.5));
#2723 = CARTESIAN_POINT('',(40.361999996799,61.87740591593,-7.1));
#2724 = CARTESIAN_POINT('',(39.761999996337,61.75959619142,-6.5));
#2725 = CARTESIAN_POINT('',(40.209990274884,62.554812045092,-7.1));
#2726 = CARTESIAN_POINT('',(39.636426747799,62.319192558989,-6.5));
#2727 = CARTESIAN_POINT('',(39.905972324054,63.192420658453,-7.1));
#2728 = CARTESIAN_POINT('',(39.38528148407,62.845912717851,-6.5));
#2729 = CARTESIAN_POINT('',(39.462442704242,63.750442707444,-7.1));
#2730 = CARTESIAN_POINT('',(39.018887450311,63.306887453977,-6.5));
#2731 = CARTESIAN_POINT('',(38.904420655254,64.193972327254,-7.1));
#2732 = CARTESIAN_POINT('',(38.557912714192,63.67328148773,-6.5));
#2733 = CARTESIAN_POINT('',(38.266812041889,64.497990278085,-7.1));
#2734 = CARTESIAN_POINT('',(38.031192555325,63.924426751462,-6.5));
#2735 = CARTESIAN_POINT('',(37.589405912729,64.65,-7.1));
#2736 = CARTESIAN_POINT('',(37.471596187758,64.049999999999,-6.5));
#2737 = CARTESIAN_POINT('',(36.911999996799,64.65,-7.1));
#2738 = CARTESIAN_POINT('',(36.911999996338,64.05,-6.5));
#2739 = DEFINITIONAL_REPRESENTATION('',(#2740),#2743);
#2740 = B_SPLINE_CURVE_WITH_KNOTS('',1,(#2741,#2742),.UNSPECIFIED.,.F.,
  .F.,(2,2),(1.570796326795,3.14159265359),.PIECEWISE_BEZIER_KNOTS.);
#2741 = CARTESIAN_POINT('',(4.712388980385,0.));
#2742 = CARTESIAN_POINT('',(3.14159265359,0.));
#2743 = ( GEOMETRIC_REPRESENTATION_CONTEXT(2) 
PARAMETRIC_REPRESENTATION_CONTEXT() REPRESENTATION_CONTEXT('2D SPACE',''
  ) );
#2744 = ORIENTED_EDGE('',*,*,#2262,.F.);
#2745 = ORIENTED_EDGE('',*,*,#983,.F.);
#2746 = ADVANCED_FACE('',(#2747),#864,.T.);
#2747 = FACE_BOUND('',#2748,.T.);
#2748 = EDGE_LOOP('',(#2749,#2750,#2773,#2798,#2799,#2800,#2823,#2851));
#2749 = ORIENTED_EDGE('',*,*,#848,.F.);
#2750 = ORIENTED_EDGE('',*,*,#2751,.T.);
#2751 = EDGE_CURVE('',#816,#2752,#2754,.T.);
#2752 = VERTEX_POINT('',#2753);
#2753 = CARTESIAN_POINT('',(1.698,64.65,-7.1));
#2754 = SURFACE_CURVE('',#2755,(#2759,#2766),.PCURVE_S1.);
#2755 = LINE('',#2756,#2757);
#2756 = CARTESIAN_POINT('',(1.698,64.65,-14.));
#2757 = VECTOR('',#2758,1.);
#2758 = DIRECTION('',(0.,0.,1.));
#2759 = PCURVE('',#864,#2760);
#2760 = DEFINITIONAL_REPRESENTATION('',(#2761),#2765);
#2761 = LINE('',#2762,#2763);
#2762 = CARTESIAN_POINT('',(0.,0.));
#2763 = VECTOR('',#2764,1.);
#2764 = DIRECTION('',(0.,-1.));
#2765 = ( GEOMETRIC_REPRESENTATION_CONTEXT(2) 
PARAMETRIC_REPRESENTATION_CONTEXT() REPRESENTATION_CONTEXT('2D SPACE',''
  ) );
#2766 = PCURVE('',#836,#2767);
#2767 = DEFINITIONAL_REPRESENTATION('',(#2768),#2772);
#2768 = LINE('',#2769,#2770);
#2769 = CARTESIAN_POINT('',(1.570796326795,0.));
#2770 = VECTOR('',#2771,1.);
#2771 = DIRECTION('',(0.,-1.));
#2772 = ( GEOMETRIC_REPRESENTATION_CONTEXT(2) 
PARAMETRIC_REPRESENTATION_CONTEXT() REPRESENTATION_CONTEXT('2D SPACE',''
  ) );
#2773 = ORIENTED_EDGE('',*,*,#2774,.T.);
#2774 = EDGE_CURVE('',#2752,#2683,#2775,.T.);
#2775 = SURFACE_CURVE('',#2776,(#2780,#2787),.PCURVE_S1.);
#2776 = LINE('',#2777,#2778);
#2777 = CARTESIAN_POINT('',(19.305,64.65,-7.1));
#2778 = VECTOR('',#2779,1.);
#2779 = DIRECTION('',(1.,0.,0.));
#2780 = PCURVE('',#864,#2781);
#2781 = DEFINITIONAL_REPRESENTATION('',(#2782),#2786);
#2782 = LINE('',#2783,#2784);
#2783 = CARTESIAN_POINT('',(17.607,-6.9));
#2784 = VECTOR('',#2785,1.);
#2785 = DIRECTION('',(1.,0.));
#2786 = ( GEOMETRIC_REPRESENTATION_CONTEXT(2) 
PARAMETRIC_REPRESENTATION_CONTEXT() REPRESENTATION_CONTEXT('2D SPACE',''
  ) );
#2787 = PCURVE('',#2788,#2793);
#2788 = B_SPLINE_SURFACE_WITH_KNOTS('',1,1,(
    (#2789,#2790)
    ,(#2791,#2792
    )),.UNSPECIFIED.,.F.,.F.,.F.,(2,2),(2,2),(-17.60699999679,17.607),(
    0.,1.),.PIECEWISE_BEZIER_KNOTS.);
#2789 = CARTESIAN_POINT('',(36.911999996799,64.65,-7.1));
#2790 = CARTESIAN_POINT('',(36.911999996338,64.05,-6.5));
#2791 = CARTESIAN_POINT('',(1.698,64.65,-7.1));
#2792 = CARTESIAN_POINT('',(1.698,64.05,-6.5));
#2793 = DEFINITIONAL_REPRESENTATION('',(#2794),#2797);
#2794 = B_SPLINE_CURVE_WITH_KNOTS('',1,(#2795,#2796),.UNSPECIFIED.,.F.,
  .F.,(2,2),(-17.607,17.606999996799),.PIECEWISE_BEZIER_KNOTS.);
#2795 = CARTESIAN_POINT('',(17.607,0.));
#2796 = CARTESIAN_POINT('',(-17.60699999679,0.));
#2797 = ( GEOMETRIC_REPRESENTATION_CONTEXT(2) 
PARAMETRIC_REPRESENTATION_CONTEXT() REPRESENTATION_CONTEXT('2D SPACE',''
  ) );
#2798 = ORIENTED_EDGE('',*,*,#2682,.F.);
#2799 = ORIENTED_EDGE('',*,*,#960,.F.);
#2800 = ORIENTED_EDGE('',*,*,#2801,.T.);
#2801 = EDGE_CURVE('',#933,#2802,#2804,.T.);
#2802 = VERTEX_POINT('',#2803);
#2803 = CARTESIAN_POINT('',(22.305,64.65,-7.6));
#2804 = SURFACE_CURVE('',#2805,(#2809,#2816),.PCURVE_S1.);
#2805 = LINE('',#2806,#2807);
#2806 = CARTESIAN_POINT('',(22.305,64.65,-14.));
#2807 = VECTOR('',#2808,1.);
#2808 = DIRECTION('',(0.,0.,1.));
#2809 = PCURVE('',#864,#2810);
#2810 = DEFINITIONAL_REPRESENTATION('',(#2811),#2815);
#2811 = LINE('',#2812,#2813);
#2812 = CARTESIAN_POINT('',(20.607,0.));
#2813 = VECTOR('',#2814,1.);
#2814 = DIRECTION('',(0.,-1.));
#2815 = ( GEOMETRIC_REPRESENTATION_CONTEXT(2) 
PARAMETRIC_REPRESENTATION_CONTEXT() REPRESENTATION_CONTEXT('2D SPACE',''
  ) );
#2816 = PCURVE('',#948,#2817);
#2817 = DEFINITIONAL_REPRESENTATION('',(#2818),#2822);
#2818 = LINE('',#2819,#2820);
#2819 = CARTESIAN_POINT('',(0.,0.));
#2820 = VECTOR('',#2821,1.);
#2821 = DIRECTION('',(0.,-1.));
#2822 = ( GEOMETRIC_REPRESENTATION_CONTEXT(2) 
PARAMETRIC_REPRESENTATION_CONTEXT() REPRESENTATION_CONTEXT('2D SPACE',''
  ) );
#2823 = ORIENTED_EDGE('',*,*,#2824,.F.);
#2824 = EDGE_CURVE('',#2825,#2802,#2827,.T.);
#2825 = VERTEX_POINT('',#2826);
#2826 = CARTESIAN_POINT('',(16.305,64.65,-7.6));
#2827 = SURFACE_CURVE('',#2828,(#2832,#2839),.PCURVE_S1.);
#2828 = LINE('',#2829,#2830);
#2829 = CARTESIAN_POINT('',(16.305,64.65,-7.6));
#2830 = VECTOR('',#2831,1.);
#2831 = DIRECTION('',(1.,0.,0.));
#2832 = PCURVE('',#864,#2833);
#2833 = DEFINITIONAL_REPRESENTATION('',(#2834),#2838);
#2834 = LINE('',#2835,#2836);
#2835 = CARTESIAN_POINT('',(14.607,-6.4));
#2836 = VECTOR('',#2837,1.);
#2837 = DIRECTION('',(1.,0.));
#2838 = ( GEOMETRIC_REPRESENTATION_CONTEXT(2) 
PARAMETRIC_REPRESENTATION_CONTEXT() REPRESENTATION_CONTEXT('2D SPACE',''
  ) );
#2839 = PCURVE('',#2840,#2845);
#2840 = PLANE('',#2841);
#2841 = AXIS2_PLACEMENT_3D('',#2842,#2843,#2844);
#2842 = CARTESIAN_POINT('',(19.305,64.754272983845,-7.6));
#2843 = DIRECTION('',(0.,0.,1.));
#2844 = DIRECTION('',(1.,0.,-0.));
#2845 = DEFINITIONAL_REPRESENTATION('',(#2846),#2850);
#2846 = LINE('',#2847,#2848);
#2847 = CARTESIAN_POINT('',(-3.,-0.104272983845));
#2848 = VECTOR('',#2849,1.);
#2849 = DIRECTION('',(1.,0.));
#2850 = ( GEOMETRIC_REPRESENTATION_CONTEXT(2) 
PARAMETRIC_REPRESENTATION_CONTEXT() REPRESENTATION_CONTEXT('2D SPACE',''
  ) );
#2851 = ORIENTED_EDGE('',*,*,#2852,.F.);
#2852 = EDGE_CURVE('',#849,#2825,#2853,.T.);
#2853 = SURFACE_CURVE('',#2854,(#2858,#2865),.PCURVE_S1.);
#2854 = LINE('',#2855,#2856);
#2855 = CARTESIAN_POINT('',(16.305,64.65,-14.));
#2856 = VECTOR('',#2857,1.);
#2857 = DIRECTION('',(0.,0.,1.));
#2858 = PCURVE('',#864,#2859);
#2859 = DEFINITIONAL_REPRESENTATION('',(#2860),#2864);
#2860 = LINE('',#2861,#2862);
#2861 = CARTESIAN_POINT('',(14.607,0.));
#2862 = VECTOR('',#2863,1.);
#2863 = DIRECTION('',(0.,-1.));
#2864 = ( GEOMETRIC_REPRESENTATION_CONTEXT(2) 
PARAMETRIC_REPRESENTATION_CONTEXT() REPRESENTATION_CONTEXT('2D SPACE',''
  ) );
#2865 = PCURVE('',#892,#2866);
#2866 = DEFINITIONAL_REPRESENTATION('',(#2867),#2871);
#2867 = LINE('',#2868,#2869);
#2868 = CARTESIAN_POINT('',(1.030776406404,0.));
#2869 = VECTOR('',#2870,1.);
#2870 = DIRECTION('',(0.,-1.));
#2871 = ( GEOMETRIC_REPRESENTATION_CONTEXT(2) 
PARAMETRIC_REPRESENTATION_CONTEXT() REPRESENTATION_CONTEXT('2D SPACE',''
  ) );
#2872 = ADVANCED_FACE('',(#2873),#948,.F.);
#2873 = FACE_BOUND('',#2874,.F.);
#2874 = EDGE_LOOP('',(#2875,#2876,#2899,#2920));
#2875 = ORIENTED_EDGE('',*,*,#2801,.T.);
#2876 = ORIENTED_EDGE('',*,*,#2877,.T.);
#2877 = EDGE_CURVE('',#2802,#2878,#2880,.T.);
#2878 = VERTEX_POINT('',#2879);
#2879 = CARTESIAN_POINT('',(21.305,64.9,-7.6));
#2880 = SURFACE_CURVE('',#2881,(#2885,#2892),.PCURVE_S1.);
#2881 = LINE('',#2882,#2883);
#2882 = CARTESIAN_POINT('',(22.305,64.65,-7.6));
#2883 = VECTOR('',#2884,1.);
#2884 = DIRECTION('',(-0.970142500145,0.242535625036,0.));
#2885 = PCURVE('',#948,#2886);
#2886 = DEFINITIONAL_REPRESENTATION('',(#2887),#2891);
#2887 = LINE('',#2888,#2889);
#2888 = CARTESIAN_POINT('',(0.,-6.4));
#2889 = VECTOR('',#2890,1.);
#2890 = DIRECTION('',(1.,0.));
#2891 = ( GEOMETRIC_REPRESENTATION_CONTEXT(2) 
PARAMETRIC_REPRESENTATION_CONTEXT() REPRESENTATION_CONTEXT('2D SPACE',''
  ) );
#2892 = PCURVE('',#2840,#2893);
#2893 = DEFINITIONAL_REPRESENTATION('',(#2894),#2898);
#2894 = LINE('',#2895,#2896);
#2895 = CARTESIAN_POINT('',(3.,-0.104272983845));
#2896 = VECTOR('',#2897,1.);
#2897 = DIRECTION('',(-0.970142500145,0.242535625036));
#2898 = ( GEOMETRIC_REPRESENTATION_CONTEXT(2) 
PARAMETRIC_REPRESENTATION_CONTEXT() REPRESENTATION_CONTEXT('2D SPACE',''
  ) );
#2899 = ORIENTED_EDGE('',*,*,#2900,.F.);
#2900 = EDGE_CURVE('',#905,#2878,#2901,.T.);
#2901 = SURFACE_CURVE('',#2902,(#2906,#2913),.PCURVE_S1.);
#2902 = LINE('',#2903,#2904);
#2903 = CARTESIAN_POINT('',(21.305,64.9,-14.));
#2904 = VECTOR('',#2905,1.);
#2905 = DIRECTION('',(0.,0.,1.));
#2906 = PCURVE('',#948,#2907);
#2907 = DEFINITIONAL_REPRESENTATION('',(#2908),#2912);
#2908 = LINE('',#2909,#2910);
#2909 = CARTESIAN_POINT('',(1.030776406404,0.));
#2910 = VECTOR('',#2911,1.);
#2911 = DIRECTION('',(0.,-1.));
#2912 = ( GEOMETRIC_REPRESENTATION_CONTEXT(2) 
PARAMETRIC_REPRESENTATION_CONTEXT() REPRESENTATION_CONTEXT('2D SPACE',''
  ) );
#2913 = PCURVE('',#920,#2914);
#2914 = DEFINITIONAL_REPRESENTATION('',(#2915),#2919);
#2915 = LINE('',#2916,#2917);
#2916 = CARTESIAN_POINT('',(0.,-0.));
#2917 = VECTOR('',#2918,1.);
#2918 = DIRECTION('',(0.,-1.));
#2919 = ( GEOMETRIC_REPRESENTATION_CONTEXT(2) 
PARAMETRIC_REPRESENTATION_CONTEXT() REPRESENTATION_CONTEXT('2D SPACE',''
  ) );
#2920 = ORIENTED_EDGE('',*,*,#932,.F.);
#2921 = ADVANCED_FACE('',(#2922),#920,.F.);
#2922 = FACE_BOUND('',#2923,.F.);
#2923 = EDGE_LOOP('',(#2924,#2925,#2948,#2969));
#2924 = ORIENTED_EDGE('',*,*,#2900,.T.);
#2925 = ORIENTED_EDGE('',*,*,#2926,.T.);
#2926 = EDGE_CURVE('',#2878,#2927,#2929,.T.);
#2927 = VERTEX_POINT('',#2928);
#2928 = CARTESIAN_POINT('',(17.305,64.9,-7.6));
#2929 = SURFACE_CURVE('',#2930,(#2934,#2941),.PCURVE_S1.);
#2930 = LINE('',#2931,#2932);
#2931 = CARTESIAN_POINT('',(21.305,64.9,-7.6));
#2932 = VECTOR('',#2933,1.);
#2933 = DIRECTION('',(-1.,0.,0.));
#2934 = PCURVE('',#920,#2935);
#2935 = DEFINITIONAL_REPRESENTATION('',(#2936),#2940);
#2936 = LINE('',#2937,#2938);
#2937 = CARTESIAN_POINT('',(0.,-6.4));
#2938 = VECTOR('',#2939,1.);
#2939 = DIRECTION('',(1.,0.));
#2940 = ( GEOMETRIC_REPRESENTATION_CONTEXT(2) 
PARAMETRIC_REPRESENTATION_CONTEXT() REPRESENTATION_CONTEXT('2D SPACE',''
  ) );
#2941 = PCURVE('',#2840,#2942);
#2942 = DEFINITIONAL_REPRESENTATION('',(#2943),#2947);
#2943 = LINE('',#2944,#2945);
#2944 = CARTESIAN_POINT('',(2.,0.145727016155));
#2945 = VECTOR('',#2946,1.);
#2946 = DIRECTION('',(-1.,0.));
#2947 = ( GEOMETRIC_REPRESENTATION_CONTEXT(2) 
PARAMETRIC_REPRESENTATION_CONTEXT() REPRESENTATION_CONTEXT('2D SPACE',''
  ) );
#2948 = ORIENTED_EDGE('',*,*,#2949,.F.);
#2949 = EDGE_CURVE('',#877,#2927,#2950,.T.);
#2950 = SURFACE_CURVE('',#2951,(#2955,#2962),.PCURVE_S1.);
#2951 = LINE('',#2952,#2953);
#2952 = CARTESIAN_POINT('',(17.305,64.9,-14.));
#2953 = VECTOR('',#2954,1.);
#2954 = DIRECTION('',(0.,0.,1.));
#2955 = PCURVE('',#920,#2956);
#2956 = DEFINITIONAL_REPRESENTATION('',(#2957),#2961);
#2957 = LINE('',#2958,#2959);
#2958 = CARTESIAN_POINT('',(4.,0.));
#2959 = VECTOR('',#2960,1.);
#2960 = DIRECTION('',(0.,-1.));
#2961 = ( GEOMETRIC_REPRESENTATION_CONTEXT(2) 
PARAMETRIC_REPRESENTATION_CONTEXT() REPRESENTATION_CONTEXT('2D SPACE',''
  ) );
#2962 = PCURVE('',#892,#2963);
#2963 = DEFINITIONAL_REPRESENTATION('',(#2964),#2968);
#2964 = LINE('',#2965,#2966);
#2965 = CARTESIAN_POINT('',(0.,0.));
#2966 = VECTOR('',#2967,1.);
#2967 = DIRECTION('',(0.,-1.));
#2968 = ( GEOMETRIC_REPRESENTATION_CONTEXT(2) 
PARAMETRIC_REPRESENTATION_CONTEXT() REPRESENTATION_CONTEXT('2D SPACE',''
  ) );
#2969 = ORIENTED_EDGE('',*,*,#904,.F.);
#2970 = ADVANCED_FACE('',(#2971),#892,.F.);
#2971 = FACE_BOUND('',#2972,.F.);
#2972 = EDGE_LOOP('',(#2973,#2974,#2995,#2996));
#2973 = ORIENTED_EDGE('',*,*,#2949,.T.);
#2974 = ORIENTED_EDGE('',*,*,#2975,.T.);
#2975 = EDGE_CURVE('',#2927,#2825,#2976,.T.);
#2976 = SURFACE_CURVE('',#2977,(#2981,#2988),.PCURVE_S1.);
#2977 = LINE('',#2978,#2979);
#2978 = CARTESIAN_POINT('',(17.305,64.9,-7.6));
#2979 = VECTOR('',#2980,1.);
#2980 = DIRECTION('',(-0.970142500145,-0.242535625036,0.));
#2981 = PCURVE('',#892,#2982);
#2982 = DEFINITIONAL_REPRESENTATION('',(#2983),#2987);
#2983 = LINE('',#2984,#2985);
#2984 = CARTESIAN_POINT('',(0.,-6.4));
#2985 = VECTOR('',#2986,1.);
#2986 = DIRECTION('',(1.,0.));
#2987 = ( GEOMETRIC_REPRESENTATION_CONTEXT(2) 
PARAMETRIC_REPRESENTATION_CONTEXT() REPRESENTATION_CONTEXT('2D SPACE',''
  ) );
#2988 = PCURVE('',#2840,#2989);
#2989 = DEFINITIONAL_REPRESENTATION('',(#2990),#2994);
#2990 = LINE('',#2991,#2992);
#2991 = CARTESIAN_POINT('',(-2.,0.145727016155));
#2992 = VECTOR('',#2993,1.);
#2993 = DIRECTION('',(-0.970142500145,-0.242535625036));
#2994 = ( GEOMETRIC_REPRESENTATION_CONTEXT(2) 
PARAMETRIC_REPRESENTATION_CONTEXT() REPRESENTATION_CONTEXT('2D SPACE',''
  ) );
#2995 = ORIENTED_EDGE('',*,*,#2852,.F.);
#2996 = ORIENTED_EDGE('',*,*,#876,.F.);
#2997 = ADVANCED_FACE('',(#2998),#836,.T.);
#2998 = FACE_BOUND('',#2999,.T.);
#2999 = EDGE_LOOP('',(#3000,#3023,#3049,#3050));
#3000 = ORIENTED_EDGE('',*,*,#3001,.T.);
#3001 = EDGE_CURVE('',#793,#3002,#3004,.T.);
#3002 = VERTEX_POINT('',#3003);
#3003 = CARTESIAN_POINT('',(-1.752,61.2,-7.1));
#3004 = SURFACE_CURVE('',#3005,(#3009,#3016),.PCURVE_S1.);
#3005 = LINE('',#3006,#3007);
#3006 = CARTESIAN_POINT('',(-1.752,61.2,-14.));
#3007 = VECTOR('',#3008,1.);
#3008 = DIRECTION('',(0.,0.,1.));
#3009 = PCURVE('',#836,#3010);
#3010 = DEFINITIONAL_REPRESENTATION('',(#3011),#3015);
#3011 = LINE('',#3012,#3013);
#3012 = CARTESIAN_POINT('',(0.,0.));
#3013 = VECTOR('',#3014,1.);
#3014 = DIRECTION('',(0.,-1.));
#3015 = ( GEOMETRIC_REPRESENTATION_CONTEXT(2) 
PARAMETRIC_REPRESENTATION_CONTEXT() REPRESENTATION_CONTEXT('2D SPACE',''
  ) );
#3016 = PCURVE('',#589,#3017);
#3017 = DEFINITIONAL_REPRESENTATION('',(#3018),#3022);
#3018 = LINE('',#3019,#3020);
#3019 = CARTESIAN_POINT('',(68.8,0.));
#3020 = VECTOR('',#3021,1.);
#3021 = DIRECTION('',(0.,-1.));
#3022 = ( GEOMETRIC_REPRESENTATION_CONTEXT(2) 
PARAMETRIC_REPRESENTATION_CONTEXT() REPRESENTATION_CONTEXT('2D SPACE',''
  ) );
#3023 = ORIENTED_EDGE('',*,*,#3024,.T.);
#3024 = EDGE_CURVE('',#3002,#2752,#3025,.T.);
#3025 = SURFACE_CURVE('',#3026,(#3031,#3038),.PCURVE_S1.);
#3026 = CIRCLE('',#3027,3.45);
#3027 = AXIS2_PLACEMENT_3D('',#3028,#3029,#3030);
#3028 = CARTESIAN_POINT('',(1.698,61.2,-7.1));
#3029 = DIRECTION('',(0.,0.,-1.));
#3030 = DIRECTION('',(-1.,0.,0.));
#3031 = PCURVE('',#836,#3032);
#3032 = DEFINITIONAL_REPRESENTATION('',(#3033),#3037);
#3033 = LINE('',#3034,#3035);
#3034 = CARTESIAN_POINT('',(0.,-6.9));
#3035 = VECTOR('',#3036,1.);
#3036 = DIRECTION('',(1.,0.));
#3037 = ( GEOMETRIC_REPRESENTATION_CONTEXT(2) 
PARAMETRIC_REPRESENTATION_CONTEXT() REPRESENTATION_CONTEXT('2D SPACE',''
  ) );
#3038 = PCURVE('',#3039,#3044);
#3039 = CONICAL_SURFACE('',#3040,3.45,0.785398163397);
#3040 = AXIS2_PLACEMENT_3D('',#3041,#3042,#3043);
#3041 = CARTESIAN_POINT('',(1.698,61.2,-7.1));
#3042 = DIRECTION('',(0.,0.,-1.));
#3043 = DIRECTION('',(-1.,0.,0.));
#3044 = DEFINITIONAL_REPRESENTATION('',(#3045),#3048);
#3045 = B_SPLINE_CURVE_WITH_KNOTS('',1,(#3046,#3047),.UNSPECIFIED.,.F.,
  .F.,(2,2),(0.,1.570796326795),.PIECEWISE_BEZIER_KNOTS.);
#3046 = CARTESIAN_POINT('',(-6.28318530718,0.));
#3047 = CARTESIAN_POINT('',(-4.712388980385,0.));
#3048 = ( GEOMETRIC_REPRESENTATION_CONTEXT(2) 
PARAMETRIC_REPRESENTATION_CONTEXT() REPRESENTATION_CONTEXT('2D SPACE',''
  ) );
#3049 = ORIENTED_EDGE('',*,*,#2751,.F.);
#3050 = ORIENTED_EDGE('',*,*,#815,.F.);
#3051 = ADVANCED_FACE('',(#3052),#589,.T.);
#3052 = FACE_BOUND('',#3053,.T.);
#3053 = EDGE_LOOP('',(#3054,#3055,#3078,#3104,#3105,#3106,#3129,#3157,
    #3178,#3179,#3202,#3230));
#3054 = ORIENTED_EDGE('',*,*,#573,.F.);
#3055 = ORIENTED_EDGE('',*,*,#3056,.T.);
#3056 = EDGE_CURVE('',#541,#3057,#3059,.T.);
#3057 = VERTEX_POINT('',#3058);
#3058 = CARTESIAN_POINT('',(-1.752,-7.6,-7.1));
#3059 = SURFACE_CURVE('',#3060,(#3064,#3071),.PCURVE_S1.);
#3060 = LINE('',#3061,#3062);
#3061 = CARTESIAN_POINT('',(-1.752,-7.6,-14.));
#3062 = VECTOR('',#3063,1.);
#3063 = DIRECTION('',(0.,0.,1.));
#3064 = PCURVE('',#589,#3065);
#3065 = DEFINITIONAL_REPRESENTATION('',(#3066),#3070);
#3066 = LINE('',#3067,#3068);
#3067 = CARTESIAN_POINT('',(0.,0.));
#3068 = VECTOR('',#3069,1.);
#3069 = DIRECTION('',(0.,-1.));
#3070 = ( GEOMETRIC_REPRESENTATION_CONTEXT(2) 
PARAMETRIC_REPRESENTATION_CONTEXT() REPRESENTATION_CONTEXT('2D SPACE',''
  ) );
#3071 = PCURVE('',#561,#3072);
#3072 = DEFINITIONAL_REPRESENTATION('',(#3073),#3077);
#3073 = LINE('',#3074,#3075);
#3074 = CARTESIAN_POINT('',(6.28318530718,0.));
#3075 = VECTOR('',#3076,1.);
#3076 = DIRECTION('',(0.,-1.));
#3077 = ( GEOMETRIC_REPRESENTATION_CONTEXT(2) 
PARAMETRIC_REPRESENTATION_CONTEXT() REPRESENTATION_CONTEXT('2D SPACE',''
  ) );
#3078 = ORIENTED_EDGE('',*,*,#3079,.T.);
#3079 = EDGE_CURVE('',#3057,#3002,#3080,.T.);
#3080 = SURFACE_CURVE('',#3081,(#3085,#3092),.PCURVE_S1.);
#3081 = LINE('',#3082,#3083);
#3082 = CARTESIAN_POINT('',(-1.752,26.8,-7.1));
#3083 = VECTOR('',#3084,1.);
#3084 = DIRECTION('',(0.,1.,0.));
#3085 = PCURVE('',#589,#3086);
#3086 = DEFINITIONAL_REPRESENTATION('',(#3087),#3091);
#3087 = LINE('',#3088,#3089);
#3088 = CARTESIAN_POINT('',(34.4,-6.9));
#3089 = VECTOR('',#3090,1.);
#3090 = DIRECTION('',(1.,0.));
#3091 = ( GEOMETRIC_REPRESENTATION_CONTEXT(2) 
PARAMETRIC_REPRESENTATION_CONTEXT() REPRESENTATION_CONTEXT('2D SPACE',''
  ) );
#3092 = PCURVE('',#3093,#3098);
#3093 = PLANE('',#3094);
#3094 = AXIS2_PLACEMENT_3D('',#3095,#3096,#3097);
#3095 = CARTESIAN_POINT('',(-1.152,26.8,-6.5));
#3096 = DIRECTION('',(-0.707106781186,0.,0.707106781187));
#3097 = DIRECTION('',(-0.,-1.,0.));
#3098 = DEFINITIONAL_REPRESENTATION('',(#3099),#3103);
#3099 = LINE('',#3100,#3101);
#3100 = CARTESIAN_POINT('',(-3.552713678801E-15,-0.848528137424));
#3101 = VECTOR('',#3102,1.);
#3102 = DIRECTION('',(-1.,0.));
#3103 = ( GEOMETRIC_REPRESENTATION_CONTEXT(2) 
PARAMETRIC_REPRESENTATION_CONTEXT() REPRESENTATION_CONTEXT('2D SPACE',''
  ) );
#3104 = ORIENTED_EDGE('',*,*,#3001,.F.);
#3105 = ORIENTED_EDGE('',*,*,#792,.F.);
#3106 = ORIENTED_EDGE('',*,*,#3107,.T.);
#3107 = EDGE_CURVE('',#765,#3108,#3110,.T.);
#3108 = VERTEX_POINT('',#3109);
#3109 = CARTESIAN_POINT('',(-1.752,49.8,-7.6));
#3110 = SURFACE_CURVE('',#3111,(#3115,#3122),.PCURVE_S1.);
#3111 = LINE('',#3112,#3113);
#3112 = CARTESIAN_POINT('',(-1.752,49.8,-14.));
#3113 = VECTOR('',#3114,1.);
#3114 = DIRECTION('',(0.,0.,1.));
#3115 = PCURVE('',#589,#3116);
#3116 = DEFINITIONAL_REPRESENTATION('',(#3117),#3121);
#3117 = LINE('',#3118,#3119);
#3118 = CARTESIAN_POINT('',(57.4,0.));
#3119 = VECTOR('',#3120,1.);
#3120 = DIRECTION('',(0.,-1.));
#3121 = ( GEOMETRIC_REPRESENTATION_CONTEXT(2) 
PARAMETRIC_REPRESENTATION_CONTEXT() REPRESENTATION_CONTEXT('2D SPACE',''
  ) );
#3122 = PCURVE('',#780,#3123);
#3123 = DEFINITIONAL_REPRESENTATION('',(#3124),#3128);
#3124 = LINE('',#3125,#3126);
#3125 = CARTESIAN_POINT('',(0.,0.));
#3126 = VECTOR('',#3127,1.);
#3127 = DIRECTION('',(0.,-1.));
#3128 = ( GEOMETRIC_REPRESENTATION_CONTEXT(2) 
PARAMETRIC_REPRESENTATION_CONTEXT() REPRESENTATION_CONTEXT('2D SPACE',''
  ) );
#3129 = ORIENTED_EDGE('',*,*,#3130,.F.);
#3130 = EDGE_CURVE('',#3131,#3108,#3133,.T.);
#3131 = VERTEX_POINT('',#3132);
#3132 = CARTESIAN_POINT('',(-1.752,43.8,-7.6));
#3133 = SURFACE_CURVE('',#3134,(#3138,#3145),.PCURVE_S1.);
#3134 = LINE('',#3135,#3136);
#3135 = CARTESIAN_POINT('',(-1.752,43.8,-7.6));
#3136 = VECTOR('',#3137,1.);
#3137 = DIRECTION('',(2.22044604925E-16,1.,0.));
#3138 = PCURVE('',#589,#3139);
#3139 = DEFINITIONAL_REPRESENTATION('',(#3140),#3144);
#3140 = LINE('',#3141,#3142);
#3141 = CARTESIAN_POINT('',(51.4,-6.4));
#3142 = VECTOR('',#3143,1.);
#3143 = DIRECTION('',(1.,0.));
#3144 = ( GEOMETRIC_REPRESENTATION_CONTEXT(2) 
PARAMETRIC_REPRESENTATION_CONTEXT() REPRESENTATION_CONTEXT('2D SPACE',''
  ) );
#3145 = PCURVE('',#3146,#3151);
#3146 = PLANE('',#3147);
#3147 = AXIS2_PLACEMENT_3D('',#3148,#3149,#3150);
#3148 = CARTESIAN_POINT('',(-1.856272983845,46.8,-7.6));
#3149 = DIRECTION('',(0.,0.,1.));
#3150 = DIRECTION('',(2.22044604925E-16,1.,0.));
#3151 = DEFINITIONAL_REPRESENTATION('',(#3152),#3156);
#3152 = LINE('',#3153,#3154);
#3153 = CARTESIAN_POINT('',(-3.,-0.104272983845));
#3154 = VECTOR('',#3155,1.);
#3155 = DIRECTION('',(1.,0.));
#3156 = ( GEOMETRIC_REPRESENTATION_CONTEXT(2) 
PARAMETRIC_REPRESENTATION_CONTEXT() REPRESENTATION_CONTEXT('2D SPACE',''
  ) );
#3157 = ORIENTED_EDGE('',*,*,#3158,.F.);
#3158 = EDGE_CURVE('',#686,#3131,#3159,.T.);
#3159 = SURFACE_CURVE('',#3160,(#3164,#3171),.PCURVE_S1.);
#3160 = LINE('',#3161,#3162);
#3161 = CARTESIAN_POINT('',(-1.752,43.8,-14.));
#3162 = VECTOR('',#3163,1.);
#3163 = DIRECTION('',(0.,0.,1.));
#3164 = PCURVE('',#589,#3165);
#3165 = DEFINITIONAL_REPRESENTATION('',(#3166),#3170);
#3166 = LINE('',#3167,#3168);
#3167 = CARTESIAN_POINT('',(51.4,0.));
#3168 = VECTOR('',#3169,1.);
#3169 = DIRECTION('',(0.,-1.));
#3170 = ( GEOMETRIC_REPRESENTATION_CONTEXT(2) 
PARAMETRIC_REPRESENTATION_CONTEXT() REPRESENTATION_CONTEXT('2D SPACE',''
  ) );
#3171 = PCURVE('',#724,#3172);
#3172 = DEFINITIONAL_REPRESENTATION('',(#3173),#3177);
#3173 = LINE('',#3174,#3175);
#3174 = CARTESIAN_POINT('',(1.030776406404,0.));
#3175 = VECTOR('',#3176,1.);
#3176 = DIRECTION('',(0.,-1.));
#3177 = ( GEOMETRIC_REPRESENTATION_CONTEXT(2) 
PARAMETRIC_REPRESENTATION_CONTEXT() REPRESENTATION_CONTEXT('2D SPACE',''
  ) );
#3178 = ORIENTED_EDGE('',*,*,#685,.F.);
#3179 = ORIENTED_EDGE('',*,*,#3180,.T.);
#3180 = EDGE_CURVE('',#658,#3181,#3183,.T.);
#3181 = VERTEX_POINT('',#3182);
#3182 = CARTESIAN_POINT('',(-1.752,9.8,-7.6));
#3183 = SURFACE_CURVE('',#3184,(#3188,#3195),.PCURVE_S1.);
#3184 = LINE('',#3185,#3186);
#3185 = CARTESIAN_POINT('',(-1.752,9.8,-14.));
#3186 = VECTOR('',#3187,1.);
#3187 = DIRECTION('',(0.,0.,1.));
#3188 = PCURVE('',#589,#3189);
#3189 = DEFINITIONAL_REPRESENTATION('',(#3190),#3194);
#3190 = LINE('',#3191,#3192);
#3191 = CARTESIAN_POINT('',(17.4,0.));
#3192 = VECTOR('',#3193,1.);
#3193 = DIRECTION('',(0.,-1.));
#3194 = ( GEOMETRIC_REPRESENTATION_CONTEXT(2) 
PARAMETRIC_REPRESENTATION_CONTEXT() REPRESENTATION_CONTEXT('2D SPACE',''
  ) );
#3195 = PCURVE('',#673,#3196);
#3196 = DEFINITIONAL_REPRESENTATION('',(#3197),#3201);
#3197 = LINE('',#3198,#3199);
#3198 = CARTESIAN_POINT('',(0.,0.));
#3199 = VECTOR('',#3200,1.);
#3200 = DIRECTION('',(0.,-1.));
#3201 = ( GEOMETRIC_REPRESENTATION_CONTEXT(2) 
PARAMETRIC_REPRESENTATION_CONTEXT() REPRESENTATION_CONTEXT('2D SPACE',''
  ) );
#3202 = ORIENTED_EDGE('',*,*,#3203,.F.);
#3203 = EDGE_CURVE('',#3204,#3181,#3206,.T.);
#3204 = VERTEX_POINT('',#3205);
#3205 = CARTESIAN_POINT('',(-1.752,3.8,-7.6));
#3206 = SURFACE_CURVE('',#3207,(#3211,#3218),.PCURVE_S1.);
#3207 = LINE('',#3208,#3209);
#3208 = CARTESIAN_POINT('',(-1.752,3.8,-7.6));
#3209 = VECTOR('',#3210,1.);
#3210 = DIRECTION('',(2.22044604925E-16,1.,0.));
#3211 = PCURVE('',#589,#3212);
#3212 = DEFINITIONAL_REPRESENTATION('',(#3213),#3217);
#3213 = LINE('',#3214,#3215);
#3214 = CARTESIAN_POINT('',(11.4,-6.4));
#3215 = VECTOR('',#3216,1.);
#3216 = DIRECTION('',(1.,0.));
#3217 = ( GEOMETRIC_REPRESENTATION_CONTEXT(2) 
PARAMETRIC_REPRESENTATION_CONTEXT() REPRESENTATION_CONTEXT('2D SPACE',''
  ) );
#3218 = PCURVE('',#3219,#3224);
#3219 = PLANE('',#3220);
#3220 = AXIS2_PLACEMENT_3D('',#3221,#3222,#3223);
#3221 = CARTESIAN_POINT('',(-1.856272983845,6.8,-7.6));
#3222 = DIRECTION('',(0.,0.,1.));
#3223 = DIRECTION('',(2.22044604925E-16,1.,0.));
#3224 = DEFINITIONAL_REPRESENTATION('',(#3225),#3229);
#3225 = LINE('',#3226,#3227);
#3226 = CARTESIAN_POINT('',(-3.,-0.104272983845));
#3227 = VECTOR('',#3228,1.);
#3228 = DIRECTION('',(1.,0.));
#3229 = ( GEOMETRIC_REPRESENTATION_CONTEXT(2) 
PARAMETRIC_REPRESENTATION_CONTEXT() REPRESENTATION_CONTEXT('2D SPACE',''
  ) );
#3230 = ORIENTED_EDGE('',*,*,#3231,.F.);
#3231 = EDGE_CURVE('',#574,#3204,#3232,.T.);
#3232 = SURFACE_CURVE('',#3233,(#3237,#3244),.PCURVE_S1.);
#3233 = LINE('',#3234,#3235);
#3234 = CARTESIAN_POINT('',(-1.752,3.8,-14.));
#3235 = VECTOR('',#3236,1.);
#3236 = DIRECTION('',(0.,0.,1.));
#3237 = PCURVE('',#589,#3238);
#3238 = DEFINITIONAL_REPRESENTATION('',(#3239),#3243);
#3239 = LINE('',#3240,#3241);
#3240 = CARTESIAN_POINT('',(11.4,0.));
#3241 = VECTOR('',#3242,1.);
#3242 = DIRECTION('',(0.,-1.));
#3243 = ( GEOMETRIC_REPRESENTATION_CONTEXT(2) 
PARAMETRIC_REPRESENTATION_CONTEXT() REPRESENTATION_CONTEXT('2D SPACE',''
  ) );
#3244 = PCURVE('',#617,#3245);
#3245 = DEFINITIONAL_REPRESENTATION('',(#3246),#3250);
#3246 = LINE('',#3247,#3248);
#3247 = CARTESIAN_POINT('',(1.030776406404,0.));
#3248 = VECTOR('',#3249,1.);
#3249 = DIRECTION('',(0.,-1.));
#3250 = ( GEOMETRIC_REPRESENTATION_CONTEXT(2) 
PARAMETRIC_REPRESENTATION_CONTEXT() REPRESENTATION_CONTEXT('2D SPACE',''
  ) );
#3251 = ADVANCED_FACE('',(#3252),#780,.F.);
#3252 = FACE_BOUND('',#3253,.F.);
#3253 = EDGE_LOOP('',(#3254,#3255,#3278,#3299));
#3254 = ORIENTED_EDGE('',*,*,#3107,.T.);
#3255 = ORIENTED_EDGE('',*,*,#3256,.T.);
#3256 = EDGE_CURVE('',#3108,#3257,#3259,.T.);
#3257 = VERTEX_POINT('',#3258);
#3258 = CARTESIAN_POINT('',(-2.002,48.8,-7.6));
#3259 = SURFACE_CURVE('',#3260,(#3264,#3271),.PCURVE_S1.);
#3260 = LINE('',#3261,#3262);
#3261 = CARTESIAN_POINT('',(-1.752,49.8,-7.6));
#3262 = VECTOR('',#3263,1.);
#3263 = DIRECTION('',(-0.242535625036,-0.970142500145,0.));
#3264 = PCURVE('',#780,#3265);
#3265 = DEFINITIONAL_REPRESENTATION('',(#3266),#3270);
#3266 = LINE('',#3267,#3268);
#3267 = CARTESIAN_POINT('',(0.,-6.4));
#3268 = VECTOR('',#3269,1.);
#3269 = DIRECTION('',(1.,0.));
#3270 = ( GEOMETRIC_REPRESENTATION_CONTEXT(2) 
PARAMETRIC_REPRESENTATION_CONTEXT() REPRESENTATION_CONTEXT('2D SPACE',''
  ) );
#3271 = PCURVE('',#3146,#3272);
#3272 = DEFINITIONAL_REPRESENTATION('',(#3273),#3277);
#3273 = LINE('',#3274,#3275);
#3274 = CARTESIAN_POINT('',(3.,-0.104272983845));
#3275 = VECTOR('',#3276,1.);
#3276 = DIRECTION('',(-0.970142500145,0.242535625036));
#3277 = ( GEOMETRIC_REPRESENTATION_CONTEXT(2) 
PARAMETRIC_REPRESENTATION_CONTEXT() REPRESENTATION_CONTEXT('2D SPACE',''
  ) );
#3278 = ORIENTED_EDGE('',*,*,#3279,.F.);
#3279 = EDGE_CURVE('',#737,#3257,#3280,.T.);
#3280 = SURFACE_CURVE('',#3281,(#3285,#3292),.PCURVE_S1.);
#3281 = LINE('',#3282,#3283);
#3282 = CARTESIAN_POINT('',(-2.002,48.8,-14.));
#3283 = VECTOR('',#3284,1.);
#3284 = DIRECTION('',(0.,0.,1.));
#3285 = PCURVE('',#780,#3286);
#3286 = DEFINITIONAL_REPRESENTATION('',(#3287),#3291);
#3287 = LINE('',#3288,#3289);
#3288 = CARTESIAN_POINT('',(1.030776406404,0.));
#3289 = VECTOR('',#3290,1.);
#3290 = DIRECTION('',(0.,-1.));
#3291 = ( GEOMETRIC_REPRESENTATION_CONTEXT(2) 
PARAMETRIC_REPRESENTATION_CONTEXT() REPRESENTATION_CONTEXT('2D SPACE',''
  ) );
#3292 = PCURVE('',#752,#3293);
#3293 = DEFINITIONAL_REPRESENTATION('',(#3294),#3298);
#3294 = LINE('',#3295,#3296);
#3295 = CARTESIAN_POINT('',(0.,-0.));
#3296 = VECTOR('',#3297,1.);
#3297 = DIRECTION('',(0.,-1.));
#3298 = ( GEOMETRIC_REPRESENTATION_CONTEXT(2) 
PARAMETRIC_REPRESENTATION_CONTEXT() REPRESENTATION_CONTEXT('2D SPACE',''
  ) );
#3299 = ORIENTED_EDGE('',*,*,#764,.F.);
#3300 = ADVANCED_FACE('',(#3301),#752,.F.);
#3301 = FACE_BOUND('',#3302,.F.);
#3302 = EDGE_LOOP('',(#3303,#3304,#3327,#3348));
#3303 = ORIENTED_EDGE('',*,*,#3279,.T.);
#3304 = ORIENTED_EDGE('',*,*,#3305,.T.);
#3305 = EDGE_CURVE('',#3257,#3306,#3308,.T.);
#3306 = VERTEX_POINT('',#3307);
#3307 = CARTESIAN_POINT('',(-2.002,44.8,-7.6));
#3308 = SURFACE_CURVE('',#3309,(#3313,#3320),.PCURVE_S1.);
#3309 = LINE('',#3310,#3311);
#3310 = CARTESIAN_POINT('',(-2.002,48.8,-7.6));
#3311 = VECTOR('',#3312,1.);
#3312 = DIRECTION('',(-2.22044604925E-16,-1.,0.));
#3313 = PCURVE('',#752,#3314);
#3314 = DEFINITIONAL_REPRESENTATION('',(#3315),#3319);
#3315 = LINE('',#3316,#3317);
#3316 = CARTESIAN_POINT('',(0.,-6.4));
#3317 = VECTOR('',#3318,1.);
#3318 = DIRECTION('',(1.,0.));
#3319 = ( GEOMETRIC_REPRESENTATION_CONTEXT(2) 
PARAMETRIC_REPRESENTATION_CONTEXT() REPRESENTATION_CONTEXT('2D SPACE',''
  ) );
#3320 = PCURVE('',#3146,#3321);
#3321 = DEFINITIONAL_REPRESENTATION('',(#3322),#3326);
#3322 = LINE('',#3323,#3324);
#3323 = CARTESIAN_POINT('',(2.,0.145727016155));
#3324 = VECTOR('',#3325,1.);
#3325 = DIRECTION('',(-1.,0.));
#3326 = ( GEOMETRIC_REPRESENTATION_CONTEXT(2) 
PARAMETRIC_REPRESENTATION_CONTEXT() REPRESENTATION_CONTEXT('2D SPACE',''
  ) );
#3327 = ORIENTED_EDGE('',*,*,#3328,.F.);
#3328 = EDGE_CURVE('',#709,#3306,#3329,.T.);
#3329 = SURFACE_CURVE('',#3330,(#3334,#3341),.PCURVE_S1.);
#3330 = LINE('',#3331,#3332);
#3331 = CARTESIAN_POINT('',(-2.002,44.8,-14.));
#3332 = VECTOR('',#3333,1.);
#3333 = DIRECTION('',(0.,0.,1.));
#3334 = PCURVE('',#752,#3335);
#3335 = DEFINITIONAL_REPRESENTATION('',(#3336),#3340);
#3336 = LINE('',#3337,#3338);
#3337 = CARTESIAN_POINT('',(4.,0.));
#3338 = VECTOR('',#3339,1.);
#3339 = DIRECTION('',(0.,-1.));
#3340 = ( GEOMETRIC_REPRESENTATION_CONTEXT(2) 
PARAMETRIC_REPRESENTATION_CONTEXT() REPRESENTATION_CONTEXT('2D SPACE',''
  ) );
#3341 = PCURVE('',#724,#3342);
#3342 = DEFINITIONAL_REPRESENTATION('',(#3343),#3347);
#3343 = LINE('',#3344,#3345);
#3344 = CARTESIAN_POINT('',(0.,0.));
#3345 = VECTOR('',#3346,1.);
#3346 = DIRECTION('',(0.,-1.));
#3347 = ( GEOMETRIC_REPRESENTATION_CONTEXT(2) 
PARAMETRIC_REPRESENTATION_CONTEXT() REPRESENTATION_CONTEXT('2D SPACE',''
  ) );
#3348 = ORIENTED_EDGE('',*,*,#736,.F.);
#3349 = ADVANCED_FACE('',(#3350),#724,.F.);
#3350 = FACE_BOUND('',#3351,.F.);
#3351 = EDGE_LOOP('',(#3352,#3353,#3374,#3375));
#3352 = ORIENTED_EDGE('',*,*,#3328,.T.);
#3353 = ORIENTED_EDGE('',*,*,#3354,.T.);
#3354 = EDGE_CURVE('',#3306,#3131,#3355,.T.);
#3355 = SURFACE_CURVE('',#3356,(#3360,#3367),.PCURVE_S1.);
#3356 = LINE('',#3357,#3358);
#3357 = CARTESIAN_POINT('',(-2.002,44.8,-7.6));
#3358 = VECTOR('',#3359,1.);
#3359 = DIRECTION('',(0.242535625036,-0.970142500145,0.));
#3360 = PCURVE('',#724,#3361);
#3361 = DEFINITIONAL_REPRESENTATION('',(#3362),#3366);
#3362 = LINE('',#3363,#3364);
#3363 = CARTESIAN_POINT('',(0.,-6.4));
#3364 = VECTOR('',#3365,1.);
#3365 = DIRECTION('',(1.,0.));
#3366 = ( GEOMETRIC_REPRESENTATION_CONTEXT(2) 
PARAMETRIC_REPRESENTATION_CONTEXT() REPRESENTATION_CONTEXT('2D SPACE',''
  ) );
#3367 = PCURVE('',#3146,#3368);
#3368 = DEFINITIONAL_REPRESENTATION('',(#3369),#3373);
#3369 = LINE('',#3370,#3371);
#3370 = CARTESIAN_POINT('',(-2.,0.145727016155));
#3371 = VECTOR('',#3372,1.);
#3372 = DIRECTION('',(-0.970142500145,-0.242535625036));
#3373 = ( GEOMETRIC_REPRESENTATION_CONTEXT(2) 
PARAMETRIC_REPRESENTATION_CONTEXT() REPRESENTATION_CONTEXT('2D SPACE',''
  ) );
#3374 = ORIENTED_EDGE('',*,*,#3158,.F.);
#3375 = ORIENTED_EDGE('',*,*,#708,.F.);
#3376 = ADVANCED_FACE('',(#3377),#673,.F.);
#3377 = FACE_BOUND('',#3378,.F.);
#3378 = EDGE_LOOP('',(#3379,#3380,#3403,#3424));
#3379 = ORIENTED_EDGE('',*,*,#3180,.T.);
#3380 = ORIENTED_EDGE('',*,*,#3381,.T.);
#3381 = EDGE_CURVE('',#3181,#3382,#3384,.T.);
#3382 = VERTEX_POINT('',#3383);
#3383 = CARTESIAN_POINT('',(-2.002,8.8,-7.6));
#3384 = SURFACE_CURVE('',#3385,(#3389,#3396),.PCURVE_S1.);
#3385 = LINE('',#3386,#3387);
#3386 = CARTESIAN_POINT('',(-1.752,9.8,-7.6));
#3387 = VECTOR('',#3388,1.);
#3388 = DIRECTION('',(-0.242535625036,-0.970142500145,0.));
#3389 = PCURVE('',#673,#3390);
#3390 = DEFINITIONAL_REPRESENTATION('',(#3391),#3395);
#3391 = LINE('',#3392,#3393);
#3392 = CARTESIAN_POINT('',(0.,-6.4));
#3393 = VECTOR('',#3394,1.);
#3394 = DIRECTION('',(1.,0.));
#3395 = ( GEOMETRIC_REPRESENTATION_CONTEXT(2) 
PARAMETRIC_REPRESENTATION_CONTEXT() REPRESENTATION_CONTEXT('2D SPACE',''
  ) );
#3396 = PCURVE('',#3219,#3397);
#3397 = DEFINITIONAL_REPRESENTATION('',(#3398),#3402);
#3398 = LINE('',#3399,#3400);
#3399 = CARTESIAN_POINT('',(3.,-0.104272983845));
#3400 = VECTOR('',#3401,1.);
#3401 = DIRECTION('',(-0.970142500145,0.242535625036));
#3402 = ( GEOMETRIC_REPRESENTATION_CONTEXT(2) 
PARAMETRIC_REPRESENTATION_CONTEXT() REPRESENTATION_CONTEXT('2D SPACE',''
  ) );
#3403 = ORIENTED_EDGE('',*,*,#3404,.F.);
#3404 = EDGE_CURVE('',#630,#3382,#3405,.T.);
#3405 = SURFACE_CURVE('',#3406,(#3410,#3417),.PCURVE_S1.);
#3406 = LINE('',#3407,#3408);
#3407 = CARTESIAN_POINT('',(-2.002,8.8,-14.));
#3408 = VECTOR('',#3409,1.);
#3409 = DIRECTION('',(0.,0.,1.));
#3410 = PCURVE('',#673,#3411);
#3411 = DEFINITIONAL_REPRESENTATION('',(#3412),#3416);
#3412 = LINE('',#3413,#3414);
#3413 = CARTESIAN_POINT('',(1.030776406404,0.));
#3414 = VECTOR('',#3415,1.);
#3415 = DIRECTION('',(0.,-1.));
#3416 = ( GEOMETRIC_REPRESENTATION_CONTEXT(2) 
PARAMETRIC_REPRESENTATION_CONTEXT() REPRESENTATION_CONTEXT('2D SPACE',''
  ) );
#3417 = PCURVE('',#645,#3418);
#3418 = DEFINITIONAL_REPRESENTATION('',(#3419),#3423);
#3419 = LINE('',#3420,#3421);
#3420 = CARTESIAN_POINT('',(0.,-0.));
#3421 = VECTOR('',#3422,1.);
#3422 = DIRECTION('',(0.,-1.));
#3423 = ( GEOMETRIC_REPRESENTATION_CONTEXT(2) 
PARAMETRIC_REPRESENTATION_CONTEXT() REPRESENTATION_CONTEXT('2D SPACE',''
  ) );
#3424 = ORIENTED_EDGE('',*,*,#657,.F.);
#3425 = ADVANCED_FACE('',(#3426),#645,.F.);
#3426 = FACE_BOUND('',#3427,.F.);
#3427 = EDGE_LOOP('',(#3428,#3429,#3452,#3473));
#3428 = ORIENTED_EDGE('',*,*,#3404,.T.);
#3429 = ORIENTED_EDGE('',*,*,#3430,.T.);
#3430 = EDGE_CURVE('',#3382,#3431,#3433,.T.);
#3431 = VERTEX_POINT('',#3432);
#3432 = CARTESIAN_POINT('',(-2.002,4.8,-7.6));
#3433 = SURFACE_CURVE('',#3434,(#3438,#3445),.PCURVE_S1.);
#3434 = LINE('',#3435,#3436);
#3435 = CARTESIAN_POINT('',(-2.002,8.8,-7.6));
#3436 = VECTOR('',#3437,1.);
#3437 = DIRECTION('',(-2.22044604925E-16,-1.,0.));
#3438 = PCURVE('',#645,#3439);
#3439 = DEFINITIONAL_REPRESENTATION('',(#3440),#3444);
#3440 = LINE('',#3441,#3442);
#3441 = CARTESIAN_POINT('',(0.,-6.4));
#3442 = VECTOR('',#3443,1.);
#3443 = DIRECTION('',(1.,0.));
#3444 = ( GEOMETRIC_REPRESENTATION_CONTEXT(2) 
PARAMETRIC_REPRESENTATION_CONTEXT() REPRESENTATION_CONTEXT('2D SPACE',''
  ) );
#3445 = PCURVE('',#3219,#3446);
#3446 = DEFINITIONAL_REPRESENTATION('',(#3447),#3451);
#3447 = LINE('',#3448,#3449);
#3448 = CARTESIAN_POINT('',(2.,0.145727016155));
#3449 = VECTOR('',#3450,1.);
#3450 = DIRECTION('',(-1.,0.));
#3451 = ( GEOMETRIC_REPRESENTATION_CONTEXT(2) 
PARAMETRIC_REPRESENTATION_CONTEXT() REPRESENTATION_CONTEXT('2D SPACE',''
  ) );
#3452 = ORIENTED_EDGE('',*,*,#3453,.F.);
#3453 = EDGE_CURVE('',#602,#3431,#3454,.T.);
#3454 = SURFACE_CURVE('',#3455,(#3459,#3466),.PCURVE_S1.);
#3455 = LINE('',#3456,#3457);
#3456 = CARTESIAN_POINT('',(-2.002,4.8,-14.));
#3457 = VECTOR('',#3458,1.);
#3458 = DIRECTION('',(0.,0.,1.));
#3459 = PCURVE('',#645,#3460);
#3460 = DEFINITIONAL_REPRESENTATION('',(#3461),#3465);
#3461 = LINE('',#3462,#3463);
#3462 = CARTESIAN_POINT('',(4.,0.));
#3463 = VECTOR('',#3464,1.);
#3464 = DIRECTION('',(0.,-1.));
#3465 = ( GEOMETRIC_REPRESENTATION_CONTEXT(2) 
PARAMETRIC_REPRESENTATION_CONTEXT() REPRESENTATION_CONTEXT('2D SPACE',''
  ) );
#3466 = PCURVE('',#617,#3467);
#3467 = DEFINITIONAL_REPRESENTATION('',(#3468),#3472);
#3468 = LINE('',#3469,#3470);
#3469 = CARTESIAN_POINT('',(0.,0.));
#3470 = VECTOR('',#3471,1.);
#3471 = DIRECTION('',(0.,-1.));
#3472 = ( GEOMETRIC_REPRESENTATION_CONTEXT(2) 
PARAMETRIC_REPRESENTATION_CONTEXT() REPRESENTATION_CONTEXT('2D SPACE',''
  ) );
#3473 = ORIENTED_EDGE('',*,*,#629,.F.);
#3474 = ADVANCED_FACE('',(#3475),#617,.F.);
#3475 = FACE_BOUND('',#3476,.F.);
#3476 = EDGE_LOOP('',(#3477,#3478,#3499,#3500));
#3477 = ORIENTED_EDGE('',*,*,#3453,.T.);
#3478 = ORIENTED_EDGE('',*,*,#3479,.T.);
#3479 = EDGE_CURVE('',#3431,#3204,#3480,.T.);
#3480 = SURFACE_CURVE('',#3481,(#3485,#3492),.PCURVE_S1.);
#3481 = LINE('',#3482,#3483);
#3482 = CARTESIAN_POINT('',(-2.002,4.8,-7.6));
#3483 = VECTOR('',#3484,1.);
#3484 = DIRECTION('',(0.242535625036,-0.970142500145,0.));
#3485 = PCURVE('',#617,#3486);
#3486 = DEFINITIONAL_REPRESENTATION('',(#3487),#3491);
#3487 = LINE('',#3488,#3489);
#3488 = CARTESIAN_POINT('',(0.,-6.4));
#3489 = VECTOR('',#3490,1.);
#3490 = DIRECTION('',(1.,0.));
#3491 = ( GEOMETRIC_REPRESENTATION_CONTEXT(2) 
PARAMETRIC_REPRESENTATION_CONTEXT() REPRESENTATION_CONTEXT('2D SPACE',''
  ) );
#3492 = PCURVE('',#3219,#3493);
#3493 = DEFINITIONAL_REPRESENTATION('',(#3494),#3498);
#3494 = LINE('',#3495,#3496);
#3495 = CARTESIAN_POINT('',(-2.,0.145727016155));
#3496 = VECTOR('',#3497,1.);
#3497 = DIRECTION('',(-0.970142500145,-0.242535625036));
#3498 = ( GEOMETRIC_REPRESENTATION_CONTEXT(2) 
PARAMETRIC_REPRESENTATION_CONTEXT() REPRESENTATION_CONTEXT('2D SPACE',''
  ) );
#3499 = ORIENTED_EDGE('',*,*,#3231,.F.);
#3500 = ORIENTED_EDGE('',*,*,#601,.F.);
#3501 = ADVANCED_FACE('',(#3502),#561,.T.);
#3502 = FACE_BOUND('',#3503,.T.);
#3503 = EDGE_LOOP('',(#3504,#3505,#3531,#3532));
#3504 = ORIENTED_EDGE('',*,*,#1891,.T.);
#3505 = ORIENTED_EDGE('',*,*,#3506,.T.);
#3506 = EDGE_CURVE('',#1892,#3057,#3507,.T.);
#3507 = SURFACE_CURVE('',#3508,(#3513,#3520),.PCURVE_S1.);
#3508 = CIRCLE('',#3509,3.45);
#3509 = AXIS2_PLACEMENT_3D('',#3510,#3511,#3512);
#3510 = CARTESIAN_POINT('',(1.698,-7.6,-7.1));
#3511 = DIRECTION('',(0.,0.,-1.));
#3512 = DIRECTION('',(-1.,0.,0.));
#3513 = PCURVE('',#561,#3514);
#3514 = DEFINITIONAL_REPRESENTATION('',(#3515),#3519);
#3515 = LINE('',#3516,#3517);
#3516 = CARTESIAN_POINT('',(0.,-6.9));
#3517 = VECTOR('',#3518,1.);
#3518 = DIRECTION('',(1.,0.));
#3519 = ( GEOMETRIC_REPRESENTATION_CONTEXT(2) 
PARAMETRIC_REPRESENTATION_CONTEXT() REPRESENTATION_CONTEXT('2D SPACE',''
  ) );
#3520 = PCURVE('',#3521,#3526);
#3521 = CONICAL_SURFACE('',#3522,3.45,0.785398163397);
#3522 = AXIS2_PLACEMENT_3D('',#3523,#3524,#3525);
#3523 = CARTESIAN_POINT('',(1.698,-7.6,-7.1));
#3524 = DIRECTION('',(0.,0.,-1.));
#3525 = DIRECTION('',(-1.,0.,0.));
#3526 = DEFINITIONAL_REPRESENTATION('',(#3527),#3530);
#3527 = B_SPLINE_CURVE_WITH_KNOTS('',1,(#3528,#3529),.UNSPECIFIED.,.F.,
  .F.,(2,2),(4.712388980385,6.28318530718),.PIECEWISE_BEZIER_KNOTS.);
#3528 = CARTESIAN_POINT('',(-1.570796326795,0.));
#3529 = CARTESIAN_POINT('',(0.,0.));
#3530 = ( GEOMETRIC_REPRESENTATION_CONTEXT(2) 
PARAMETRIC_REPRESENTATION_CONTEXT() REPRESENTATION_CONTEXT('2D SPACE',''
  ) );
#3531 = ORIENTED_EDGE('',*,*,#3056,.F.);
#3532 = ORIENTED_EDGE('',*,*,#540,.F.);
#3533 = ADVANCED_FACE('',(#3534),#1438,.T.);
#3534 = FACE_BOUND('',#3535,.T.);
#3535 = EDGE_LOOP('',(#3536,#3537,#3556,#3557));
#3536 = ORIENTED_EDGE('',*,*,#1603,.T.);
#3537 = ORIENTED_EDGE('',*,*,#3538,.T.);
#3538 = EDGE_CURVE('',#1604,#1402,#3539,.T.);
#3539 = SURFACE_CURVE('',#3540,(#3543,#3549),.PCURVE_S1.);
#3540 = B_SPLINE_CURVE_WITH_KNOTS('',1,(#3541,#3542),.UNSPECIFIED.,.F.,
  .F.,(2,2),(0.,1.),.PIECEWISE_BEZIER_KNOTS.);
#3541 = CARTESIAN_POINT('',(36.911999997831,-13.2,-16.4));
#3542 = CARTESIAN_POINT('',(36.911999997959,-13.6,-16.));
#3543 = PCURVE('',#1438,#3544);
#3544 = DEFINITIONAL_REPRESENTATION('',(#3545),#3548);
#3545 = B_SPLINE_CURVE_WITH_KNOTS('',1,(#3546,#3547),.UNSPECIFIED.,.F.,
  .F.,(2,2),(0.,1.),.PIECEWISE_BEZIER_KNOTS.);
#3546 = CARTESIAN_POINT('',(17.606999997831,-0.565685424949));
#3547 = CARTESIAN_POINT('',(17.606999997959,0.));
#3548 = ( GEOMETRIC_REPRESENTATION_CONTEXT(2) 
PARAMETRIC_REPRESENTATION_CONTEXT() REPRESENTATION_CONTEXT('2D SPACE',''
  ) );
#3549 = PCURVE('',#1643,#3550);
#3550 = DEFINITIONAL_REPRESENTATION('',(#3551),#3555);
#3551 = LINE('',#3552,#3553);
#3552 = CARTESIAN_POINT('',(4.712388980385,0.));
#3553 = VECTOR('',#3554,1.);
#3554 = DIRECTION('',(0.,1.));
#3555 = ( GEOMETRIC_REPRESENTATION_CONTEXT(2) 
PARAMETRIC_REPRESENTATION_CONTEXT() REPRESENTATION_CONTEXT('2D SPACE',''
  ) );
#3556 = ORIENTED_EDGE('',*,*,#1424,.F.);
#3557 = ORIENTED_EDGE('',*,*,#1477,.F.);
#3558 = ADVANCED_FACE('',(#3559),#1539,.T.);
#3559 = FACE_BOUND('',#3560,.T.);
#3560 = EDGE_LOOP('',(#3561,#3562,#3563,#3564));
#3561 = ORIENTED_EDGE('',*,*,#1740,.F.);
#3562 = ORIENTED_EDGE('',*,*,#1579,.T.);
#3563 = ORIENTED_EDGE('',*,*,#1525,.T.);
#3564 = ORIENTED_EDGE('',*,*,#3565,.F.);
#3565 = EDGE_CURVE('',#1698,#1503,#3566,.T.);
#3566 = SURFACE_CURVE('',#3567,(#3570,#3577),.PCURVE_S1.);
#3567 = B_SPLINE_CURVE_WITH_KNOTS('',1,(#3568,#3569),.UNSPECIFIED.,.F.,
  .F.,(2,2),(0.,1.),.PIECEWISE_BEZIER_KNOTS.);
#3568 = CARTESIAN_POINT('',(36.911999997831,66.8,-16.4));
#3569 = CARTESIAN_POINT('',(36.911999997959,67.2,-16.));
#3570 = PCURVE('',#1539,#3571);
#3571 = DEFINITIONAL_REPRESENTATION('',(#3572),#3576);
#3572 = LINE('',#3573,#3574);
#3573 = CARTESIAN_POINT('',(-17.60699999795,0.));
#3574 = VECTOR('',#3575,1.);
#3575 = DIRECTION('',(0.,1.));
#3576 = ( GEOMETRIC_REPRESENTATION_CONTEXT(2) 
PARAMETRIC_REPRESENTATION_CONTEXT() REPRESENTATION_CONTEXT('2D SPACE',''
  ) );
#3577 = PCURVE('',#1714,#3578);
#3578 = DEFINITIONAL_REPRESENTATION('',(#3579),#3583);
#3579 = LINE('',#3580,#3581);
#3580 = CARTESIAN_POINT('',(1.570796326795,0.));
#3581 = VECTOR('',#3582,1.);
#3582 = DIRECTION('',(0.,1.));
#3583 = ( GEOMETRIC_REPRESENTATION_CONTEXT(2) 
PARAMETRIC_REPRESENTATION_CONTEXT() REPRESENTATION_CONTEXT('2D SPACE',''
  ) );
#3584 = ADVANCED_FACE('',(#3585),#1643,.T.);
#3585 = FACE_BOUND('',#3586,.T.);
#3586 = EDGE_LOOP('',(#3587,#3588,#3607,#3608));
#3587 = ORIENTED_EDGE('',*,*,#1626,.T.);
#3588 = ORIENTED_EDGE('',*,*,#3589,.T.);
#3589 = EDGE_CURVE('',#1627,#1768,#3590,.T.);
#3590 = SURFACE_CURVE('',#3591,(#3594,#3601),.PCURVE_S1.);
#3591 = B_SPLINE_CURVE_WITH_KNOTS('',1,(#3592,#3593),.UNSPECIFIED.,.F.,
  .F.,(2,2),(0.,1.),.PIECEWISE_BEZIER_KNOTS.);
#3592 = CARTESIAN_POINT('',(42.511999997831,-7.6,-16.4));
#3593 = CARTESIAN_POINT('',(42.911999997959,-7.6,-16.));
#3594 = PCURVE('',#1643,#3595);
#3595 = DEFINITIONAL_REPRESENTATION('',(#3596),#3600);
#3596 = LINE('',#3597,#3598);
#3597 = CARTESIAN_POINT('',(6.28318530718,0.));
#3598 = VECTOR('',#3599,1.);
#3599 = DIRECTION('',(0.,1.));
#3600 = ( GEOMETRIC_REPRESENTATION_CONTEXT(2) 
PARAMETRIC_REPRESENTATION_CONTEXT() REPRESENTATION_CONTEXT('2D SPACE',''
  ) );
#3601 = PCURVE('',#1685,#3602);
#3602 = DEFINITIONAL_REPRESENTATION('',(#3603),#3606);
#3603 = B_SPLINE_CURVE_WITH_KNOTS('',1,(#3604,#3605),.UNSPECIFIED.,.F.,
  .F.,(2,2),(0.,1.),.PIECEWISE_BEZIER_KNOTS.);
#3604 = CARTESIAN_POINT('',(-34.4,-0.565685426483));
#3605 = CARTESIAN_POINT('',(-34.4,-1.44309453276E-09));
#3606 = ( GEOMETRIC_REPRESENTATION_CONTEXT(2) 
PARAMETRIC_REPRESENTATION_CONTEXT() REPRESENTATION_CONTEXT('2D SPACE',''
  ) );
#3607 = ORIENTED_EDGE('',*,*,#1790,.F.);
#3608 = ORIENTED_EDGE('',*,*,#3538,.F.);
#3609 = ADVANCED_FACE('',(#3610),#1685,.T.);
#3610 = FACE_BOUND('',#3611,.T.);
#3611 = EDGE_LOOP('',(#3612,#3613,#3632,#3633));
#3612 = ORIENTED_EDGE('',*,*,#1669,.T.);
#3613 = ORIENTED_EDGE('',*,*,#3614,.T.);
#3614 = EDGE_CURVE('',#1670,#1815,#3615,.T.);
#3615 = SURFACE_CURVE('',#3616,(#3619,#3625),.PCURVE_S1.);
#3616 = B_SPLINE_CURVE_WITH_KNOTS('',1,(#3617,#3618),.UNSPECIFIED.,.F.,
  .F.,(2,2),(0.,1.),.PIECEWISE_BEZIER_KNOTS.);
#3617 = CARTESIAN_POINT('',(42.511999998915,61.2,-16.4));
#3618 = CARTESIAN_POINT('',(42.91199999898,61.2,-16.));
#3619 = PCURVE('',#1685,#3620);
#3620 = DEFINITIONAL_REPRESENTATION('',(#3621),#3624);
#3621 = B_SPLINE_CURVE_WITH_KNOTS('',1,(#3622,#3623),.UNSPECIFIED.,.F.,
  .F.,(2,2),(0.,1.),.PIECEWISE_BEZIER_KNOTS.);
#3622 = CARTESIAN_POINT('',(34.4,-0.565685425716));
#3623 = CARTESIAN_POINT('',(34.4,-7.215454900233E-10));
#3624 = ( GEOMETRIC_REPRESENTATION_CONTEXT(2) 
PARAMETRIC_REPRESENTATION_CONTEXT() REPRESENTATION_CONTEXT('2D SPACE',''
  ) );
#3625 = PCURVE('',#1714,#3626);
#3626 = DEFINITIONAL_REPRESENTATION('',(#3627),#3631);
#3627 = LINE('',#3628,#3629);
#3628 = CARTESIAN_POINT('',(0.,0.));
#3629 = VECTOR('',#3630,1.);
#3630 = DIRECTION('',(0.,1.));
#3631 = ( GEOMETRIC_REPRESENTATION_CONTEXT(2) 
PARAMETRIC_REPRESENTATION_CONTEXT() REPRESENTATION_CONTEXT('2D SPACE',''
  ) );
#3632 = ORIENTED_EDGE('',*,*,#1866,.F.);
#3633 = ORIENTED_EDGE('',*,*,#3589,.F.);
#3634 = ADVANCED_FACE('',(#3635),#1714,.T.);
#3635 = FACE_BOUND('',#3636,.T.);
#3636 = EDGE_LOOP('',(#3637,#3638,#3639,#3640));
#3637 = ORIENTED_EDGE('',*,*,#1697,.T.);
#3638 = ORIENTED_EDGE('',*,*,#3565,.T.);
#3639 = ORIENTED_EDGE('',*,*,#1839,.F.);
#3640 = ORIENTED_EDGE('',*,*,#3614,.F.);
#3641 = ADVANCED_FACE('',(#3642),#2003,.T.);
#3642 = FACE_BOUND('',#3643,.T.);
#3643 = EDGE_LOOP('',(#3644,#3645,#3646,#3647));
#3644 = ORIENTED_EDGE('',*,*,#1987,.T.);
#3645 = ORIENTED_EDGE('',*,*,#2040,.T.);
#3646 = ORIENTED_EDGE('',*,*,#2089,.T.);
#3647 = ORIENTED_EDGE('',*,*,#2138,.T.);
#3648 = ADVANCED_FACE('',(#3649),#1930,.T.);
#3649 = FACE_BOUND('',#3650,.T.);
#3650 = EDGE_LOOP('',(#3651,#3652,#3673,#3701));
#3651 = ORIENTED_EDGE('',*,*,#1914,.T.);
#3652 = ORIENTED_EDGE('',*,*,#3653,.T.);
#3653 = EDGE_CURVE('',#1915,#3654,#3656,.T.);
#3654 = VERTEX_POINT('',#3655);
#3655 = CARTESIAN_POINT('',(36.911999996338,-10.45,-6.5));
#3656 = SURFACE_CURVE('',#3657,(#3660,#3666),.PCURVE_S1.);
#3657 = B_SPLINE_CURVE_WITH_KNOTS('',1,(#3658,#3659),.UNSPECIFIED.,.F.,
  .F.,(2,2),(0.,1.),.PIECEWISE_BEZIER_KNOTS.);
#3658 = CARTESIAN_POINT('',(36.911999996799,-11.05,-7.1));
#3659 = CARTESIAN_POINT('',(36.911999996338,-10.45,-6.5));
#3660 = PCURVE('',#1930,#3661);
#3661 = DEFINITIONAL_REPRESENTATION('',(#3662),#3665);
#3662 = B_SPLINE_CURVE_WITH_KNOTS('',1,(#3663,#3664),.UNSPECIFIED.,.F.,
  .F.,(2,2),(0.,1.),.PIECEWISE_BEZIER_KNOTS.);
#3663 = CARTESIAN_POINT('',(17.606999996799,-0.848528137424));
#3664 = CARTESIAN_POINT('',(17.606999996337,0.));
#3665 = ( GEOMETRIC_REPRESENTATION_CONTEXT(2) 
PARAMETRIC_REPRESENTATION_CONTEXT() REPRESENTATION_CONTEXT('2D SPACE',''
  ) );
#3666 = PCURVE('',#2202,#3667);
#3667 = DEFINITIONAL_REPRESENTATION('',(#3668),#3672);
#3668 = LINE('',#3669,#3670);
#3669 = CARTESIAN_POINT('',(1.570796326795,0.));
#3670 = VECTOR('',#3671,1.);
#3671 = DIRECTION('',(0.,1.));
#3672 = ( GEOMETRIC_REPRESENTATION_CONTEXT(2) 
PARAMETRIC_REPRESENTATION_CONTEXT() REPRESENTATION_CONTEXT('2D SPACE',''
  ) );
#3673 = ORIENTED_EDGE('',*,*,#3674,.F.);
#3674 = EDGE_CURVE('',#3675,#3654,#3677,.T.);
#3675 = VERTEX_POINT('',#3676);
#3676 = CARTESIAN_POINT('',(1.698,-10.45,-6.5));
#3677 = SURFACE_CURVE('',#3678,(#3682,#3689),.PCURVE_S1.);
#3678 = LINE('',#3679,#3680);
#3679 = CARTESIAN_POINT('',(19.305,-10.45,-6.5));
#3680 = VECTOR('',#3681,1.);
#3681 = DIRECTION('',(1.,0.,0.));
#3682 = PCURVE('',#1930,#3683);
#3683 = DEFINITIONAL_REPRESENTATION('',(#3684),#3688);
#3684 = LINE('',#3685,#3686);
#3685 = CARTESIAN_POINT('',(0.,0.));
#3686 = VECTOR('',#3687,1.);
#3687 = DIRECTION('',(1.,0.));
#3688 = ( GEOMETRIC_REPRESENTATION_CONTEXT(2) 
PARAMETRIC_REPRESENTATION_CONTEXT() REPRESENTATION_CONTEXT('2D SPACE',''
  ) );
#3689 = PCURVE('',#3690,#3695);
#3690 = PLANE('',#3691);
#3691 = AXIS2_PLACEMENT_3D('',#3692,#3693,#3694);
#3692 = CARTESIAN_POINT('',(1.698,-7.6,-6.5));
#3693 = DIRECTION('',(0.,0.,-1.));
#3694 = DIRECTION('',(-1.,0.,0.));
#3695 = DEFINITIONAL_REPRESENTATION('',(#3696),#3700);
#3696 = LINE('',#3697,#3698);
#3697 = CARTESIAN_POINT('',(-17.607,-2.85));
#3698 = VECTOR('',#3699,1.);
#3699 = DIRECTION('',(-1.,0.));
#3700 = ( GEOMETRIC_REPRESENTATION_CONTEXT(2) 
PARAMETRIC_REPRESENTATION_CONTEXT() REPRESENTATION_CONTEXT('2D SPACE',''
  ) );
#3701 = ORIENTED_EDGE('',*,*,#3702,.F.);
#3702 = EDGE_CURVE('',#1892,#3675,#3703,.T.);
#3703 = SURFACE_CURVE('',#3704,(#3707,#3713),.PCURVE_S1.);
#3704 = B_SPLINE_CURVE_WITH_KNOTS('',1,(#3705,#3706),.UNSPECIFIED.,.F.,
  .F.,(2,2),(0.,1.),.PIECEWISE_BEZIER_KNOTS.);
#3705 = CARTESIAN_POINT('',(1.698,-11.05,-7.1));
#3706 = CARTESIAN_POINT('',(1.698,-10.45,-6.5));
#3707 = PCURVE('',#1930,#3708);
#3708 = DEFINITIONAL_REPRESENTATION('',(#3709),#3712);
#3709 = B_SPLINE_CURVE_WITH_KNOTS('',1,(#3710,#3711),.UNSPECIFIED.,.F.,
  .F.,(2,2),(0.,1.),.PIECEWISE_BEZIER_KNOTS.);
#3710 = CARTESIAN_POINT('',(-17.607,-0.848528137424));
#3711 = CARTESIAN_POINT('',(-17.607,0.));
#3712 = ( GEOMETRIC_REPRESENTATION_CONTEXT(2) 
PARAMETRIC_REPRESENTATION_CONTEXT() REPRESENTATION_CONTEXT('2D SPACE',''
  ) );
#3713 = PCURVE('',#3521,#3714);
#3714 = DEFINITIONAL_REPRESENTATION('',(#3715),#3718);
#3715 = B_SPLINE_CURVE_WITH_KNOTS('',1,(#3716,#3717),.UNSPECIFIED.,.F.,
  .F.,(2,2),(0.,1.),.PIECEWISE_BEZIER_KNOTS.);
#3716 = CARTESIAN_POINT('',(-1.570796326795,0.));
#3717 = CARTESIAN_POINT('',(-1.570796326795,-0.6));
#3718 = ( GEOMETRIC_REPRESENTATION_CONTEXT(2) 
PARAMETRIC_REPRESENTATION_CONTEXT() REPRESENTATION_CONTEXT('2D SPACE',''
  ) );
#3719 = ADVANCED_FACE('',(#3720),#2202,.T.);
#3720 = FACE_BOUND('',#3721,.T.);
#3721 = EDGE_LOOP('',(#3722,#3723,#3744,#3766));
#3722 = ORIENTED_EDGE('',*,*,#2187,.F.);
#3723 = ORIENTED_EDGE('',*,*,#3724,.T.);
#3724 = EDGE_CURVE('',#2165,#3725,#3727,.T.);
#3725 = VERTEX_POINT('',#3726);
#3726 = CARTESIAN_POINT('',(39.761999998169,-7.6,-6.5));
#3727 = SURFACE_CURVE('',#3728,(#3731,#3738),.PCURVE_S1.);
#3728 = B_SPLINE_CURVE_WITH_KNOTS('',1,(#3729,#3730),.UNSPECIFIED.,.F.,
  .F.,(2,2),(0.,1.),.PIECEWISE_BEZIER_KNOTS.);
#3729 = CARTESIAN_POINT('',(40.361999996799,-7.6,-7.1));
#3730 = CARTESIAN_POINT('',(39.761999996338,-7.6,-6.5));
#3731 = PCURVE('',#2202,#3732);
#3732 = DEFINITIONAL_REPRESENTATION('',(#3733),#3737);
#3733 = LINE('',#3734,#3735);
#3734 = CARTESIAN_POINT('',(3.14159265359,0.));
#3735 = VECTOR('',#3736,1.);
#3736 = DIRECTION('',(0.,1.));
#3737 = ( GEOMETRIC_REPRESENTATION_CONTEXT(2) 
PARAMETRIC_REPRESENTATION_CONTEXT() REPRESENTATION_CONTEXT('2D SPACE',''
  ) );
#3738 = PCURVE('',#2250,#3739);
#3739 = DEFINITIONAL_REPRESENTATION('',(#3740),#3743);
#3740 = B_SPLINE_CURVE_WITH_KNOTS('',1,(#3741,#3742),.UNSPECIFIED.,.F.,
  .F.,(2,2),(0.,1.),.PIECEWISE_BEZIER_KNOTS.);
#3741 = CARTESIAN_POINT('',(-34.4,-0.84852813516));
#3742 = CARTESIAN_POINT('',(-34.4,2.589910508277E-09));
#3743 = ( GEOMETRIC_REPRESENTATION_CONTEXT(2) 
PARAMETRIC_REPRESENTATION_CONTEXT() REPRESENTATION_CONTEXT('2D SPACE',''
  ) );
#3744 = ORIENTED_EDGE('',*,*,#3745,.T.);
#3745 = EDGE_CURVE('',#3725,#3654,#3746,.T.);
#3746 = SURFACE_CURVE('',#3747,(#3752,#3759),.PCURVE_S1.);
#3747 = CIRCLE('',#3748,2.85);
#3748 = AXIS2_PLACEMENT_3D('',#3749,#3750,#3751);
#3749 = CARTESIAN_POINT('',(36.911999996338,-7.6,-6.5));
#3750 = DIRECTION('',(0.,0.,-1.));
#3751 = DIRECTION('',(-1.,0.,0.));
#3752 = PCURVE('',#2202,#3753);
#3753 = DEFINITIONAL_REPRESENTATION('',(#3754),#3758);
#3754 = LINE('',#3755,#3756);
#3755 = CARTESIAN_POINT('',(6.28318530718,1.));
#3756 = VECTOR('',#3757,1.);
#3757 = DIRECTION('',(-1.,0.));
#3758 = ( GEOMETRIC_REPRESENTATION_CONTEXT(2) 
PARAMETRIC_REPRESENTATION_CONTEXT() REPRESENTATION_CONTEXT('2D SPACE',''
  ) );
#3759 = PCURVE('',#3690,#3760);
#3760 = DEFINITIONAL_REPRESENTATION('',(#3761),#3765);
#3761 = CIRCLE('',#3762,2.85);
#3762 = AXIS2_PLACEMENT_2D('',#3763,#3764);
#3763 = CARTESIAN_POINT('',(-35.21399999633,0.));
#3764 = DIRECTION('',(1.,0.));
#3765 = ( GEOMETRIC_REPRESENTATION_CONTEXT(2) 
PARAMETRIC_REPRESENTATION_CONTEXT() REPRESENTATION_CONTEXT('2D SPACE',''
  ) );
#3766 = ORIENTED_EDGE('',*,*,#3653,.F.);
#3767 = ADVANCED_FACE('',(#3768),#2396,.T.);
#3768 = FACE_BOUND('',#3769,.T.);
#3769 = EDGE_LOOP('',(#3770,#3771,#3772,#3773));
#3770 = ORIENTED_EDGE('',*,*,#2380,.T.);
#3771 = ORIENTED_EDGE('',*,*,#2433,.T.);
#3772 = ORIENTED_EDGE('',*,*,#2482,.T.);
#3773 = ORIENTED_EDGE('',*,*,#2531,.T.);
#3774 = ADVANCED_FACE('',(#3775),#2323,.T.);
#3775 = FACE_BOUND('',#3776,.T.);
#3776 = EDGE_LOOP('',(#3777,#3778,#3779,#3780));
#3777 = ORIENTED_EDGE('',*,*,#2307,.T.);
#3778 = ORIENTED_EDGE('',*,*,#2558,.T.);
#3779 = ORIENTED_EDGE('',*,*,#2607,.T.);
#3780 = ORIENTED_EDGE('',*,*,#2656,.T.);
#3781 = ADVANCED_FACE('',(#3782),#2250,.T.);
#3782 = FACE_BOUND('',#3783,.T.);
#3783 = EDGE_LOOP('',(#3784,#3785,#3806,#3827));
#3784 = ORIENTED_EDGE('',*,*,#2234,.T.);
#3785 = ORIENTED_EDGE('',*,*,#3786,.T.);
#3786 = EDGE_CURVE('',#2235,#3787,#3789,.T.);
#3787 = VERTEX_POINT('',#3788);
#3788 = CARTESIAN_POINT('',(39.761999998169,61.2,-6.5));
#3789 = SURFACE_CURVE('',#3790,(#3793,#3799),.PCURVE_S1.);
#3790 = B_SPLINE_CURVE_WITH_KNOTS('',1,(#3791,#3792),.UNSPECIFIED.,.F.,
  .F.,(2,2),(0.,1.),.PIECEWISE_BEZIER_KNOTS.);
#3791 = CARTESIAN_POINT('',(40.3619999984,61.2,-7.1));
#3792 = CARTESIAN_POINT('',(39.761999998169,61.2,-6.5));
#3793 = PCURVE('',#2250,#3794);
#3794 = DEFINITIONAL_REPRESENTATION('',(#3795),#3798);
#3795 = B_SPLINE_CURVE_WITH_KNOTS('',1,(#3796,#3797),.UNSPECIFIED.,.F.,
  .F.,(2,2),(0.,1.),.PIECEWISE_BEZIER_KNOTS.);
#3796 = CARTESIAN_POINT('',(34.4,-0.848528136292));
#3797 = CARTESIAN_POINT('',(34.4,1.294953477782E-09));
#3798 = ( GEOMETRIC_REPRESENTATION_CONTEXT(2) 
PARAMETRIC_REPRESENTATION_CONTEXT() REPRESENTATION_CONTEXT('2D SPACE',''
  ) );
#3799 = PCURVE('',#2720,#3800);
#3800 = DEFINITIONAL_REPRESENTATION('',(#3801),#3805);
#3801 = LINE('',#3802,#3803);
#3802 = CARTESIAN_POINT('',(3.14159265359,0.));
#3803 = VECTOR('',#3804,1.);
#3804 = DIRECTION('',(0.,1.));
#3805 = ( GEOMETRIC_REPRESENTATION_CONTEXT(2) 
PARAMETRIC_REPRESENTATION_CONTEXT() REPRESENTATION_CONTEXT('2D SPACE',''
  ) );
#3806 = ORIENTED_EDGE('',*,*,#3807,.F.);
#3807 = EDGE_CURVE('',#3725,#3787,#3808,.T.);
#3808 = SURFACE_CURVE('',#3809,(#3813,#3820),.PCURVE_S1.);
#3809 = LINE('',#3810,#3811);
#3810 = CARTESIAN_POINT('',(39.762,26.8,-6.5));
#3811 = VECTOR('',#3812,1.);
#3812 = DIRECTION('',(0.,1.,0.));
#3813 = PCURVE('',#2250,#3814);
#3814 = DEFINITIONAL_REPRESENTATION('',(#3815),#3819);
#3815 = LINE('',#3816,#3817);
#3816 = CARTESIAN_POINT('',(0.,0.));
#3817 = VECTOR('',#3818,1.);
#3818 = DIRECTION('',(1.,0.));
#3819 = ( GEOMETRIC_REPRESENTATION_CONTEXT(2) 
PARAMETRIC_REPRESENTATION_CONTEXT() REPRESENTATION_CONTEXT('2D SPACE',''
  ) );
#3820 = PCURVE('',#3690,#3821);
#3821 = DEFINITIONAL_REPRESENTATION('',(#3822),#3826);
#3822 = LINE('',#3823,#3824);
#3823 = CARTESIAN_POINT('',(-38.064,34.4));
#3824 = VECTOR('',#3825,1.);
#3825 = DIRECTION('',(0.,1.));
#3826 = ( GEOMETRIC_REPRESENTATION_CONTEXT(2) 
PARAMETRIC_REPRESENTATION_CONTEXT() REPRESENTATION_CONTEXT('2D SPACE',''
  ) );
#3827 = ORIENTED_EDGE('',*,*,#3724,.F.);
#3828 = ADVANCED_FACE('',(#3829),#2720,.T.);
#3829 = FACE_BOUND('',#3830,.T.);
#3830 = EDGE_LOOP('',(#3831,#3832,#3854,#3876));
#3831 = ORIENTED_EDGE('',*,*,#2705,.F.);
#3832 = ORIENTED_EDGE('',*,*,#3833,.T.);
#3833 = EDGE_CURVE('',#2683,#3834,#3836,.T.);
#3834 = VERTEX_POINT('',#3835);
#3835 = CARTESIAN_POINT('',(36.911999996338,64.05,-6.5));
#3836 = SURFACE_CURVE('',#3837,(#3840,#3847),.PCURVE_S1.);
#3837 = B_SPLINE_CURVE_WITH_KNOTS('',1,(#3838,#3839),.UNSPECIFIED.,.F.,
  .F.,(2,2),(0.,1.),.PIECEWISE_BEZIER_KNOTS.);
#3838 = CARTESIAN_POINT('',(36.911999996799,64.65,-7.1));
#3839 = CARTESIAN_POINT('',(36.911999996338,64.05,-6.5));
#3840 = PCURVE('',#2720,#3841);
#3841 = DEFINITIONAL_REPRESENTATION('',(#3842),#3846);
#3842 = LINE('',#3843,#3844);
#3843 = CARTESIAN_POINT('',(4.712388980385,0.));
#3844 = VECTOR('',#3845,1.);
#3845 = DIRECTION('',(0.,1.));
#3846 = ( GEOMETRIC_REPRESENTATION_CONTEXT(2) 
PARAMETRIC_REPRESENTATION_CONTEXT() REPRESENTATION_CONTEXT('2D SPACE',''
  ) );
#3847 = PCURVE('',#2788,#3848);
#3848 = DEFINITIONAL_REPRESENTATION('',(#3849),#3853);
#3849 = LINE('',#3850,#3851);
#3850 = CARTESIAN_POINT('',(-17.60699999679,0.));
#3851 = VECTOR('',#3852,1.);
#3852 = DIRECTION('',(0.,1.));
#3853 = ( GEOMETRIC_REPRESENTATION_CONTEXT(2) 
PARAMETRIC_REPRESENTATION_CONTEXT() REPRESENTATION_CONTEXT('2D SPACE',''
  ) );
#3854 = ORIENTED_EDGE('',*,*,#3855,.T.);
#3855 = EDGE_CURVE('',#3834,#3787,#3856,.T.);
#3856 = SURFACE_CURVE('',#3857,(#3862,#3869),.PCURVE_S1.);
#3857 = CIRCLE('',#3858,2.85);
#3858 = AXIS2_PLACEMENT_3D('',#3859,#3860,#3861);
#3859 = CARTESIAN_POINT('',(36.911999996338,61.2,-6.5));
#3860 = DIRECTION('',(0.,0.,-1.));
#3861 = DIRECTION('',(-1.,0.,0.));
#3862 = PCURVE('',#2720,#3863);
#3863 = DEFINITIONAL_REPRESENTATION('',(#3864),#3868);
#3864 = LINE('',#3865,#3866);
#3865 = CARTESIAN_POINT('',(6.28318530718,1.));
#3866 = VECTOR('',#3867,1.);
#3867 = DIRECTION('',(-1.,0.));
#3868 = ( GEOMETRIC_REPRESENTATION_CONTEXT(2) 
PARAMETRIC_REPRESENTATION_CONTEXT() REPRESENTATION_CONTEXT('2D SPACE',''
  ) );
#3869 = PCURVE('',#3690,#3870);
#3870 = DEFINITIONAL_REPRESENTATION('',(#3871),#3875);
#3871 = CIRCLE('',#3872,2.85);
#3872 = AXIS2_PLACEMENT_2D('',#3873,#3874);
#3873 = CARTESIAN_POINT('',(-35.21399999633,68.8));
#3874 = DIRECTION('',(1.,0.));
#3875 = ( GEOMETRIC_REPRESENTATION_CONTEXT(2) 
PARAMETRIC_REPRESENTATION_CONTEXT() REPRESENTATION_CONTEXT('2D SPACE',''
  ) );
#3876 = ORIENTED_EDGE('',*,*,#3786,.F.);
#3877 = ADVANCED_FACE('',(#3878),#2840,.T.);
#3878 = FACE_BOUND('',#3879,.T.);
#3879 = EDGE_LOOP('',(#3880,#3881,#3882,#3883));
#3880 = ORIENTED_EDGE('',*,*,#2824,.T.);
#3881 = ORIENTED_EDGE('',*,*,#2877,.T.);
#3882 = ORIENTED_EDGE('',*,*,#2926,.T.);
#3883 = ORIENTED_EDGE('',*,*,#2975,.T.);
#3884 = ADVANCED_FACE('',(#3885),#2788,.T.);
#3885 = FACE_BOUND('',#3886,.T.);
#3886 = EDGE_LOOP('',(#3887,#3888,#3909,#3930));
#3887 = ORIENTED_EDGE('',*,*,#2774,.F.);
#3888 = ORIENTED_EDGE('',*,*,#3889,.T.);
#3889 = EDGE_CURVE('',#2752,#3890,#3892,.T.);
#3890 = VERTEX_POINT('',#3891);
#3891 = CARTESIAN_POINT('',(1.698,64.05,-6.5));
#3892 = SURFACE_CURVE('',#3893,(#3896,#3903),.PCURVE_S1.);
#3893 = B_SPLINE_CURVE_WITH_KNOTS('',1,(#3894,#3895),.UNSPECIFIED.,.F.,
  .F.,(2,2),(0.,1.),.PIECEWISE_BEZIER_KNOTS.);
#3894 = CARTESIAN_POINT('',(1.698,64.65,-7.1));
#3895 = CARTESIAN_POINT('',(1.698,64.05,-6.5));
#3896 = PCURVE('',#2788,#3897);
#3897 = DEFINITIONAL_REPRESENTATION('',(#3898),#3902);
#3898 = LINE('',#3899,#3900);
#3899 = CARTESIAN_POINT('',(17.607,0.));
#3900 = VECTOR('',#3901,1.);
#3901 = DIRECTION('',(0.,1.));
#3902 = ( GEOMETRIC_REPRESENTATION_CONTEXT(2) 
PARAMETRIC_REPRESENTATION_CONTEXT() REPRESENTATION_CONTEXT('2D SPACE',''
  ) );
#3903 = PCURVE('',#3039,#3904);
#3904 = DEFINITIONAL_REPRESENTATION('',(#3905),#3908);
#3905 = B_SPLINE_CURVE_WITH_KNOTS('',1,(#3906,#3907),.UNSPECIFIED.,.F.,
  .F.,(2,2),(0.,1.),.PIECEWISE_BEZIER_KNOTS.);
#3906 = CARTESIAN_POINT('',(-4.712388980385,0.));
#3907 = CARTESIAN_POINT('',(-4.712388980385,-0.6));
#3908 = ( GEOMETRIC_REPRESENTATION_CONTEXT(2) 
PARAMETRIC_REPRESENTATION_CONTEXT() REPRESENTATION_CONTEXT('2D SPACE',''
  ) );
#3909 = ORIENTED_EDGE('',*,*,#3910,.T.);
#3910 = EDGE_CURVE('',#3890,#3834,#3911,.T.);
#3911 = SURFACE_CURVE('',#3912,(#3916,#3923),.PCURVE_S1.);
#3912 = LINE('',#3913,#3914);
#3913 = CARTESIAN_POINT('',(19.305,64.05,-6.5));
#3914 = VECTOR('',#3915,1.);
#3915 = DIRECTION('',(1.,0.,0.));
#3916 = PCURVE('',#2788,#3917);
#3917 = DEFINITIONAL_REPRESENTATION('',(#3918),#3922);
#3918 = LINE('',#3919,#3920);
#3919 = CARTESIAN_POINT('',(0.,1.));
#3920 = VECTOR('',#3921,1.);
#3921 = DIRECTION('',(-1.,0.));
#3922 = ( GEOMETRIC_REPRESENTATION_CONTEXT(2) 
PARAMETRIC_REPRESENTATION_CONTEXT() REPRESENTATION_CONTEXT('2D SPACE',''
  ) );
#3923 = PCURVE('',#3690,#3924);
#3924 = DEFINITIONAL_REPRESENTATION('',(#3925),#3929);
#3925 = LINE('',#3926,#3927);
#3926 = CARTESIAN_POINT('',(-17.607,71.65));
#3927 = VECTOR('',#3928,1.);
#3928 = DIRECTION('',(-1.,0.));
#3929 = ( GEOMETRIC_REPRESENTATION_CONTEXT(2) 
PARAMETRIC_REPRESENTATION_CONTEXT() REPRESENTATION_CONTEXT('2D SPACE',''
  ) );
#3930 = ORIENTED_EDGE('',*,*,#3833,.F.);
#3931 = ADVANCED_FACE('',(#3932),#3039,.T.);
#3932 = FACE_BOUND('',#3933,.T.);
#3933 = EDGE_LOOP('',(#3934,#3935,#3955,#3977));
#3934 = ORIENTED_EDGE('',*,*,#3024,.F.);
#3935 = ORIENTED_EDGE('',*,*,#3936,.T.);
#3936 = EDGE_CURVE('',#3002,#3937,#3939,.T.);
#3937 = VERTEX_POINT('',#3938);
#3938 = CARTESIAN_POINT('',(-1.152,61.2,-6.5));
#3939 = SURFACE_CURVE('',#3940,(#3943,#3949),.PCURVE_S1.);
#3940 = B_SPLINE_CURVE_WITH_KNOTS('',1,(#3941,#3942),.UNSPECIFIED.,.F.,
  .F.,(2,2),(0.,1.),.PIECEWISE_BEZIER_KNOTS.);
#3941 = CARTESIAN_POINT('',(-1.752,61.2,-7.1));
#3942 = CARTESIAN_POINT('',(-1.152,61.2,-6.5));
#3943 = PCURVE('',#3039,#3944);
#3944 = DEFINITIONAL_REPRESENTATION('',(#3945),#3948);
#3945 = B_SPLINE_CURVE_WITH_KNOTS('',1,(#3946,#3947),.UNSPECIFIED.,.F.,
  .F.,(2,2),(0.,1.),.PIECEWISE_BEZIER_KNOTS.);
#3946 = CARTESIAN_POINT('',(-6.28318530718,0.));
#3947 = CARTESIAN_POINT('',(-6.28318530718,-0.6));
#3948 = ( GEOMETRIC_REPRESENTATION_CONTEXT(2) 
PARAMETRIC_REPRESENTATION_CONTEXT() REPRESENTATION_CONTEXT('2D SPACE',''
  ) );
#3949 = PCURVE('',#3093,#3950);
#3950 = DEFINITIONAL_REPRESENTATION('',(#3951),#3954);
#3951 = B_SPLINE_CURVE_WITH_KNOTS('',1,(#3952,#3953),.UNSPECIFIED.,.F.,
  .F.,(2,2),(0.,1.),.PIECEWISE_BEZIER_KNOTS.);
#3952 = CARTESIAN_POINT('',(-34.4,-0.848528137424));
#3953 = CARTESIAN_POINT('',(-34.4,-2.344791028008E-13));
#3954 = ( GEOMETRIC_REPRESENTATION_CONTEXT(2) 
PARAMETRIC_REPRESENTATION_CONTEXT() REPRESENTATION_CONTEXT('2D SPACE',''
  ) );
#3955 = ORIENTED_EDGE('',*,*,#3956,.T.);
#3956 = EDGE_CURVE('',#3937,#3890,#3957,.T.);
#3957 = SURFACE_CURVE('',#3958,(#3963,#3970),.PCURVE_S1.);
#3958 = CIRCLE('',#3959,2.85);
#3959 = AXIS2_PLACEMENT_3D('',#3960,#3961,#3962);
#3960 = CARTESIAN_POINT('',(1.698,61.2,-6.5));
#3961 = DIRECTION('',(0.,0.,-1.));
#3962 = DIRECTION('',(-1.,0.,0.));
#3963 = PCURVE('',#3039,#3964);
#3964 = DEFINITIONAL_REPRESENTATION('',(#3965),#3969);
#3965 = LINE('',#3966,#3967);
#3966 = CARTESIAN_POINT('',(-6.28318530718,-0.6));
#3967 = VECTOR('',#3968,1.);
#3968 = DIRECTION('',(1.,-0.));
#3969 = ( GEOMETRIC_REPRESENTATION_CONTEXT(2) 
PARAMETRIC_REPRESENTATION_CONTEXT() REPRESENTATION_CONTEXT('2D SPACE',''
  ) );
#3970 = PCURVE('',#3690,#3971);
#3971 = DEFINITIONAL_REPRESENTATION('',(#3972),#3976);
#3972 = CIRCLE('',#3973,2.85);
#3973 = AXIS2_PLACEMENT_2D('',#3974,#3975);
#3974 = CARTESIAN_POINT('',(0.,68.8));
#3975 = DIRECTION('',(1.,0.));
#3976 = ( GEOMETRIC_REPRESENTATION_CONTEXT(2) 
PARAMETRIC_REPRESENTATION_CONTEXT() REPRESENTATION_CONTEXT('2D SPACE',''
  ) );
#3977 = ORIENTED_EDGE('',*,*,#3889,.F.);
#3978 = ADVANCED_FACE('',(#3979),#3219,.T.);
#3979 = FACE_BOUND('',#3980,.T.);
#3980 = EDGE_LOOP('',(#3981,#3982,#3983,#3984));
#3981 = ORIENTED_EDGE('',*,*,#3203,.T.);
#3982 = ORIENTED_EDGE('',*,*,#3381,.T.);
#3983 = ORIENTED_EDGE('',*,*,#3430,.T.);
#3984 = ORIENTED_EDGE('',*,*,#3479,.T.);
#3985 = ADVANCED_FACE('',(#3986),#3146,.T.);
#3986 = FACE_BOUND('',#3987,.T.);
#3987 = EDGE_LOOP('',(#3988,#3989,#3990,#3991));
#3988 = ORIENTED_EDGE('',*,*,#3130,.T.);
#3989 = ORIENTED_EDGE('',*,*,#3256,.T.);
#3990 = ORIENTED_EDGE('',*,*,#3305,.T.);
#3991 = ORIENTED_EDGE('',*,*,#3354,.T.);
#3992 = ADVANCED_FACE('',(#3993),#3093,.T.);
#3993 = FACE_BOUND('',#3994,.T.);
#3994 = EDGE_LOOP('',(#3995,#3996,#4016,#4037));
#3995 = ORIENTED_EDGE('',*,*,#3079,.F.);
#3996 = ORIENTED_EDGE('',*,*,#3997,.T.);
#3997 = EDGE_CURVE('',#3057,#3998,#4000,.T.);
#3998 = VERTEX_POINT('',#3999);
#3999 = CARTESIAN_POINT('',(-1.152,-7.6,-6.5));
#4000 = SURFACE_CURVE('',#4001,(#4004,#4010),.PCURVE_S1.);
#4001 = B_SPLINE_CURVE_WITH_KNOTS('',1,(#4002,#4003),.UNSPECIFIED.,.F.,
  .F.,(2,2),(0.,1.),.PIECEWISE_BEZIER_KNOTS.);
#4002 = CARTESIAN_POINT('',(-1.752,-7.6,-7.1));
#4003 = CARTESIAN_POINT('',(-1.152,-7.6,-6.5));
#4004 = PCURVE('',#3093,#4005);
#4005 = DEFINITIONAL_REPRESENTATION('',(#4006),#4009);
#4006 = B_SPLINE_CURVE_WITH_KNOTS('',1,(#4007,#4008),.UNSPECIFIED.,.F.,
  .F.,(2,2),(0.,1.),.PIECEWISE_BEZIER_KNOTS.);
#4007 = CARTESIAN_POINT('',(34.4,-0.848528137424));
#4008 = CARTESIAN_POINT('',(34.4,-2.344791028008E-13));
#4009 = ( GEOMETRIC_REPRESENTATION_CONTEXT(2) 
PARAMETRIC_REPRESENTATION_CONTEXT() REPRESENTATION_CONTEXT('2D SPACE',''
  ) );
#4010 = PCURVE('',#3521,#4011);
#4011 = DEFINITIONAL_REPRESENTATION('',(#4012),#4015);
#4012 = B_SPLINE_CURVE_WITH_KNOTS('',1,(#4013,#4014),.UNSPECIFIED.,.F.,
  .F.,(2,2),(0.,1.),.PIECEWISE_BEZIER_KNOTS.);
#4013 = CARTESIAN_POINT('',(0.,0.));
#4014 = CARTESIAN_POINT('',(0.,-0.6));
#4015 = ( GEOMETRIC_REPRESENTATION_CONTEXT(2) 
PARAMETRIC_REPRESENTATION_CONTEXT() REPRESENTATION_CONTEXT('2D SPACE',''
  ) );
#4016 = ORIENTED_EDGE('',*,*,#4017,.T.);
#4017 = EDGE_CURVE('',#3998,#3937,#4018,.T.);
#4018 = SURFACE_CURVE('',#4019,(#4023,#4030),.PCURVE_S1.);
#4019 = LINE('',#4020,#4021);
#4020 = CARTESIAN_POINT('',(-1.152,26.8,-6.5));
#4021 = VECTOR('',#4022,1.);
#4022 = DIRECTION('',(0.,1.,0.));
#4023 = PCURVE('',#3093,#4024);
#4024 = DEFINITIONAL_REPRESENTATION('',(#4025),#4029);
#4025 = LINE('',#4026,#4027);
#4026 = CARTESIAN_POINT('',(0.,0.));
#4027 = VECTOR('',#4028,1.);
#4028 = DIRECTION('',(-1.,0.));
#4029 = ( GEOMETRIC_REPRESENTATION_CONTEXT(2) 
PARAMETRIC_REPRESENTATION_CONTEXT() REPRESENTATION_CONTEXT('2D SPACE',''
  ) );
#4030 = PCURVE('',#3690,#4031);
#4031 = DEFINITIONAL_REPRESENTATION('',(#4032),#4036);
#4032 = LINE('',#4033,#4034);
#4033 = CARTESIAN_POINT('',(2.849999999999,34.4));
#4034 = VECTOR('',#4035,1.);
#4035 = DIRECTION('',(0.,1.));
#4036 = ( GEOMETRIC_REPRESENTATION_CONTEXT(2) 
PARAMETRIC_REPRESENTATION_CONTEXT() REPRESENTATION_CONTEXT('2D SPACE',''
  ) );
#4037 = ORIENTED_EDGE('',*,*,#3936,.F.);
#4038 = ADVANCED_FACE('',(#4039),#3521,.T.);
#4039 = FACE_BOUND('',#4040,.T.);
#4040 = EDGE_LOOP('',(#4041,#4042,#4043,#4065));
#4041 = ORIENTED_EDGE('',*,*,#3506,.F.);
#4042 = ORIENTED_EDGE('',*,*,#3702,.T.);
#4043 = ORIENTED_EDGE('',*,*,#4044,.T.);
#4044 = EDGE_CURVE('',#3675,#3998,#4045,.T.);
#4045 = SURFACE_CURVE('',#4046,(#4051,#4058),.PCURVE_S1.);
#4046 = CIRCLE('',#4047,2.85);
#4047 = AXIS2_PLACEMENT_3D('',#4048,#4049,#4050);
#4048 = CARTESIAN_POINT('',(1.698,-7.6,-6.5));
#4049 = DIRECTION('',(0.,0.,-1.));
#4050 = DIRECTION('',(-1.,0.,0.));
#4051 = PCURVE('',#3521,#4052);
#4052 = DEFINITIONAL_REPRESENTATION('',(#4053),#4057);
#4053 = LINE('',#4054,#4055);
#4054 = CARTESIAN_POINT('',(-6.28318530718,-0.6));
#4055 = VECTOR('',#4056,1.);
#4056 = DIRECTION('',(1.,-0.));
#4057 = ( GEOMETRIC_REPRESENTATION_CONTEXT(2) 
PARAMETRIC_REPRESENTATION_CONTEXT() REPRESENTATION_CONTEXT('2D SPACE',''
  ) );
#4058 = PCURVE('',#3690,#4059);
#4059 = DEFINITIONAL_REPRESENTATION('',(#4060),#4064);
#4060 = CIRCLE('',#4061,2.85);
#4061 = AXIS2_PLACEMENT_2D('',#4062,#4063);
#4062 = CARTESIAN_POINT('',(0.,0.));
#4063 = DIRECTION('',(1.,0.));
#4064 = ( GEOMETRIC_REPRESENTATION_CONTEXT(2) 
PARAMETRIC_REPRESENTATION_CONTEXT() REPRESENTATION_CONTEXT('2D SPACE',''
  ) );
#4065 = ORIENTED_EDGE('',*,*,#3997,.F.);
#4066 = ADVANCED_FACE('',(#4067,#4077),#3690,.F.);
#4067 = FACE_BOUND('',#4068,.F.);
#4068 = EDGE_LOOP('',(#4069,#4070,#4071,#4072,#4073,#4074,#4075,#4076));
#4069 = ORIENTED_EDGE('',*,*,#4017,.T.);
#4070 = ORIENTED_EDGE('',*,*,#3956,.T.);
#4071 = ORIENTED_EDGE('',*,*,#3910,.T.);
#4072 = ORIENTED_EDGE('',*,*,#3855,.T.);
#4073 = ORIENTED_EDGE('',*,*,#3807,.F.);
#4074 = ORIENTED_EDGE('',*,*,#3745,.T.);
#4075 = ORIENTED_EDGE('',*,*,#3674,.F.);
#4076 = ORIENTED_EDGE('',*,*,#4044,.T.);
#4077 = FACE_BOUND('',#4078,.F.);
#4078 = EDGE_LOOP('',(#4079,#4107,#4136,#4162,#4191,#4217,#4246,#4272));
#4079 = ORIENTED_EDGE('',*,*,#4080,.F.);
#4080 = EDGE_CURVE('',#4081,#4083,#4085,.T.);
#4081 = VERTEX_POINT('',#4082);
#4082 = CARTESIAN_POINT('',(-0.152,-7.6,-6.5));
#4083 = VERTEX_POINT('',#4084);
#4084 = CARTESIAN_POINT('',(-0.152,61.2,-6.5));
#4085 = SURFACE_CURVE('',#4086,(#4090,#4096),.PCURVE_S1.);
#4086 = LINE('',#4087,#4088);
#4087 = CARTESIAN_POINT('',(-0.151999999999,-7.6,-6.5));
#4088 = VECTOR('',#4089,1.);
#4089 = DIRECTION('',(0.,1.,0.));
#4090 = PCURVE('',#3690,#4091);
#4091 = DEFINITIONAL_REPRESENTATION('',(#4092),#4095);
#4092 = B_SPLINE_CURVE_WITH_KNOTS('',1,(#4093,#4094),.UNSPECIFIED.,.F.,
  .F.,(2,2),(0.,68.8),.PIECEWISE_BEZIER_KNOTS.);
#4093 = CARTESIAN_POINT('',(1.849999999999,0.));
#4094 = CARTESIAN_POINT('',(1.849999999999,68.8));
#4095 = ( GEOMETRIC_REPRESENTATION_CONTEXT(2) 
PARAMETRIC_REPRESENTATION_CONTEXT() REPRESENTATION_CONTEXT('2D SPACE',''
  ) );
#4096 = PCURVE('',#4097,#4102);
#4097 = PLANE('',#4098);
#4098 = AXIS2_PLACEMENT_3D('',#4099,#4100,#4101);
#4099 = CARTESIAN_POINT('',(-0.151999999999,-7.6,-14.));
#4100 = DIRECTION('',(-1.,0.,0.));
#4101 = DIRECTION('',(0.,1.,0.));
#4102 = DEFINITIONAL_REPRESENTATION('',(#4103),#4106);
#4103 = B_SPLINE_CURVE_WITH_KNOTS('',1,(#4104,#4105),.UNSPECIFIED.,.F.,
  .F.,(2,2),(0.,68.8),.PIECEWISE_BEZIER_KNOTS.);
#4104 = CARTESIAN_POINT('',(0.,-7.5));
#4105 = CARTESIAN_POINT('',(68.8,-7.5));
#4106 = ( GEOMETRIC_REPRESENTATION_CONTEXT(2) 
PARAMETRIC_REPRESENTATION_CONTEXT() REPRESENTATION_CONTEXT('2D SPACE',''
  ) );
#4107 = ORIENTED_EDGE('',*,*,#4108,.F.);
#4108 = EDGE_CURVE('',#4109,#4081,#4111,.T.);
#4109 = VERTEX_POINT('',#4110);
#4110 = CARTESIAN_POINT('',(1.697999999999,-9.45,-6.5));
#4111 = SURFACE_CURVE('',#4112,(#4117,#4124),.PCURVE_S1.);
#4112 = CIRCLE('',#4113,1.85);
#4113 = AXIS2_PLACEMENT_3D('',#4114,#4115,#4116);
#4114 = CARTESIAN_POINT('',(1.697999999999,-7.6,-6.5));
#4115 = DIRECTION('',(0.,0.,-1.));
#4116 = DIRECTION('',(1.,0.,0.));
#4117 = PCURVE('',#3690,#4118);
#4118 = DEFINITIONAL_REPRESENTATION('',(#4119),#4123);
#4119 = CIRCLE('',#4120,1.85);
#4120 = AXIS2_PLACEMENT_2D('',#4121,#4122);
#4121 = CARTESIAN_POINT('',(3.872457909893E-13,0.));
#4122 = DIRECTION('',(-1.,0.));
#4123 = ( GEOMETRIC_REPRESENTATION_CONTEXT(2) 
PARAMETRIC_REPRESENTATION_CONTEXT() REPRESENTATION_CONTEXT('2D SPACE',''
  ) );
#4124 = PCURVE('',#4125,#4130);
#4125 = CYLINDRICAL_SURFACE('',#4126,1.85);
#4126 = AXIS2_PLACEMENT_3D('',#4127,#4128,#4129);
#4127 = CARTESIAN_POINT('',(1.697999999999,-7.6,-14.));
#4128 = DIRECTION('',(-0.,-0.,-1.));
#4129 = DIRECTION('',(1.,0.,0.));
#4130 = DEFINITIONAL_REPRESENTATION('',(#4131),#4135);
#4131 = LINE('',#4132,#4133);
#4132 = CARTESIAN_POINT('',(-6.28318530718,-7.5));
#4133 = VECTOR('',#4134,1.);
#4134 = DIRECTION('',(1.,-0.));
#4135 = ( GEOMETRIC_REPRESENTATION_CONTEXT(2) 
PARAMETRIC_REPRESENTATION_CONTEXT() REPRESENTATION_CONTEXT('2D SPACE',''
  ) );
#4136 = ORIENTED_EDGE('',*,*,#4137,.T.);
#4137 = EDGE_CURVE('',#4109,#4138,#4140,.T.);
#4138 = VERTEX_POINT('',#4139);
#4139 = CARTESIAN_POINT('',(36.911999995132,-9.45,-6.5));
#4140 = SURFACE_CURVE('',#4141,(#4145,#4151),.PCURVE_S1.);
#4141 = LINE('',#4142,#4143);
#4142 = CARTESIAN_POINT('',(1.697999999999,-9.45,-6.5));
#4143 = VECTOR('',#4144,1.);
#4144 = DIRECTION('',(1.,-0.,0.));
#4145 = PCURVE('',#3690,#4146);
#4146 = DEFINITIONAL_REPRESENTATION('',(#4147),#4150);
#4147 = B_SPLINE_CURVE_WITH_KNOTS('',1,(#4148,#4149),.UNSPECIFIED.,.F.,
  .F.,(2,2),(-1.95399252334E-13,35.213999995132),
  .PIECEWISE_BEZIER_KNOTS.);
#4148 = CARTESIAN_POINT('',(3.907985046681E-13,-1.85));
#4149 = CARTESIAN_POINT('',(-35.21399999513,-1.85));
#4150 = ( GEOMETRIC_REPRESENTATION_CONTEXT(2) 
PARAMETRIC_REPRESENTATION_CONTEXT() REPRESENTATION_CONTEXT('2D SPACE',''
  ) );
#4151 = PCURVE('',#4152,#4157);
#4152 = PLANE('',#4153);
#4153 = AXIS2_PLACEMENT_3D('',#4154,#4155,#4156);
#4154 = CARTESIAN_POINT('',(1.697999999999,-9.45,-14.));
#4155 = DIRECTION('',(0.,1.,0.));
#4156 = DIRECTION('',(1.,0.,0.));
#4157 = DEFINITIONAL_REPRESENTATION('',(#4158),#4161);
#4158 = B_SPLINE_CURVE_WITH_KNOTS('',1,(#4159,#4160),.UNSPECIFIED.,.F.,
  .F.,(2,2),(-1.95399252334E-13,35.213999995132),
  .PIECEWISE_BEZIER_KNOTS.);
#4159 = CARTESIAN_POINT('',(0.,-7.5));
#4160 = CARTESIAN_POINT('',(35.213999995132,-7.5));
#4161 = ( GEOMETRIC_REPRESENTATION_CONTEXT(2) 
PARAMETRIC_REPRESENTATION_CONTEXT() REPRESENTATION_CONTEXT('2D SPACE',''
  ) );
#4162 = ORIENTED_EDGE('',*,*,#4163,.F.);
#4163 = EDGE_CURVE('',#4164,#4138,#4166,.T.);
#4164 = VERTEX_POINT('',#4165);
#4165 = CARTESIAN_POINT('',(38.761999997566,-7.6,-6.5));
#4166 = SURFACE_CURVE('',#4167,(#4172,#4179),.PCURVE_S1.);
#4167 = CIRCLE('',#4168,1.85);
#4168 = AXIS2_PLACEMENT_3D('',#4169,#4170,#4171);
#4169 = CARTESIAN_POINT('',(36.911999995132,-7.6,-6.5));
#4170 = DIRECTION('',(0.,0.,-1.));
#4171 = DIRECTION('',(1.,0.,0.));
#4172 = PCURVE('',#3690,#4173);
#4173 = DEFINITIONAL_REPRESENTATION('',(#4174),#4178);
#4174 = CIRCLE('',#4175,1.85);
#4175 = AXIS2_PLACEMENT_2D('',#4176,#4177);
#4176 = CARTESIAN_POINT('',(-35.21399999513,0.));
#4177 = DIRECTION('',(-1.,0.));
#4178 = ( GEOMETRIC_REPRESENTATION_CONTEXT(2) 
PARAMETRIC_REPRESENTATION_CONTEXT() REPRESENTATION_CONTEXT('2D SPACE',''
  ) );
#4179 = PCURVE('',#4180,#4185);
#4180 = CYLINDRICAL_SURFACE('',#4181,1.85);
#4181 = AXIS2_PLACEMENT_3D('',#4182,#4183,#4184);
#4182 = CARTESIAN_POINT('',(36.911999995132,-7.6,-14.));
#4183 = DIRECTION('',(-0.,-0.,-1.));
#4184 = DIRECTION('',(1.,0.,0.));
#4185 = DEFINITIONAL_REPRESENTATION('',(#4186),#4190);
#4186 = LINE('',#4187,#4188);
#4187 = CARTESIAN_POINT('',(-6.28318530718,-7.5));
#4188 = VECTOR('',#4189,1.);
#4189 = DIRECTION('',(1.,-0.));
#4190 = ( GEOMETRIC_REPRESENTATION_CONTEXT(2) 
PARAMETRIC_REPRESENTATION_CONTEXT() REPRESENTATION_CONTEXT('2D SPACE',''
  ) );
#4191 = ORIENTED_EDGE('',*,*,#4192,.T.);
#4192 = EDGE_CURVE('',#4164,#4193,#4195,.T.);
#4193 = VERTEX_POINT('',#4194);
#4194 = CARTESIAN_POINT('',(38.761999997566,61.2,-6.5));
#4195 = SURFACE_CURVE('',#4196,(#4200,#4206),.PCURVE_S1.);
#4196 = LINE('',#4197,#4198);
#4197 = CARTESIAN_POINT('',(38.762000000001,-7.6,-6.5));
#4198 = VECTOR('',#4199,1.);
#4199 = DIRECTION('',(0.,1.,0.));
#4200 = PCURVE('',#3690,#4201);
#4201 = DEFINITIONAL_REPRESENTATION('',(#4202),#4205);
#4202 = B_SPLINE_CURVE_WITH_KNOTS('',1,(#4203,#4204),.UNSPECIFIED.,.F.,
  .F.,(2,2),(0.,68.8),.PIECEWISE_BEZIER_KNOTS.);
#4203 = CARTESIAN_POINT('',(-37.064,0.));
#4204 = CARTESIAN_POINT('',(-37.064,68.8));
#4205 = ( GEOMETRIC_REPRESENTATION_CONTEXT(2) 
PARAMETRIC_REPRESENTATION_CONTEXT() REPRESENTATION_CONTEXT('2D SPACE',''
  ) );
#4206 = PCURVE('',#4207,#4212);
#4207 = PLANE('',#4208);
#4208 = AXIS2_PLACEMENT_3D('',#4209,#4210,#4211);
#4209 = CARTESIAN_POINT('',(38.762000000001,-7.6,-14.));
#4210 = DIRECTION('',(-1.,0.,0.));
#4211 = DIRECTION('',(0.,1.,0.));
#4212 = DEFINITIONAL_REPRESENTATION('',(#4213),#4216);
#4213 = B_SPLINE_CURVE_WITH_KNOTS('',1,(#4214,#4215),.UNSPECIFIED.,.F.,
  .F.,(2,2),(0.,68.8),.PIECEWISE_BEZIER_KNOTS.);
#4214 = CARTESIAN_POINT('',(0.,-7.5));
#4215 = CARTESIAN_POINT('',(68.8,-7.5));
#4216 = ( GEOMETRIC_REPRESENTATION_CONTEXT(2) 
PARAMETRIC_REPRESENTATION_CONTEXT() REPRESENTATION_CONTEXT('2D SPACE',''
  ) );
#4217 = ORIENTED_EDGE('',*,*,#4218,.F.);
#4218 = EDGE_CURVE('',#4219,#4193,#4221,.T.);
#4219 = VERTEX_POINT('',#4220);
#4220 = CARTESIAN_POINT('',(36.911999995132,63.05,-6.5));
#4221 = SURFACE_CURVE('',#4222,(#4227,#4234),.PCURVE_S1.);
#4222 = CIRCLE('',#4223,1.85);
#4223 = AXIS2_PLACEMENT_3D('',#4224,#4225,#4226);
#4224 = CARTESIAN_POINT('',(36.911999995132,61.2,-6.5));
#4225 = DIRECTION('',(0.,0.,-1.));
#4226 = DIRECTION('',(1.,0.,0.));
#4227 = PCURVE('',#3690,#4228);
#4228 = DEFINITIONAL_REPRESENTATION('',(#4229),#4233);
#4229 = CIRCLE('',#4230,1.85);
#4230 = AXIS2_PLACEMENT_2D('',#4231,#4232);
#4231 = CARTESIAN_POINT('',(-35.21399999513,68.8));
#4232 = DIRECTION('',(-1.,0.));
#4233 = ( GEOMETRIC_REPRESENTATION_CONTEXT(2) 
PARAMETRIC_REPRESENTATION_CONTEXT() REPRESENTATION_CONTEXT('2D SPACE',''
  ) );
#4234 = PCURVE('',#4235,#4240);
#4235 = CYLINDRICAL_SURFACE('',#4236,1.85);
#4236 = AXIS2_PLACEMENT_3D('',#4237,#4238,#4239);
#4237 = CARTESIAN_POINT('',(36.911999995132,61.2,-14.));
#4238 = DIRECTION('',(-0.,-0.,-1.));
#4239 = DIRECTION('',(1.,0.,0.));
#4240 = DEFINITIONAL_REPRESENTATION('',(#4241),#4245);
#4241 = LINE('',#4242,#4243);
#4242 = CARTESIAN_POINT('',(-6.28318530718,-7.5));
#4243 = VECTOR('',#4244,1.);
#4244 = DIRECTION('',(1.,-0.));
#4245 = ( GEOMETRIC_REPRESENTATION_CONTEXT(2) 
PARAMETRIC_REPRESENTATION_CONTEXT() REPRESENTATION_CONTEXT('2D SPACE',''
  ) );
#4246 = ORIENTED_EDGE('',*,*,#4247,.F.);
#4247 = EDGE_CURVE('',#4248,#4219,#4250,.T.);
#4248 = VERTEX_POINT('',#4249);
#4249 = CARTESIAN_POINT('',(1.697999999999,63.05,-6.5));
#4250 = SURFACE_CURVE('',#4251,(#4255,#4261),.PCURVE_S1.);
#4251 = LINE('',#4252,#4253);
#4252 = CARTESIAN_POINT('',(1.697999999999,63.05,-6.5));
#4253 = VECTOR('',#4254,1.);
#4254 = DIRECTION('',(1.,-0.,0.));
#4255 = PCURVE('',#3690,#4256);
#4256 = DEFINITIONAL_REPRESENTATION('',(#4257),#4260);
#4257 = B_SPLINE_CURVE_WITH_KNOTS('',1,(#4258,#4259),.UNSPECIFIED.,.F.,
  .F.,(2,2),(-1.95399252334E-13,35.213999995132),
  .PIECEWISE_BEZIER_KNOTS.);
#4258 = CARTESIAN_POINT('',(3.907985046681E-13,70.65));
#4259 = CARTESIAN_POINT('',(-35.21399999513,70.65));
#4260 = ( GEOMETRIC_REPRESENTATION_CONTEXT(2) 
PARAMETRIC_REPRESENTATION_CONTEXT() REPRESENTATION_CONTEXT('2D SPACE',''
  ) );
#4261 = PCURVE('',#4262,#4267);
#4262 = PLANE('',#4263);
#4263 = AXIS2_PLACEMENT_3D('',#4264,#4265,#4266);
#4264 = CARTESIAN_POINT('',(1.697999999999,63.05,-14.));
#4265 = DIRECTION('',(0.,1.,0.));
#4266 = DIRECTION('',(1.,0.,0.));
#4267 = DEFINITIONAL_REPRESENTATION('',(#4268),#4271);
#4268 = B_SPLINE_CURVE_WITH_KNOTS('',1,(#4269,#4270),.UNSPECIFIED.,.F.,
  .F.,(2,2),(-1.95399252334E-13,35.213999995132),
  .PIECEWISE_BEZIER_KNOTS.);
#4269 = CARTESIAN_POINT('',(0.,-7.5));
#4270 = CARTESIAN_POINT('',(35.213999995132,-7.5));
#4271 = ( GEOMETRIC_REPRESENTATION_CONTEXT(2) 
PARAMETRIC_REPRESENTATION_CONTEXT() REPRESENTATION_CONTEXT('2D SPACE',''
  ) );
#4272 = ORIENTED_EDGE('',*,*,#4273,.F.);
#4273 = EDGE_CURVE('',#4083,#4248,#4274,.T.);
#4274 = SURFACE_CURVE('',#4275,(#4280,#4287),.PCURVE_S1.);
#4275 = CIRCLE('',#4276,1.85);
#4276 = AXIS2_PLACEMENT_3D('',#4277,#4278,#4279);
#4277 = CARTESIAN_POINT('',(1.697999999999,61.2,-6.5));
#4278 = DIRECTION('',(0.,0.,-1.));
#4279 = DIRECTION('',(1.,0.,0.));
#4280 = PCURVE('',#3690,#4281);
#4281 = DEFINITIONAL_REPRESENTATION('',(#4282),#4286);
#4282 = CIRCLE('',#4283,1.85);
#4283 = AXIS2_PLACEMENT_2D('',#4284,#4285);
#4284 = CARTESIAN_POINT('',(3.872457909893E-13,68.8));
#4285 = DIRECTION('',(-1.,0.));
#4286 = ( GEOMETRIC_REPRESENTATION_CONTEXT(2) 
PARAMETRIC_REPRESENTATION_CONTEXT() REPRESENTATION_CONTEXT('2D SPACE',''
  ) );
#4287 = PCURVE('',#4288,#4293);
#4288 = CYLINDRICAL_SURFACE('',#4289,1.85);
#4289 = AXIS2_PLACEMENT_3D('',#4290,#4291,#4292);
#4290 = CARTESIAN_POINT('',(1.697999999999,61.2,-14.));
#4291 = DIRECTION('',(-0.,-0.,-1.));
#4292 = DIRECTION('',(1.,0.,0.));
#4293 = DEFINITIONAL_REPRESENTATION('',(#4294),#4298);
#4294 = LINE('',#4295,#4296);
#4295 = CARTESIAN_POINT('',(-6.28318530718,-7.5));
#4296 = VECTOR('',#4297,1.);
#4297 = DIRECTION('',(1.,-0.));
#4298 = ( GEOMETRIC_REPRESENTATION_CONTEXT(2) 
PARAMETRIC_REPRESENTATION_CONTEXT() REPRESENTATION_CONTEXT('2D SPACE',''
  ) );
#4299 = ADVANCED_FACE('',(#4300),#4097,.F.);
#4300 = FACE_BOUND('',#4301,.F.);
#4301 = EDGE_LOOP('',(#4302,#4332,#4353,#4354));
#4302 = ORIENTED_EDGE('',*,*,#4303,.F.);
#4303 = EDGE_CURVE('',#4304,#4306,#4308,.T.);
#4304 = VERTEX_POINT('',#4305);
#4305 = CARTESIAN_POINT('',(-0.152,-7.6,-14.));
#4306 = VERTEX_POINT('',#4307);
#4307 = CARTESIAN_POINT('',(-0.152,61.2,-14.));
#4308 = SURFACE_CURVE('',#4309,(#4313,#4320),.PCURVE_S1.);
#4309 = LINE('',#4310,#4311);
#4310 = CARTESIAN_POINT('',(-0.151999999999,26.8,-14.));
#4311 = VECTOR('',#4312,1.);
#4312 = DIRECTION('',(0.,1.,0.));
#4313 = PCURVE('',#4097,#4314);
#4314 = DEFINITIONAL_REPRESENTATION('',(#4315),#4319);
#4315 = LINE('',#4316,#4317);
#4316 = CARTESIAN_POINT('',(34.4,0.));
#4317 = VECTOR('',#4318,1.);
#4318 = DIRECTION('',(1.,0.));
#4319 = ( GEOMETRIC_REPRESENTATION_CONTEXT(2) 
PARAMETRIC_REPRESENTATION_CONTEXT() REPRESENTATION_CONTEXT('2D SPACE',''
  ) );
#4320 = PCURVE('',#4321,#4326);
#4321 = PLANE('',#4322);
#4322 = AXIS2_PLACEMENT_3D('',#4323,#4324,#4325);
#4323 = CARTESIAN_POINT('',(19.304999999092,26.8,-14.));
#4324 = DIRECTION('',(0.,0.,1.));
#4325 = DIRECTION('',(1.,0.,0.));
#4326 = DEFINITIONAL_REPRESENTATION('',(#4327),#4331);
#4327 = LINE('',#4328,#4329);
#4328 = CARTESIAN_POINT('',(-19.45699999909,5.50257398483E-16));
#4329 = VECTOR('',#4330,1.);
#4330 = DIRECTION('',(0.,1.));
#4331 = ( GEOMETRIC_REPRESENTATION_CONTEXT(2) 
PARAMETRIC_REPRESENTATION_CONTEXT() REPRESENTATION_CONTEXT('2D SPACE',''
  ) );
#4332 = ORIENTED_EDGE('',*,*,#4333,.T.);
#4333 = EDGE_CURVE('',#4304,#4081,#4334,.T.);
#4334 = SURFACE_CURVE('',#4335,(#4339,#4346),.PCURVE_S1.);
#4335 = LINE('',#4336,#4337);
#4336 = CARTESIAN_POINT('',(-0.152,-7.6,-14.));
#4337 = VECTOR('',#4338,1.);
#4338 = DIRECTION('',(0.,0.,1.));
#4339 = PCURVE('',#4097,#4340);
#4340 = DEFINITIONAL_REPRESENTATION('',(#4341),#4345);
#4341 = LINE('',#4342,#4343);
#4342 = CARTESIAN_POINT('',(0.,0.));
#4343 = VECTOR('',#4344,1.);
#4344 = DIRECTION('',(0.,-1.));
#4345 = ( GEOMETRIC_REPRESENTATION_CONTEXT(2) 
PARAMETRIC_REPRESENTATION_CONTEXT() REPRESENTATION_CONTEXT('2D SPACE',''
  ) );
#4346 = PCURVE('',#4125,#4347);
#4347 = DEFINITIONAL_REPRESENTATION('',(#4348),#4352);
#4348 = LINE('',#4349,#4350);
#4349 = CARTESIAN_POINT('',(-3.14159265359,0.));
#4350 = VECTOR('',#4351,1.);
#4351 = DIRECTION('',(-0.,-1.));
#4352 = ( GEOMETRIC_REPRESENTATION_CONTEXT(2) 
PARAMETRIC_REPRESENTATION_CONTEXT() REPRESENTATION_CONTEXT('2D SPACE',''
  ) );
#4353 = ORIENTED_EDGE('',*,*,#4080,.T.);
#4354 = ORIENTED_EDGE('',*,*,#4355,.F.);
#4355 = EDGE_CURVE('',#4306,#4083,#4356,.T.);
#4356 = SURFACE_CURVE('',#4357,(#4361,#4368),.PCURVE_S1.);
#4357 = LINE('',#4358,#4359);
#4358 = CARTESIAN_POINT('',(-0.152,61.2,-14.));
#4359 = VECTOR('',#4360,1.);
#4360 = DIRECTION('',(0.,0.,1.));
#4361 = PCURVE('',#4097,#4362);
#4362 = DEFINITIONAL_REPRESENTATION('',(#4363),#4367);
#4363 = LINE('',#4364,#4365);
#4364 = CARTESIAN_POINT('',(68.8,0.));
#4365 = VECTOR('',#4366,1.);
#4366 = DIRECTION('',(0.,-1.));
#4367 = ( GEOMETRIC_REPRESENTATION_CONTEXT(2) 
PARAMETRIC_REPRESENTATION_CONTEXT() REPRESENTATION_CONTEXT('2D SPACE',''
  ) );
#4368 = PCURVE('',#4288,#4369);
#4369 = DEFINITIONAL_REPRESENTATION('',(#4370),#4374);
#4370 = LINE('',#4371,#4372);
#4371 = CARTESIAN_POINT('',(-3.14159265359,0.));
#4372 = VECTOR('',#4373,1.);
#4373 = DIRECTION('',(-0.,-1.));
#4374 = ( GEOMETRIC_REPRESENTATION_CONTEXT(2) 
PARAMETRIC_REPRESENTATION_CONTEXT() REPRESENTATION_CONTEXT('2D SPACE',''
  ) );
#4375 = ADVANCED_FACE('',(#4376),#4288,.F.);
#4376 = FACE_BOUND('',#4377,.T.);
#4377 = EDGE_LOOP('',(#4378,#4402,#4423,#4424));
#4378 = ORIENTED_EDGE('',*,*,#4379,.F.);
#4379 = EDGE_CURVE('',#4380,#4306,#4382,.T.);
#4380 = VERTEX_POINT('',#4381);
#4381 = CARTESIAN_POINT('',(1.697999999999,63.05,-14.));
#4382 = SURFACE_CURVE('',#4383,(#4388,#4395),.PCURVE_S1.);
#4383 = CIRCLE('',#4384,1.85);
#4384 = AXIS2_PLACEMENT_3D('',#4385,#4386,#4387);
#4385 = CARTESIAN_POINT('',(1.697999999999,61.2,-14.));
#4386 = DIRECTION('',(0.,0.,1.));
#4387 = DIRECTION('',(1.,0.,0.));
#4388 = PCURVE('',#4288,#4389);
#4389 = DEFINITIONAL_REPRESENTATION('',(#4390),#4394);
#4390 = LINE('',#4391,#4392);
#4391 = CARTESIAN_POINT('',(-0.,0.));
#4392 = VECTOR('',#4393,1.);
#4393 = DIRECTION('',(-1.,0.));
#4394 = ( GEOMETRIC_REPRESENTATION_CONTEXT(2) 
PARAMETRIC_REPRESENTATION_CONTEXT() REPRESENTATION_CONTEXT('2D SPACE',''
  ) );
#4395 = PCURVE('',#4321,#4396);
#4396 = DEFINITIONAL_REPRESENTATION('',(#4397),#4401);
#4397 = CIRCLE('',#4398,1.85);
#4398 = AXIS2_PLACEMENT_2D('',#4399,#4400);
#4399 = CARTESIAN_POINT('',(-17.60699999909,34.4));
#4400 = DIRECTION('',(1.,0.));
#4401 = ( GEOMETRIC_REPRESENTATION_CONTEXT(2) 
PARAMETRIC_REPRESENTATION_CONTEXT() REPRESENTATION_CONTEXT('2D SPACE',''
  ) );
#4402 = ORIENTED_EDGE('',*,*,#4403,.T.);
#4403 = EDGE_CURVE('',#4380,#4248,#4404,.T.);
#4404 = SURFACE_CURVE('',#4405,(#4409,#4416),.PCURVE_S1.);
#4405 = LINE('',#4406,#4407);
#4406 = CARTESIAN_POINT('',(1.697999999999,63.05,-14.));
#4407 = VECTOR('',#4408,1.);
#4408 = DIRECTION('',(0.,0.,1.));
#4409 = PCURVE('',#4288,#4410);
#4410 = DEFINITIONAL_REPRESENTATION('',(#4411),#4415);
#4411 = LINE('',#4412,#4413);
#4412 = CARTESIAN_POINT('',(-1.570796326795,0.));
#4413 = VECTOR('',#4414,1.);
#4414 = DIRECTION('',(-0.,-1.));
#4415 = ( GEOMETRIC_REPRESENTATION_CONTEXT(2) 
PARAMETRIC_REPRESENTATION_CONTEXT() REPRESENTATION_CONTEXT('2D SPACE',''
  ) );
#4416 = PCURVE('',#4262,#4417);
#4417 = DEFINITIONAL_REPRESENTATION('',(#4418),#4422);
#4418 = LINE('',#4419,#4420);
#4419 = CARTESIAN_POINT('',(3.552713678801E-15,0.));
#4420 = VECTOR('',#4421,1.);
#4421 = DIRECTION('',(0.,-1.));
#4422 = ( GEOMETRIC_REPRESENTATION_CONTEXT(2) 
PARAMETRIC_REPRESENTATION_CONTEXT() REPRESENTATION_CONTEXT('2D SPACE',''
  ) );
#4423 = ORIENTED_EDGE('',*,*,#4273,.F.);
#4424 = ORIENTED_EDGE('',*,*,#4355,.F.);
#4425 = ADVANCED_FACE('',(#4426),#4262,.F.);
#4426 = FACE_BOUND('',#4427,.F.);
#4427 = EDGE_LOOP('',(#4428,#4451,#4452,#4453));
#4428 = ORIENTED_EDGE('',*,*,#4429,.F.);
#4429 = EDGE_CURVE('',#4380,#4430,#4432,.T.);
#4430 = VERTEX_POINT('',#4431);
#4431 = CARTESIAN_POINT('',(36.911999995132,63.05,-14.));
#4432 = SURFACE_CURVE('',#4433,(#4437,#4444),.PCURVE_S1.);
#4433 = LINE('',#4434,#4435);
#4434 = CARTESIAN_POINT('',(19.305000000001,63.05,-14.));
#4435 = VECTOR('',#4436,1.);
#4436 = DIRECTION('',(1.,0.,0.));
#4437 = PCURVE('',#4262,#4438);
#4438 = DEFINITIONAL_REPRESENTATION('',(#4439),#4443);
#4439 = LINE('',#4440,#4441);
#4440 = CARTESIAN_POINT('',(17.607000000001,0.));
#4441 = VECTOR('',#4442,1.);
#4442 = DIRECTION('',(1.,0.));
#4443 = ( GEOMETRIC_REPRESENTATION_CONTEXT(2) 
PARAMETRIC_REPRESENTATION_CONTEXT() REPRESENTATION_CONTEXT('2D SPACE',''
  ) );
#4444 = PCURVE('',#4321,#4445);
#4445 = DEFINITIONAL_REPRESENTATION('',(#4446),#4450);
#4446 = LINE('',#4447,#4448);
#4447 = CARTESIAN_POINT('',(9.087758828642E-10,36.25));
#4448 = VECTOR('',#4449,1.);
#4449 = DIRECTION('',(1.,0.));
#4450 = ( GEOMETRIC_REPRESENTATION_CONTEXT(2) 
PARAMETRIC_REPRESENTATION_CONTEXT() REPRESENTATION_CONTEXT('2D SPACE',''
  ) );
#4451 = ORIENTED_EDGE('',*,*,#4403,.T.);
#4452 = ORIENTED_EDGE('',*,*,#4247,.T.);
#4453 = ORIENTED_EDGE('',*,*,#4454,.F.);
#4454 = EDGE_CURVE('',#4430,#4219,#4455,.T.);
#4455 = SURFACE_CURVE('',#4456,(#4460,#4467),.PCURVE_S1.);
#4456 = LINE('',#4457,#4458);
#4457 = CARTESIAN_POINT('',(36.911999995132,63.05,-14.));
#4458 = VECTOR('',#4459,1.);
#4459 = DIRECTION('',(0.,0.,1.));
#4460 = PCURVE('',#4262,#4461);
#4461 = DEFINITIONAL_REPRESENTATION('',(#4462),#4466);
#4462 = LINE('',#4463,#4464);
#4463 = CARTESIAN_POINT('',(35.213999995132,0.));
#4464 = VECTOR('',#4465,1.);
#4465 = DIRECTION('',(0.,-1.));
#4466 = ( GEOMETRIC_REPRESENTATION_CONTEXT(2) 
PARAMETRIC_REPRESENTATION_CONTEXT() REPRESENTATION_CONTEXT('2D SPACE',''
  ) );
#4467 = PCURVE('',#4235,#4468);
#4468 = DEFINITIONAL_REPRESENTATION('',(#4469),#4473);
#4469 = LINE('',#4470,#4471);
#4470 = CARTESIAN_POINT('',(-1.570796326795,0.));
#4471 = VECTOR('',#4472,1.);
#4472 = DIRECTION('',(-0.,-1.));
#4473 = ( GEOMETRIC_REPRESENTATION_CONTEXT(2) 
PARAMETRIC_REPRESENTATION_CONTEXT() REPRESENTATION_CONTEXT('2D SPACE',''
  ) );
#4474 = ADVANCED_FACE('',(#4475),#4235,.F.);
#4475 = FACE_BOUND('',#4476,.T.);
#4476 = EDGE_LOOP('',(#4477,#4501,#4522,#4523));
#4477 = ORIENTED_EDGE('',*,*,#4478,.F.);
#4478 = EDGE_CURVE('',#4479,#4430,#4481,.T.);
#4479 = VERTEX_POINT('',#4480);
#4480 = CARTESIAN_POINT('',(38.761999997566,61.2,-14.));
#4481 = SURFACE_CURVE('',#4482,(#4487,#4494),.PCURVE_S1.);
#4482 = CIRCLE('',#4483,1.85);
#4483 = AXIS2_PLACEMENT_3D('',#4484,#4485,#4486);
#4484 = CARTESIAN_POINT('',(36.911999995132,61.2,-14.));
#4485 = DIRECTION('',(0.,0.,1.));
#4486 = DIRECTION('',(1.,0.,0.));
#4487 = PCURVE('',#4235,#4488);
#4488 = DEFINITIONAL_REPRESENTATION('',(#4489),#4493);
#4489 = LINE('',#4490,#4491);
#4490 = CARTESIAN_POINT('',(-0.,0.));
#4491 = VECTOR('',#4492,1.);
#4492 = DIRECTION('',(-1.,0.));
#4493 = ( GEOMETRIC_REPRESENTATION_CONTEXT(2) 
PARAMETRIC_REPRESENTATION_CONTEXT() REPRESENTATION_CONTEXT('2D SPACE',''
  ) );
#4494 = PCURVE('',#4321,#4495);
#4495 = DEFINITIONAL_REPRESENTATION('',(#4496),#4500);
#4496 = CIRCLE('',#4497,1.85);
#4497 = AXIS2_PLACEMENT_2D('',#4498,#4499);
#4498 = CARTESIAN_POINT('',(17.60699999604,34.4));
#4499 = DIRECTION('',(1.,0.));
#4500 = ( GEOMETRIC_REPRESENTATION_CONTEXT(2) 
PARAMETRIC_REPRESENTATION_CONTEXT() REPRESENTATION_CONTEXT('2D SPACE',''
  ) );
#4501 = ORIENTED_EDGE('',*,*,#4502,.T.);
#4502 = EDGE_CURVE('',#4479,#4193,#4503,.T.);
#4503 = SURFACE_CURVE('',#4504,(#4508,#4515),.PCURVE_S1.);
#4504 = LINE('',#4505,#4506);
#4505 = CARTESIAN_POINT('',(38.761999997566,61.2,-14.));
#4506 = VECTOR('',#4507,1.);
#4507 = DIRECTION('',(0.,0.,1.));
#4508 = PCURVE('',#4235,#4509);
#4509 = DEFINITIONAL_REPRESENTATION('',(#4510),#4514);
#4510 = LINE('',#4511,#4512);
#4511 = CARTESIAN_POINT('',(-0.,0.));
#4512 = VECTOR('',#4513,1.);
#4513 = DIRECTION('',(-0.,-1.));
#4514 = ( GEOMETRIC_REPRESENTATION_CONTEXT(2) 
PARAMETRIC_REPRESENTATION_CONTEXT() REPRESENTATION_CONTEXT('2D SPACE',''
  ) );
#4515 = PCURVE('',#4207,#4516);
#4516 = DEFINITIONAL_REPRESENTATION('',(#4517),#4521);
#4517 = LINE('',#4518,#4519);
#4518 = CARTESIAN_POINT('',(68.8,0.));
#4519 = VECTOR('',#4520,1.);
#4520 = DIRECTION('',(0.,-1.));
#4521 = ( GEOMETRIC_REPRESENTATION_CONTEXT(2) 
PARAMETRIC_REPRESENTATION_CONTEXT() REPRESENTATION_CONTEXT('2D SPACE',''
  ) );
#4522 = ORIENTED_EDGE('',*,*,#4218,.F.);
#4523 = ORIENTED_EDGE('',*,*,#4454,.F.);
#4524 = ADVANCED_FACE('',(#4525),#4207,.T.);
#4525 = FACE_BOUND('',#4526,.T.);
#4526 = EDGE_LOOP('',(#4527,#4550,#4571,#4572));
#4527 = ORIENTED_EDGE('',*,*,#4528,.F.);
#4528 = EDGE_CURVE('',#4529,#4479,#4531,.T.);
#4529 = VERTEX_POINT('',#4530);
#4530 = CARTESIAN_POINT('',(38.761999997566,-7.6,-14.));
#4531 = SURFACE_CURVE('',#4532,(#4536,#4543),.PCURVE_S1.);
#4532 = LINE('',#4533,#4534);
#4533 = CARTESIAN_POINT('',(38.762000000001,26.8,-14.));
#4534 = VECTOR('',#4535,1.);
#4535 = DIRECTION('',(0.,1.,0.));
#4536 = PCURVE('',#4207,#4537);
#4537 = DEFINITIONAL_REPRESENTATION('',(#4538),#4542);
#4538 = LINE('',#4539,#4540);
#4539 = CARTESIAN_POINT('',(34.4,0.));
#4540 = VECTOR('',#4541,1.);
#4541 = DIRECTION('',(1.,0.));
#4542 = ( GEOMETRIC_REPRESENTATION_CONTEXT(2) 
PARAMETRIC_REPRESENTATION_CONTEXT() REPRESENTATION_CONTEXT('2D SPACE',''
  ) );
#4543 = PCURVE('',#4321,#4544);
#4544 = DEFINITIONAL_REPRESENTATION('',(#4545),#4549);
#4545 = LINE('',#4546,#4547);
#4546 = CARTESIAN_POINT('',(19.457000000909,5.50257398483E-16));
#4547 = VECTOR('',#4548,1.);
#4548 = DIRECTION('',(0.,1.));
#4549 = ( GEOMETRIC_REPRESENTATION_CONTEXT(2) 
PARAMETRIC_REPRESENTATION_CONTEXT() REPRESENTATION_CONTEXT('2D SPACE',''
  ) );
#4550 = ORIENTED_EDGE('',*,*,#4551,.T.);
#4551 = EDGE_CURVE('',#4529,#4164,#4552,.T.);
#4552 = SURFACE_CURVE('',#4553,(#4557,#4564),.PCURVE_S1.);
#4553 = LINE('',#4554,#4555);
#4554 = CARTESIAN_POINT('',(38.761999997566,-7.6,-14.));
#4555 = VECTOR('',#4556,1.);
#4556 = DIRECTION('',(0.,0.,1.));
#4557 = PCURVE('',#4207,#4558);
#4558 = DEFINITIONAL_REPRESENTATION('',(#4559),#4563);
#4559 = LINE('',#4560,#4561);
#4560 = CARTESIAN_POINT('',(0.,0.));
#4561 = VECTOR('',#4562,1.);
#4562 = DIRECTION('',(0.,-1.));
#4563 = ( GEOMETRIC_REPRESENTATION_CONTEXT(2) 
PARAMETRIC_REPRESENTATION_CONTEXT() REPRESENTATION_CONTEXT('2D SPACE',''
  ) );
#4564 = PCURVE('',#4180,#4565);
#4565 = DEFINITIONAL_REPRESENTATION('',(#4566),#4570);
#4566 = LINE('',#4567,#4568);
#4567 = CARTESIAN_POINT('',(-6.28318530718,0.));
#4568 = VECTOR('',#4569,1.);
#4569 = DIRECTION('',(-0.,-1.));
#4570 = ( GEOMETRIC_REPRESENTATION_CONTEXT(2) 
PARAMETRIC_REPRESENTATION_CONTEXT() REPRESENTATION_CONTEXT('2D SPACE',''
  ) );
#4571 = ORIENTED_EDGE('',*,*,#4192,.T.);
#4572 = ORIENTED_EDGE('',*,*,#4502,.F.);
#4573 = ADVANCED_FACE('',(#4574),#4180,.F.);
#4574 = FACE_BOUND('',#4575,.T.);
#4575 = EDGE_LOOP('',(#4576,#4600,#4621,#4622));
#4576 = ORIENTED_EDGE('',*,*,#4577,.F.);
#4577 = EDGE_CURVE('',#4578,#4529,#4580,.T.);
#4578 = VERTEX_POINT('',#4579);
#4579 = CARTESIAN_POINT('',(36.911999995132,-9.45,-14.));
#4580 = SURFACE_CURVE('',#4581,(#4586,#4593),.PCURVE_S1.);
#4581 = CIRCLE('',#4582,1.85);
#4582 = AXIS2_PLACEMENT_3D('',#4583,#4584,#4585);
#4583 = CARTESIAN_POINT('',(36.911999995132,-7.6,-14.));
#4584 = DIRECTION('',(0.,0.,1.));
#4585 = DIRECTION('',(1.,0.,0.));
#4586 = PCURVE('',#4180,#4587);
#4587 = DEFINITIONAL_REPRESENTATION('',(#4588),#4592);
#4588 = LINE('',#4589,#4590);
#4589 = CARTESIAN_POINT('',(-0.,0.));
#4590 = VECTOR('',#4591,1.);
#4591 = DIRECTION('',(-1.,0.));
#4592 = ( GEOMETRIC_REPRESENTATION_CONTEXT(2) 
PARAMETRIC_REPRESENTATION_CONTEXT() REPRESENTATION_CONTEXT('2D SPACE',''
  ) );
#4593 = PCURVE('',#4321,#4594);
#4594 = DEFINITIONAL_REPRESENTATION('',(#4595),#4599);
#4595 = CIRCLE('',#4596,1.85);
#4596 = AXIS2_PLACEMENT_2D('',#4597,#4598);
#4597 = CARTESIAN_POINT('',(17.60699999604,-34.4));
#4598 = DIRECTION('',(1.,0.));
#4599 = ( GEOMETRIC_REPRESENTATION_CONTEXT(2) 
PARAMETRIC_REPRESENTATION_CONTEXT() REPRESENTATION_CONTEXT('2D SPACE',''
  ) );
#4600 = ORIENTED_EDGE('',*,*,#4601,.T.);
#4601 = EDGE_CURVE('',#4578,#4138,#4602,.T.);
#4602 = SURFACE_CURVE('',#4603,(#4607,#4614),.PCURVE_S1.);
#4603 = LINE('',#4604,#4605);
#4604 = CARTESIAN_POINT('',(36.911999995132,-9.45,-14.));
#4605 = VECTOR('',#4606,1.);
#4606 = DIRECTION('',(0.,0.,1.));
#4607 = PCURVE('',#4180,#4608);
#4608 = DEFINITIONAL_REPRESENTATION('',(#4609),#4613);
#4609 = LINE('',#4610,#4611);
#4610 = CARTESIAN_POINT('',(-4.712388980385,0.));
#4611 = VECTOR('',#4612,1.);
#4612 = DIRECTION('',(-0.,-1.));
#4613 = ( GEOMETRIC_REPRESENTATION_CONTEXT(2) 
PARAMETRIC_REPRESENTATION_CONTEXT() REPRESENTATION_CONTEXT('2D SPACE',''
  ) );
#4614 = PCURVE('',#4152,#4615);
#4615 = DEFINITIONAL_REPRESENTATION('',(#4616),#4620);
#4616 = LINE('',#4617,#4618);
#4617 = CARTESIAN_POINT('',(35.213999995132,0.));
#4618 = VECTOR('',#4619,1.);
#4619 = DIRECTION('',(0.,-1.));
#4620 = ( GEOMETRIC_REPRESENTATION_CONTEXT(2) 
PARAMETRIC_REPRESENTATION_CONTEXT() REPRESENTATION_CONTEXT('2D SPACE',''
  ) );
#4621 = ORIENTED_EDGE('',*,*,#4163,.F.);
#4622 = ORIENTED_EDGE('',*,*,#4551,.F.);
#4623 = ADVANCED_FACE('',(#4624),#4152,.T.);
#4624 = FACE_BOUND('',#4625,.T.);
#4625 = EDGE_LOOP('',(#4626,#4649,#4670,#4671));
#4626 = ORIENTED_EDGE('',*,*,#4627,.F.);
#4627 = EDGE_CURVE('',#4628,#4578,#4630,.T.);
#4628 = VERTEX_POINT('',#4629);
#4629 = CARTESIAN_POINT('',(1.697999999999,-9.45,-14.));
#4630 = SURFACE_CURVE('',#4631,(#4635,#4642),.PCURVE_S1.);
#4631 = LINE('',#4632,#4633);
#4632 = CARTESIAN_POINT('',(19.305000000001,-9.45,-14.));
#4633 = VECTOR('',#4634,1.);
#4634 = DIRECTION('',(1.,0.,0.));
#4635 = PCURVE('',#4152,#4636);
#4636 = DEFINITIONAL_REPRESENTATION('',(#4637),#4641);
#4637 = LINE('',#4638,#4639);
#4638 = CARTESIAN_POINT('',(17.607000000001,0.));
#4639 = VECTOR('',#4640,1.);
#4640 = DIRECTION('',(1.,0.));
#4641 = ( GEOMETRIC_REPRESENTATION_CONTEXT(2) 
PARAMETRIC_REPRESENTATION_CONTEXT() REPRESENTATION_CONTEXT('2D SPACE',''
  ) );
#4642 = PCURVE('',#4321,#4643);
#4643 = DEFINITIONAL_REPRESENTATION('',(#4644),#4648);
#4644 = LINE('',#4645,#4646);
#4645 = CARTESIAN_POINT('',(9.087758828642E-10,-36.25));
#4646 = VECTOR('',#4647,1.);
#4647 = DIRECTION('',(1.,0.));
#4648 = ( GEOMETRIC_REPRESENTATION_CONTEXT(2) 
PARAMETRIC_REPRESENTATION_CONTEXT() REPRESENTATION_CONTEXT('2D SPACE',''
  ) );
#4649 = ORIENTED_EDGE('',*,*,#4650,.T.);
#4650 = EDGE_CURVE('',#4628,#4109,#4651,.T.);
#4651 = SURFACE_CURVE('',#4652,(#4656,#4663),.PCURVE_S1.);
#4652 = LINE('',#4653,#4654);
#4653 = CARTESIAN_POINT('',(1.697999999999,-9.45,-14.));
#4654 = VECTOR('',#4655,1.);
#4655 = DIRECTION('',(0.,0.,1.));
#4656 = PCURVE('',#4152,#4657);
#4657 = DEFINITIONAL_REPRESENTATION('',(#4658),#4662);
#4658 = LINE('',#4659,#4660);
#4659 = CARTESIAN_POINT('',(3.552713678801E-15,0.));
#4660 = VECTOR('',#4661,1.);
#4661 = DIRECTION('',(0.,-1.));
#4662 = ( GEOMETRIC_REPRESENTATION_CONTEXT(2) 
PARAMETRIC_REPRESENTATION_CONTEXT() REPRESENTATION_CONTEXT('2D SPACE',''
  ) );
#4663 = PCURVE('',#4125,#4664);
#4664 = DEFINITIONAL_REPRESENTATION('',(#4665),#4669);
#4665 = LINE('',#4666,#4667);
#4666 = CARTESIAN_POINT('',(-4.712388980385,0.));
#4667 = VECTOR('',#4668,1.);
#4668 = DIRECTION('',(-0.,-1.));
#4669 = ( GEOMETRIC_REPRESENTATION_CONTEXT(2) 
PARAMETRIC_REPRESENTATION_CONTEXT() REPRESENTATION_CONTEXT('2D SPACE',''
  ) );
#4670 = ORIENTED_EDGE('',*,*,#4137,.T.);
#4671 = ORIENTED_EDGE('',*,*,#4601,.F.);
#4672 = ADVANCED_FACE('',(#4673),#4125,.F.);
#4673 = FACE_BOUND('',#4674,.T.);
#4674 = EDGE_LOOP('',(#4675,#4697,#4698,#4699));
#4675 = ORIENTED_EDGE('',*,*,#4676,.F.);
#4676 = EDGE_CURVE('',#4304,#4628,#4677,.T.);
#4677 = SURFACE_CURVE('',#4678,(#4683,#4690),.PCURVE_S1.);
#4678 = CIRCLE('',#4679,1.85);
#4679 = AXIS2_PLACEMENT_3D('',#4680,#4681,#4682);
#4680 = CARTESIAN_POINT('',(1.697999999999,-7.6,-14.));
#4681 = DIRECTION('',(0.,0.,1.));
#4682 = DIRECTION('',(1.,0.,0.));
#4683 = PCURVE('',#4125,#4684);
#4684 = DEFINITIONAL_REPRESENTATION('',(#4685),#4689);
#4685 = LINE('',#4686,#4687);
#4686 = CARTESIAN_POINT('',(-0.,0.));
#4687 = VECTOR('',#4688,1.);
#4688 = DIRECTION('',(-1.,0.));
#4689 = ( GEOMETRIC_REPRESENTATION_CONTEXT(2) 
PARAMETRIC_REPRESENTATION_CONTEXT() REPRESENTATION_CONTEXT('2D SPACE',''
  ) );
#4690 = PCURVE('',#4321,#4691);
#4691 = DEFINITIONAL_REPRESENTATION('',(#4692),#4696);
#4692 = CIRCLE('',#4693,1.85);
#4693 = AXIS2_PLACEMENT_2D('',#4694,#4695);
#4694 = CARTESIAN_POINT('',(-17.60699999909,-34.4));
#4695 = DIRECTION('',(1.,0.));
#4696 = ( GEOMETRIC_REPRESENTATION_CONTEXT(2) 
PARAMETRIC_REPRESENTATION_CONTEXT() REPRESENTATION_CONTEXT('2D SPACE',''
  ) );
#4697 = ORIENTED_EDGE('',*,*,#4333,.T.);
#4698 = ORIENTED_EDGE('',*,*,#4108,.F.);
#4699 = ORIENTED_EDGE('',*,*,#4650,.F.);
#4700 = ADVANCED_FACE('',(#4701),#4321,.T.);
#4701 = FACE_BOUND('',#4702,.T.);
#4702 = EDGE_LOOP('',(#4703,#4704,#4705,#4706,#4707,#4708,#4709,#4710));
#4703 = ORIENTED_EDGE('',*,*,#4303,.F.);
#4704 = ORIENTED_EDGE('',*,*,#4676,.T.);
#4705 = ORIENTED_EDGE('',*,*,#4627,.T.);
#4706 = ORIENTED_EDGE('',*,*,#4577,.T.);
#4707 = ORIENTED_EDGE('',*,*,#4528,.T.);
#4708 = ORIENTED_EDGE('',*,*,#4478,.T.);
#4709 = ORIENTED_EDGE('',*,*,#4429,.F.);
#4710 = ORIENTED_EDGE('',*,*,#4379,.T.);
#4711 = ( GEOMETRIC_REPRESENTATION_CONTEXT(3) 
GLOBAL_UNCERTAINTY_ASSIGNED_CONTEXT((#4715)) 
GLOBAL_UNIT_ASSIGNED_CONTEXT((#4712,#4713,#4714)) REPRESENTATION_CONTEXT
('Context #1','3D Context with UNIT and UNCERTAINTY') );
#4712 = ( LENGTH_UNIT() NAMED_UNIT(*) SI_UNIT(.MILLI.,.METRE.) );
#4713 = ( NAMED_UNIT(*) PLANE_ANGLE_UNIT() SI_UNIT($,.RADIAN.) );
#4714 = ( NAMED_UNIT(*) SI_UNIT($,.STERADIAN.) SOLID_ANGLE_UNIT() );
#4715 = UNCERTAINTY_MEASURE_WITH_UNIT(LENGTH_MEASURE(1.E-07),#4712,
  'distance_accuracy_value','confusion accuracy');
#4716 = PRODUCT_RELATED_PRODUCT_CATEGORY('part',$,(#7));

#4717=DESCRIPTIVE_REPRESENTATION_ITEM('cadgen:generator','cadgen');
#4718=REPRESENTATION('cadgen:generator',(#4717),#4711);
#4719=PROPERTY_DEFINITION('cadgen metadata','cadgen:generator',#5);
#4720=PROPERTY_DEFINITION_REPRESENTATION(#4719,#4718);
#4721=DESCRIPTIVE_REPRESENTATION_ITEM('cadgen:entryKind','part');
#4722=REPRESENTATION('cadgen:entryKind',(#4721),#4711);
#4723=PROPERTY_DEFINITION('cadgen metadata','cadgen:entryKind',#5);
#4724=PROPERTY_DEFINITION_REPRESENTATION(#4723,#4722);
#4725=DESCRIPTIVE_REPRESENTATION_ITEM('cadgen:sourcePath','back-plate.step.py');
#4726=REPRESENTATION('cadgen:sourcePath',(#4725),#4711);
#4727=PROPERTY_DEFINITION('cadgen metadata','cadgen:sourcePath',#5);
#4728=PROPERTY_DEFINITION_REPRESENTATION(#4727,#4726);
#4729=DESCRIPTIVE_REPRESENTATION_ITEM('cadgen:sourceHash','16e8898af11290d935c31ef978c6760a2c1fd9a8c7db10010539f84869c95b43');
#4730=REPRESENTATION('cadgen:sourceHash',(#4729),#4711);
#4731=PROPERTY_DEFINITION('cadgen metadata','cadgen:sourceHash',#5);
#4732=PROPERTY_DEFINITION_REPRESENTATION(#4731,#4730);
ENDSEC;
END-ISO-10303-21;
