ISO-10303-21;
HEADER;
FILE_DESCRIPTION(('Open CASCADE Model'),'2;1');
FILE_NAME('Open CASCADE Shape Model','2026-09-02T15:24:41',('Author'),(
    'Open CASCADE'),'Open CASCADE STEP processor 7.9','Open CASCADE 7.9'
  ,'Unknown');
FILE_SCHEMA(('AUTOMOTIVE_DESIGN { 1 0 10303 214 1 1 1 1 }'));
ENDSEC;
DATA;
#1 = APPLICATION_PROTOCOL_DEFINITION('international standard',
  'automotive_design',2000,#2);
#2 = APPLICATION_CONTEXT(
  'core data for automotive mechanical design processes');
#3 = SHAPE_DEFINITION_REPRESENTATION(#4,#10);
#4 = PRODUCT_DEFINITION_SHAPE('','',#5);
#5 = PRODUCT_DEFINITION('design','',#6,#9);
#6 = PRODUCT_DEFINITION_FORMATION('','',#7);
#7 = PRODUCT('front_cup','front_cup','',(#8));
#8 = PRODUCT_CONTEXT('',#2,'mechanical');
#9 = PRODUCT_DEFINITION_CONTEXT('part definition',#2,'design');
#10 = ADVANCED_BREP_SHAPE_REPRESENTATION('',(#11,#15),#4979);
#11 = AXIS2_PLACEMENT_3D('',#12,#13,#14);
#12 = CARTESIAN_POINT('',(0.,0.,0.));
#13 = DIRECTION('',(0.,0.,1.));
#14 = DIRECTION('',(1.,0.,-0.));
#15 = MANIFOLD_SOLID_BREP('',#16);
#16 = CLOSED_SHELL('',(#17,#137,#223,#309,#727,#797,#1565,#1612,#1665,
    #1713,#1781,#1849,#1881,#1952,#2004,#2057,#2109,#2163,#2215,#2267,
    #2299,#2451,#2476,#2550,#2604,#2658,#2705,#2752,#2806,#2860,#2885,
    #2954,#3008,#3062,#3109,#3156,#3210,#3264,#3289,#3358,#3412,#3459,
    #3513,#3560,#3614,#3661,#3693,#3719,#3744,#3769,#3776,#3857,#3906,
    #3960,#4009,#4063,#4112,#4166,#4193,#4248,#4388,#4590,#4640,#4690,
    #4837,#4864,#4891,#4918,#4945,#4972));
#17 = ADVANCED_FACE('',(#18),#32,.T.);
#18 = FACE_BOUND('',#19,.T.);
#19 = EDGE_LOOP('',(#20,#55,#83,#111));
#20 = ORIENTED_EDGE('',*,*,#21,.T.);
#21 = EDGE_CURVE('',#22,#24,#26,.T.);
#22 = VERTEX_POINT('',#23);
#23 = CARTESIAN_POINT('',(-4.302,-5.6,-14.));
#24 = VERTEX_POINT('',#25);
#25 = CARTESIAN_POINT('',(-4.302,-5.6,25.5));
#26 = SURFACE_CURVE('',#27,(#31,#43),.PCURVE_S1.);
#27 = LINE('',#28,#29);
#28 = CARTESIAN_POINT('',(-4.302,-5.6,-14.));
#29 = VECTOR('',#30,1.);
#30 = DIRECTION('',(0.,0.,1.));
#31 = PCURVE('',#32,#37);
#32 = PLANE('',#33);
#33 = AXIS2_PLACEMENT_3D('',#34,#35,#36);
#34 = CARTESIAN_POINT('',(-4.302,-5.6,-14.));
#35 = DIRECTION('',(-1.,0.,0.));
#36 = DIRECTION('',(0.,1.,0.));
#37 = DEFINITIONAL_REPRESENTATION('',(#38),#42);
#38 = LINE('',#39,#40);
#39 = CARTESIAN_POINT('',(0.,0.));
#40 = VECTOR('',#41,1.);
#41 = DIRECTION('',(0.,-1.));
#42 = ( GEOMETRIC_REPRESENTATION_CONTEXT(2) 
PARAMETRIC_REPRESENTATION_CONTEXT() REPRESENTATION_CONTEXT('2D SPACE',''
  ) );
#43 = PCURVE('',#44,#49);
#44 = CYLINDRICAL_SURFACE('',#45,6.);
#45 = AXIS2_PLACEMENT_3D('',#46,#47,#48);
#46 = CARTESIAN_POINT('',(1.698,-5.6,-14.));
#47 = DIRECTION('',(0.,0.,-1.));
#48 = DIRECTION('',(-1.,0.,0.));
#49 = DEFINITIONAL_REPRESENTATION('',(#50),#54);
#50 = LINE('',#51,#52);
#51 = CARTESIAN_POINT('',(6.28318530718,0.));
#52 = VECTOR('',#53,1.);
#53 = DIRECTION('',(0.,-1.));
#54 = ( GEOMETRIC_REPRESENTATION_CONTEXT(2) 
PARAMETRIC_REPRESENTATION_CONTEXT() REPRESENTATION_CONTEXT('2D SPACE',''
  ) );
#55 = ORIENTED_EDGE('',*,*,#56,.T.);
#56 = EDGE_CURVE('',#24,#57,#59,.T.);
#57 = VERTEX_POINT('',#58);
#58 = CARTESIAN_POINT('',(-4.302,43.28,25.5));
#59 = SURFACE_CURVE('',#60,(#64,#71),.PCURVE_S1.);
#60 = LINE('',#61,#62);
#61 = CARTESIAN_POINT('',(-4.302,18.84,25.5));
#62 = VECTOR('',#63,1.);
#63 = DIRECTION('',(0.,1.,0.));
#64 = PCURVE('',#32,#65);
#65 = DEFINITIONAL_REPRESENTATION('',(#66),#70);
#66 = LINE('',#67,#68);
#67 = CARTESIAN_POINT('',(24.44,-39.5));
#68 = VECTOR('',#69,1.);
#69 = DIRECTION('',(1.,0.));
#70 = ( GEOMETRIC_REPRESENTATION_CONTEXT(2) 
PARAMETRIC_REPRESENTATION_CONTEXT() REPRESENTATION_CONTEXT('2D SPACE',''
  ) );
#71 = PCURVE('',#72,#77);
#72 = PLANE('',#73);
#73 = AXIS2_PLACEMENT_3D('',#74,#75,#76);
#74 = CARTESIAN_POINT('',(-3.902,18.84,25.9));
#75 = DIRECTION('',(-0.707106781187,0.,0.707106781187));
#76 = DIRECTION('',(-0.,-1.,0.));
#77 = DEFINITIONAL_REPRESENTATION('',(#78),#82);
#78 = LINE('',#79,#80);
#79 = CARTESIAN_POINT('',(1.7763568394E-15,-0.565685424949));
#80 = VECTOR('',#81,1.);
#81 = DIRECTION('',(-1.,0.));
#82 = ( GEOMETRIC_REPRESENTATION_CONTEXT(2) 
PARAMETRIC_REPRESENTATION_CONTEXT() REPRESENTATION_CONTEXT('2D SPACE',''
  ) );
#83 = ORIENTED_EDGE('',*,*,#84,.F.);
#84 = EDGE_CURVE('',#85,#57,#87,.T.);
#85 = VERTEX_POINT('',#86);
#86 = CARTESIAN_POINT('',(-4.302,43.28,-14.));
#87 = SURFACE_CURVE('',#88,(#92,#99),.PCURVE_S1.);
#88 = LINE('',#89,#90);
#89 = CARTESIAN_POINT('',(-4.302,43.28,-14.));
#90 = VECTOR('',#91,1.);
#91 = DIRECTION('',(0.,0.,1.));
#92 = PCURVE('',#32,#93);
#93 = DEFINITIONAL_REPRESENTATION('',(#94),#98);
#94 = LINE('',#95,#96);
#95 = CARTESIAN_POINT('',(48.88,0.));
#96 = VECTOR('',#97,1.);
#97 = DIRECTION('',(0.,-1.));
#98 = ( GEOMETRIC_REPRESENTATION_CONTEXT(2) 
PARAMETRIC_REPRESENTATION_CONTEXT() REPRESENTATION_CONTEXT('2D SPACE',''
  ) );
#99 = PCURVE('',#100,#105);
#100 = CYLINDRICAL_SURFACE('',#101,6.);
#101 = AXIS2_PLACEMENT_3D('',#102,#103,#104);
#102 = CARTESIAN_POINT('',(1.698,43.28,-14.));
#103 = DIRECTION('',(0.,0.,-1.));
#104 = DIRECTION('',(-1.,0.,0.));
#105 = DEFINITIONAL_REPRESENTATION('',(#106),#110);
#106 = LINE('',#107,#108);
#107 = CARTESIAN_POINT('',(0.,0.));
#108 = VECTOR('',#109,1.);
#109 = DIRECTION('',(0.,-1.));
#110 = ( GEOMETRIC_REPRESENTATION_CONTEXT(2) 
PARAMETRIC_REPRESENTATION_CONTEXT() REPRESENTATION_CONTEXT('2D SPACE',''
  ) );
#111 = ORIENTED_EDGE('',*,*,#112,.F.);
#112 = EDGE_CURVE('',#22,#85,#113,.T.);
#113 = SURFACE_CURVE('',#114,(#118,#125),.PCURVE_S1.);
#114 = LINE('',#115,#116);
#115 = CARTESIAN_POINT('',(-4.302,18.84,-14.));
#116 = VECTOR('',#117,1.);
#117 = DIRECTION('',(0.,1.,0.));
#118 = PCURVE('',#32,#119);
#119 = DEFINITIONAL_REPRESENTATION('',(#120),#124);
#120 = LINE('',#121,#122);
#121 = CARTESIAN_POINT('',(24.44,0.));
#122 = VECTOR('',#123,1.);
#123 = DIRECTION('',(1.,0.));
#124 = ( GEOMETRIC_REPRESENTATION_CONTEXT(2) 
PARAMETRIC_REPRESENTATION_CONTEXT() REPRESENTATION_CONTEXT('2D SPACE',''
  ) );
#125 = PCURVE('',#126,#131);
#126 = PLANE('',#127);
#127 = AXIS2_PLACEMENT_3D('',#128,#129,#130);
#128 = CARTESIAN_POINT('',(19.304999999465,18.84,-14.));
#129 = DIRECTION('',(0.,0.,1.));
#130 = DIRECTION('',(1.,0.,0.));
#131 = DEFINITIONAL_REPRESENTATION('',(#132),#136);
#132 = LINE('',#133,#134);
#133 = CARTESIAN_POINT('',(-23.60699999946,2.075001999377E-16));
#134 = VECTOR('',#135,1.);
#135 = DIRECTION('',(0.,1.));
#136 = ( GEOMETRIC_REPRESENTATION_CONTEXT(2) 
PARAMETRIC_REPRESENTATION_CONTEXT() REPRESENTATION_CONTEXT('2D SPACE',''
  ) );
#137 = ADVANCED_FACE('',(#138),#44,.T.);
#138 = FACE_BOUND('',#139,.T.);
#139 = EDGE_LOOP('',(#140,#170,#196,#197));
#140 = ORIENTED_EDGE('',*,*,#141,.T.);
#141 = EDGE_CURVE('',#142,#144,#146,.T.);
#142 = VERTEX_POINT('',#143);
#143 = CARTESIAN_POINT('',(1.698,-11.6,-14.));
#144 = VERTEX_POINT('',#145);
#145 = CARTESIAN_POINT('',(1.698,-11.6,25.5));
#146 = SURFACE_CURVE('',#147,(#151,#158),.PCURVE_S1.);
#147 = LINE('',#148,#149);
#148 = CARTESIAN_POINT('',(1.698,-11.6,-14.));
#149 = VECTOR('',#150,1.);
#150 = DIRECTION('',(0.,0.,1.));
#151 = PCURVE('',#44,#152);
#152 = DEFINITIONAL_REPRESENTATION('',(#153),#157);
#153 = LINE('',#154,#155);
#154 = CARTESIAN_POINT('',(4.712388980385,0.));
#155 = VECTOR('',#156,1.);
#156 = DIRECTION('',(0.,-1.));
#157 = ( GEOMETRIC_REPRESENTATION_CONTEXT(2) 
PARAMETRIC_REPRESENTATION_CONTEXT() REPRESENTATION_CONTEXT('2D SPACE',''
  ) );
#158 = PCURVE('',#159,#164);
#159 = PLANE('',#160);
#160 = AXIS2_PLACEMENT_3D('',#161,#162,#163);
#161 = CARTESIAN_POINT('',(1.698,-11.6,-14.));
#162 = DIRECTION('',(0.,1.,0.));
#163 = DIRECTION('',(1.,0.,0.));
#164 = DEFINITIONAL_REPRESENTATION('',(#165),#169);
#165 = LINE('',#166,#167);
#166 = CARTESIAN_POINT('',(0.,0.));
#167 = VECTOR('',#168,1.);
#168 = DIRECTION('',(0.,-1.));
#169 = ( GEOMETRIC_REPRESENTATION_CONTEXT(2) 
PARAMETRIC_REPRESENTATION_CONTEXT() REPRESENTATION_CONTEXT('2D SPACE',''
  ) );
#170 = ORIENTED_EDGE('',*,*,#171,.T.);
#171 = EDGE_CURVE('',#144,#24,#172,.T.);
#172 = SURFACE_CURVE('',#173,(#178,#185),.PCURVE_S1.);
#173 = CIRCLE('',#174,6.);
#174 = AXIS2_PLACEMENT_3D('',#175,#176,#177);
#175 = CARTESIAN_POINT('',(1.698,-5.6,25.5));
#176 = DIRECTION('',(0.,0.,-1.));
#177 = DIRECTION('',(-1.,0.,0.));
#178 = PCURVE('',#44,#179);
#179 = DEFINITIONAL_REPRESENTATION('',(#180),#184);
#180 = LINE('',#181,#182);
#181 = CARTESIAN_POINT('',(0.,-39.5));
#182 = VECTOR('',#183,1.);
#183 = DIRECTION('',(1.,0.));
#184 = ( GEOMETRIC_REPRESENTATION_CONTEXT(2) 
PARAMETRIC_REPRESENTATION_CONTEXT() REPRESENTATION_CONTEXT('2D SPACE',''
  ) );
#185 = PCURVE('',#186,#191);
#186 = CONICAL_SURFACE('',#187,6.,0.785398163397);
#187 = AXIS2_PLACEMENT_3D('',#188,#189,#190);
#188 = CARTESIAN_POINT('',(1.698,-5.6,25.5));
#189 = DIRECTION('',(0.,0.,-1.));
#190 = DIRECTION('',(-1.,0.,0.));
#191 = DEFINITIONAL_REPRESENTATION('',(#192),#195);
#192 = B_SPLINE_CURVE_WITH_KNOTS('',1,(#193,#194),.UNSPECIFIED.,.F.,.F.,
  (2,2),(4.712388980385,6.28318530718),.PIECEWISE_BEZIER_KNOTS.);
#193 = CARTESIAN_POINT('',(-1.570796326795,0.));
#194 = CARTESIAN_POINT('',(0.,0.));
#195 = ( GEOMETRIC_REPRESENTATION_CONTEXT(2) 
PARAMETRIC_REPRESENTATION_CONTEXT() REPRESENTATION_CONTEXT('2D SPACE',''
  ) );
#196 = ORIENTED_EDGE('',*,*,#21,.F.);
#197 = ORIENTED_EDGE('',*,*,#198,.F.);
#198 = EDGE_CURVE('',#142,#22,#199,.T.);
#199 = SURFACE_CURVE('',#200,(#205,#212),.PCURVE_S1.);
#200 = CIRCLE('',#201,6.);
#201 = AXIS2_PLACEMENT_3D('',#202,#203,#204);
#202 = CARTESIAN_POINT('',(1.698,-5.6,-14.));
#203 = DIRECTION('',(0.,0.,-1.));
#204 = DIRECTION('',(-1.,0.,0.));
#205 = PCURVE('',#44,#206);
#206 = DEFINITIONAL_REPRESENTATION('',(#207),#211);
#207 = LINE('',#208,#209);
#208 = CARTESIAN_POINT('',(0.,0.));
#209 = VECTOR('',#210,1.);
#210 = DIRECTION('',(1.,0.));
#211 = ( GEOMETRIC_REPRESENTATION_CONTEXT(2) 
PARAMETRIC_REPRESENTATION_CONTEXT() REPRESENTATION_CONTEXT('2D SPACE',''
  ) );
#212 = PCURVE('',#126,#213);
#213 = DEFINITIONAL_REPRESENTATION('',(#214),#222);
#214 = ( BOUNDED_CURVE() B_SPLINE_CURVE(2,(#215,#216,#217,#218,#219,#220
,#221),.UNSPECIFIED.,.T.,.F.) B_SPLINE_CURVE_WITH_KNOTS((1,2,2,2,2,1),(
    -2.094395102393,0.,2.094395102393,4.188790204786,6.28318530718,
8.377580409573),.UNSPECIFIED.) CURVE() GEOMETRIC_REPRESENTATION_ITEM() 
RATIONAL_B_SPLINE_CURVE((1.,0.5,1.,0.5,1.,0.5,1.)) REPRESENTATION_ITEM(
  '') );
#215 = CARTESIAN_POINT('',(-23.60699999946,-24.44));
#216 = CARTESIAN_POINT('',(-23.60699999946,-14.04769515458));
#217 = CARTESIAN_POINT('',(-14.60699999946,-19.24384757729));
#218 = CARTESIAN_POINT('',(-5.606999999465,-24.44));
#219 = CARTESIAN_POINT('',(-14.60699999946,-29.6361524227));
#220 = CARTESIAN_POINT('',(-23.60699999946,-34.83230484541));
#221 = CARTESIAN_POINT('',(-23.60699999946,-24.44));
#222 = ( GEOMETRIC_REPRESENTATION_CONTEXT(2) 
PARAMETRIC_REPRESENTATION_CONTEXT() REPRESENTATION_CONTEXT('2D SPACE',''
  ) );
#223 = ADVANCED_FACE('',(#224),#100,.T.);
#224 = FACE_BOUND('',#225,.T.);
#225 = EDGE_LOOP('',(#226,#227,#255,#283));
#226 = ORIENTED_EDGE('',*,*,#84,.T.);
#227 = ORIENTED_EDGE('',*,*,#228,.T.);
#228 = EDGE_CURVE('',#57,#229,#231,.T.);
#229 = VERTEX_POINT('',#230);
#230 = CARTESIAN_POINT('',(1.698,49.28,25.5));
#231 = SURFACE_CURVE('',#232,(#237,#244),.PCURVE_S1.);
#232 = CIRCLE('',#233,6.);
#233 = AXIS2_PLACEMENT_3D('',#234,#235,#236);
#234 = CARTESIAN_POINT('',(1.698,43.28,25.5));
#235 = DIRECTION('',(0.,0.,-1.));
#236 = DIRECTION('',(-1.,0.,0.));
#237 = PCURVE('',#100,#238);
#238 = DEFINITIONAL_REPRESENTATION('',(#239),#243);
#239 = LINE('',#240,#241);
#240 = CARTESIAN_POINT('',(0.,-39.5));
#241 = VECTOR('',#242,1.);
#242 = DIRECTION('',(1.,0.));
#243 = ( GEOMETRIC_REPRESENTATION_CONTEXT(2) 
PARAMETRIC_REPRESENTATION_CONTEXT() REPRESENTATION_CONTEXT('2D SPACE',''
  ) );
#244 = PCURVE('',#245,#250);
#245 = CONICAL_SURFACE('',#246,6.,0.785398163397);
#246 = AXIS2_PLACEMENT_3D('',#247,#248,#249);
#247 = CARTESIAN_POINT('',(1.698,43.28,25.5));
#248 = DIRECTION('',(0.,0.,-1.));
#249 = DIRECTION('',(-1.,0.,0.));
#250 = DEFINITIONAL_REPRESENTATION('',(#251),#254);
#251 = B_SPLINE_CURVE_WITH_KNOTS('',1,(#252,#253),.UNSPECIFIED.,.F.,.F.,
  (2,2),(0.,1.570796326795),.PIECEWISE_BEZIER_KNOTS.);
#252 = CARTESIAN_POINT('',(-6.28318530718,0.));
#253 = CARTESIAN_POINT('',(-4.712388980385,0.));
#254 = ( GEOMETRIC_REPRESENTATION_CONTEXT(2) 
PARAMETRIC_REPRESENTATION_CONTEXT() REPRESENTATION_CONTEXT('2D SPACE',''
  ) );
#255 = ORIENTED_EDGE('',*,*,#256,.F.);
#256 = EDGE_CURVE('',#257,#229,#259,.T.);
#257 = VERTEX_POINT('',#258);
#258 = CARTESIAN_POINT('',(1.698,49.28,-14.));
#259 = SURFACE_CURVE('',#260,(#264,#271),.PCURVE_S1.);
#260 = LINE('',#261,#262);
#261 = CARTESIAN_POINT('',(1.698,49.28,-14.));
#262 = VECTOR('',#263,1.);
#263 = DIRECTION('',(0.,0.,1.));
#264 = PCURVE('',#100,#265);
#265 = DEFINITIONAL_REPRESENTATION('',(#266),#270);
#266 = LINE('',#267,#268);
#267 = CARTESIAN_POINT('',(1.570796326795,0.));
#268 = VECTOR('',#269,1.);
#269 = DIRECTION('',(0.,-1.));
#270 = ( GEOMETRIC_REPRESENTATION_CONTEXT(2) 
PARAMETRIC_REPRESENTATION_CONTEXT() REPRESENTATION_CONTEXT('2D SPACE',''
  ) );
#271 = PCURVE('',#272,#277);
#272 = PLANE('',#273);
#273 = AXIS2_PLACEMENT_3D('',#274,#275,#276);
#274 = CARTESIAN_POINT('',(1.698,49.28,-14.));
#275 = DIRECTION('',(0.,1.,0.));
#276 = DIRECTION('',(1.,0.,0.));
#277 = DEFINITIONAL_REPRESENTATION('',(#278),#282);
#278 = LINE('',#279,#280);
#279 = CARTESIAN_POINT('',(0.,0.));
#280 = VECTOR('',#281,1.);
#281 = DIRECTION('',(0.,-1.));
#282 = ( GEOMETRIC_REPRESENTATION_CONTEXT(2) 
PARAMETRIC_REPRESENTATION_CONTEXT() REPRESENTATION_CONTEXT('2D SPACE',''
  ) );
#283 = ORIENTED_EDGE('',*,*,#284,.F.);
#284 = EDGE_CURVE('',#85,#257,#285,.T.);
#285 = SURFACE_CURVE('',#286,(#291,#298),.PCURVE_S1.);
#286 = CIRCLE('',#287,6.);
#287 = AXIS2_PLACEMENT_3D('',#288,#289,#290);
#288 = CARTESIAN_POINT('',(1.698,43.28,-14.));
#289 = DIRECTION('',(0.,0.,-1.));
#290 = DIRECTION('',(-1.,0.,0.));
#291 = PCURVE('',#100,#292);
#292 = DEFINITIONAL_REPRESENTATION('',(#293),#297);
#293 = LINE('',#294,#295);
#294 = CARTESIAN_POINT('',(0.,0.));
#295 = VECTOR('',#296,1.);
#296 = DIRECTION('',(1.,0.));
#297 = ( GEOMETRIC_REPRESENTATION_CONTEXT(2) 
PARAMETRIC_REPRESENTATION_CONTEXT() REPRESENTATION_CONTEXT('2D SPACE',''
  ) );
#298 = PCURVE('',#126,#299);
#299 = DEFINITIONAL_REPRESENTATION('',(#300),#308);
#300 = ( BOUNDED_CURVE() B_SPLINE_CURVE(2,(#301,#302,#303,#304,#305,#306
,#307),.UNSPECIFIED.,.T.,.F.) B_SPLINE_CURVE_WITH_KNOTS((1,2,2,2,2,1),(
    -2.094395102393,0.,2.094395102393,4.188790204786,6.28318530718,
8.377580409573),.UNSPECIFIED.) CURVE() GEOMETRIC_REPRESENTATION_ITEM() 
RATIONAL_B_SPLINE_CURVE((1.,0.5,1.,0.5,1.,0.5,1.)) REPRESENTATION_ITEM(
  '') );
#301 = CARTESIAN_POINT('',(-23.60699999946,24.44));
#302 = CARTESIAN_POINT('',(-23.60699999946,34.832304845413));
#303 = CARTESIAN_POINT('',(-14.60699999946,29.636152422707));
#304 = CARTESIAN_POINT('',(-5.606999999465,24.44));
#305 = CARTESIAN_POINT('',(-14.60699999946,19.243847577293));
#306 = CARTESIAN_POINT('',(-23.60699999946,14.047695154587));
#307 = CARTESIAN_POINT('',(-23.60699999946,24.44));
#308 = ( GEOMETRIC_REPRESENTATION_CONTEXT(2) 
PARAMETRIC_REPRESENTATION_CONTEXT() REPRESENTATION_CONTEXT('2D SPACE',''
  ) );
#309 = ADVANCED_FACE('',(#310,#453),#126,.F.);
#310 = FACE_BOUND('',#311,.F.);
#311 = EDGE_LOOP('',(#312,#313,#314,#337,#370,#398,#431,#452));
#312 = ORIENTED_EDGE('',*,*,#112,.F.);
#313 = ORIENTED_EDGE('',*,*,#198,.F.);
#314 = ORIENTED_EDGE('',*,*,#315,.T.);
#315 = EDGE_CURVE('',#142,#316,#318,.T.);
#316 = VERTEX_POINT('',#317);
#317 = CARTESIAN_POINT('',(36.911999997959,-11.6,-14.));
#318 = SURFACE_CURVE('',#319,(#323,#330),.PCURVE_S1.);
#319 = LINE('',#320,#321);
#320 = CARTESIAN_POINT('',(19.305,-11.6,-14.));
#321 = VECTOR('',#322,1.);
#322 = DIRECTION('',(1.,0.,0.));
#323 = PCURVE('',#126,#324);
#324 = DEFINITIONAL_REPRESENTATION('',(#325),#329);
#325 = LINE('',#326,#327);
#326 = CARTESIAN_POINT('',(5.349405473193E-10,-30.44));
#327 = VECTOR('',#328,1.);
#328 = DIRECTION('',(1.,0.));
#329 = ( GEOMETRIC_REPRESENTATION_CONTEXT(2) 
PARAMETRIC_REPRESENTATION_CONTEXT() REPRESENTATION_CONTEXT('2D SPACE',''
  ) );
#330 = PCURVE('',#159,#331);
#331 = DEFINITIONAL_REPRESENTATION('',(#332),#336);
#332 = LINE('',#333,#334);
#333 = CARTESIAN_POINT('',(17.607,0.));
#334 = VECTOR('',#335,1.);
#335 = DIRECTION('',(1.,0.));
#336 = ( GEOMETRIC_REPRESENTATION_CONTEXT(2) 
PARAMETRIC_REPRESENTATION_CONTEXT() REPRESENTATION_CONTEXT('2D SPACE',''
  ) );
#337 = ORIENTED_EDGE('',*,*,#338,.F.);
#338 = EDGE_CURVE('',#339,#316,#341,.T.);
#339 = VERTEX_POINT('',#340);
#340 = CARTESIAN_POINT('',(42.91199999898,-5.6,-14.));
#341 = SURFACE_CURVE('',#342,(#347,#358),.PCURVE_S1.);
#342 = CIRCLE('',#343,6.);
#343 = AXIS2_PLACEMENT_3D('',#344,#345,#346);
#344 = CARTESIAN_POINT('',(36.911999997959,-5.6,-14.));
#345 = DIRECTION('',(0.,0.,-1.));
#346 = DIRECTION('',(-1.,0.,0.));
#347 = PCURVE('',#126,#348);
#348 = DEFINITIONAL_REPRESENTATION('',(#349),#357);
#349 = ( BOUNDED_CURVE() B_SPLINE_CURVE(2,(#350,#351,#352,#353,#354,#355
,#356),.UNSPECIFIED.,.T.,.F.) B_SPLINE_CURVE_WITH_KNOTS((1,2,2,2,2,1),(
    -2.094395102393,0.,2.094395102393,4.188790204786,6.28318530718,
8.377580409573),.UNSPECIFIED.) CURVE() GEOMETRIC_REPRESENTATION_ITEM() 
RATIONAL_B_SPLINE_CURVE((1.,0.5,1.,0.5,1.,0.5,1.)) REPRESENTATION_ITEM(
  '') );
#350 = CARTESIAN_POINT('',(11.606999998494,-24.44));
#351 = CARTESIAN_POINT('',(11.606999998494,-14.04769515458));
#352 = CARTESIAN_POINT('',(20.606999998494,-19.24384757729));
#353 = CARTESIAN_POINT('',(29.606999998494,-24.44));
#354 = CARTESIAN_POINT('',(20.606999998494,-29.6361524227));
#355 = CARTESIAN_POINT('',(11.606999998494,-34.83230484541));
#356 = CARTESIAN_POINT('',(11.606999998494,-24.44));
#357 = ( GEOMETRIC_REPRESENTATION_CONTEXT(2) 
PARAMETRIC_REPRESENTATION_CONTEXT() REPRESENTATION_CONTEXT('2D SPACE',''
  ) );
#358 = PCURVE('',#359,#364);
#359 = CYLINDRICAL_SURFACE('',#360,6.);
#360 = AXIS2_PLACEMENT_3D('',#361,#362,#363);
#361 = CARTESIAN_POINT('',(36.911999997959,-5.6,-14.));
#362 = DIRECTION('',(0.,0.,-1.));
#363 = DIRECTION('',(-1.,0.,0.));
#364 = DEFINITIONAL_REPRESENTATION('',(#365),#369);
#365 = LINE('',#366,#367);
#366 = CARTESIAN_POINT('',(0.,0.));
#367 = VECTOR('',#368,1.);
#368 = DIRECTION('',(1.,0.));
#369 = ( GEOMETRIC_REPRESENTATION_CONTEXT(2) 
PARAMETRIC_REPRESENTATION_CONTEXT() REPRESENTATION_CONTEXT('2D SPACE',''
  ) );
#370 = ORIENTED_EDGE('',*,*,#371,.T.);
#371 = EDGE_CURVE('',#339,#372,#374,.T.);
#372 = VERTEX_POINT('',#373);
#373 = CARTESIAN_POINT('',(42.91199999898,43.28,-14.));
#374 = SURFACE_CURVE('',#375,(#379,#386),.PCURVE_S1.);
#375 = LINE('',#376,#377);
#376 = CARTESIAN_POINT('',(42.912,18.84,-14.));
#377 = VECTOR('',#378,1.);
#378 = DIRECTION('',(0.,1.,0.));
#379 = PCURVE('',#126,#380);
#380 = DEFINITIONAL_REPRESENTATION('',(#381),#385);
#381 = LINE('',#382,#383);
#382 = CARTESIAN_POINT('',(23.607000000535,2.075001999377E-16));
#383 = VECTOR('',#384,1.);
#384 = DIRECTION('',(0.,1.));
#385 = ( GEOMETRIC_REPRESENTATION_CONTEXT(2) 
PARAMETRIC_REPRESENTATION_CONTEXT() REPRESENTATION_CONTEXT('2D SPACE',''
  ) );
#386 = PCURVE('',#387,#392);
#387 = PLANE('',#388);
#388 = AXIS2_PLACEMENT_3D('',#389,#390,#391);
#389 = CARTESIAN_POINT('',(42.912,-5.6,-14.));
#390 = DIRECTION('',(-1.,0.,0.));
#391 = DIRECTION('',(0.,1.,0.));
#392 = DEFINITIONAL_REPRESENTATION('',(#393),#397);
#393 = LINE('',#394,#395);
#394 = CARTESIAN_POINT('',(24.44,0.));
#395 = VECTOR('',#396,1.);
#396 = DIRECTION('',(1.,0.));
#397 = ( GEOMETRIC_REPRESENTATION_CONTEXT(2) 
PARAMETRIC_REPRESENTATION_CONTEXT() REPRESENTATION_CONTEXT('2D SPACE',''
  ) );
#398 = ORIENTED_EDGE('',*,*,#399,.F.);
#399 = EDGE_CURVE('',#400,#372,#402,.T.);
#400 = VERTEX_POINT('',#401);
#401 = CARTESIAN_POINT('',(36.911999997959,49.28,-14.));
#402 = SURFACE_CURVE('',#403,(#408,#419),.PCURVE_S1.);
#403 = CIRCLE('',#404,6.);
#404 = AXIS2_PLACEMENT_3D('',#405,#406,#407);
#405 = CARTESIAN_POINT('',(36.911999997959,43.28,-14.));
#406 = DIRECTION('',(0.,0.,-1.));
#407 = DIRECTION('',(-1.,0.,0.));
#408 = PCURVE('',#126,#409);
#409 = DEFINITIONAL_REPRESENTATION('',(#410),#418);
#410 = ( BOUNDED_CURVE() B_SPLINE_CURVE(2,(#411,#412,#413,#414,#415,#416
,#417),.UNSPECIFIED.,.T.,.F.) B_SPLINE_CURVE_WITH_KNOTS((1,2,2,2,2,1),(
    -2.094395102393,0.,2.094395102393,4.188790204786,6.28318530718,
8.377580409573),.UNSPECIFIED.) CURVE() GEOMETRIC_REPRESENTATION_ITEM() 
RATIONAL_B_SPLINE_CURVE((1.,0.5,1.,0.5,1.,0.5,1.)) REPRESENTATION_ITEM(
  '') );
#411 = CARTESIAN_POINT('',(11.606999998494,24.44));
#412 = CARTESIAN_POINT('',(11.606999998494,34.832304845413));
#413 = CARTESIAN_POINT('',(20.606999998494,29.636152422707));
#414 = CARTESIAN_POINT('',(29.606999998494,24.44));
#415 = CARTESIAN_POINT('',(20.606999998494,19.243847577293));
#416 = CARTESIAN_POINT('',(11.606999998494,14.047695154587));
#417 = CARTESIAN_POINT('',(11.606999998494,24.44));
#418 = ( GEOMETRIC_REPRESENTATION_CONTEXT(2) 
PARAMETRIC_REPRESENTATION_CONTEXT() REPRESENTATION_CONTEXT('2D SPACE',''
  ) );
#419 = PCURVE('',#420,#425);
#420 = CYLINDRICAL_SURFACE('',#421,6.);
#421 = AXIS2_PLACEMENT_3D('',#422,#423,#424);
#422 = CARTESIAN_POINT('',(36.911999997959,43.28,-14.));
#423 = DIRECTION('',(0.,0.,-1.));
#424 = DIRECTION('',(-1.,0.,0.));
#425 = DEFINITIONAL_REPRESENTATION('',(#426),#430);
#426 = LINE('',#427,#428);
#427 = CARTESIAN_POINT('',(0.,0.));
#428 = VECTOR('',#429,1.);
#429 = DIRECTION('',(1.,0.));
#430 = ( GEOMETRIC_REPRESENTATION_CONTEXT(2) 
PARAMETRIC_REPRESENTATION_CONTEXT() REPRESENTATION_CONTEXT('2D SPACE',''
  ) );
#431 = ORIENTED_EDGE('',*,*,#432,.F.);
#432 = EDGE_CURVE('',#257,#400,#433,.T.);
#433 = SURFACE_CURVE('',#434,(#438,#445),.PCURVE_S1.);
#434 = LINE('',#435,#436);
#435 = CARTESIAN_POINT('',(19.305,49.28,-14.));
#436 = VECTOR('',#437,1.);
#437 = DIRECTION('',(1.,0.,0.));
#438 = PCURVE('',#126,#439);
#439 = DEFINITIONAL_REPRESENTATION('',(#440),#444);
#440 = LINE('',#441,#442);
#441 = CARTESIAN_POINT('',(5.349405473193E-10,30.44));
#442 = VECTOR('',#443,1.);
#443 = DIRECTION('',(1.,0.));
#444 = ( GEOMETRIC_REPRESENTATION_CONTEXT(2) 
PARAMETRIC_REPRESENTATION_CONTEXT() REPRESENTATION_CONTEXT('2D SPACE',''
  ) );
#445 = PCURVE('',#272,#446);
#446 = DEFINITIONAL_REPRESENTATION('',(#447),#451);
#447 = LINE('',#448,#449);
#448 = CARTESIAN_POINT('',(17.607,0.));
#449 = VECTOR('',#450,1.);
#450 = DIRECTION('',(1.,0.));
#451 = ( GEOMETRIC_REPRESENTATION_CONTEXT(2) 
PARAMETRIC_REPRESENTATION_CONTEXT() REPRESENTATION_CONTEXT('2D SPACE',''
  ) );
#452 = ORIENTED_EDGE('',*,*,#284,.F.);
#453 = FACE_BOUND('',#454,.F.);
#454 = EDGE_LOOP('',(#455,#490,#518,#551,#579,#626,#654,#701));
#455 = ORIENTED_EDGE('',*,*,#456,.T.);
#456 = EDGE_CURVE('',#457,#459,#461,.T.);
#457 = VERTEX_POINT('',#458);
#458 = CARTESIAN_POINT('',(1.698,-9.8,-14.));
#459 = VERTEX_POINT('',#460);
#460 = CARTESIAN_POINT('',(-2.502,-5.6,-14.));
#461 = SURFACE_CURVE('',#462,(#467,#478),.PCURVE_S1.);
#462 = CIRCLE('',#463,4.2);
#463 = AXIS2_PLACEMENT_3D('',#464,#465,#466);
#464 = CARTESIAN_POINT('',(1.698,-5.6,-14.));
#465 = DIRECTION('',(0.,0.,-1.));
#466 = DIRECTION('',(-1.,0.,0.));
#467 = PCURVE('',#126,#468);
#468 = DEFINITIONAL_REPRESENTATION('',(#469),#477);
#469 = ( BOUNDED_CURVE() B_SPLINE_CURVE(2,(#470,#471,#472,#473,#474,#475
,#476),.UNSPECIFIED.,.T.,.F.) B_SPLINE_CURVE_WITH_KNOTS((1,2,2,2,2,1),(
    -2.094395102393,0.,2.094395102393,4.188790204786,6.28318530718,
8.377580409573),.UNSPECIFIED.) CURVE() GEOMETRIC_REPRESENTATION_ITEM() 
RATIONAL_B_SPLINE_CURVE((1.,0.5,1.,0.5,1.,0.5,1.)) REPRESENTATION_ITEM(
  '') );
#470 = CARTESIAN_POINT('',(-21.80699999946,-24.44));
#471 = CARTESIAN_POINT('',(-21.80699999946,-17.16538660821));
#472 = CARTESIAN_POINT('',(-15.50699999946,-20.8026933041));
#473 = CARTESIAN_POINT('',(-9.206999999465,-24.44));
#474 = CARTESIAN_POINT('',(-15.50699999946,-28.07730669589));
#475 = CARTESIAN_POINT('',(-21.80699999946,-31.71461339178));
#476 = CARTESIAN_POINT('',(-21.80699999946,-24.44));
#477 = ( GEOMETRIC_REPRESENTATION_CONTEXT(2) 
PARAMETRIC_REPRESENTATION_CONTEXT() REPRESENTATION_CONTEXT('2D SPACE',''
  ) );
#478 = PCURVE('',#479,#484);
#479 = CONICAL_SURFACE('',#480,4.2,0.785398163397);
#480 = AXIS2_PLACEMENT_3D('',#481,#482,#483);
#481 = CARTESIAN_POINT('',(1.698,-5.6,-14.));
#482 = DIRECTION('',(0.,0.,-1.));
#483 = DIRECTION('',(-1.,0.,0.));
#484 = DEFINITIONAL_REPRESENTATION('',(#485),#489);
#485 = LINE('',#486,#487);
#486 = CARTESIAN_POINT('',(-6.28318530718,-0.));
#487 = VECTOR('',#488,1.);
#488 = DIRECTION('',(1.,-0.));
#489 = ( GEOMETRIC_REPRESENTATION_CONTEXT(2) 
PARAMETRIC_REPRESENTATION_CONTEXT() REPRESENTATION_CONTEXT('2D SPACE',''
  ) );
#490 = ORIENTED_EDGE('',*,*,#491,.T.);
#491 = EDGE_CURVE('',#459,#492,#494,.T.);
#492 = VERTEX_POINT('',#493);
#493 = CARTESIAN_POINT('',(-2.502,43.28,-14.));
#494 = SURFACE_CURVE('',#495,(#499,#506),.PCURVE_S1.);
#495 = LINE('',#496,#497);
#496 = CARTESIAN_POINT('',(-2.502,18.84,-14.));
#497 = VECTOR('',#498,1.);
#498 = DIRECTION('',(0.,1.,0.));
#499 = PCURVE('',#126,#500);
#500 = DEFINITIONAL_REPRESENTATION('',(#501),#505);
#501 = LINE('',#502,#503);
#502 = CARTESIAN_POINT('',(-21.80699999946,3.760213878738E-15));
#503 = VECTOR('',#504,1.);
#504 = DIRECTION('',(0.,1.));
#505 = ( GEOMETRIC_REPRESENTATION_CONTEXT(2) 
PARAMETRIC_REPRESENTATION_CONTEXT() REPRESENTATION_CONTEXT('2D SPACE',''
  ) );
#506 = PCURVE('',#507,#512);
#507 = PLANE('',#508);
#508 = AXIS2_PLACEMENT_3D('',#509,#510,#511);
#509 = CARTESIAN_POINT('',(-1.902,18.84,-13.4));
#510 = DIRECTION('',(-0.707106781187,0.,0.707106781187));
#511 = DIRECTION('',(-0.,-1.,0.));
#512 = DEFINITIONAL_REPRESENTATION('',(#513),#517);
#513 = LINE('',#514,#515);
#514 = CARTESIAN_POINT('',(0.,-0.848528137424));
#515 = VECTOR('',#516,1.);
#516 = DIRECTION('',(-1.,0.));
#517 = ( GEOMETRIC_REPRESENTATION_CONTEXT(2) 
PARAMETRIC_REPRESENTATION_CONTEXT() REPRESENTATION_CONTEXT('2D SPACE',''
  ) );
#518 = ORIENTED_EDGE('',*,*,#519,.T.);
#519 = EDGE_CURVE('',#492,#520,#522,.T.);
#520 = VERTEX_POINT('',#521);
#521 = CARTESIAN_POINT('',(1.698,47.48,-14.));
#522 = SURFACE_CURVE('',#523,(#528,#539),.PCURVE_S1.);
#523 = CIRCLE('',#524,4.2);
#524 = AXIS2_PLACEMENT_3D('',#525,#526,#527);
#525 = CARTESIAN_POINT('',(1.698,43.28,-14.));
#526 = DIRECTION('',(0.,0.,-1.));
#527 = DIRECTION('',(-1.,0.,0.));
#528 = PCURVE('',#126,#529);
#529 = DEFINITIONAL_REPRESENTATION('',(#530),#538);
#530 = ( BOUNDED_CURVE() B_SPLINE_CURVE(2,(#531,#532,#533,#534,#535,#536
,#537),.UNSPECIFIED.,.T.,.F.) B_SPLINE_CURVE_WITH_KNOTS((1,2,2,2,2,1),(
    -2.094395102393,0.,2.094395102393,4.188790204786,6.28318530718,
8.377580409573),.UNSPECIFIED.) CURVE() GEOMETRIC_REPRESENTATION_ITEM() 
RATIONAL_B_SPLINE_CURVE((1.,0.5,1.,0.5,1.,0.5,1.)) REPRESENTATION_ITEM(
  '') );
#531 = CARTESIAN_POINT('',(-21.80699999946,24.44));
#532 = CARTESIAN_POINT('',(-21.80699999946,31.714613391789));
#533 = CARTESIAN_POINT('',(-15.50699999946,28.077306695895));
#534 = CARTESIAN_POINT('',(-9.206999999465,24.44));
#535 = CARTESIAN_POINT('',(-15.50699999946,20.802693304105));
#536 = CARTESIAN_POINT('',(-21.80699999946,17.165386608211));
#537 = CARTESIAN_POINT('',(-21.80699999946,24.44));
#538 = ( GEOMETRIC_REPRESENTATION_CONTEXT(2) 
PARAMETRIC_REPRESENTATION_CONTEXT() REPRESENTATION_CONTEXT('2D SPACE',''
  ) );
#539 = PCURVE('',#540,#545);
#540 = CONICAL_SURFACE('',#541,4.2,0.785398163397);
#541 = AXIS2_PLACEMENT_3D('',#542,#543,#544);
#542 = CARTESIAN_POINT('',(1.698,43.28,-14.));
#543 = DIRECTION('',(0.,0.,-1.));
#544 = DIRECTION('',(-1.,0.,0.));
#545 = DEFINITIONAL_REPRESENTATION('',(#546),#550);
#546 = LINE('',#547,#548);
#547 = CARTESIAN_POINT('',(-6.28318530718,-0.));
#548 = VECTOR('',#549,1.);
#549 = DIRECTION('',(1.,-0.));
#550 = ( GEOMETRIC_REPRESENTATION_CONTEXT(2) 
PARAMETRIC_REPRESENTATION_CONTEXT() REPRESENTATION_CONTEXT('2D SPACE',''
  ) );
#551 = ORIENTED_EDGE('',*,*,#552,.T.);
#552 = EDGE_CURVE('',#520,#553,#555,.T.);
#553 = VERTEX_POINT('',#554);
#554 = CARTESIAN_POINT('',(36.911999997244,47.48,-14.));
#555 = SURFACE_CURVE('',#556,(#560,#567),.PCURVE_S1.);
#556 = LINE('',#557,#558);
#557 = CARTESIAN_POINT('',(19.305,47.48,-14.));
#558 = VECTOR('',#559,1.);
#559 = DIRECTION('',(1.,0.,0.));
#560 = PCURVE('',#126,#561);
#561 = DEFINITIONAL_REPRESENTATION('',(#562),#566);
#562 = LINE('',#563,#564);
#563 = CARTESIAN_POINT('',(5.350169306633E-10,28.64));
#564 = VECTOR('',#565,1.);
#565 = DIRECTION('',(1.,0.));
#566 = ( GEOMETRIC_REPRESENTATION_CONTEXT(2) 
PARAMETRIC_REPRESENTATION_CONTEXT() REPRESENTATION_CONTEXT('2D SPACE',''
  ) );
#567 = PCURVE('',#568,#573);
#568 = B_SPLINE_SURFACE_WITH_KNOTS('',1,1,(
    (#569,#570)
    ,(#571,#572
    )),.UNSPECIFIED.,.F.,.F.,.F.,(2,2),(2,2),(-17.60699999724,17.607),(
    0.,1.),.PIECEWISE_BEZIER_KNOTS.);
#569 = CARTESIAN_POINT('',(36.911999997244,47.48,-14.));
#570 = CARTESIAN_POINT('',(36.911999996898,46.88,-13.4));
#571 = CARTESIAN_POINT('',(1.698,47.48,-14.));
#572 = CARTESIAN_POINT('',(1.698,46.88,-13.4));
#573 = DEFINITIONAL_REPRESENTATION('',(#574),#578);
#574 = LINE('',#575,#576);
#575 = CARTESIAN_POINT('',(0.,0.));
#576 = VECTOR('',#577,1.);
#577 = DIRECTION('',(-1.,0.));
#578 = ( GEOMETRIC_REPRESENTATION_CONTEXT(2) 
PARAMETRIC_REPRESENTATION_CONTEXT() REPRESENTATION_CONTEXT('2D SPACE',''
  ) );
#579 = ORIENTED_EDGE('',*,*,#580,.T.);
#580 = EDGE_CURVE('',#553,#581,#583,.T.);
#581 = VERTEX_POINT('',#582);
#582 = CARTESIAN_POINT('',(41.111999998622,43.28,-14.));
#583 = SURFACE_CURVE('',#584,(#589,#600),.PCURVE_S1.);
#584 = CIRCLE('',#585,4.2);
#585 = AXIS2_PLACEMENT_3D('',#586,#587,#588);
#586 = CARTESIAN_POINT('',(36.911999997244,43.28,-14.));
#587 = DIRECTION('',(0.,0.,-1.));
#588 = DIRECTION('',(-1.,0.,0.));
#589 = PCURVE('',#126,#590);
#590 = DEFINITIONAL_REPRESENTATION('',(#591),#599);
#591 = ( BOUNDED_CURVE() B_SPLINE_CURVE(2,(#592,#593,#594,#595,#596,#597
,#598),.UNSPECIFIED.,.T.,.F.) B_SPLINE_CURVE_WITH_KNOTS((1,2,2,2,2,1),(
    -2.094395102393,0.,2.094395102393,4.188790204786,6.28318530718,
8.377580409573),.UNSPECIFIED.) CURVE() GEOMETRIC_REPRESENTATION_ITEM() 
RATIONAL_B_SPLINE_CURVE((1.,0.5,1.,0.5,1.,0.5,1.)) REPRESENTATION_ITEM(
  '') );
#592 = CARTESIAN_POINT('',(13.406999997779,24.44));
#593 = CARTESIAN_POINT('',(13.406999997779,31.714613391789));
#594 = CARTESIAN_POINT('',(19.706999997779,28.077306695895));
#595 = CARTESIAN_POINT('',(26.006999997779,24.44));
#596 = CARTESIAN_POINT('',(19.706999997779,20.802693304105));
#597 = CARTESIAN_POINT('',(13.406999997779,17.165386608211));
#598 = CARTESIAN_POINT('',(13.406999997779,24.44));
#599 = ( GEOMETRIC_REPRESENTATION_CONTEXT(2) 
PARAMETRIC_REPRESENTATION_CONTEXT() REPRESENTATION_CONTEXT('2D SPACE',''
  ) );
#600 = PCURVE('',#601,#620);
#601 = B_SPLINE_SURFACE_WITH_KNOTS('',8,1,(
    (#602,#603)
    ,(#604,#605)
    ,(#606,#607)
    ,(#608,#609)
    ,(#610,#611)
    ,(#612,#613)
    ,(#614,#615)
    ,(#616,#617)
    ,(#618,#619
    )),.UNSPECIFIED.,.F.,.F.,.F.,(9,9),(2,2),(3.14159265359,
    4.712388980385),(0.,1.),.PIECEWISE_BEZIER_KNOTS.);
#602 = CARTESIAN_POINT('',(41.111999997244,43.28,-14.));
#603 = CARTESIAN_POINT('',(40.511999996898,43.28,-13.4));
#604 = CARTESIAN_POINT('',(41.111999997244,44.104668071567,-14.));
#605 = CARTESIAN_POINT('',(40.511999996898,43.986858347057,-13.4));
#606 = CARTESIAN_POINT('',(40.926944683608,44.929336402718,-14.));
#607 = CARTESIAN_POINT('',(40.353381156639,44.693716916616,-13.4));
#608 = CARTESIAN_POINT('',(40.556835873903,45.705555584206,
    -13.99999999999));
#609 = CARTESIAN_POINT('',(40.036145034033,45.359047643605,
    -13.39999999999));
#610 = CARTESIAN_POINT('',(40.016886771521,46.384886774276,-14.));
#611 = CARTESIAN_POINT('',(39.573331517708,45.941331520808,-13.4));
#612 = CARTESIAN_POINT('',(39.33755558145,46.92483587666,-13.99999999999
    ));
#613 = CARTESIAN_POINT('',(38.991047640503,46.404145037137,
    -13.39999999999));
#614 = CARTESIAN_POINT('',(38.561336399962,47.294944686363,-14.));
#615 = CARTESIAN_POINT('',(38.325716913514,46.72138115974,-13.4));
#616 = CARTESIAN_POINT('',(37.736668068811,47.48,-14.));
#617 = CARTESIAN_POINT('',(37.618858343956,46.88,-13.4));
#618 = CARTESIAN_POINT('',(36.911999997244,47.48,-14.));
#619 = CARTESIAN_POINT('',(36.911999996898,46.88,-13.4));
#620 = DEFINITIONAL_REPRESENTATION('',(#621),#625);
#621 = LINE('',#622,#623);
#622 = CARTESIAN_POINT('',(6.28318530718,0.));
#623 = VECTOR('',#624,1.);
#624 = DIRECTION('',(-1.,0.));
#625 = ( GEOMETRIC_REPRESENTATION_CONTEXT(2) 
PARAMETRIC_REPRESENTATION_CONTEXT() REPRESENTATION_CONTEXT('2D SPACE',''
  ) );
#626 = ORIENTED_EDGE('',*,*,#627,.F.);
#627 = EDGE_CURVE('',#628,#581,#630,.T.);
#628 = VERTEX_POINT('',#629);
#629 = CARTESIAN_POINT('',(41.111999998622,-5.6,-14.));
#630 = SURFACE_CURVE('',#631,(#635,#642),.PCURVE_S1.);
#631 = LINE('',#632,#633);
#632 = CARTESIAN_POINT('',(41.112,18.84,-14.));
#633 = VECTOR('',#634,1.);
#634 = DIRECTION('',(0.,1.,0.));
#635 = PCURVE('',#126,#636);
#636 = DEFINITIONAL_REPRESENTATION('',(#637),#641);
#637 = LINE('',#638,#639);
#638 = CARTESIAN_POINT('',(21.807000000535,3.760213878738E-15));
#639 = VECTOR('',#640,1.);
#640 = DIRECTION('',(0.,1.));
#641 = ( GEOMETRIC_REPRESENTATION_CONTEXT(2) 
PARAMETRIC_REPRESENTATION_CONTEXT() REPRESENTATION_CONTEXT('2D SPACE',''
  ) );
#642 = PCURVE('',#643,#648);
#643 = PLANE('',#644);
#644 = AXIS2_PLACEMENT_3D('',#645,#646,#647);
#645 = CARTESIAN_POINT('',(40.512,18.84,-13.4));
#646 = DIRECTION('',(0.707106781187,-0.,0.707106781187));
#647 = DIRECTION('',(0.,1.,0.));
#648 = DEFINITIONAL_REPRESENTATION('',(#649),#653);
#649 = LINE('',#650,#651);
#650 = CARTESIAN_POINT('',(0.,-0.848528137424));
#651 = VECTOR('',#652,1.);
#652 = DIRECTION('',(1.,0.));
#653 = ( GEOMETRIC_REPRESENTATION_CONTEXT(2) 
PARAMETRIC_REPRESENTATION_CONTEXT() REPRESENTATION_CONTEXT('2D SPACE',''
  ) );
#654 = ORIENTED_EDGE('',*,*,#655,.T.);
#655 = EDGE_CURVE('',#628,#656,#658,.T.);
#656 = VERTEX_POINT('',#657);
#657 = CARTESIAN_POINT('',(36.911999997244,-9.8,-14.));
#658 = SURFACE_CURVE('',#659,(#664,#675),.PCURVE_S1.);
#659 = CIRCLE('',#660,4.2);
#660 = AXIS2_PLACEMENT_3D('',#661,#662,#663);
#661 = CARTESIAN_POINT('',(36.911999997244,-5.6,-14.));
#662 = DIRECTION('',(0.,0.,-1.));
#663 = DIRECTION('',(-1.,0.,0.));
#664 = PCURVE('',#126,#665);
#665 = DEFINITIONAL_REPRESENTATION('',(#666),#674);
#666 = ( BOUNDED_CURVE() B_SPLINE_CURVE(2,(#667,#668,#669,#670,#671,#672
,#673),.UNSPECIFIED.,.T.,.F.) B_SPLINE_CURVE_WITH_KNOTS((1,2,2,2,2,1),(
    -2.094395102393,0.,2.094395102393,4.188790204786,6.28318530718,
8.377580409573),.UNSPECIFIED.) CURVE() GEOMETRIC_REPRESENTATION_ITEM() 
RATIONAL_B_SPLINE_CURVE((1.,0.5,1.,0.5,1.,0.5,1.)) REPRESENTATION_ITEM(
  '') );
#667 = CARTESIAN_POINT('',(13.406999997779,-24.44));
#668 = CARTESIAN_POINT('',(13.406999997779,-17.16538660821));
#669 = CARTESIAN_POINT('',(19.706999997779,-20.8026933041));
#670 = CARTESIAN_POINT('',(26.006999997779,-24.44));
#671 = CARTESIAN_POINT('',(19.706999997779,-28.07730669589));
#672 = CARTESIAN_POINT('',(13.406999997779,-31.71461339178));
#673 = CARTESIAN_POINT('',(13.406999997779,-24.44));
#674 = ( GEOMETRIC_REPRESENTATION_CONTEXT(2) 
PARAMETRIC_REPRESENTATION_CONTEXT() REPRESENTATION_CONTEXT('2D SPACE',''
  ) );
#675 = PCURVE('',#676,#695);
#676 = B_SPLINE_SURFACE_WITH_KNOTS('',8,1,(
    (#677,#678)
    ,(#679,#680)
    ,(#681,#682)
    ,(#683,#684)
    ,(#685,#686)
    ,(#687,#688)
    ,(#689,#690)
    ,(#691,#692)
    ,(#693,#694
    )),.UNSPECIFIED.,.F.,.F.,.F.,(9,9),(2,2),(1.570796326795,
    3.14159265359),(0.,1.),.PIECEWISE_BEZIER_KNOTS.);
#677 = CARTESIAN_POINT('',(36.911999997244,-9.8,-14.));
#678 = CARTESIAN_POINT('',(36.911999996898,-9.2,-13.4));
#679 = CARTESIAN_POINT('',(37.736668068811,-9.8,-14.));
#680 = CARTESIAN_POINT('',(37.618858343956,-9.2,-13.4));
#681 = CARTESIAN_POINT('',(38.561336399962,-9.614944686363,-14.));
#682 = CARTESIAN_POINT('',(38.325716913513,-9.04138115974,-13.4));
#683 = CARTESIAN_POINT('',(39.337555581451,-9.244835876659,
    -13.99999999999));
#684 = CARTESIAN_POINT('',(38.991047640504,-8.724145037136,
    -13.39999999999));
#685 = CARTESIAN_POINT('',(40.016886771519,-8.704886774276,-14.));
#686 = CARTESIAN_POINT('',(39.573331517706,-8.261331520809,-13.4));
#687 = CARTESIAN_POINT('',(40.556835873904,-8.025555584207,-14.));
#688 = CARTESIAN_POINT('',(40.036145034035,-7.679047643605,-13.4));
#689 = CARTESIAN_POINT('',(40.926944683607,-7.249336402718,-14.));
#690 = CARTESIAN_POINT('',(40.353381156638,-7.013716916616,-13.4));
#691 = CARTESIAN_POINT('',(41.111999997244,-6.424668071567,-14.));
#692 = CARTESIAN_POINT('',(40.511999996898,-6.306858347058,-13.4));
#693 = CARTESIAN_POINT('',(41.111999997244,-5.6,-14.));
#694 = CARTESIAN_POINT('',(40.511999996898,-5.6,-13.4));
#695 = DEFINITIONAL_REPRESENTATION('',(#696),#700);
#696 = LINE('',#697,#698);
#697 = CARTESIAN_POINT('',(6.28318530718,0.));
#698 = VECTOR('',#699,1.);
#699 = DIRECTION('',(-1.,0.));
#700 = ( GEOMETRIC_REPRESENTATION_CONTEXT(2) 
PARAMETRIC_REPRESENTATION_CONTEXT() REPRESENTATION_CONTEXT('2D SPACE',''
  ) );
#701 = ORIENTED_EDGE('',*,*,#702,.F.);
#702 = EDGE_CURVE('',#457,#656,#703,.T.);
#703 = SURFACE_CURVE('',#704,(#708,#715),.PCURVE_S1.);
#704 = LINE('',#705,#706);
#705 = CARTESIAN_POINT('',(19.305,-9.8,-14.));
#706 = VECTOR('',#707,1.);
#707 = DIRECTION('',(1.,0.,0.));
#708 = PCURVE('',#126,#709);
#709 = DEFINITIONAL_REPRESENTATION('',(#710),#714);
#710 = LINE('',#711,#712);
#711 = CARTESIAN_POINT('',(5.350169306633E-10,-28.64));
#712 = VECTOR('',#713,1.);
#713 = DIRECTION('',(1.,0.));
#714 = ( GEOMETRIC_REPRESENTATION_CONTEXT(2) 
PARAMETRIC_REPRESENTATION_CONTEXT() REPRESENTATION_CONTEXT('2D SPACE',''
  ) );
#715 = PCURVE('',#716,#721);
#716 = PLANE('',#717);
#717 = AXIS2_PLACEMENT_3D('',#718,#719,#720);
#718 = CARTESIAN_POINT('',(19.305,-9.2,-13.4));
#719 = DIRECTION('',(0.,-0.707106781187,0.707106781187));
#720 = DIRECTION('',(1.,0.,0.));
#721 = DEFINITIONAL_REPRESENTATION('',(#722),#726);
#722 = LINE('',#723,#724);
#723 = CARTESIAN_POINT('',(-5.506706202141E-14,-0.848528137424));
#724 = VECTOR('',#725,1.);
#725 = DIRECTION('',(1.,0.));
#726 = ( GEOMETRIC_REPRESENTATION_CONTEXT(2) 
PARAMETRIC_REPRESENTATION_CONTEXT() REPRESENTATION_CONTEXT('2D SPACE',''
  ) );
#727 = ADVANCED_FACE('',(#728),#72,.T.);
#728 = FACE_BOUND('',#729,.T.);
#729 = EDGE_LOOP('',(#730,#731,#751,#779));
#730 = ORIENTED_EDGE('',*,*,#56,.F.);
#731 = ORIENTED_EDGE('',*,*,#732,.T.);
#732 = EDGE_CURVE('',#24,#733,#735,.T.);
#733 = VERTEX_POINT('',#734);
#734 = CARTESIAN_POINT('',(-3.902,-5.6,25.9));
#735 = SURFACE_CURVE('',#736,(#739,#745),.PCURVE_S1.);
#736 = B_SPLINE_CURVE_WITH_KNOTS('',1,(#737,#738),.UNSPECIFIED.,.F.,.F.,
  (2,2),(0.,1.),.PIECEWISE_BEZIER_KNOTS.);
#737 = CARTESIAN_POINT('',(-4.302,-5.6,25.5));
#738 = CARTESIAN_POINT('',(-3.902,-5.6,25.9));
#739 = PCURVE('',#72,#740);
#740 = DEFINITIONAL_REPRESENTATION('',(#741),#744);
#741 = B_SPLINE_CURVE_WITH_KNOTS('',1,(#742,#743),.UNSPECIFIED.,.F.,.F.,
  (2,2),(0.,1.),.PIECEWISE_BEZIER_KNOTS.);
#742 = CARTESIAN_POINT('',(24.44,-0.565685424949));
#743 = CARTESIAN_POINT('',(24.44,-7.105427357601E-14));
#744 = ( GEOMETRIC_REPRESENTATION_CONTEXT(2) 
PARAMETRIC_REPRESENTATION_CONTEXT() REPRESENTATION_CONTEXT('2D SPACE',''
  ) );
#745 = PCURVE('',#186,#746);
#746 = DEFINITIONAL_REPRESENTATION('',(#747),#750);
#747 = B_SPLINE_CURVE_WITH_KNOTS('',1,(#748,#749),.UNSPECIFIED.,.F.,.F.,
  (2,2),(0.,1.),.PIECEWISE_BEZIER_KNOTS.);
#748 = CARTESIAN_POINT('',(0.,0.));
#749 = CARTESIAN_POINT('',(0.,-0.4));
#750 = ( GEOMETRIC_REPRESENTATION_CONTEXT(2) 
PARAMETRIC_REPRESENTATION_CONTEXT() REPRESENTATION_CONTEXT('2D SPACE',''
  ) );
#751 = ORIENTED_EDGE('',*,*,#752,.T.);
#752 = EDGE_CURVE('',#733,#753,#755,.T.);
#753 = VERTEX_POINT('',#754);
#754 = CARTESIAN_POINT('',(-3.902,43.28,25.9));
#755 = SURFACE_CURVE('',#756,(#760,#767),.PCURVE_S1.);
#756 = LINE('',#757,#758);
#757 = CARTESIAN_POINT('',(-3.902,18.84,25.9));
#758 = VECTOR('',#759,1.);
#759 = DIRECTION('',(0.,1.,0.));
#760 = PCURVE('',#72,#761);
#761 = DEFINITIONAL_REPRESENTATION('',(#762),#766);
#762 = LINE('',#763,#764);
#763 = CARTESIAN_POINT('',(0.,0.));
#764 = VECTOR('',#765,1.);
#765 = DIRECTION('',(-1.,0.));
#766 = ( GEOMETRIC_REPRESENTATION_CONTEXT(2) 
PARAMETRIC_REPRESENTATION_CONTEXT() REPRESENTATION_CONTEXT('2D SPACE',''
  ) );
#767 = PCURVE('',#768,#773);
#768 = PLANE('',#769);
#769 = AXIS2_PLACEMENT_3D('',#770,#771,#772);
#770 = CARTESIAN_POINT('',(1.698,-5.6,25.9));
#771 = DIRECTION('',(0.,0.,1.));
#772 = DIRECTION('',(1.,0.,0.));
#773 = DEFINITIONAL_REPRESENTATION('',(#774),#778);
#774 = LINE('',#775,#776);
#775 = CARTESIAN_POINT('',(-5.6,24.44));
#776 = VECTOR('',#777,1.);
#777 = DIRECTION('',(0.,1.));
#778 = ( GEOMETRIC_REPRESENTATION_CONTEXT(2) 
PARAMETRIC_REPRESENTATION_CONTEXT() REPRESENTATION_CONTEXT('2D SPACE',''
  ) );
#779 = ORIENTED_EDGE('',*,*,#780,.F.);
#780 = EDGE_CURVE('',#57,#753,#781,.T.);
#781 = SURFACE_CURVE('',#782,(#785,#791),.PCURVE_S1.);
#782 = B_SPLINE_CURVE_WITH_KNOTS('',1,(#783,#784),.UNSPECIFIED.,.F.,.F.,
  (2,2),(0.,1.),.PIECEWISE_BEZIER_KNOTS.);
#783 = CARTESIAN_POINT('',(-4.302,43.28,25.5));
#784 = CARTESIAN_POINT('',(-3.902,43.28,25.9));
#785 = PCURVE('',#72,#786);
#786 = DEFINITIONAL_REPRESENTATION('',(#787),#790);
#787 = B_SPLINE_CURVE_WITH_KNOTS('',1,(#788,#789),.UNSPECIFIED.,.F.,.F.,
  (2,2),(0.,1.),.PIECEWISE_BEZIER_KNOTS.);
#788 = CARTESIAN_POINT('',(-24.44,-0.565685424949));
#789 = CARTESIAN_POINT('',(-24.44,-7.815970093361E-14));
#790 = ( GEOMETRIC_REPRESENTATION_CONTEXT(2) 
PARAMETRIC_REPRESENTATION_CONTEXT() REPRESENTATION_CONTEXT('2D SPACE',''
  ) );
#791 = PCURVE('',#245,#792);
#792 = DEFINITIONAL_REPRESENTATION('',(#793),#796);
#793 = B_SPLINE_CURVE_WITH_KNOTS('',1,(#794,#795),.UNSPECIFIED.,.F.,.F.,
  (2,2),(0.,1.),.PIECEWISE_BEZIER_KNOTS.);
#794 = CARTESIAN_POINT('',(-6.28318530718,0.));
#795 = CARTESIAN_POINT('',(-6.28318530718,-0.4));
#796 = ( GEOMETRIC_REPRESENTATION_CONTEXT(2) 
PARAMETRIC_REPRESENTATION_CONTEXT() REPRESENTATION_CONTEXT('2D SPACE',''
  ) );
#797 = ADVANCED_FACE('',(#798,#851,#1089,#1327),#159,.F.);
#798 = FACE_BOUND('',#799,.F.);
#799 = EDGE_LOOP('',(#800,#801,#829,#850));
#800 = ORIENTED_EDGE('',*,*,#141,.T.);
#801 = ORIENTED_EDGE('',*,*,#802,.T.);
#802 = EDGE_CURVE('',#144,#803,#805,.T.);
#803 = VERTEX_POINT('',#804);
#804 = CARTESIAN_POINT('',(36.911999997959,-11.6,25.5));
#805 = SURFACE_CURVE('',#806,(#810,#817),.PCURVE_S1.);
#806 = LINE('',#807,#808);
#807 = CARTESIAN_POINT('',(19.305,-11.6,25.5));
#808 = VECTOR('',#809,1.);
#809 = DIRECTION('',(1.,0.,0.));
#810 = PCURVE('',#159,#811);
#811 = DEFINITIONAL_REPRESENTATION('',(#812),#816);
#812 = LINE('',#813,#814);
#813 = CARTESIAN_POINT('',(17.607,-39.5));
#814 = VECTOR('',#815,1.);
#815 = DIRECTION('',(1.,0.));
#816 = ( GEOMETRIC_REPRESENTATION_CONTEXT(2) 
PARAMETRIC_REPRESENTATION_CONTEXT() REPRESENTATION_CONTEXT('2D SPACE',''
  ) );
#817 = PCURVE('',#818,#823);
#818 = PLANE('',#819);
#819 = AXIS2_PLACEMENT_3D('',#820,#821,#822);
#820 = CARTESIAN_POINT('',(19.305,-11.2,25.9));
#821 = DIRECTION('',(0.,-0.707106781187,0.707106781187));
#822 = DIRECTION('',(1.,0.,0.));
#823 = DEFINITIONAL_REPRESENTATION('',(#824),#828);
#824 = LINE('',#825,#826);
#825 = CARTESIAN_POINT('',(-8.881784197001E-15,-0.565685424949));
#826 = VECTOR('',#827,1.);
#827 = DIRECTION('',(1.,0.));
#828 = ( GEOMETRIC_REPRESENTATION_CONTEXT(2) 
PARAMETRIC_REPRESENTATION_CONTEXT() REPRESENTATION_CONTEXT('2D SPACE',''
  ) );
#829 = ORIENTED_EDGE('',*,*,#830,.F.);
#830 = EDGE_CURVE('',#316,#803,#831,.T.);
#831 = SURFACE_CURVE('',#832,(#836,#843),.PCURVE_S1.);
#832 = LINE('',#833,#834);
#833 = CARTESIAN_POINT('',(36.911999997959,-11.6,-14.));
#834 = VECTOR('',#835,1.);
#835 = DIRECTION('',(0.,0.,1.));
#836 = PCURVE('',#159,#837);
#837 = DEFINITIONAL_REPRESENTATION('',(#838),#842);
#838 = LINE('',#839,#840);
#839 = CARTESIAN_POINT('',(35.213999997959,0.));
#840 = VECTOR('',#841,1.);
#841 = DIRECTION('',(0.,-1.));
#842 = ( GEOMETRIC_REPRESENTATION_CONTEXT(2) 
PARAMETRIC_REPRESENTATION_CONTEXT() REPRESENTATION_CONTEXT('2D SPACE',''
  ) );
#843 = PCURVE('',#359,#844);
#844 = DEFINITIONAL_REPRESENTATION('',(#845),#849);
#845 = LINE('',#846,#847);
#846 = CARTESIAN_POINT('',(4.712388980385,0.));
#847 = VECTOR('',#848,1.);
#848 = DIRECTION('',(0.,-1.));
#849 = ( GEOMETRIC_REPRESENTATION_CONTEXT(2) 
PARAMETRIC_REPRESENTATION_CONTEXT() REPRESENTATION_CONTEXT('2D SPACE',''
  ) );
#850 = ORIENTED_EDGE('',*,*,#315,.F.);
#851 = FACE_BOUND('',#852,.F.);
#852 = EDGE_LOOP('',(#853,#881,#914,#940,#973,#999,#1032,#1058));
#853 = ORIENTED_EDGE('',*,*,#854,.F.);
#854 = EDGE_CURVE('',#855,#857,#859,.T.);
#855 = VERTEX_POINT('',#856);
#856 = CARTESIAN_POINT('',(6.105,-11.6,3.199));
#857 = VERTEX_POINT('',#858);
#858 = CARTESIAN_POINT('',(6.105,-11.6,12.801));
#859 = SURFACE_CURVE('',#860,(#864,#870),.PCURVE_S1.);
#860 = LINE('',#861,#862);
#861 = CARTESIAN_POINT('',(6.105000000006,-11.6,-0.5995));
#862 = VECTOR('',#863,1.);
#863 = DIRECTION('',(0.,-0.,1.));
#864 = PCURVE('',#159,#865);
#865 = DEFINITIONAL_REPRESENTATION('',(#866),#869);
#866 = B_SPLINE_CURVE_WITH_KNOTS('',1,(#867,#868),.UNSPECIFIED.,.F.,.F.,
  (2,2),(3.7985,13.4005),.PIECEWISE_BEZIER_KNOTS.);
#867 = CARTESIAN_POINT('',(4.407000000006,-17.199));
#868 = CARTESIAN_POINT('',(4.407000000006,-26.801));
#869 = ( GEOMETRIC_REPRESENTATION_CONTEXT(2) 
PARAMETRIC_REPRESENTATION_CONTEXT() REPRESENTATION_CONTEXT('2D SPACE',''
  ) );
#870 = PCURVE('',#871,#876);
#871 = PLANE('',#872);
#872 = AXIS2_PLACEMENT_3D('',#873,#874,#875);
#873 = CARTESIAN_POINT('',(6.105000000006,-12.6,12.801));
#874 = DIRECTION('',(-1.,0.,0.));
#875 = DIRECTION('',(0.,2.22044604925E-16,-1.));
#876 = DEFINITIONAL_REPRESENTATION('',(#877),#880);
#877 = B_SPLINE_CURVE_WITH_KNOTS('',1,(#878,#879),.UNSPECIFIED.,.F.,.F.,
  (2,2),(3.7985,13.4005),.PIECEWISE_BEZIER_KNOTS.);
#878 = CARTESIAN_POINT('',(9.602,-1.));
#879 = CARTESIAN_POINT('',(0.,-1.));
#880 = ( GEOMETRIC_REPRESENTATION_CONTEXT(2) 
PARAMETRIC_REPRESENTATION_CONTEXT() REPRESENTATION_CONTEXT('2D SPACE',''
  ) );
#881 = ORIENTED_EDGE('',*,*,#882,.T.);
#882 = EDGE_CURVE('',#855,#883,#885,.T.);
#883 = VERTEX_POINT('',#884);
#884 = CARTESIAN_POINT('',(7.303999999994,-11.6,2.));
#885 = SURFACE_CURVE('',#886,(#891,#902),.PCURVE_S1.);
#886 = CIRCLE('',#887,1.199);
#887 = AXIS2_PLACEMENT_3D('',#888,#889,#890);
#888 = CARTESIAN_POINT('',(7.303999999994,-11.6,3.199));
#889 = DIRECTION('',(0.,-1.,-2.22044604925E-16));
#890 = DIRECTION('',(-1.,-0.,0.));
#891 = PCURVE('',#159,#892);
#892 = DEFINITIONAL_REPRESENTATION('',(#893),#901);
#893 = ( BOUNDED_CURVE() B_SPLINE_CURVE(2,(#894,#895,#896,#897,#898,#899
,#900),.UNSPECIFIED.,.T.,.F.) B_SPLINE_CURVE_WITH_KNOTS((1,2,2,2,2,1),(
    -2.094395102393,0.,2.094395102393,4.188790204786,6.28318530718,
8.377580409573),.UNSPECIFIED.) CURVE() GEOMETRIC_REPRESENTATION_ITEM() 
RATIONAL_B_SPLINE_CURVE((1.,0.5,1.,0.5,1.,0.5,1.)) REPRESENTATION_ITEM(
  '') );
#894 = CARTESIAN_POINT('',(4.406999999994,-17.199));
#895 = CARTESIAN_POINT('',(4.406999999994,-15.12227108172));
#896 = CARTESIAN_POINT('',(6.205499999994,-16.16063554086));
#897 = CARTESIAN_POINT('',(8.003999999994,-17.199));
#898 = CARTESIAN_POINT('',(6.205499999994,-18.23736445913));
#899 = CARTESIAN_POINT('',(4.406999999994,-19.27572891827));
#900 = CARTESIAN_POINT('',(4.406999999994,-17.199));
#901 = ( GEOMETRIC_REPRESENTATION_CONTEXT(2) 
PARAMETRIC_REPRESENTATION_CONTEXT() REPRESENTATION_CONTEXT('2D SPACE',''
  ) );
#902 = PCURVE('',#903,#908);
#903 = CYLINDRICAL_SURFACE('',#904,1.199);
#904 = AXIS2_PLACEMENT_3D('',#905,#906,#907);
#905 = CARTESIAN_POINT('',(7.303999999994,-12.6,3.199));
#906 = DIRECTION('',(0.,-1.,-2.22044604925E-16));
#907 = DIRECTION('',(-1.,0.,0.));
#908 = DEFINITIONAL_REPRESENTATION('',(#909),#913);
#909 = LINE('',#910,#911);
#910 = CARTESIAN_POINT('',(0.,-1.));
#911 = VECTOR('',#912,1.);
#912 = DIRECTION('',(1.,0.));
#913 = ( GEOMETRIC_REPRESENTATION_CONTEXT(2) 
PARAMETRIC_REPRESENTATION_CONTEXT() REPRESENTATION_CONTEXT('2D SPACE',''
  ) );
#914 = ORIENTED_EDGE('',*,*,#915,.F.);
#915 = EDGE_CURVE('',#916,#883,#918,.T.);
#916 = VERTEX_POINT('',#917);
#917 = CARTESIAN_POINT('',(7.305999925152,-11.6,2.));
#918 = SURFACE_CURVE('',#919,(#923,#929),.PCURVE_S1.);
#919 = LINE('',#920,#921);
#920 = CARTESIAN_POINT('',(4.500999999997,-11.6,2.));
#921 = VECTOR('',#922,1.);
#922 = DIRECTION('',(-1.,0.,0.));
#923 = PCURVE('',#159,#924);
#924 = DEFINITIONAL_REPRESENTATION('',(#925),#928);
#925 = B_SPLINE_CURVE_WITH_KNOTS('',1,(#926,#927),.UNSPECIFIED.,.F.,.F.,
  (2,2),(-2.804999925155,-2.802999999997),.PIECEWISE_BEZIER_KNOTS.);
#926 = CARTESIAN_POINT('',(5.607999925152,-16.));
#927 = CARTESIAN_POINT('',(5.605999999994,-16.));
#928 = ( GEOMETRIC_REPRESENTATION_CONTEXT(2) 
PARAMETRIC_REPRESENTATION_CONTEXT() REPRESENTATION_CONTEXT('2D SPACE',''
  ) );
#929 = PCURVE('',#930,#935);
#930 = PLANE('',#931);
#931 = AXIS2_PLACEMENT_3D('',#932,#933,#934);
#932 = CARTESIAN_POINT('',(7.303999999994,-12.6,2.));
#933 = DIRECTION('',(0.,2.22044604925E-16,-1.));
#934 = DIRECTION('',(1.,0.,0.));
#935 = DEFINITIONAL_REPRESENTATION('',(#936),#939);
#936 = B_SPLINE_CURVE_WITH_KNOTS('',1,(#937,#938),.UNSPECIFIED.,.F.,.F.,
  (2,2),(-2.804999925155,-2.802999999997),.PIECEWISE_BEZIER_KNOTS.);
#937 = CARTESIAN_POINT('',(1.999925157933E-03,-1.));
#938 = CARTESIAN_POINT('',(0.,-1.));
#939 = ( GEOMETRIC_REPRESENTATION_CONTEXT(2) 
PARAMETRIC_REPRESENTATION_CONTEXT() REPRESENTATION_CONTEXT('2D SPACE',''
  ) );
#940 = ORIENTED_EDGE('',*,*,#941,.T.);
#941 = EDGE_CURVE('',#916,#942,#944,.T.);
#942 = VERTEX_POINT('',#943);
#943 = CARTESIAN_POINT('',(8.504999962579,-11.6,3.199));
#944 = SURFACE_CURVE('',#945,(#950,#961),.PCURVE_S1.);
#945 = CIRCLE('',#946,1.199);
#946 = AXIS2_PLACEMENT_3D('',#947,#948,#949);
#947 = CARTESIAN_POINT('',(7.305999925152,-11.6,3.199));
#948 = DIRECTION('',(0.,-1.,-2.22044604925E-16));
#949 = DIRECTION('',(-1.,-0.,0.));
#950 = PCURVE('',#159,#951);
#951 = DEFINITIONAL_REPRESENTATION('',(#952),#960);
#952 = ( BOUNDED_CURVE() B_SPLINE_CURVE(2,(#953,#954,#955,#956,#957,#958
,#959),.UNSPECIFIED.,.T.,.F.) B_SPLINE_CURVE_WITH_KNOTS((1,2,2,2,2,1),(
    -2.094395102393,0.,2.094395102393,4.188790204786,6.28318530718,
8.377580409573),.UNSPECIFIED.) CURVE() GEOMETRIC_REPRESENTATION_ITEM() 
RATIONAL_B_SPLINE_CURVE((1.,0.5,1.,0.5,1.,0.5,1.)) REPRESENTATION_ITEM(
  '') );
#953 = CARTESIAN_POINT('',(4.408999925152,-17.199));
#954 = CARTESIAN_POINT('',(4.408999925152,-15.12227108172));
#955 = CARTESIAN_POINT('',(6.207499925152,-16.16063554086));
#956 = CARTESIAN_POINT('',(8.005999925152,-17.199));
#957 = CARTESIAN_POINT('',(6.207499925152,-18.23736445913));
#958 = CARTESIAN_POINT('',(4.408999925152,-19.27572891827));
#959 = CARTESIAN_POINT('',(4.408999925152,-17.199));
#960 = ( GEOMETRIC_REPRESENTATION_CONTEXT(2) 
PARAMETRIC_REPRESENTATION_CONTEXT() REPRESENTATION_CONTEXT('2D SPACE',''
  ) );
#961 = PCURVE('',#962,#967);
#962 = CYLINDRICAL_SURFACE('',#963,1.199);
#963 = AXIS2_PLACEMENT_3D('',#964,#965,#966);
#964 = CARTESIAN_POINT('',(7.305999925152,-12.6,3.199));
#965 = DIRECTION('',(0.,-1.,-2.22044604925E-16));
#966 = DIRECTION('',(-1.,0.,0.));
#967 = DEFINITIONAL_REPRESENTATION('',(#968),#972);
#968 = LINE('',#969,#970);
#969 = CARTESIAN_POINT('',(0.,-1.));
#970 = VECTOR('',#971,1.);
#971 = DIRECTION('',(1.,0.));
#972 = ( GEOMETRIC_REPRESENTATION_CONTEXT(2) 
PARAMETRIC_REPRESENTATION_CONTEXT() REPRESENTATION_CONTEXT('2D SPACE',''
  ) );
#973 = ORIENTED_EDGE('',*,*,#974,.T.);
#974 = EDGE_CURVE('',#942,#975,#977,.T.);
#975 = VERTEX_POINT('',#976);
#976 = CARTESIAN_POINT('',(8.504999962579,-11.6,12.801));
#977 = SURFACE_CURVE('',#978,(#982,#988),.PCURVE_S1.);
#978 = LINE('',#979,#980);
#979 = CARTESIAN_POINT('',(8.505000000006,-11.6,-0.5995));
#980 = VECTOR('',#981,1.);
#981 = DIRECTION('',(0.,-0.,1.));
#982 = PCURVE('',#159,#983);
#983 = DEFINITIONAL_REPRESENTATION('',(#984),#987);
#984 = B_SPLINE_CURVE_WITH_KNOTS('',1,(#985,#986),.UNSPECIFIED.,.F.,.F.,
  (2,2),(3.7985,13.4005),.PIECEWISE_BEZIER_KNOTS.);
#985 = CARTESIAN_POINT('',(6.807000000006,-17.199));
#986 = CARTESIAN_POINT('',(6.807000000006,-26.801));
#987 = ( GEOMETRIC_REPRESENTATION_CONTEXT(2) 
PARAMETRIC_REPRESENTATION_CONTEXT() REPRESENTATION_CONTEXT('2D SPACE',''
  ) );
#988 = PCURVE('',#989,#994);
#989 = PLANE('',#990);
#990 = AXIS2_PLACEMENT_3D('',#991,#992,#993);
#991 = CARTESIAN_POINT('',(8.505000000006,-12.6,12.801));
#992 = DIRECTION('',(-1.,0.,0.));
#993 = DIRECTION('',(0.,2.22044604925E-16,-1.));
#994 = DEFINITIONAL_REPRESENTATION('',(#995),#998);
#995 = B_SPLINE_CURVE_WITH_KNOTS('',1,(#996,#997),.UNSPECIFIED.,.F.,.F.,
  (2,2),(3.7985,13.4005),.PIECEWISE_BEZIER_KNOTS.);
#996 = CARTESIAN_POINT('',(9.602,-1.));
#997 = CARTESIAN_POINT('',(0.,-1.));
#998 = ( GEOMETRIC_REPRESENTATION_CONTEXT(2) 
PARAMETRIC_REPRESENTATION_CONTEXT() REPRESENTATION_CONTEXT('2D SPACE',''
  ) );
#999 = ORIENTED_EDGE('',*,*,#1000,.T.);
#1000 = EDGE_CURVE('',#975,#1001,#1003,.T.);
#1001 = VERTEX_POINT('',#1002);
#1002 = CARTESIAN_POINT('',(7.305999925152,-11.6,14.));
#1003 = SURFACE_CURVE('',#1004,(#1009,#1020),.PCURVE_S1.);
#1004 = CIRCLE('',#1005,1.199);
#1005 = AXIS2_PLACEMENT_3D('',#1006,#1007,#1008);
#1006 = CARTESIAN_POINT('',(7.305999925152,-11.6,12.801));
#1007 = DIRECTION('',(0.,-1.,-2.22044604925E-16));
#1008 = DIRECTION('',(-1.,-0.,0.));
#1009 = PCURVE('',#159,#1010);
#1010 = DEFINITIONAL_REPRESENTATION('',(#1011),#1019);
#1011 = ( BOUNDED_CURVE() B_SPLINE_CURVE(2,(#1012,#1013,#1014,#1015,
#1016,#1017,#1018),.UNSPECIFIED.,.T.,.F.) B_SPLINE_CURVE_WITH_KNOTS((1,2
    ,2,2,2,1),(-2.094395102393,0.,2.094395102393,4.188790204786,
6.28318530718,8.377580409573),.UNSPECIFIED.) CURVE() 
GEOMETRIC_REPRESENTATION_ITEM() RATIONAL_B_SPLINE_CURVE((1.,0.5,1.,0.5,
1.,0.5,1.)) REPRESENTATION_ITEM('') );
#1012 = CARTESIAN_POINT('',(4.408999925152,-26.801));
#1013 = CARTESIAN_POINT('',(4.408999925152,-24.72427108172));
#1014 = CARTESIAN_POINT('',(6.207499925152,-25.76263554086));
#1015 = CARTESIAN_POINT('',(8.005999925152,-26.801));
#1016 = CARTESIAN_POINT('',(6.207499925152,-27.83936445913));
#1017 = CARTESIAN_POINT('',(4.408999925152,-28.87772891827));
#1018 = CARTESIAN_POINT('',(4.408999925152,-26.801));
#1019 = ( GEOMETRIC_REPRESENTATION_CONTEXT(2) 
PARAMETRIC_REPRESENTATION_CONTEXT() REPRESENTATION_CONTEXT('2D SPACE',''
  ) );
#1020 = PCURVE('',#1021,#1026);
#1021 = CYLINDRICAL_SURFACE('',#1022,1.199);
#1022 = AXIS2_PLACEMENT_3D('',#1023,#1024,#1025);
#1023 = CARTESIAN_POINT('',(7.305999925152,-12.6,12.801));
#1024 = DIRECTION('',(0.,-1.,-2.22044604925E-16));
#1025 = DIRECTION('',(-1.,0.,0.));
#1026 = DEFINITIONAL_REPRESENTATION('',(#1027),#1031);
#1027 = LINE('',#1028,#1029);
#1028 = CARTESIAN_POINT('',(0.,-1.));
#1029 = VECTOR('',#1030,1.);
#1030 = DIRECTION('',(1.,0.));
#1031 = ( GEOMETRIC_REPRESENTATION_CONTEXT(2) 
PARAMETRIC_REPRESENTATION_CONTEXT() REPRESENTATION_CONTEXT('2D SPACE',''
  ) );
#1032 = ORIENTED_EDGE('',*,*,#1033,.T.);
#1033 = EDGE_CURVE('',#1001,#1034,#1036,.T.);
#1034 = VERTEX_POINT('',#1035);
#1035 = CARTESIAN_POINT('',(7.303999999994,-11.6,14.));
#1036 = SURFACE_CURVE('',#1037,(#1041,#1047),.PCURVE_S1.);
#1037 = LINE('',#1038,#1039);
#1038 = CARTESIAN_POINT('',(4.500999999997,-11.6,14.));
#1039 = VECTOR('',#1040,1.);
#1040 = DIRECTION('',(-1.,0.,0.));
#1041 = PCURVE('',#159,#1042);
#1042 = DEFINITIONAL_REPRESENTATION('',(#1043),#1046);
#1043 = B_SPLINE_CURVE_WITH_KNOTS('',1,(#1044,#1045),.UNSPECIFIED.,.F.,
  .F.,(2,2),(-2.804999925155,-2.802999999997),.PIECEWISE_BEZIER_KNOTS.);
#1044 = CARTESIAN_POINT('',(5.607999925152,-28.));
#1045 = CARTESIAN_POINT('',(5.605999999994,-28.));
#1046 = ( GEOMETRIC_REPRESENTATION_CONTEXT(2) 
PARAMETRIC_REPRESENTATION_CONTEXT() REPRESENTATION_CONTEXT('2D SPACE',''
  ) );
#1047 = PCURVE('',#1048,#1053);
#1048 = PLANE('',#1049);
#1049 = AXIS2_PLACEMENT_3D('',#1050,#1051,#1052);
#1050 = CARTESIAN_POINT('',(7.303999999994,-12.6,14.));
#1051 = DIRECTION('',(0.,2.22044604925E-16,-1.));
#1052 = DIRECTION('',(1.,0.,0.));
#1053 = DEFINITIONAL_REPRESENTATION('',(#1054),#1057);
#1054 = B_SPLINE_CURVE_WITH_KNOTS('',1,(#1055,#1056),.UNSPECIFIED.,.F.,
  .F.,(2,2),(-2.804999925155,-2.802999999997),.PIECEWISE_BEZIER_KNOTS.);
#1055 = CARTESIAN_POINT('',(1.999925157933E-03,-1.));
#1056 = CARTESIAN_POINT('',(0.,-1.));
#1057 = ( GEOMETRIC_REPRESENTATION_CONTEXT(2) 
PARAMETRIC_REPRESENTATION_CONTEXT() REPRESENTATION_CONTEXT('2D SPACE',''
  ) );
#1058 = ORIENTED_EDGE('',*,*,#1059,.T.);
#1059 = EDGE_CURVE('',#1034,#857,#1060,.T.);
#1060 = SURFACE_CURVE('',#1061,(#1066,#1077),.PCURVE_S1.);
#1061 = CIRCLE('',#1062,1.199);
#1062 = AXIS2_PLACEMENT_3D('',#1063,#1064,#1065);
#1063 = CARTESIAN_POINT('',(7.303999999994,-11.6,12.801));
#1064 = DIRECTION('',(0.,-1.,-2.22044604925E-16));
#1065 = DIRECTION('',(-1.,-0.,0.));
#1066 = PCURVE('',#159,#1067);
#1067 = DEFINITIONAL_REPRESENTATION('',(#1068),#1076);
#1068 = ( BOUNDED_CURVE() B_SPLINE_CURVE(2,(#1069,#1070,#1071,#1072,
#1073,#1074,#1075),.UNSPECIFIED.,.T.,.F.) B_SPLINE_CURVE_WITH_KNOTS((1,2
    ,2,2,2,1),(-2.094395102393,0.,2.094395102393,4.188790204786,
6.28318530718,8.377580409573),.UNSPECIFIED.) CURVE() 
GEOMETRIC_REPRESENTATION_ITEM() RATIONAL_B_SPLINE_CURVE((1.,0.5,1.,0.5,
1.,0.5,1.)) REPRESENTATION_ITEM('') );
#1069 = CARTESIAN_POINT('',(4.406999999994,-26.801));
#1070 = CARTESIAN_POINT('',(4.406999999994,-24.72427108172));
#1071 = CARTESIAN_POINT('',(6.205499999994,-25.76263554086));
#1072 = CARTESIAN_POINT('',(8.003999999994,-26.801));
#1073 = CARTESIAN_POINT('',(6.205499999994,-27.83936445913));
#1074 = CARTESIAN_POINT('',(4.406999999994,-28.87772891827));
#1075 = CARTESIAN_POINT('',(4.406999999994,-26.801));
#1076 = ( GEOMETRIC_REPRESENTATION_CONTEXT(2) 
PARAMETRIC_REPRESENTATION_CONTEXT() REPRESENTATION_CONTEXT('2D SPACE',''
  ) );
#1077 = PCURVE('',#1078,#1083);
#1078 = CYLINDRICAL_SURFACE('',#1079,1.199);
#1079 = AXIS2_PLACEMENT_3D('',#1080,#1081,#1082);
#1080 = CARTESIAN_POINT('',(7.303999999994,-12.6,12.801));
#1081 = DIRECTION('',(0.,-1.,-2.22044604925E-16));
#1082 = DIRECTION('',(-1.,0.,0.));
#1083 = DEFINITIONAL_REPRESENTATION('',(#1084),#1088);
#1084 = LINE('',#1085,#1086);
#1085 = CARTESIAN_POINT('',(0.,-1.));
#1086 = VECTOR('',#1087,1.);
#1087 = DIRECTION('',(1.,0.));
#1088 = ( GEOMETRIC_REPRESENTATION_CONTEXT(2) 
PARAMETRIC_REPRESENTATION_CONTEXT() REPRESENTATION_CONTEXT('2D SPACE',''
  ) );
#1089 = FACE_BOUND('',#1090,.F.);
#1090 = EDGE_LOOP('',(#1091,#1119,#1152,#1178,#1211,#1237,#1270,#1296));
#1091 = ORIENTED_EDGE('',*,*,#1092,.F.);
#1092 = EDGE_CURVE('',#1093,#1095,#1097,.T.);
#1093 = VERTEX_POINT('',#1094);
#1094 = CARTESIAN_POINT('',(12.105,-11.6,3.199));
#1095 = VERTEX_POINT('',#1096);
#1096 = CARTESIAN_POINT('',(12.105,-11.6,12.801));
#1097 = SURFACE_CURVE('',#1098,(#1102,#1108),.PCURVE_S1.);
#1098 = LINE('',#1099,#1100);
#1099 = CARTESIAN_POINT('',(12.105000000006,-11.6,-0.5995));
#1100 = VECTOR('',#1101,1.);
#1101 = DIRECTION('',(0.,-0.,1.));
#1102 = PCURVE('',#159,#1103);
#1103 = DEFINITIONAL_REPRESENTATION('',(#1104),#1107);
#1104 = B_SPLINE_CURVE_WITH_KNOTS('',1,(#1105,#1106),.UNSPECIFIED.,.F.,
  .F.,(2,2),(3.7985,13.4005),.PIECEWISE_BEZIER_KNOTS.);
#1105 = CARTESIAN_POINT('',(10.407000000006,-17.199));
#1106 = CARTESIAN_POINT('',(10.407000000006,-26.801));
#1107 = ( GEOMETRIC_REPRESENTATION_CONTEXT(2) 
PARAMETRIC_REPRESENTATION_CONTEXT() REPRESENTATION_CONTEXT('2D SPACE',''
  ) );
#1108 = PCURVE('',#1109,#1114);
#1109 = PLANE('',#1110);
#1110 = AXIS2_PLACEMENT_3D('',#1111,#1112,#1113);
#1111 = CARTESIAN_POINT('',(12.105000000006,-12.6,12.801));
#1112 = DIRECTION('',(-1.,0.,0.));
#1113 = DIRECTION('',(0.,2.22044604925E-16,-1.));
#1114 = DEFINITIONAL_REPRESENTATION('',(#1115),#1118);
#1115 = B_SPLINE_CURVE_WITH_KNOTS('',1,(#1116,#1117),.UNSPECIFIED.,.F.,
  .F.,(2,2),(3.7985,13.4005),.PIECEWISE_BEZIER_KNOTS.);
#1116 = CARTESIAN_POINT('',(9.602,-1.));
#1117 = CARTESIAN_POINT('',(0.,-1.));
#1118 = ( GEOMETRIC_REPRESENTATION_CONTEXT(2) 
PARAMETRIC_REPRESENTATION_CONTEXT() REPRESENTATION_CONTEXT('2D SPACE',''
  ) );
#1119 = ORIENTED_EDGE('',*,*,#1120,.T.);
#1120 = EDGE_CURVE('',#1093,#1121,#1123,.T.);
#1121 = VERTEX_POINT('',#1122);
#1122 = CARTESIAN_POINT('',(13.303999999994,-11.6,2.));
#1123 = SURFACE_CURVE('',#1124,(#1129,#1140),.PCURVE_S1.);
#1124 = CIRCLE('',#1125,1.199);
#1125 = AXIS2_PLACEMENT_3D('',#1126,#1127,#1128);
#1126 = CARTESIAN_POINT('',(13.303999999994,-11.6,3.199));
#1127 = DIRECTION('',(0.,-1.,-2.22044604925E-16));
#1128 = DIRECTION('',(-1.,-0.,0.));
#1129 = PCURVE('',#159,#1130);
#1130 = DEFINITIONAL_REPRESENTATION('',(#1131),#1139);
#1131 = ( BOUNDED_CURVE() B_SPLINE_CURVE(2,(#1132,#1133,#1134,#1135,
#1136,#1137,#1138),.UNSPECIFIED.,.T.,.F.) B_SPLINE_CURVE_WITH_KNOTS((1,2
    ,2,2,2,1),(-2.094395102393,0.,2.094395102393,4.188790204786,
6.28318530718,8.377580409573),.UNSPECIFIED.) CURVE() 
GEOMETRIC_REPRESENTATION_ITEM() RATIONAL_B_SPLINE_CURVE((1.,0.5,1.,0.5,
1.,0.5,1.)) REPRESENTATION_ITEM('') );
#1132 = CARTESIAN_POINT('',(10.406999999994,-17.199));
#1133 = CARTESIAN_POINT('',(10.406999999994,-15.12227108172));
#1134 = CARTESIAN_POINT('',(12.205499999994,-16.16063554086));
#1135 = CARTESIAN_POINT('',(14.003999999994,-17.199));
#1136 = CARTESIAN_POINT('',(12.205499999994,-18.23736445913));
#1137 = CARTESIAN_POINT('',(10.406999999994,-19.27572891827));
#1138 = CARTESIAN_POINT('',(10.406999999994,-17.199));
#1139 = ( GEOMETRIC_REPRESENTATION_CONTEXT(2) 
PARAMETRIC_REPRESENTATION_CONTEXT() REPRESENTATION_CONTEXT('2D SPACE',''
  ) );
#1140 = PCURVE('',#1141,#1146);
#1141 = CYLINDRICAL_SURFACE('',#1142,1.199);
#1142 = AXIS2_PLACEMENT_3D('',#1143,#1144,#1145);
#1143 = CARTESIAN_POINT('',(13.303999999994,-12.6,3.199));
#1144 = DIRECTION('',(0.,-1.,-2.22044604925E-16));
#1145 = DIRECTION('',(-1.,0.,0.));
#1146 = DEFINITIONAL_REPRESENTATION('',(#1147),#1151);
#1147 = LINE('',#1148,#1149);
#1148 = CARTESIAN_POINT('',(0.,-1.));
#1149 = VECTOR('',#1150,1.);
#1150 = DIRECTION('',(1.,0.));
#1151 = ( GEOMETRIC_REPRESENTATION_CONTEXT(2) 
PARAMETRIC_REPRESENTATION_CONTEXT() REPRESENTATION_CONTEXT('2D SPACE',''
  ) );
#1152 = ORIENTED_EDGE('',*,*,#1153,.F.);
#1153 = EDGE_CURVE('',#1154,#1121,#1156,.T.);
#1154 = VERTEX_POINT('',#1155);
#1155 = CARTESIAN_POINT('',(13.305999925152,-11.6,2.));
#1156 = SURFACE_CURVE('',#1157,(#1161,#1167),.PCURVE_S1.);
#1157 = LINE('',#1158,#1159);
#1158 = CARTESIAN_POINT('',(7.500999999997,-11.6,2.));
#1159 = VECTOR('',#1160,1.);
#1160 = DIRECTION('',(-1.,0.,0.));
#1161 = PCURVE('',#159,#1162);
#1162 = DEFINITIONAL_REPRESENTATION('',(#1163),#1166);
#1163 = B_SPLINE_CURVE_WITH_KNOTS('',1,(#1164,#1165),.UNSPECIFIED.,.F.,
  .F.,(2,2),(-5.804999925155,-5.802999999997),.PIECEWISE_BEZIER_KNOTS.);
#1164 = CARTESIAN_POINT('',(11.607999925152,-16.));
#1165 = CARTESIAN_POINT('',(11.605999999994,-16.));
#1166 = ( GEOMETRIC_REPRESENTATION_CONTEXT(2) 
PARAMETRIC_REPRESENTATION_CONTEXT() REPRESENTATION_CONTEXT('2D SPACE',''
  ) );
#1167 = PCURVE('',#1168,#1173);
#1168 = PLANE('',#1169);
#1169 = AXIS2_PLACEMENT_3D('',#1170,#1171,#1172);
#1170 = CARTESIAN_POINT('',(13.303999999994,-12.6,2.));
#1171 = DIRECTION('',(0.,2.22044604925E-16,-1.));
#1172 = DIRECTION('',(1.,0.,0.));
#1173 = DEFINITIONAL_REPRESENTATION('',(#1174),#1177);
#1174 = B_SPLINE_CURVE_WITH_KNOTS('',1,(#1175,#1176),.UNSPECIFIED.,.F.,
  .F.,(2,2),(-5.804999925155,-5.802999999997),.PIECEWISE_BEZIER_KNOTS.);
#1175 = CARTESIAN_POINT('',(1.999925157933E-03,-1.));
#1176 = CARTESIAN_POINT('',(0.,-1.));
#1177 = ( GEOMETRIC_REPRESENTATION_CONTEXT(2) 
PARAMETRIC_REPRESENTATION_CONTEXT() REPRESENTATION_CONTEXT('2D SPACE',''
  ) );
#1178 = ORIENTED_EDGE('',*,*,#1179,.T.);
#1179 = EDGE_CURVE('',#1154,#1180,#1182,.T.);
#1180 = VERTEX_POINT('',#1181);
#1181 = CARTESIAN_POINT('',(14.504999962579,-11.6,3.199));
#1182 = SURFACE_CURVE('',#1183,(#1188,#1199),.PCURVE_S1.);
#1183 = CIRCLE('',#1184,1.199);
#1184 = AXIS2_PLACEMENT_3D('',#1185,#1186,#1187);
#1185 = CARTESIAN_POINT('',(13.305999925152,-11.6,3.199));
#1186 = DIRECTION('',(0.,-1.,-2.22044604925E-16));
#1187 = DIRECTION('',(-1.,-0.,0.));
#1188 = PCURVE('',#159,#1189);
#1189 = DEFINITIONAL_REPRESENTATION('',(#1190),#1198);
#1190 = ( BOUNDED_CURVE() B_SPLINE_CURVE(2,(#1191,#1192,#1193,#1194,
#1195,#1196,#1197),.UNSPECIFIED.,.T.,.F.) B_SPLINE_CURVE_WITH_KNOTS((1,2
    ,2,2,2,1),(-2.094395102393,0.,2.094395102393,4.188790204786,
6.28318530718,8.377580409573),.UNSPECIFIED.) CURVE() 
GEOMETRIC_REPRESENTATION_ITEM() RATIONAL_B_SPLINE_CURVE((1.,0.5,1.,0.5,
1.,0.5,1.)) REPRESENTATION_ITEM('') );
#1191 = CARTESIAN_POINT('',(10.408999925152,-17.199));
#1192 = CARTESIAN_POINT('',(10.408999925152,-15.12227108172));
#1193 = CARTESIAN_POINT('',(12.207499925152,-16.16063554086));
#1194 = CARTESIAN_POINT('',(14.005999925152,-17.199));
#1195 = CARTESIAN_POINT('',(12.207499925152,-18.23736445913));
#1196 = CARTESIAN_POINT('',(10.408999925152,-19.27572891827));
#1197 = CARTESIAN_POINT('',(10.408999925152,-17.199));
#1198 = ( GEOMETRIC_REPRESENTATION_CONTEXT(2) 
PARAMETRIC_REPRESENTATION_CONTEXT() REPRESENTATION_CONTEXT('2D SPACE',''
  ) );
#1199 = PCURVE('',#1200,#1205);
#1200 = CYLINDRICAL_SURFACE('',#1201,1.199);
#1201 = AXIS2_PLACEMENT_3D('',#1202,#1203,#1204);
#1202 = CARTESIAN_POINT('',(13.305999925152,-12.6,3.199));
#1203 = DIRECTION('',(0.,-1.,-2.22044604925E-16));
#1204 = DIRECTION('',(-1.,0.,0.));
#1205 = DEFINITIONAL_REPRESENTATION('',(#1206),#1210);
#1206 = LINE('',#1207,#1208);
#1207 = CARTESIAN_POINT('',(0.,-1.));
#1208 = VECTOR('',#1209,1.);
#1209 = DIRECTION('',(1.,0.));
#1210 = ( GEOMETRIC_REPRESENTATION_CONTEXT(2) 
PARAMETRIC_REPRESENTATION_CONTEXT() REPRESENTATION_CONTEXT('2D SPACE',''
  ) );
#1211 = ORIENTED_EDGE('',*,*,#1212,.T.);
#1212 = EDGE_CURVE('',#1180,#1213,#1215,.T.);
#1213 = VERTEX_POINT('',#1214);
#1214 = CARTESIAN_POINT('',(14.504999962579,-11.6,12.801));
#1215 = SURFACE_CURVE('',#1216,(#1220,#1226),.PCURVE_S1.);
#1216 = LINE('',#1217,#1218);
#1217 = CARTESIAN_POINT('',(14.505000000006,-11.6,-0.5995));
#1218 = VECTOR('',#1219,1.);
#1219 = DIRECTION('',(0.,-0.,1.));
#1220 = PCURVE('',#159,#1221);
#1221 = DEFINITIONAL_REPRESENTATION('',(#1222),#1225);
#1222 = B_SPLINE_CURVE_WITH_KNOTS('',1,(#1223,#1224),.UNSPECIFIED.,.F.,
  .F.,(2,2),(3.7985,13.4005),.PIECEWISE_BEZIER_KNOTS.);
#1223 = CARTESIAN_POINT('',(12.807000000006,-17.199));
#1224 = CARTESIAN_POINT('',(12.807000000006,-26.801));
#1225 = ( GEOMETRIC_REPRESENTATION_CONTEXT(2) 
PARAMETRIC_REPRESENTATION_CONTEXT() REPRESENTATION_CONTEXT('2D SPACE',''
  ) );
#1226 = PCURVE('',#1227,#1232);
#1227 = PLANE('',#1228);
#1228 = AXIS2_PLACEMENT_3D('',#1229,#1230,#1231);
#1229 = CARTESIAN_POINT('',(14.505000000006,-12.6,12.801));
#1230 = DIRECTION('',(-1.,0.,0.));
#1231 = DIRECTION('',(0.,2.22044604925E-16,-1.));
#1232 = DEFINITIONAL_REPRESENTATION('',(#1233),#1236);
#1233 = B_SPLINE_CURVE_WITH_KNOTS('',1,(#1234,#1235),.UNSPECIFIED.,.F.,
  .F.,(2,2),(3.7985,13.4005),.PIECEWISE_BEZIER_KNOTS.);
#1234 = CARTESIAN_POINT('',(9.602,-1.));
#1235 = CARTESIAN_POINT('',(0.,-1.));
#1236 = ( GEOMETRIC_REPRESENTATION_CONTEXT(2) 
PARAMETRIC_REPRESENTATION_CONTEXT() REPRESENTATION_CONTEXT('2D SPACE',''
  ) );
#1237 = ORIENTED_EDGE('',*,*,#1238,.T.);
#1238 = EDGE_CURVE('',#1213,#1239,#1241,.T.);
#1239 = VERTEX_POINT('',#1240);
#1240 = CARTESIAN_POINT('',(13.305999925152,-11.6,14.));
#1241 = SURFACE_CURVE('',#1242,(#1247,#1258),.PCURVE_S1.);
#1242 = CIRCLE('',#1243,1.199);
#1243 = AXIS2_PLACEMENT_3D('',#1244,#1245,#1246);
#1244 = CARTESIAN_POINT('',(13.305999925152,-11.6,12.801));
#1245 = DIRECTION('',(0.,-1.,-2.22044604925E-16));
#1246 = DIRECTION('',(-1.,-0.,0.));
#1247 = PCURVE('',#159,#1248);
#1248 = DEFINITIONAL_REPRESENTATION('',(#1249),#1257);
#1249 = ( BOUNDED_CURVE() B_SPLINE_CURVE(2,(#1250,#1251,#1252,#1253,
#1254,#1255,#1256),.UNSPECIFIED.,.T.,.F.) B_SPLINE_CURVE_WITH_KNOTS((1,2
    ,2,2,2,1),(-2.094395102393,0.,2.094395102393,4.188790204786,
6.28318530718,8.377580409573),.UNSPECIFIED.) CURVE() 
GEOMETRIC_REPRESENTATION_ITEM() RATIONAL_B_SPLINE_CURVE((1.,0.5,1.,0.5,
1.,0.5,1.)) REPRESENTATION_ITEM('') );
#1250 = CARTESIAN_POINT('',(10.408999925152,-26.801));
#1251 = CARTESIAN_POINT('',(10.408999925152,-24.72427108172));
#1252 = CARTESIAN_POINT('',(12.207499925152,-25.76263554086));
#1253 = CARTESIAN_POINT('',(14.005999925152,-26.801));
#1254 = CARTESIAN_POINT('',(12.207499925152,-27.83936445913));
#1255 = CARTESIAN_POINT('',(10.408999925152,-28.87772891827));
#1256 = CARTESIAN_POINT('',(10.408999925152,-26.801));
#1257 = ( GEOMETRIC_REPRESENTATION_CONTEXT(2) 
PARAMETRIC_REPRESENTATION_CONTEXT() REPRESENTATION_CONTEXT('2D SPACE',''
  ) );
#1258 = PCURVE('',#1259,#1264);
#1259 = CYLINDRICAL_SURFACE('',#1260,1.199);
#1260 = AXIS2_PLACEMENT_3D('',#1261,#1262,#1263);
#1261 = CARTESIAN_POINT('',(13.305999925152,-12.6,12.801));
#1262 = DIRECTION('',(0.,-1.,-2.22044604925E-16));
#1263 = DIRECTION('',(-1.,0.,0.));
#1264 = DEFINITIONAL_REPRESENTATION('',(#1265),#1269);
#1265 = LINE('',#1266,#1267);
#1266 = CARTESIAN_POINT('',(0.,-1.));
#1267 = VECTOR('',#1268,1.);
#1268 = DIRECTION('',(1.,0.));
#1269 = ( GEOMETRIC_REPRESENTATION_CONTEXT(2) 
PARAMETRIC_REPRESENTATION_CONTEXT() REPRESENTATION_CONTEXT('2D SPACE',''
  ) );
#1270 = ORIENTED_EDGE('',*,*,#1271,.T.);
#1271 = EDGE_CURVE('',#1239,#1272,#1274,.T.);
#1272 = VERTEX_POINT('',#1273);
#1273 = CARTESIAN_POINT('',(13.303999999994,-11.6,14.));
#1274 = SURFACE_CURVE('',#1275,(#1279,#1285),.PCURVE_S1.);
#1275 = LINE('',#1276,#1277);
#1276 = CARTESIAN_POINT('',(7.500999999997,-11.6,14.));
#1277 = VECTOR('',#1278,1.);
#1278 = DIRECTION('',(-1.,0.,0.));
#1279 = PCURVE('',#159,#1280);
#1280 = DEFINITIONAL_REPRESENTATION('',(#1281),#1284);
#1281 = B_SPLINE_CURVE_WITH_KNOTS('',1,(#1282,#1283),.UNSPECIFIED.,.F.,
  .F.,(2,2),(-5.804999925155,-5.802999999997),.PIECEWISE_BEZIER_KNOTS.);
#1282 = CARTESIAN_POINT('',(11.607999925152,-28.));
#1283 = CARTESIAN_POINT('',(11.605999999994,-28.));
#1284 = ( GEOMETRIC_REPRESENTATION_CONTEXT(2) 
PARAMETRIC_REPRESENTATION_CONTEXT() REPRESENTATION_CONTEXT('2D SPACE',''
  ) );
#1285 = PCURVE('',#1286,#1291);
#1286 = PLANE('',#1287);
#1287 = AXIS2_PLACEMENT_3D('',#1288,#1289,#1290);
#1288 = CARTESIAN_POINT('',(13.303999999994,-12.6,14.));
#1289 = DIRECTION('',(0.,2.22044604925E-16,-1.));
#1290 = DIRECTION('',(1.,0.,0.));
#1291 = DEFINITIONAL_REPRESENTATION('',(#1292),#1295);
#1292 = B_SPLINE_CURVE_WITH_KNOTS('',1,(#1293,#1294),.UNSPECIFIED.,.F.,
  .F.,(2,2),(-5.804999925155,-5.802999999997),.PIECEWISE_BEZIER_KNOTS.);
#1293 = CARTESIAN_POINT('',(1.999925157933E-03,-1.));
#1294 = CARTESIAN_POINT('',(0.,-1.));
#1295 = ( GEOMETRIC_REPRESENTATION_CONTEXT(2) 
PARAMETRIC_REPRESENTATION_CONTEXT() REPRESENTATION_CONTEXT('2D SPACE',''
  ) );
#1296 = ORIENTED_EDGE('',*,*,#1297,.T.);
#1297 = EDGE_CURVE('',#1272,#1095,#1298,.T.);
#1298 = SURFACE_CURVE('',#1299,(#1304,#1315),.PCURVE_S1.);
#1299 = CIRCLE('',#1300,1.199);
#1300 = AXIS2_PLACEMENT_3D('',#1301,#1302,#1303);
#1301 = CARTESIAN_POINT('',(13.303999999994,-11.6,12.801));
#1302 = DIRECTION('',(0.,-1.,-2.22044604925E-16));
#1303 = DIRECTION('',(-1.,-0.,0.));
#1304 = PCURVE('',#159,#1305);
#1305 = DEFINITIONAL_REPRESENTATION('',(#1306),#1314);
#1306 = ( BOUNDED_CURVE() B_SPLINE_CURVE(2,(#1307,#1308,#1309,#1310,
#1311,#1312,#1313),.UNSPECIFIED.,.T.,.F.) B_SPLINE_CURVE_WITH_KNOTS((1,2
    ,2,2,2,1),(-2.094395102393,0.,2.094395102393,4.188790204786,
6.28318530718,8.377580409573),.UNSPECIFIED.) CURVE() 
GEOMETRIC_REPRESENTATION_ITEM() RATIONAL_B_SPLINE_CURVE((1.,0.5,1.,0.5,
1.,0.5,1.)) REPRESENTATION_ITEM('') );
#1307 = CARTESIAN_POINT('',(10.406999999994,-26.801));
#1308 = CARTESIAN_POINT('',(10.406999999994,-24.72427108172));
#1309 = CARTESIAN_POINT('',(12.205499999994,-25.76263554086));
#1310 = CARTESIAN_POINT('',(14.003999999994,-26.801));
#1311 = CARTESIAN_POINT('',(12.205499999994,-27.83936445913));
#1312 = CARTESIAN_POINT('',(10.406999999994,-28.87772891827));
#1313 = CARTESIAN_POINT('',(10.406999999994,-26.801));
#1314 = ( GEOMETRIC_REPRESENTATION_CONTEXT(2) 
PARAMETRIC_REPRESENTATION_CONTEXT() REPRESENTATION_CONTEXT('2D SPACE',''
  ) );
#1315 = PCURVE('',#1316,#1321);
#1316 = CYLINDRICAL_SURFACE('',#1317,1.199);
#1317 = AXIS2_PLACEMENT_3D('',#1318,#1319,#1320);
#1318 = CARTESIAN_POINT('',(13.303999999994,-12.6,12.801));
#1319 = DIRECTION('',(0.,-1.,-2.22044604925E-16));
#1320 = DIRECTION('',(-1.,0.,0.));
#1321 = DEFINITIONAL_REPRESENTATION('',(#1322),#1326);
#1322 = LINE('',#1323,#1324);
#1323 = CARTESIAN_POINT('',(0.,-1.));
#1324 = VECTOR('',#1325,1.);
#1325 = DIRECTION('',(1.,0.));
#1326 = ( GEOMETRIC_REPRESENTATION_CONTEXT(2) 
PARAMETRIC_REPRESENTATION_CONTEXT() REPRESENTATION_CONTEXT('2D SPACE',''
  ) );
#1327 = FACE_BOUND('',#1328,.F.);
#1328 = EDGE_LOOP('',(#1329,#1357,#1390,#1416,#1449,#1475,#1508,#1534));
#1329 = ORIENTED_EDGE('',*,*,#1330,.F.);
#1330 = EDGE_CURVE('',#1331,#1333,#1335,.T.);
#1331 = VERTEX_POINT('',#1332);
#1332 = CARTESIAN_POINT('',(16.17,-11.6,0.279999966458));
#1333 = VERTEX_POINT('',#1334);
#1334 = CARTESIAN_POINT('',(16.17,-11.6,4.780000040124));
#1335 = SURFACE_CURVE('',#1336,(#1340,#1346),.PCURVE_S1.);
#1336 = LINE('',#1337,#1338);
#1337 = CARTESIAN_POINT('',(16.17,-11.6,-4.609999979938));
#1338 = VECTOR('',#1339,1.);
#1339 = DIRECTION('',(0.,-0.,1.));
#1340 = PCURVE('',#159,#1341);
#1341 = DEFINITIONAL_REPRESENTATION('',(#1342),#1345);
#1342 = B_SPLINE_CURVE_WITH_KNOTS('',1,(#1343,#1344),.UNSPECIFIED.,.F.,
  .F.,(2,2),(4.889999946396,9.390000020062),.PIECEWISE_BEZIER_KNOTS.);
#1343 = CARTESIAN_POINT('',(14.472,-14.27999996645));
#1344 = CARTESIAN_POINT('',(14.472,-18.78000004012));
#1345 = ( GEOMETRIC_REPRESENTATION_CONTEXT(2) 
PARAMETRIC_REPRESENTATION_CONTEXT() REPRESENTATION_CONTEXT('2D SPACE',''
  ) );
#1346 = PCURVE('',#1347,#1352);
#1347 = PLANE('',#1348);
#1348 = AXIS2_PLACEMENT_3D('',#1349,#1350,#1351);
#1349 = CARTESIAN_POINT('',(16.17,-12.6,4.780000040124));
#1350 = DIRECTION('',(-1.,0.,0.));
#1351 = DIRECTION('',(0.,2.22044604925E-16,-1.));
#1352 = DEFINITIONAL_REPRESENTATION('',(#1353),#1356);
#1353 = B_SPLINE_CURVE_WITH_KNOTS('',1,(#1354,#1355),.UNSPECIFIED.,.F.,
  .F.,(2,2),(4.889999946396,9.390000020062),.PIECEWISE_BEZIER_KNOTS.);
#1354 = CARTESIAN_POINT('',(4.500000073666,-1.));
#1355 = CARTESIAN_POINT('',(0.,-1.));
#1356 = ( GEOMETRIC_REPRESENTATION_CONTEXT(2) 
PARAMETRIC_REPRESENTATION_CONTEXT() REPRESENTATION_CONTEXT('2D SPACE',''
  ) );
#1357 = ORIENTED_EDGE('',*,*,#1358,.T.);
#1358 = EDGE_CURVE('',#1331,#1359,#1361,.T.);
#1359 = VERTEX_POINT('',#1360);
#1360 = CARTESIAN_POINT('',(18.67,-11.6,-2.220000036833));
#1361 = SURFACE_CURVE('',#1362,(#1367,#1378),.PCURVE_S1.);
#1362 = CIRCLE('',#1363,2.5);
#1363 = AXIS2_PLACEMENT_3D('',#1364,#1365,#1366);
#1364 = CARTESIAN_POINT('',(18.67,-11.6,0.279999966458));
#1365 = DIRECTION('',(0.,-1.,-2.22044604925E-16));
#1366 = DIRECTION('',(1.,0.,0.));
#1367 = PCURVE('',#159,#1368);
#1368 = DEFINITIONAL_REPRESENTATION('',(#1369),#1377);
#1369 = ( BOUNDED_CURVE() B_SPLINE_CURVE(2,(#1370,#1371,#1372,#1373,
#1374,#1375,#1376),.UNSPECIFIED.,.T.,.F.) B_SPLINE_CURVE_WITH_KNOTS((1,2
    ,2,2,2,1),(-2.094395102393,0.,2.094395102393,4.188790204786,
6.28318530718,8.377580409573),.UNSPECIFIED.) CURVE() 
GEOMETRIC_REPRESENTATION_ITEM() RATIONAL_B_SPLINE_CURVE((1.,0.5,1.,0.5,
1.,0.5,1.)) REPRESENTATION_ITEM('') );
#1370 = CARTESIAN_POINT('',(19.472,-14.27999996645));
#1371 = CARTESIAN_POINT('',(19.472,-18.61012698538));
#1372 = CARTESIAN_POINT('',(15.722,-16.44506347591));
#1373 = CARTESIAN_POINT('',(11.972,-14.27999996645));
#1374 = CARTESIAN_POINT('',(15.722,-12.11493645699));
#1375 = CARTESIAN_POINT('',(19.472,-9.949872947536));
#1376 = CARTESIAN_POINT('',(19.472,-14.27999996645));
#1377 = ( GEOMETRIC_REPRESENTATION_CONTEXT(2) 
PARAMETRIC_REPRESENTATION_CONTEXT() REPRESENTATION_CONTEXT('2D SPACE',''
  ) );
#1378 = PCURVE('',#1379,#1384);
#1379 = CYLINDRICAL_SURFACE('',#1380,2.5);
#1380 = AXIS2_PLACEMENT_3D('',#1381,#1382,#1383);
#1381 = CARTESIAN_POINT('',(18.67,-12.6,0.279999966458));
#1382 = DIRECTION('',(0.,-1.,-2.22044604925E-16));
#1383 = DIRECTION('',(1.,0.,0.));
#1384 = DEFINITIONAL_REPRESENTATION('',(#1385),#1389);
#1385 = LINE('',#1386,#1387);
#1386 = CARTESIAN_POINT('',(-6.28318530718,-1.));
#1387 = VECTOR('',#1388,1.);
#1388 = DIRECTION('',(1.,-0.));
#1389 = ( GEOMETRIC_REPRESENTATION_CONTEXT(2) 
PARAMETRIC_REPRESENTATION_CONTEXT() REPRESENTATION_CONTEXT('2D SPACE',''
  ) );
#1390 = ORIENTED_EDGE('',*,*,#1391,.F.);
#1391 = EDGE_CURVE('',#1392,#1359,#1394,.T.);
#1392 = VERTEX_POINT('',#1393);
#1393 = CARTESIAN_POINT('',(28.67,-11.6,-2.220000036833));
#1394 = SURFACE_CURVE('',#1395,(#1399,#1405),.PCURVE_S1.);
#1395 = LINE('',#1396,#1397);
#1396 = CARTESIAN_POINT('',(10.184,-11.6,-2.220000040124));
#1397 = VECTOR('',#1398,1.);
#1398 = DIRECTION('',(-1.,0.,0.));
#1399 = PCURVE('',#159,#1400);
#1400 = DEFINITIONAL_REPRESENTATION('',(#1401),#1404);
#1401 = B_SPLINE_CURVE_WITH_KNOTS('',1,(#1402,#1403),.UNSPECIFIED.,.F.,
  .F.,(2,2),(-18.486,-8.486),.PIECEWISE_BEZIER_KNOTS.);
#1402 = CARTESIAN_POINT('',(26.972,-11.77999995987));
#1403 = CARTESIAN_POINT('',(16.972,-11.77999995987));
#1404 = ( GEOMETRIC_REPRESENTATION_CONTEXT(2) 
PARAMETRIC_REPRESENTATION_CONTEXT() REPRESENTATION_CONTEXT('2D SPACE',''
  ) );
#1405 = PCURVE('',#1406,#1411);
#1406 = PLANE('',#1407);
#1407 = AXIS2_PLACEMENT_3D('',#1408,#1409,#1410);
#1408 = CARTESIAN_POINT('',(18.67,-12.6,-2.220000040124));
#1409 = DIRECTION('',(0.,2.22044604925E-16,-1.));
#1410 = DIRECTION('',(1.,0.,0.));
#1411 = DEFINITIONAL_REPRESENTATION('',(#1412),#1415);
#1412 = B_SPLINE_CURVE_WITH_KNOTS('',1,(#1413,#1414),.UNSPECIFIED.,.F.,
  .F.,(2,2),(-18.486,-8.486),.PIECEWISE_BEZIER_KNOTS.);
#1413 = CARTESIAN_POINT('',(10.,-1.));
#1414 = CARTESIAN_POINT('',(0.,-1.));
#1415 = ( GEOMETRIC_REPRESENTATION_CONTEXT(2) 
PARAMETRIC_REPRESENTATION_CONTEXT() REPRESENTATION_CONTEXT('2D SPACE',''
  ) );
#1416 = ORIENTED_EDGE('',*,*,#1417,.T.);
#1417 = EDGE_CURVE('',#1392,#1418,#1420,.T.);
#1418 = VERTEX_POINT('',#1419);
#1419 = CARTESIAN_POINT('',(31.17,-11.6,0.279999966458));
#1420 = SURFACE_CURVE('',#1421,(#1426,#1437),.PCURVE_S1.);
#1421 = CIRCLE('',#1422,2.5);
#1422 = AXIS2_PLACEMENT_3D('',#1423,#1424,#1425);
#1423 = CARTESIAN_POINT('',(28.67,-11.6,0.279999966458));
#1424 = DIRECTION('',(0.,-1.,-2.22044604925E-16));
#1425 = DIRECTION('',(1.,0.,0.));
#1426 = PCURVE('',#159,#1427);
#1427 = DEFINITIONAL_REPRESENTATION('',(#1428),#1436);
#1428 = ( BOUNDED_CURVE() B_SPLINE_CURVE(2,(#1429,#1430,#1431,#1432,
#1433,#1434,#1435),.UNSPECIFIED.,.T.,.F.) B_SPLINE_CURVE_WITH_KNOTS((1,2
    ,2,2,2,1),(-2.094395102393,0.,2.094395102393,4.188790204786,
6.28318530718,8.377580409573),.UNSPECIFIED.) CURVE() 
GEOMETRIC_REPRESENTATION_ITEM() RATIONAL_B_SPLINE_CURVE((1.,0.5,1.,0.5,
1.,0.5,1.)) REPRESENTATION_ITEM('') );
#1429 = CARTESIAN_POINT('',(29.472,-14.27999996645));
#1430 = CARTESIAN_POINT('',(29.472,-18.61012698538));
#1431 = CARTESIAN_POINT('',(25.722,-16.44506347591));
#1432 = CARTESIAN_POINT('',(21.972,-14.27999996645));
#1433 = CARTESIAN_POINT('',(25.722,-12.11493645699));
#1434 = CARTESIAN_POINT('',(29.472,-9.949872947536));
#1435 = CARTESIAN_POINT('',(29.472,-14.27999996645));
#1436 = ( GEOMETRIC_REPRESENTATION_CONTEXT(2) 
PARAMETRIC_REPRESENTATION_CONTEXT() REPRESENTATION_CONTEXT('2D SPACE',''
  ) );
#1437 = PCURVE('',#1438,#1443);
#1438 = CYLINDRICAL_SURFACE('',#1439,2.5);
#1439 = AXIS2_PLACEMENT_3D('',#1440,#1441,#1442);
#1440 = CARTESIAN_POINT('',(28.67,-12.6,0.279999966458));
#1441 = DIRECTION('',(0.,-1.,-2.22044604925E-16));
#1442 = DIRECTION('',(1.,0.,0.));
#1443 = DEFINITIONAL_REPRESENTATION('',(#1444),#1448);
#1444 = LINE('',#1445,#1446);
#1445 = CARTESIAN_POINT('',(-6.28318530718,-1.));
#1446 = VECTOR('',#1447,1.);
#1447 = DIRECTION('',(1.,-0.));
#1448 = ( GEOMETRIC_REPRESENTATION_CONTEXT(2) 
PARAMETRIC_REPRESENTATION_CONTEXT() REPRESENTATION_CONTEXT('2D SPACE',''
  ) );
#1449 = ORIENTED_EDGE('',*,*,#1450,.T.);
#1450 = EDGE_CURVE('',#1418,#1451,#1453,.T.);
#1451 = VERTEX_POINT('',#1452);
#1452 = CARTESIAN_POINT('',(31.17,-11.6,4.780000040124));
#1453 = SURFACE_CURVE('',#1454,(#1458,#1464),.PCURVE_S1.);
#1454 = LINE('',#1455,#1456);
#1455 = CARTESIAN_POINT('',(31.17,-11.6,-4.609999979938));
#1456 = VECTOR('',#1457,1.);
#1457 = DIRECTION('',(0.,-0.,1.));
#1458 = PCURVE('',#159,#1459);
#1459 = DEFINITIONAL_REPRESENTATION('',(#1460),#1463);
#1460 = B_SPLINE_CURVE_WITH_KNOTS('',1,(#1461,#1462),.UNSPECIFIED.,.F.,
  .F.,(2,2),(4.889999946396,9.390000020062),.PIECEWISE_BEZIER_KNOTS.);
#1461 = CARTESIAN_POINT('',(29.472,-14.27999996645));
#1462 = CARTESIAN_POINT('',(29.472,-18.78000004012));
#1463 = ( GEOMETRIC_REPRESENTATION_CONTEXT(2) 
PARAMETRIC_REPRESENTATION_CONTEXT() REPRESENTATION_CONTEXT('2D SPACE',''
  ) );
#1464 = PCURVE('',#1465,#1470);
#1465 = PLANE('',#1466);
#1466 = AXIS2_PLACEMENT_3D('',#1467,#1468,#1469);
#1467 = CARTESIAN_POINT('',(31.17,-12.6,4.780000040124));
#1468 = DIRECTION('',(-1.,0.,0.));
#1469 = DIRECTION('',(0.,2.22044604925E-16,-1.));
#1470 = DEFINITIONAL_REPRESENTATION('',(#1471),#1474);
#1471 = B_SPLINE_CURVE_WITH_KNOTS('',1,(#1472,#1473),.UNSPECIFIED.,.F.,
  .F.,(2,2),(4.889999946396,9.390000020062),.PIECEWISE_BEZIER_KNOTS.);
#1472 = CARTESIAN_POINT('',(4.500000073666,-1.));
#1473 = CARTESIAN_POINT('',(0.,-1.));
#1474 = ( GEOMETRIC_REPRESENTATION_CONTEXT(2) 
PARAMETRIC_REPRESENTATION_CONTEXT() REPRESENTATION_CONTEXT('2D SPACE',''
  ) );
#1475 = ORIENTED_EDGE('',*,*,#1476,.T.);
#1476 = EDGE_CURVE('',#1451,#1477,#1479,.T.);
#1477 = VERTEX_POINT('',#1478);
#1478 = CARTESIAN_POINT('',(28.67,-11.6,7.28));
#1479 = SURFACE_CURVE('',#1480,(#1485,#1496),.PCURVE_S1.);
#1480 = CIRCLE('',#1481,2.5);
#1481 = AXIS2_PLACEMENT_3D('',#1482,#1483,#1484);
#1482 = CARTESIAN_POINT('',(28.67,-11.6,4.780000040124));
#1483 = DIRECTION('',(0.,-1.,-2.22044604925E-16));
#1484 = DIRECTION('',(1.,0.,0.));
#1485 = PCURVE('',#159,#1486);
#1486 = DEFINITIONAL_REPRESENTATION('',(#1487),#1495);
#1487 = ( BOUNDED_CURVE() B_SPLINE_CURVE(2,(#1488,#1489,#1490,#1491,
#1492,#1493,#1494),.UNSPECIFIED.,.T.,.F.) B_SPLINE_CURVE_WITH_KNOTS((1,2
    ,2,2,2,1),(-2.094395102393,0.,2.094395102393,4.188790204786,
6.28318530718,8.377580409573),.UNSPECIFIED.) CURVE() 
GEOMETRIC_REPRESENTATION_ITEM() RATIONAL_B_SPLINE_CURVE((1.,0.5,1.,0.5,
1.,0.5,1.)) REPRESENTATION_ITEM('') );
#1488 = CARTESIAN_POINT('',(29.472,-18.78000004012));
#1489 = CARTESIAN_POINT('',(29.472,-23.11012705904));
#1490 = CARTESIAN_POINT('',(25.722,-20.94506354958));
#1491 = CARTESIAN_POINT('',(21.972,-18.78000004012));
#1492 = CARTESIAN_POINT('',(25.722,-16.61493653066));
#1493 = CARTESIAN_POINT('',(29.472,-14.4498730212));
#1494 = CARTESIAN_POINT('',(29.472,-18.78000004012));
#1495 = ( GEOMETRIC_REPRESENTATION_CONTEXT(2) 
PARAMETRIC_REPRESENTATION_CONTEXT() REPRESENTATION_CONTEXT('2D SPACE',''
  ) );
#1496 = PCURVE('',#1497,#1502);
#1497 = CYLINDRICAL_SURFACE('',#1498,2.5);
#1498 = AXIS2_PLACEMENT_3D('',#1499,#1500,#1501);
#1499 = CARTESIAN_POINT('',(28.67,-12.6,4.780000040124));
#1500 = DIRECTION('',(0.,-1.,-2.22044604925E-16));
#1501 = DIRECTION('',(1.,0.,0.));
#1502 = DEFINITIONAL_REPRESENTATION('',(#1503),#1507);
#1503 = LINE('',#1504,#1505);
#1504 = CARTESIAN_POINT('',(-6.28318530718,-1.));
#1505 = VECTOR('',#1506,1.);
#1506 = DIRECTION('',(1.,-0.));
#1507 = ( GEOMETRIC_REPRESENTATION_CONTEXT(2) 
PARAMETRIC_REPRESENTATION_CONTEXT() REPRESENTATION_CONTEXT('2D SPACE',''
  ) );
#1508 = ORIENTED_EDGE('',*,*,#1509,.T.);
#1509 = EDGE_CURVE('',#1477,#1510,#1512,.T.);
#1510 = VERTEX_POINT('',#1511);
#1511 = CARTESIAN_POINT('',(18.67,-11.6,7.28));
#1512 = SURFACE_CURVE('',#1513,(#1517,#1523),.PCURVE_S1.);
#1513 = LINE('',#1514,#1515);
#1514 = CARTESIAN_POINT('',(10.184,-11.6,7.279999959876));
#1515 = VECTOR('',#1516,1.);
#1516 = DIRECTION('',(-1.,0.,0.));
#1517 = PCURVE('',#159,#1518);
#1518 = DEFINITIONAL_REPRESENTATION('',(#1519),#1522);
#1519 = B_SPLINE_CURVE_WITH_KNOTS('',1,(#1520,#1521),.UNSPECIFIED.,.F.,
  .F.,(2,2),(-18.486,-8.486),.PIECEWISE_BEZIER_KNOTS.);
#1520 = CARTESIAN_POINT('',(26.972,-21.27999995987));
#1521 = CARTESIAN_POINT('',(16.972,-21.27999995987));
#1522 = ( GEOMETRIC_REPRESENTATION_CONTEXT(2) 
PARAMETRIC_REPRESENTATION_CONTEXT() REPRESENTATION_CONTEXT('2D SPACE',''
  ) );
#1523 = PCURVE('',#1524,#1529);
#1524 = PLANE('',#1525);
#1525 = AXIS2_PLACEMENT_3D('',#1526,#1527,#1528);
#1526 = CARTESIAN_POINT('',(18.67,-12.6,7.279999959876));
#1527 = DIRECTION('',(0.,2.22044604925E-16,-1.));
#1528 = DIRECTION('',(1.,0.,0.));
#1529 = DEFINITIONAL_REPRESENTATION('',(#1530),#1533);
#1530 = B_SPLINE_CURVE_WITH_KNOTS('',1,(#1531,#1532),.UNSPECIFIED.,.F.,
  .F.,(2,2),(-18.486,-8.486),.PIECEWISE_BEZIER_KNOTS.);
#1531 = CARTESIAN_POINT('',(10.,-1.));
#1532 = CARTESIAN_POINT('',(0.,-1.));
#1533 = ( GEOMETRIC_REPRESENTATION_CONTEXT(2) 
PARAMETRIC_REPRESENTATION_CONTEXT() REPRESENTATION_CONTEXT('2D SPACE',''
  ) );
#1534 = ORIENTED_EDGE('',*,*,#1535,.T.);
#1535 = EDGE_CURVE('',#1510,#1333,#1536,.T.);
#1536 = SURFACE_CURVE('',#1537,(#1542,#1553),.PCURVE_S1.);
#1537 = CIRCLE('',#1538,2.5);
#1538 = AXIS2_PLACEMENT_3D('',#1539,#1540,#1541);
#1539 = CARTESIAN_POINT('',(18.67,-11.6,4.780000040124));
#1540 = DIRECTION('',(0.,-1.,-2.22044604925E-16));
#1541 = DIRECTION('',(1.,0.,0.));
#1542 = PCURVE('',#159,#1543);
#1543 = DEFINITIONAL_REPRESENTATION('',(#1544),#1552);
#1544 = ( BOUNDED_CURVE() B_SPLINE_CURVE(2,(#1545,#1546,#1547,#1548,
#1549,#1550,#1551),.UNSPECIFIED.,.T.,.F.) B_SPLINE_CURVE_WITH_KNOTS((1,2
    ,2,2,2,1),(-2.094395102393,0.,2.094395102393,4.188790204786,
6.28318530718,8.377580409573),.UNSPECIFIED.) CURVE() 
GEOMETRIC_REPRESENTATION_ITEM() RATIONAL_B_SPLINE_CURVE((1.,0.5,1.,0.5,
1.,0.5,1.)) REPRESENTATION_ITEM('') );
#1545 = CARTESIAN_POINT('',(19.472,-18.78000004012));
#1546 = CARTESIAN_POINT('',(19.472,-23.11012705904));
#1547 = CARTESIAN_POINT('',(15.722,-20.94506354958));
#1548 = CARTESIAN_POINT('',(11.972,-18.78000004012));
#1549 = CARTESIAN_POINT('',(15.722,-16.61493653066));
#1550 = CARTESIAN_POINT('',(19.472,-14.4498730212));
#1551 = CARTESIAN_POINT('',(19.472,-18.78000004012));
#1552 = ( GEOMETRIC_REPRESENTATION_CONTEXT(2) 
PARAMETRIC_REPRESENTATION_CONTEXT() REPRESENTATION_CONTEXT('2D SPACE',''
  ) );
#1553 = PCURVE('',#1554,#1559);
#1554 = CYLINDRICAL_SURFACE('',#1555,2.5);
#1555 = AXIS2_PLACEMENT_3D('',#1556,#1557,#1558);
#1556 = CARTESIAN_POINT('',(18.67,-12.6,4.780000040124));
#1557 = DIRECTION('',(0.,-1.,-2.22044604925E-16));
#1558 = DIRECTION('',(1.,0.,0.));
#1559 = DEFINITIONAL_REPRESENTATION('',(#1560),#1564);
#1560 = LINE('',#1561,#1562);
#1561 = CARTESIAN_POINT('',(-6.28318530718,-1.));
#1562 = VECTOR('',#1563,1.);
#1563 = DIRECTION('',(1.,-0.));
#1564 = ( GEOMETRIC_REPRESENTATION_CONTEXT(2) 
PARAMETRIC_REPRESENTATION_CONTEXT() REPRESENTATION_CONTEXT('2D SPACE',''
  ) );
#1565 = ADVANCED_FACE('',(#1566),#186,.T.);
#1566 = FACE_BOUND('',#1567,.T.);
#1567 = EDGE_LOOP('',(#1568,#1569,#1589,#1611));
#1568 = ORIENTED_EDGE('',*,*,#171,.F.);
#1569 = ORIENTED_EDGE('',*,*,#1570,.T.);
#1570 = EDGE_CURVE('',#144,#1571,#1573,.T.);
#1571 = VERTEX_POINT('',#1572);
#1572 = CARTESIAN_POINT('',(1.698,-11.2,25.9));
#1573 = SURFACE_CURVE('',#1574,(#1577,#1583),.PCURVE_S1.);
#1574 = B_SPLINE_CURVE_WITH_KNOTS('',1,(#1575,#1576),.UNSPECIFIED.,.F.,
  .F.,(2,2),(0.,1.),.PIECEWISE_BEZIER_KNOTS.);
#1575 = CARTESIAN_POINT('',(1.698,-11.6,25.5));
#1576 = CARTESIAN_POINT('',(1.698,-11.2,25.9));
#1577 = PCURVE('',#186,#1578);
#1578 = DEFINITIONAL_REPRESENTATION('',(#1579),#1582);
#1579 = B_SPLINE_CURVE_WITH_KNOTS('',1,(#1580,#1581),.UNSPECIFIED.,.F.,
  .F.,(2,2),(0.,1.),.PIECEWISE_BEZIER_KNOTS.);
#1580 = CARTESIAN_POINT('',(-1.570796326795,0.));
#1581 = CARTESIAN_POINT('',(-1.570796326795,-0.4));
#1582 = ( GEOMETRIC_REPRESENTATION_CONTEXT(2) 
PARAMETRIC_REPRESENTATION_CONTEXT() REPRESENTATION_CONTEXT('2D SPACE',''
  ) );
#1583 = PCURVE('',#818,#1584);
#1584 = DEFINITIONAL_REPRESENTATION('',(#1585),#1588);
#1585 = B_SPLINE_CURVE_WITH_KNOTS('',1,(#1586,#1587),.UNSPECIFIED.,.F.,
  .F.,(2,2),(0.,1.),.PIECEWISE_BEZIER_KNOTS.);
#1586 = CARTESIAN_POINT('',(-17.607,-0.565685424949));
#1587 = CARTESIAN_POINT('',(-17.607,0.));
#1588 = ( GEOMETRIC_REPRESENTATION_CONTEXT(2) 
PARAMETRIC_REPRESENTATION_CONTEXT() REPRESENTATION_CONTEXT('2D SPACE',''
  ) );
#1589 = ORIENTED_EDGE('',*,*,#1590,.F.);
#1590 = EDGE_CURVE('',#733,#1571,#1591,.T.);
#1591 = SURFACE_CURVE('',#1592,(#1597,#1604),.PCURVE_S1.);
#1592 = CIRCLE('',#1593,5.6);
#1593 = AXIS2_PLACEMENT_3D('',#1594,#1595,#1596);
#1594 = CARTESIAN_POINT('',(1.698,-5.6,25.9));
#1595 = DIRECTION('',(0.,0.,1.));
#1596 = DIRECTION('',(1.,0.,0.));
#1597 = PCURVE('',#186,#1598);
#1598 = DEFINITIONAL_REPRESENTATION('',(#1599),#1603);
#1599 = LINE('',#1600,#1601);
#1600 = CARTESIAN_POINT('',(3.14159265359,-0.4));
#1601 = VECTOR('',#1602,1.);
#1602 = DIRECTION('',(-1.,-0.));
#1603 = ( GEOMETRIC_REPRESENTATION_CONTEXT(2) 
PARAMETRIC_REPRESENTATION_CONTEXT() REPRESENTATION_CONTEXT('2D SPACE',''
  ) );
#1604 = PCURVE('',#768,#1605);
#1605 = DEFINITIONAL_REPRESENTATION('',(#1606),#1610);
#1606 = CIRCLE('',#1607,5.6);
#1607 = AXIS2_PLACEMENT_2D('',#1608,#1609);
#1608 = CARTESIAN_POINT('',(0.,0.));
#1609 = DIRECTION('',(1.,0.));
#1610 = ( GEOMETRIC_REPRESENTATION_CONTEXT(2) 
PARAMETRIC_REPRESENTATION_CONTEXT() REPRESENTATION_CONTEXT('2D SPACE',''
  ) );
#1611 = ORIENTED_EDGE('',*,*,#732,.F.);
#1612 = ADVANCED_FACE('',(#1613),#272,.T.);
#1613 = FACE_BOUND('',#1614,.T.);
#1614 = EDGE_LOOP('',(#1615,#1616,#1643,#1664));
#1615 = ORIENTED_EDGE('',*,*,#256,.T.);
#1616 = ORIENTED_EDGE('',*,*,#1617,.T.);
#1617 = EDGE_CURVE('',#229,#1618,#1620,.T.);
#1618 = VERTEX_POINT('',#1619);
#1619 = CARTESIAN_POINT('',(36.911999997959,49.28,25.5));
#1620 = SURFACE_CURVE('',#1621,(#1625,#1632),.PCURVE_S1.);
#1621 = LINE('',#1622,#1623);
#1622 = CARTESIAN_POINT('',(19.305,49.28,25.5));
#1623 = VECTOR('',#1624,1.);
#1624 = DIRECTION('',(1.,0.,0.));
#1625 = PCURVE('',#272,#1626);
#1626 = DEFINITIONAL_REPRESENTATION('',(#1627),#1631);
#1627 = LINE('',#1628,#1629);
#1628 = CARTESIAN_POINT('',(17.607,-39.5));
#1629 = VECTOR('',#1630,1.);
#1630 = DIRECTION('',(1.,0.));
#1631 = ( GEOMETRIC_REPRESENTATION_CONTEXT(2) 
PARAMETRIC_REPRESENTATION_CONTEXT() REPRESENTATION_CONTEXT('2D SPACE',''
  ) );
#1632 = PCURVE('',#1633,#1638);
#1633 = B_SPLINE_SURFACE_WITH_KNOTS('',1,1,(
    (#1634,#1635)
    ,(#1636,#1637
    )),.UNSPECIFIED.,.F.,.F.,.F.,(2,2),(2,2),(-17.60699999795,17.607),(
    0.,1.),.PIECEWISE_BEZIER_KNOTS.);
#1634 = CARTESIAN_POINT('',(36.911999997959,49.28,25.5));
#1635 = CARTESIAN_POINT('',(36.911999997831,48.88,25.9));
#1636 = CARTESIAN_POINT('',(1.698,49.28,25.5));
#1637 = CARTESIAN_POINT('',(1.698,48.88,25.9));
#1638 = DEFINITIONAL_REPRESENTATION('',(#1639),#1642);
#1639 = B_SPLINE_CURVE_WITH_KNOTS('',1,(#1640,#1641),.UNSPECIFIED.,.F.,
  .F.,(2,2),(-17.607,17.606999997959),.PIECEWISE_BEZIER_KNOTS.);
#1640 = CARTESIAN_POINT('',(17.607,0.));
#1641 = CARTESIAN_POINT('',(-17.60699999795,0.));
#1642 = ( GEOMETRIC_REPRESENTATION_CONTEXT(2) 
PARAMETRIC_REPRESENTATION_CONTEXT() REPRESENTATION_CONTEXT('2D SPACE',''
  ) );
#1643 = ORIENTED_EDGE('',*,*,#1644,.F.);
#1644 = EDGE_CURVE('',#400,#1618,#1645,.T.);
#1645 = SURFACE_CURVE('',#1646,(#1650,#1657),.PCURVE_S1.);
#1646 = LINE('',#1647,#1648);
#1647 = CARTESIAN_POINT('',(36.911999997959,49.28,-14.));
#1648 = VECTOR('',#1649,1.);
#1649 = DIRECTION('',(0.,0.,1.));
#1650 = PCURVE('',#272,#1651);
#1651 = DEFINITIONAL_REPRESENTATION('',(#1652),#1656);
#1652 = LINE('',#1653,#1654);
#1653 = CARTESIAN_POINT('',(35.213999997959,0.));
#1654 = VECTOR('',#1655,1.);
#1655 = DIRECTION('',(0.,-1.));
#1656 = ( GEOMETRIC_REPRESENTATION_CONTEXT(2) 
PARAMETRIC_REPRESENTATION_CONTEXT() REPRESENTATION_CONTEXT('2D SPACE',''
  ) );
#1657 = PCURVE('',#420,#1658);
#1658 = DEFINITIONAL_REPRESENTATION('',(#1659),#1663);
#1659 = LINE('',#1660,#1661);
#1660 = CARTESIAN_POINT('',(1.570796326795,0.));
#1661 = VECTOR('',#1662,1.);
#1662 = DIRECTION('',(0.,-1.));
#1663 = ( GEOMETRIC_REPRESENTATION_CONTEXT(2) 
PARAMETRIC_REPRESENTATION_CONTEXT() REPRESENTATION_CONTEXT('2D SPACE',''
  ) );
#1664 = ORIENTED_EDGE('',*,*,#432,.F.);
#1665 = ADVANCED_FACE('',(#1666),#245,.T.);
#1666 = FACE_BOUND('',#1667,.T.);
#1667 = EDGE_LOOP('',(#1668,#1669,#1670,#1694));
#1668 = ORIENTED_EDGE('',*,*,#228,.F.);
#1669 = ORIENTED_EDGE('',*,*,#780,.T.);
#1670 = ORIENTED_EDGE('',*,*,#1671,.F.);
#1671 = EDGE_CURVE('',#1672,#753,#1674,.T.);
#1672 = VERTEX_POINT('',#1673);
#1673 = CARTESIAN_POINT('',(1.698,48.88,25.9));
#1674 = SURFACE_CURVE('',#1675,(#1680,#1687),.PCURVE_S1.);
#1675 = CIRCLE('',#1676,5.6);
#1676 = AXIS2_PLACEMENT_3D('',#1677,#1678,#1679);
#1677 = CARTESIAN_POINT('',(1.698,43.28,25.9));
#1678 = DIRECTION('',(0.,0.,1.));
#1679 = DIRECTION('',(1.,0.,0.));
#1680 = PCURVE('',#245,#1681);
#1681 = DEFINITIONAL_REPRESENTATION('',(#1682),#1686);
#1682 = LINE('',#1683,#1684);
#1683 = CARTESIAN_POINT('',(-3.14159265359,-0.4));
#1684 = VECTOR('',#1685,1.);
#1685 = DIRECTION('',(-1.,-0.));
#1686 = ( GEOMETRIC_REPRESENTATION_CONTEXT(2) 
PARAMETRIC_REPRESENTATION_CONTEXT() REPRESENTATION_CONTEXT('2D SPACE',''
  ) );
#1687 = PCURVE('',#768,#1688);
#1688 = DEFINITIONAL_REPRESENTATION('',(#1689),#1693);
#1689 = CIRCLE('',#1690,5.6);
#1690 = AXIS2_PLACEMENT_2D('',#1691,#1692);
#1691 = CARTESIAN_POINT('',(0.,48.88));
#1692 = DIRECTION('',(1.,0.));
#1693 = ( GEOMETRIC_REPRESENTATION_CONTEXT(2) 
PARAMETRIC_REPRESENTATION_CONTEXT() REPRESENTATION_CONTEXT('2D SPACE',''
  ) );
#1694 = ORIENTED_EDGE('',*,*,#1695,.F.);
#1695 = EDGE_CURVE('',#229,#1672,#1696,.T.);
#1696 = SURFACE_CURVE('',#1697,(#1700,#1706),.PCURVE_S1.);
#1697 = B_SPLINE_CURVE_WITH_KNOTS('',1,(#1698,#1699),.UNSPECIFIED.,.F.,
  .F.,(2,2),(0.,1.),.PIECEWISE_BEZIER_KNOTS.);
#1698 = CARTESIAN_POINT('',(1.698,49.28,25.5));
#1699 = CARTESIAN_POINT('',(1.698,48.88,25.9));
#1700 = PCURVE('',#245,#1701);
#1701 = DEFINITIONAL_REPRESENTATION('',(#1702),#1705);
#1702 = B_SPLINE_CURVE_WITH_KNOTS('',1,(#1703,#1704),.UNSPECIFIED.,.F.,
  .F.,(2,2),(0.,1.),.PIECEWISE_BEZIER_KNOTS.);
#1703 = CARTESIAN_POINT('',(-4.712388980385,0.));
#1704 = CARTESIAN_POINT('',(-4.712388980385,-0.4));
#1705 = ( GEOMETRIC_REPRESENTATION_CONTEXT(2) 
PARAMETRIC_REPRESENTATION_CONTEXT() REPRESENTATION_CONTEXT('2D SPACE',''
  ) );
#1706 = PCURVE('',#1633,#1707);
#1707 = DEFINITIONAL_REPRESENTATION('',(#1708),#1712);
#1708 = LINE('',#1709,#1710);
#1709 = CARTESIAN_POINT('',(17.607,0.));
#1710 = VECTOR('',#1711,1.);
#1711 = DIRECTION('',(0.,1.));
#1712 = ( GEOMETRIC_REPRESENTATION_CONTEXT(2) 
PARAMETRIC_REPRESENTATION_CONTEXT() REPRESENTATION_CONTEXT('2D SPACE',''
  ) );
#1713 = ADVANCED_FACE('',(#1714),#359,.T.);
#1714 = FACE_BOUND('',#1715,.T.);
#1715 = EDGE_LOOP('',(#1716,#1739,#1779,#1780));
#1716 = ORIENTED_EDGE('',*,*,#1717,.T.);
#1717 = EDGE_CURVE('',#339,#1718,#1720,.T.);
#1718 = VERTEX_POINT('',#1719);
#1719 = CARTESIAN_POINT('',(42.91199999898,-5.6,25.5));
#1720 = SURFACE_CURVE('',#1721,(#1725,#1732),.PCURVE_S1.);
#1721 = LINE('',#1722,#1723);
#1722 = CARTESIAN_POINT('',(42.91199999898,-5.6,-14.));
#1723 = VECTOR('',#1724,1.);
#1724 = DIRECTION('',(0.,0.,1.));
#1725 = PCURVE('',#359,#1726);
#1726 = DEFINITIONAL_REPRESENTATION('',(#1727),#1731);
#1727 = LINE('',#1728,#1729);
#1728 = CARTESIAN_POINT('',(3.14159265359,0.));
#1729 = VECTOR('',#1730,1.);
#1730 = DIRECTION('',(0.,-1.));
#1731 = ( GEOMETRIC_REPRESENTATION_CONTEXT(2) 
PARAMETRIC_REPRESENTATION_CONTEXT() REPRESENTATION_CONTEXT('2D SPACE',''
  ) );
#1732 = PCURVE('',#387,#1733);
#1733 = DEFINITIONAL_REPRESENTATION('',(#1734),#1738);
#1734 = LINE('',#1735,#1736);
#1735 = CARTESIAN_POINT('',(0.,0.));
#1736 = VECTOR('',#1737,1.);
#1737 = DIRECTION('',(0.,-1.));
#1738 = ( GEOMETRIC_REPRESENTATION_CONTEXT(2) 
PARAMETRIC_REPRESENTATION_CONTEXT() REPRESENTATION_CONTEXT('2D SPACE',''
  ) );
#1739 = ORIENTED_EDGE('',*,*,#1740,.T.);
#1740 = EDGE_CURVE('',#1718,#803,#1741,.T.);
#1741 = SURFACE_CURVE('',#1742,(#1747,#1754),.PCURVE_S1.);
#1742 = CIRCLE('',#1743,6.);
#1743 = AXIS2_PLACEMENT_3D('',#1744,#1745,#1746);
#1744 = CARTESIAN_POINT('',(36.911999997959,-5.6,25.5));
#1745 = DIRECTION('',(0.,0.,-1.));
#1746 = DIRECTION('',(-1.,0.,0.));
#1747 = PCURVE('',#359,#1748);
#1748 = DEFINITIONAL_REPRESENTATION('',(#1749),#1753);
#1749 = LINE('',#1750,#1751);
#1750 = CARTESIAN_POINT('',(0.,-39.5));
#1751 = VECTOR('',#1752,1.);
#1752 = DIRECTION('',(1.,0.));
#1753 = ( GEOMETRIC_REPRESENTATION_CONTEXT(2) 
PARAMETRIC_REPRESENTATION_CONTEXT() REPRESENTATION_CONTEXT('2D SPACE',''
  ) );
#1754 = PCURVE('',#1755,#1774);
#1755 = B_SPLINE_SURFACE_WITH_KNOTS('',8,1,(
    (#1756,#1757)
    ,(#1758,#1759)
    ,(#1760,#1761)
    ,(#1762,#1763)
    ,(#1764,#1765)
    ,(#1766,#1767)
    ,(#1768,#1769)
    ,(#1770,#1771)
    ,(#1772,#1773
    )),.UNSPECIFIED.,.F.,.F.,.F.,(9,9),(2,2),(1.570796326795,
    3.14159265359),(0.,1.),.PIECEWISE_BEZIER_KNOTS.);
#1756 = CARTESIAN_POINT('',(36.911999997959,-11.6,25.5));
#1757 = CARTESIAN_POINT('',(36.911999997831,-11.2,25.9));
#1758 = CARTESIAN_POINT('',(38.090097243055,-11.6,25.5));
#1759 = CARTESIAN_POINT('',(38.011557426587,-11.2,25.9));
#1760 = CARTESIAN_POINT('',(39.268194858985,-11.33563526623,
    25.500000000001));
#1761 = CARTESIAN_POINT('',(39.111115201455,-10.95325958181,
    25.900000000001));
#1762 = CARTESIAN_POINT('',(40.377079403969,-10.80690839522,
    25.499999999999));
#1763 = CARTESIAN_POINT('',(40.146074110106,-10.45978116887,
    25.899999999998));
#1764 = CARTESIAN_POINT('',(41.347552532639,-10.03555253468,
    25.500000000002));
#1765 = CARTESIAN_POINT('',(41.051849030199,-9.73984903237,
    25.900000000002));
#1766 = CARTESIAN_POINT('',(42.118908393188,-9.065079406009,
    25.499999999999));
#1767 = CARTESIAN_POINT('',(41.77178116671,-8.834074112275,
    25.899999999998));
#1768 = CARTESIAN_POINT('',(42.647635264192,-7.956194861026,
    25.500000000001));
#1769 = CARTESIAN_POINT('',(42.265259579648,-7.799115203624,
    25.900000000001));
#1770 = CARTESIAN_POINT('',(42.911999997959,-6.778097245096,25.5));
#1771 = CARTESIAN_POINT('',(42.511999997831,-6.699557428756,25.9));
#1772 = CARTESIAN_POINT('',(42.911999997959,-5.6,25.5));
#1773 = CARTESIAN_POINT('',(42.511999997831,-5.6,25.9));
#1774 = DEFINITIONAL_REPRESENTATION('',(#1775),#1778);
#1775 = B_SPLINE_CURVE_WITH_KNOTS('',1,(#1776,#1777),.UNSPECIFIED.,.F.,
  .F.,(2,2),(3.14159265359,4.712388980385),.PIECEWISE_BEZIER_KNOTS.);
#1776 = CARTESIAN_POINT('',(3.14159265359,0.));
#1777 = CARTESIAN_POINT('',(1.570796326795,0.));
#1778 = ( GEOMETRIC_REPRESENTATION_CONTEXT(2) 
PARAMETRIC_REPRESENTATION_CONTEXT() REPRESENTATION_CONTEXT('2D SPACE',''
  ) );
#1779 = ORIENTED_EDGE('',*,*,#830,.F.);
#1780 = ORIENTED_EDGE('',*,*,#338,.F.);
#1781 = ADVANCED_FACE('',(#1782),#420,.T.);
#1782 = FACE_BOUND('',#1783,.T.);
#1783 = EDGE_LOOP('',(#1784,#1785,#1827,#1848));
#1784 = ORIENTED_EDGE('',*,*,#1644,.T.);
#1785 = ORIENTED_EDGE('',*,*,#1786,.T.);
#1786 = EDGE_CURVE('',#1618,#1787,#1789,.T.);
#1787 = VERTEX_POINT('',#1788);
#1788 = CARTESIAN_POINT('',(42.91199999898,43.28,25.5));
#1789 = SURFACE_CURVE('',#1790,(#1795,#1802),.PCURVE_S1.);
#1790 = CIRCLE('',#1791,6.);
#1791 = AXIS2_PLACEMENT_3D('',#1792,#1793,#1794);
#1792 = CARTESIAN_POINT('',(36.911999997959,43.28,25.5));
#1793 = DIRECTION('',(0.,0.,-1.));
#1794 = DIRECTION('',(-1.,0.,0.));
#1795 = PCURVE('',#420,#1796);
#1796 = DEFINITIONAL_REPRESENTATION('',(#1797),#1801);
#1797 = LINE('',#1798,#1799);
#1798 = CARTESIAN_POINT('',(0.,-39.5));
#1799 = VECTOR('',#1800,1.);
#1800 = DIRECTION('',(1.,0.));
#1801 = ( GEOMETRIC_REPRESENTATION_CONTEXT(2) 
PARAMETRIC_REPRESENTATION_CONTEXT() REPRESENTATION_CONTEXT('2D SPACE',''
  ) );
#1802 = PCURVE('',#1803,#1822);
#1803 = B_SPLINE_SURFACE_WITH_KNOTS('',8,1,(
    (#1804,#1805)
    ,(#1806,#1807)
    ,(#1808,#1809)
    ,(#1810,#1811)
    ,(#1812,#1813)
    ,(#1814,#1815)
    ,(#1816,#1817)
    ,(#1818,#1819)
    ,(#1820,#1821
    )),.UNSPECIFIED.,.F.,.F.,.F.,(9,9),(2,2),(3.14159265359,
    4.712388980385),(0.,1.),.PIECEWISE_BEZIER_KNOTS.);
#1804 = CARTESIAN_POINT('',(42.911999997959,43.28,25.5));
#1805 = CARTESIAN_POINT('',(42.511999997831,43.28,25.9));
#1806 = CARTESIAN_POINT('',(42.911999997959,44.458097245096,25.5));
#1807 = CARTESIAN_POINT('',(42.511999997831,44.379557428756,25.9));
#1808 = CARTESIAN_POINT('',(42.647635264193,45.636194861027,
    25.500000000001));
#1809 = CARTESIAN_POINT('',(42.265259579648,45.479115203624,25.9));
#1810 = CARTESIAN_POINT('',(42.118908393186,46.745079406008,
    25.499999999998));
#1811 = CARTESIAN_POINT('',(41.771781166711,46.514074112276,25.9));
#1812 = CARTESIAN_POINT('',(41.34755253264,47.715552534682,
    25.500000000002));
#1813 = CARTESIAN_POINT('',(41.051849030198,47.419849032368,25.9));
#1814 = CARTESIAN_POINT('',(40.377079403969,48.486908395227,
    25.499999999999));
#1815 = CARTESIAN_POINT('',(40.146074110108,48.139781168879,25.9));
#1816 = CARTESIAN_POINT('',(39.268194858985,49.015635266234,
    25.500000000001));
#1817 = CARTESIAN_POINT('',(39.111115201454,48.633259581818,25.9));
#1818 = CARTESIAN_POINT('',(38.090097243055,49.28,25.5));
#1819 = CARTESIAN_POINT('',(38.011557426587,48.88,25.9));
#1820 = CARTESIAN_POINT('',(36.911999997959,49.28,25.5));
#1821 = CARTESIAN_POINT('',(36.911999997831,48.88,25.9));
#1822 = DEFINITIONAL_REPRESENTATION('',(#1823),#1826);
#1823 = B_SPLINE_CURVE_WITH_KNOTS('',1,(#1824,#1825),.UNSPECIFIED.,.F.,
  .F.,(2,2),(1.570796326795,3.14159265359),.PIECEWISE_BEZIER_KNOTS.);
#1824 = CARTESIAN_POINT('',(4.712388980385,0.));
#1825 = CARTESIAN_POINT('',(3.14159265359,0.));
#1826 = ( GEOMETRIC_REPRESENTATION_CONTEXT(2) 
PARAMETRIC_REPRESENTATION_CONTEXT() REPRESENTATION_CONTEXT('2D SPACE',''
  ) );
#1827 = ORIENTED_EDGE('',*,*,#1828,.F.);
#1828 = EDGE_CURVE('',#372,#1787,#1829,.T.);
#1829 = SURFACE_CURVE('',#1830,(#1834,#1841),.PCURVE_S1.);
#1830 = LINE('',#1831,#1832);
#1831 = CARTESIAN_POINT('',(42.91199999898,43.28,-14.));
#1832 = VECTOR('',#1833,1.);
#1833 = DIRECTION('',(0.,0.,1.));
#1834 = PCURVE('',#420,#1835);
#1835 = DEFINITIONAL_REPRESENTATION('',(#1836),#1840);
#1836 = LINE('',#1837,#1838);
#1837 = CARTESIAN_POINT('',(3.14159265359,0.));
#1838 = VECTOR('',#1839,1.);
#1839 = DIRECTION('',(0.,-1.));
#1840 = ( GEOMETRIC_REPRESENTATION_CONTEXT(2) 
PARAMETRIC_REPRESENTATION_CONTEXT() REPRESENTATION_CONTEXT('2D SPACE',''
  ) );
#1841 = PCURVE('',#387,#1842);
#1842 = DEFINITIONAL_REPRESENTATION('',(#1843),#1847);
#1843 = LINE('',#1844,#1845);
#1844 = CARTESIAN_POINT('',(48.88,0.));
#1845 = VECTOR('',#1846,1.);
#1846 = DIRECTION('',(0.,-1.));
#1847 = ( GEOMETRIC_REPRESENTATION_CONTEXT(2) 
PARAMETRIC_REPRESENTATION_CONTEXT() REPRESENTATION_CONTEXT('2D SPACE',''
  ) );
#1848 = ORIENTED_EDGE('',*,*,#399,.F.);
#1849 = ADVANCED_FACE('',(#1850),#387,.F.);
#1850 = FACE_BOUND('',#1851,.F.);
#1851 = EDGE_LOOP('',(#1852,#1853,#1879,#1880));
#1852 = ORIENTED_EDGE('',*,*,#1717,.T.);
#1853 = ORIENTED_EDGE('',*,*,#1854,.T.);
#1854 = EDGE_CURVE('',#1718,#1787,#1855,.T.);
#1855 = SURFACE_CURVE('',#1856,(#1860,#1867),.PCURVE_S1.);
#1856 = LINE('',#1857,#1858);
#1857 = CARTESIAN_POINT('',(42.912,18.84,25.5));
#1858 = VECTOR('',#1859,1.);
#1859 = DIRECTION('',(0.,1.,0.));
#1860 = PCURVE('',#387,#1861);
#1861 = DEFINITIONAL_REPRESENTATION('',(#1862),#1866);
#1862 = LINE('',#1863,#1864);
#1863 = CARTESIAN_POINT('',(24.44,-39.5));
#1864 = VECTOR('',#1865,1.);
#1865 = DIRECTION('',(1.,0.));
#1866 = ( GEOMETRIC_REPRESENTATION_CONTEXT(2) 
PARAMETRIC_REPRESENTATION_CONTEXT() REPRESENTATION_CONTEXT('2D SPACE',''
  ) );
#1867 = PCURVE('',#1868,#1873);
#1868 = PLANE('',#1869);
#1869 = AXIS2_PLACEMENT_3D('',#1870,#1871,#1872);
#1870 = CARTESIAN_POINT('',(42.512,18.84,25.9));
#1871 = DIRECTION('',(0.707106781187,-0.,0.707106781187));
#1872 = DIRECTION('',(0.,1.,0.));
#1873 = DEFINITIONAL_REPRESENTATION('',(#1874),#1878);
#1874 = LINE('',#1875,#1876);
#1875 = CARTESIAN_POINT('',(-1.7763568394E-15,-0.565685424949));
#1876 = VECTOR('',#1877,1.);
#1877 = DIRECTION('',(1.,0.));
#1878 = ( GEOMETRIC_REPRESENTATION_CONTEXT(2) 
PARAMETRIC_REPRESENTATION_CONTEXT() REPRESENTATION_CONTEXT('2D SPACE',''
  ) );
#1879 = ORIENTED_EDGE('',*,*,#1828,.F.);
#1880 = ORIENTED_EDGE('',*,*,#371,.F.);
#1881 = ADVANCED_FACE('',(#1882),#479,.F.);
#1882 = FACE_BOUND('',#1883,.F.);
#1883 = EDGE_LOOP('',(#1884,#1885,#1905,#1934));
#1884 = ORIENTED_EDGE('',*,*,#456,.F.);
#1885 = ORIENTED_EDGE('',*,*,#1886,.T.);
#1886 = EDGE_CURVE('',#457,#1887,#1889,.T.);
#1887 = VERTEX_POINT('',#1888);
#1888 = CARTESIAN_POINT('',(1.698,-9.2,-13.4));
#1889 = SURFACE_CURVE('',#1890,(#1893,#1899),.PCURVE_S1.);
#1890 = B_SPLINE_CURVE_WITH_KNOTS('',1,(#1891,#1892),.UNSPECIFIED.,.F.,
  .F.,(2,2),(0.,1.),.PIECEWISE_BEZIER_KNOTS.);
#1891 = CARTESIAN_POINT('',(1.698,-9.8,-14.));
#1892 = CARTESIAN_POINT('',(1.698,-9.2,-13.4));
#1893 = PCURVE('',#479,#1894);
#1894 = DEFINITIONAL_REPRESENTATION('',(#1895),#1898);
#1895 = B_SPLINE_CURVE_WITH_KNOTS('',1,(#1896,#1897),.UNSPECIFIED.,.F.,
  .F.,(2,2),(0.,1.),.PIECEWISE_BEZIER_KNOTS.);
#1896 = CARTESIAN_POINT('',(-1.570796326795,0.));
#1897 = CARTESIAN_POINT('',(-1.570796326795,-0.6));
#1898 = ( GEOMETRIC_REPRESENTATION_CONTEXT(2) 
PARAMETRIC_REPRESENTATION_CONTEXT() REPRESENTATION_CONTEXT('2D SPACE',''
  ) );
#1899 = PCURVE('',#716,#1900);
#1900 = DEFINITIONAL_REPRESENTATION('',(#1901),#1904);
#1901 = B_SPLINE_CURVE_WITH_KNOTS('',1,(#1902,#1903),.UNSPECIFIED.,.F.,
  .F.,(2,2),(0.,1.),.PIECEWISE_BEZIER_KNOTS.);
#1902 = CARTESIAN_POINT('',(-17.607,-0.848528137424));
#1903 = CARTESIAN_POINT('',(-17.607,0.));
#1904 = ( GEOMETRIC_REPRESENTATION_CONTEXT(2) 
PARAMETRIC_REPRESENTATION_CONTEXT() REPRESENTATION_CONTEXT('2D SPACE',''
  ) );
#1905 = ORIENTED_EDGE('',*,*,#1906,.T.);
#1906 = EDGE_CURVE('',#1887,#1907,#1909,.T.);
#1907 = VERTEX_POINT('',#1908);
#1908 = CARTESIAN_POINT('',(-1.902,-5.6,-13.4));
#1909 = SURFACE_CURVE('',#1910,(#1915,#1922),.PCURVE_S1.);
#1910 = CIRCLE('',#1911,3.6);
#1911 = AXIS2_PLACEMENT_3D('',#1912,#1913,#1914);
#1912 = CARTESIAN_POINT('',(1.698,-5.6,-13.4));
#1913 = DIRECTION('',(0.,0.,-1.));
#1914 = DIRECTION('',(-1.,0.,0.));
#1915 = PCURVE('',#479,#1916);
#1916 = DEFINITIONAL_REPRESENTATION('',(#1917),#1921);
#1917 = LINE('',#1918,#1919);
#1918 = CARTESIAN_POINT('',(-6.28318530718,-0.6));
#1919 = VECTOR('',#1920,1.);
#1920 = DIRECTION('',(1.,-0.));
#1921 = ( GEOMETRIC_REPRESENTATION_CONTEXT(2) 
PARAMETRIC_REPRESENTATION_CONTEXT() REPRESENTATION_CONTEXT('2D SPACE',''
  ) );
#1922 = PCURVE('',#1923,#1928);
#1923 = CYLINDRICAL_SURFACE('',#1924,3.6);
#1924 = AXIS2_PLACEMENT_3D('',#1925,#1926,#1927);
#1925 = CARTESIAN_POINT('',(1.698,-5.6,-15.));
#1926 = DIRECTION('',(0.,0.,-1.));
#1927 = DIRECTION('',(-1.,0.,0.));
#1928 = DEFINITIONAL_REPRESENTATION('',(#1929),#1933);
#1929 = LINE('',#1930,#1931);
#1930 = CARTESIAN_POINT('',(0.,-1.6));
#1931 = VECTOR('',#1932,1.);
#1932 = DIRECTION('',(1.,0.));
#1933 = ( GEOMETRIC_REPRESENTATION_CONTEXT(2) 
PARAMETRIC_REPRESENTATION_CONTEXT() REPRESENTATION_CONTEXT('2D SPACE',''
  ) );
#1934 = ORIENTED_EDGE('',*,*,#1935,.F.);
#1935 = EDGE_CURVE('',#459,#1907,#1936,.T.);
#1936 = SURFACE_CURVE('',#1937,(#1940,#1946),.PCURVE_S1.);
#1937 = B_SPLINE_CURVE_WITH_KNOTS('',1,(#1938,#1939),.UNSPECIFIED.,.F.,
  .F.,(2,2),(0.,1.),.PIECEWISE_BEZIER_KNOTS.);
#1938 = CARTESIAN_POINT('',(-2.502,-5.6,-14.));
#1939 = CARTESIAN_POINT('',(-1.902,-5.6,-13.4));
#1940 = PCURVE('',#479,#1941);
#1941 = DEFINITIONAL_REPRESENTATION('',(#1942),#1945);
#1942 = B_SPLINE_CURVE_WITH_KNOTS('',1,(#1943,#1944),.UNSPECIFIED.,.F.,
  .F.,(2,2),(0.,1.),.PIECEWISE_BEZIER_KNOTS.);
#1943 = CARTESIAN_POINT('',(0.,0.));
#1944 = CARTESIAN_POINT('',(0.,-0.6));
#1945 = ( GEOMETRIC_REPRESENTATION_CONTEXT(2) 
PARAMETRIC_REPRESENTATION_CONTEXT() REPRESENTATION_CONTEXT('2D SPACE',''
  ) );
#1946 = PCURVE('',#507,#1947);
#1947 = DEFINITIONAL_REPRESENTATION('',(#1948),#1951);
#1948 = B_SPLINE_CURVE_WITH_KNOTS('',1,(#1949,#1950),.UNSPECIFIED.,.F.,
  .F.,(2,2),(0.,1.),.PIECEWISE_BEZIER_KNOTS.);
#1949 = CARTESIAN_POINT('',(24.44,-0.848528137424));
#1950 = CARTESIAN_POINT('',(24.44,-1.634248292248E-13));
#1951 = ( GEOMETRIC_REPRESENTATION_CONTEXT(2) 
PARAMETRIC_REPRESENTATION_CONTEXT() REPRESENTATION_CONTEXT('2D SPACE',''
  ) );
#1952 = ADVANCED_FACE('',(#1953),#716,.F.);
#1953 = FACE_BOUND('',#1954,.F.);
#1954 = EDGE_LOOP('',(#1955,#1956,#1977,#2003));
#1955 = ORIENTED_EDGE('',*,*,#702,.T.);
#1956 = ORIENTED_EDGE('',*,*,#1957,.T.);
#1957 = EDGE_CURVE('',#656,#1958,#1960,.T.);
#1958 = VERTEX_POINT('',#1959);
#1959 = CARTESIAN_POINT('',(36.911999996898,-9.2,-13.4));
#1960 = SURFACE_CURVE('',#1961,(#1964,#1970),.PCURVE_S1.);
#1961 = B_SPLINE_CURVE_WITH_KNOTS('',1,(#1962,#1963),.UNSPECIFIED.,.F.,
  .F.,(2,2),(0.,1.),.PIECEWISE_BEZIER_KNOTS.);
#1962 = CARTESIAN_POINT('',(36.911999997244,-9.8,-14.));
#1963 = CARTESIAN_POINT('',(36.911999996898,-9.2,-13.4));
#1964 = PCURVE('',#716,#1965);
#1965 = DEFINITIONAL_REPRESENTATION('',(#1966),#1969);
#1966 = B_SPLINE_CURVE_WITH_KNOTS('',1,(#1967,#1968),.UNSPECIFIED.,.F.,
  .F.,(2,2),(0.,1.),.PIECEWISE_BEZIER_KNOTS.);
#1967 = CARTESIAN_POINT('',(17.606999997244,-0.848528137424));
#1968 = CARTESIAN_POINT('',(17.606999996898,0.));
#1969 = ( GEOMETRIC_REPRESENTATION_CONTEXT(2) 
PARAMETRIC_REPRESENTATION_CONTEXT() REPRESENTATION_CONTEXT('2D SPACE',''
  ) );
#1970 = PCURVE('',#676,#1971);
#1971 = DEFINITIONAL_REPRESENTATION('',(#1972),#1976);
#1972 = LINE('',#1973,#1974);
#1973 = CARTESIAN_POINT('',(1.570796326795,0.));
#1974 = VECTOR('',#1975,1.);
#1975 = DIRECTION('',(0.,1.));
#1976 = ( GEOMETRIC_REPRESENTATION_CONTEXT(2) 
PARAMETRIC_REPRESENTATION_CONTEXT() REPRESENTATION_CONTEXT('2D SPACE',''
  ) );
#1977 = ORIENTED_EDGE('',*,*,#1978,.F.);
#1978 = EDGE_CURVE('',#1887,#1958,#1979,.T.);
#1979 = SURFACE_CURVE('',#1980,(#1984,#1991),.PCURVE_S1.);
#1980 = LINE('',#1981,#1982);
#1981 = CARTESIAN_POINT('',(19.305,-9.2,-13.4));
#1982 = VECTOR('',#1983,1.);
#1983 = DIRECTION('',(1.,0.,0.));
#1984 = PCURVE('',#716,#1985);
#1985 = DEFINITIONAL_REPRESENTATION('',(#1986),#1990);
#1986 = LINE('',#1987,#1988);
#1987 = CARTESIAN_POINT('',(0.,0.));
#1988 = VECTOR('',#1989,1.);
#1989 = DIRECTION('',(1.,0.));
#1990 = ( GEOMETRIC_REPRESENTATION_CONTEXT(2) 
PARAMETRIC_REPRESENTATION_CONTEXT() REPRESENTATION_CONTEXT('2D SPACE',''
  ) );
#1991 = PCURVE('',#1992,#1997);
#1992 = PLANE('',#1993);
#1993 = AXIS2_PLACEMENT_3D('',#1994,#1995,#1996);
#1994 = CARTESIAN_POINT('',(1.698,-9.2,-15.));
#1995 = DIRECTION('',(0.,1.,0.));
#1996 = DIRECTION('',(1.,0.,0.));
#1997 = DEFINITIONAL_REPRESENTATION('',(#1998),#2002);
#1998 = LINE('',#1999,#2000);
#1999 = CARTESIAN_POINT('',(17.607,-1.6));
#2000 = VECTOR('',#2001,1.);
#2001 = DIRECTION('',(1.,0.));
#2002 = ( GEOMETRIC_REPRESENTATION_CONTEXT(2) 
PARAMETRIC_REPRESENTATION_CONTEXT() REPRESENTATION_CONTEXT('2D SPACE',''
  ) );
#2003 = ORIENTED_EDGE('',*,*,#1886,.F.);
#2004 = ADVANCED_FACE('',(#2005),#676,.F.);
#2005 = FACE_BOUND('',#2006,.F.);
#2006 = EDGE_LOOP('',(#2007,#2008,#2029,#2056));
#2007 = ORIENTED_EDGE('',*,*,#655,.F.);
#2008 = ORIENTED_EDGE('',*,*,#2009,.T.);
#2009 = EDGE_CURVE('',#628,#2010,#2012,.T.);
#2010 = VERTEX_POINT('',#2011);
#2011 = CARTESIAN_POINT('',(40.511999998449,-5.6,-13.4));
#2012 = SURFACE_CURVE('',#2013,(#2016,#2023),.PCURVE_S1.);
#2013 = B_SPLINE_CURVE_WITH_KNOTS('',1,(#2014,#2015),.UNSPECIFIED.,.F.,
  .F.,(2,2),(0.,1.),.PIECEWISE_BEZIER_KNOTS.);
#2014 = CARTESIAN_POINT('',(41.111999997244,-5.6,-14.));
#2015 = CARTESIAN_POINT('',(40.511999996898,-5.6,-13.4));
#2016 = PCURVE('',#676,#2017);
#2017 = DEFINITIONAL_REPRESENTATION('',(#2018),#2022);
#2018 = LINE('',#2019,#2020);
#2019 = CARTESIAN_POINT('',(3.14159265359,0.));
#2020 = VECTOR('',#2021,1.);
#2021 = DIRECTION('',(0.,1.));
#2022 = ( GEOMETRIC_REPRESENTATION_CONTEXT(2) 
PARAMETRIC_REPRESENTATION_CONTEXT() REPRESENTATION_CONTEXT('2D SPACE',''
  ) );
#2023 = PCURVE('',#643,#2024);
#2024 = DEFINITIONAL_REPRESENTATION('',(#2025),#2028);
#2025 = B_SPLINE_CURVE_WITH_KNOTS('',1,(#2026,#2027),.UNSPECIFIED.,.F.,
  .F.,(2,2),(0.,1.),.PIECEWISE_BEZIER_KNOTS.);
#2026 = CARTESIAN_POINT('',(-24.44,-0.848528135475));
#2027 = CARTESIAN_POINT('',(-24.44,2.193566217557E-09));
#2028 = ( GEOMETRIC_REPRESENTATION_CONTEXT(2) 
PARAMETRIC_REPRESENTATION_CONTEXT() REPRESENTATION_CONTEXT('2D SPACE',''
  ) );
#2029 = ORIENTED_EDGE('',*,*,#2030,.T.);
#2030 = EDGE_CURVE('',#2010,#1958,#2031,.T.);
#2031 = SURFACE_CURVE('',#2032,(#2037,#2044),.PCURVE_S1.);
#2032 = CIRCLE('',#2033,3.6);
#2033 = AXIS2_PLACEMENT_3D('',#2034,#2035,#2036);
#2034 = CARTESIAN_POINT('',(36.911999996898,-5.6,-13.4));
#2035 = DIRECTION('',(0.,0.,-1.));
#2036 = DIRECTION('',(-1.,0.,0.));
#2037 = PCURVE('',#676,#2038);
#2038 = DEFINITIONAL_REPRESENTATION('',(#2039),#2043);
#2039 = LINE('',#2040,#2041);
#2040 = CARTESIAN_POINT('',(6.28318530718,1.));
#2041 = VECTOR('',#2042,1.);
#2042 = DIRECTION('',(-1.,0.));
#2043 = ( GEOMETRIC_REPRESENTATION_CONTEXT(2) 
PARAMETRIC_REPRESENTATION_CONTEXT() REPRESENTATION_CONTEXT('2D SPACE',''
  ) );
#2044 = PCURVE('',#2045,#2050);
#2045 = CYLINDRICAL_SURFACE('',#2046,3.6);
#2046 = AXIS2_PLACEMENT_3D('',#2047,#2048,#2049);
#2047 = CARTESIAN_POINT('',(36.911999996898,-5.6,-15.));
#2048 = DIRECTION('',(0.,0.,-1.));
#2049 = DIRECTION('',(-1.,0.,0.));
#2050 = DEFINITIONAL_REPRESENTATION('',(#2051),#2055);
#2051 = LINE('',#2052,#2053);
#2052 = CARTESIAN_POINT('',(0.,-1.6));
#2053 = VECTOR('',#2054,1.);
#2054 = DIRECTION('',(1.,0.));
#2055 = ( GEOMETRIC_REPRESENTATION_CONTEXT(2) 
PARAMETRIC_REPRESENTATION_CONTEXT() REPRESENTATION_CONTEXT('2D SPACE',''
  ) );
#2056 = ORIENTED_EDGE('',*,*,#1957,.F.);
#2057 = ADVANCED_FACE('',(#2058),#643,.F.);
#2058 = FACE_BOUND('',#2059,.F.);
#2059 = EDGE_LOOP('',(#2060,#2061,#2082,#2108));
#2060 = ORIENTED_EDGE('',*,*,#627,.T.);
#2061 = ORIENTED_EDGE('',*,*,#2062,.T.);
#2062 = EDGE_CURVE('',#581,#2063,#2065,.T.);
#2063 = VERTEX_POINT('',#2064);
#2064 = CARTESIAN_POINT('',(40.511999998449,43.28,-13.4));
#2065 = SURFACE_CURVE('',#2066,(#2069,#2075),.PCURVE_S1.);
#2066 = B_SPLINE_CURVE_WITH_KNOTS('',1,(#2067,#2068),.UNSPECIFIED.,.F.,
  .F.,(2,2),(0.,1.),.PIECEWISE_BEZIER_KNOTS.);
#2067 = CARTESIAN_POINT('',(41.111999998622,43.28,-14.));
#2068 = CARTESIAN_POINT('',(40.511999998449,43.28,-13.4));
#2069 = PCURVE('',#643,#2070);
#2070 = DEFINITIONAL_REPRESENTATION('',(#2071),#2074);
#2071 = B_SPLINE_CURVE_WITH_KNOTS('',1,(#2072,#2073),.UNSPECIFIED.,.F.,
  .F.,(2,2),(0.,1.),.PIECEWISE_BEZIER_KNOTS.);
#2072 = CARTESIAN_POINT('',(24.44,-0.848528136449));
#2073 = CARTESIAN_POINT('',(24.44,1.096783108778E-09));
#2074 = ( GEOMETRIC_REPRESENTATION_CONTEXT(2) 
PARAMETRIC_REPRESENTATION_CONTEXT() REPRESENTATION_CONTEXT('2D SPACE',''
  ) );
#2075 = PCURVE('',#601,#2076);
#2076 = DEFINITIONAL_REPRESENTATION('',(#2077),#2081);
#2077 = LINE('',#2078,#2079);
#2078 = CARTESIAN_POINT('',(3.14159265359,0.));
#2079 = VECTOR('',#2080,1.);
#2080 = DIRECTION('',(0.,1.));
#2081 = ( GEOMETRIC_REPRESENTATION_CONTEXT(2) 
PARAMETRIC_REPRESENTATION_CONTEXT() REPRESENTATION_CONTEXT('2D SPACE',''
  ) );
#2082 = ORIENTED_EDGE('',*,*,#2083,.F.);
#2083 = EDGE_CURVE('',#2010,#2063,#2084,.T.);
#2084 = SURFACE_CURVE('',#2085,(#2089,#2096),.PCURVE_S1.);
#2085 = LINE('',#2086,#2087);
#2086 = CARTESIAN_POINT('',(40.512,18.84,-13.4));
#2087 = VECTOR('',#2088,1.);
#2088 = DIRECTION('',(0.,1.,0.));
#2089 = PCURVE('',#643,#2090);
#2090 = DEFINITIONAL_REPRESENTATION('',(#2091),#2095);
#2091 = LINE('',#2092,#2093);
#2092 = CARTESIAN_POINT('',(0.,0.));
#2093 = VECTOR('',#2094,1.);
#2094 = DIRECTION('',(1.,0.));
#2095 = ( GEOMETRIC_REPRESENTATION_CONTEXT(2) 
PARAMETRIC_REPRESENTATION_CONTEXT() REPRESENTATION_CONTEXT('2D SPACE',''
  ) );
#2096 = PCURVE('',#2097,#2102);
#2097 = PLANE('',#2098);
#2098 = AXIS2_PLACEMENT_3D('',#2099,#2100,#2101);
#2099 = CARTESIAN_POINT('',(40.512,-5.6,-15.));
#2100 = DIRECTION('',(-1.,0.,0.));
#2101 = DIRECTION('',(0.,1.,0.));
#2102 = DEFINITIONAL_REPRESENTATION('',(#2103),#2107);
#2103 = LINE('',#2104,#2105);
#2104 = CARTESIAN_POINT('',(24.44,-1.6));
#2105 = VECTOR('',#2106,1.);
#2106 = DIRECTION('',(1.,0.));
#2107 = ( GEOMETRIC_REPRESENTATION_CONTEXT(2) 
PARAMETRIC_REPRESENTATION_CONTEXT() REPRESENTATION_CONTEXT('2D SPACE',''
  ) );
#2108 = ORIENTED_EDGE('',*,*,#2009,.F.);
#2109 = ADVANCED_FACE('',(#2110),#601,.F.);
#2110 = FACE_BOUND('',#2111,.F.);
#2111 = EDGE_LOOP('',(#2112,#2113,#2135,#2162));
#2112 = ORIENTED_EDGE('',*,*,#580,.F.);
#2113 = ORIENTED_EDGE('',*,*,#2114,.T.);
#2114 = EDGE_CURVE('',#553,#2115,#2117,.T.);
#2115 = VERTEX_POINT('',#2116);
#2116 = CARTESIAN_POINT('',(36.911999996898,46.88,-13.4));
#2117 = SURFACE_CURVE('',#2118,(#2121,#2128),.PCURVE_S1.);
#2118 = B_SPLINE_CURVE_WITH_KNOTS('',1,(#2119,#2120),.UNSPECIFIED.,.F.,
  .F.,(2,2),(0.,1.),.PIECEWISE_BEZIER_KNOTS.);
#2119 = CARTESIAN_POINT('',(36.911999997244,47.48,-14.));
#2120 = CARTESIAN_POINT('',(36.911999996898,46.88,-13.4));
#2121 = PCURVE('',#601,#2122);
#2122 = DEFINITIONAL_REPRESENTATION('',(#2123),#2127);
#2123 = LINE('',#2124,#2125);
#2124 = CARTESIAN_POINT('',(4.712388980385,0.));
#2125 = VECTOR('',#2126,1.);
#2126 = DIRECTION('',(0.,1.));
#2127 = ( GEOMETRIC_REPRESENTATION_CONTEXT(2) 
PARAMETRIC_REPRESENTATION_CONTEXT() REPRESENTATION_CONTEXT('2D SPACE',''
  ) );
#2128 = PCURVE('',#568,#2129);
#2129 = DEFINITIONAL_REPRESENTATION('',(#2130),#2134);
#2130 = LINE('',#2131,#2132);
#2131 = CARTESIAN_POINT('',(-17.60699999724,0.));
#2132 = VECTOR('',#2133,1.);
#2133 = DIRECTION('',(0.,1.));
#2134 = ( GEOMETRIC_REPRESENTATION_CONTEXT(2) 
PARAMETRIC_REPRESENTATION_CONTEXT() REPRESENTATION_CONTEXT('2D SPACE',''
  ) );
#2135 = ORIENTED_EDGE('',*,*,#2136,.T.);
#2136 = EDGE_CURVE('',#2115,#2063,#2137,.T.);
#2137 = SURFACE_CURVE('',#2138,(#2143,#2150),.PCURVE_S1.);
#2138 = CIRCLE('',#2139,3.6);
#2139 = AXIS2_PLACEMENT_3D('',#2140,#2141,#2142);
#2140 = CARTESIAN_POINT('',(36.911999996898,43.28,-13.4));
#2141 = DIRECTION('',(0.,0.,-1.));
#2142 = DIRECTION('',(-1.,0.,0.));
#2143 = PCURVE('',#601,#2144);
#2144 = DEFINITIONAL_REPRESENTATION('',(#2145),#2149);
#2145 = LINE('',#2146,#2147);
#2146 = CARTESIAN_POINT('',(6.28318530718,1.));
#2147 = VECTOR('',#2148,1.);
#2148 = DIRECTION('',(-1.,0.));
#2149 = ( GEOMETRIC_REPRESENTATION_CONTEXT(2) 
PARAMETRIC_REPRESENTATION_CONTEXT() REPRESENTATION_CONTEXT('2D SPACE',''
  ) );
#2150 = PCURVE('',#2151,#2156);
#2151 = CYLINDRICAL_SURFACE('',#2152,3.6);
#2152 = AXIS2_PLACEMENT_3D('',#2153,#2154,#2155);
#2153 = CARTESIAN_POINT('',(36.911999996898,43.28,-15.));
#2154 = DIRECTION('',(0.,0.,-1.));
#2155 = DIRECTION('',(-1.,0.,0.));
#2156 = DEFINITIONAL_REPRESENTATION('',(#2157),#2161);
#2157 = LINE('',#2158,#2159);
#2158 = CARTESIAN_POINT('',(0.,-1.6));
#2159 = VECTOR('',#2160,1.);
#2160 = DIRECTION('',(1.,0.));
#2161 = ( GEOMETRIC_REPRESENTATION_CONTEXT(2) 
PARAMETRIC_REPRESENTATION_CONTEXT() REPRESENTATION_CONTEXT('2D SPACE',''
  ) );
#2162 = ORIENTED_EDGE('',*,*,#2062,.F.);
#2163 = ADVANCED_FACE('',(#2164),#568,.F.);
#2164 = FACE_BOUND('',#2165,.F.);
#2165 = EDGE_LOOP('',(#2166,#2167,#2188,#2214));
#2166 = ORIENTED_EDGE('',*,*,#552,.F.);
#2167 = ORIENTED_EDGE('',*,*,#2168,.T.);
#2168 = EDGE_CURVE('',#520,#2169,#2171,.T.);
#2169 = VERTEX_POINT('',#2170);
#2170 = CARTESIAN_POINT('',(1.698,46.88,-13.4));
#2171 = SURFACE_CURVE('',#2172,(#2175,#2182),.PCURVE_S1.);
#2172 = B_SPLINE_CURVE_WITH_KNOTS('',1,(#2173,#2174),.UNSPECIFIED.,.F.,
  .F.,(2,2),(0.,1.),.PIECEWISE_BEZIER_KNOTS.);
#2173 = CARTESIAN_POINT('',(1.698,47.48,-14.));
#2174 = CARTESIAN_POINT('',(1.698,46.88,-13.4));
#2175 = PCURVE('',#568,#2176);
#2176 = DEFINITIONAL_REPRESENTATION('',(#2177),#2181);
#2177 = LINE('',#2178,#2179);
#2178 = CARTESIAN_POINT('',(17.607,0.));
#2179 = VECTOR('',#2180,1.);
#2180 = DIRECTION('',(0.,1.));
#2181 = ( GEOMETRIC_REPRESENTATION_CONTEXT(2) 
PARAMETRIC_REPRESENTATION_CONTEXT() REPRESENTATION_CONTEXT('2D SPACE',''
  ) );
#2182 = PCURVE('',#540,#2183);
#2183 = DEFINITIONAL_REPRESENTATION('',(#2184),#2187);
#2184 = B_SPLINE_CURVE_WITH_KNOTS('',1,(#2185,#2186),.UNSPECIFIED.,.F.,
  .F.,(2,2),(0.,1.),.PIECEWISE_BEZIER_KNOTS.);
#2185 = CARTESIAN_POINT('',(-4.712388980385,0.));
#2186 = CARTESIAN_POINT('',(-4.712388980385,-0.6));
#2187 = ( GEOMETRIC_REPRESENTATION_CONTEXT(2) 
PARAMETRIC_REPRESENTATION_CONTEXT() REPRESENTATION_CONTEXT('2D SPACE',''
  ) );
#2188 = ORIENTED_EDGE('',*,*,#2189,.T.);
#2189 = EDGE_CURVE('',#2169,#2115,#2190,.T.);
#2190 = SURFACE_CURVE('',#2191,(#2195,#2202),.PCURVE_S1.);
#2191 = LINE('',#2192,#2193);
#2192 = CARTESIAN_POINT('',(19.305,46.88,-13.4));
#2193 = VECTOR('',#2194,1.);
#2194 = DIRECTION('',(1.,0.,0.));
#2195 = PCURVE('',#568,#2196);
#2196 = DEFINITIONAL_REPRESENTATION('',(#2197),#2201);
#2197 = LINE('',#2198,#2199);
#2198 = CARTESIAN_POINT('',(0.,1.));
#2199 = VECTOR('',#2200,1.);
#2200 = DIRECTION('',(-1.,0.));
#2201 = ( GEOMETRIC_REPRESENTATION_CONTEXT(2) 
PARAMETRIC_REPRESENTATION_CONTEXT() REPRESENTATION_CONTEXT('2D SPACE',''
  ) );
#2202 = PCURVE('',#2203,#2208);
#2203 = PLANE('',#2204);
#2204 = AXIS2_PLACEMENT_3D('',#2205,#2206,#2207);
#2205 = CARTESIAN_POINT('',(1.698,46.88,-15.));
#2206 = DIRECTION('',(0.,1.,0.));
#2207 = DIRECTION('',(1.,0.,0.));
#2208 = DEFINITIONAL_REPRESENTATION('',(#2209),#2213);
#2209 = LINE('',#2210,#2211);
#2210 = CARTESIAN_POINT('',(17.607,-1.6));
#2211 = VECTOR('',#2212,1.);
#2212 = DIRECTION('',(1.,0.));
#2213 = ( GEOMETRIC_REPRESENTATION_CONTEXT(2) 
PARAMETRIC_REPRESENTATION_CONTEXT() REPRESENTATION_CONTEXT('2D SPACE',''
  ) );
#2214 = ORIENTED_EDGE('',*,*,#2114,.F.);
#2215 = ADVANCED_FACE('',(#2216),#540,.F.);
#2216 = FACE_BOUND('',#2217,.F.);
#2217 = EDGE_LOOP('',(#2218,#2219,#2239,#2266));
#2218 = ORIENTED_EDGE('',*,*,#519,.F.);
#2219 = ORIENTED_EDGE('',*,*,#2220,.T.);
#2220 = EDGE_CURVE('',#492,#2221,#2223,.T.);
#2221 = VERTEX_POINT('',#2222);
#2222 = CARTESIAN_POINT('',(-1.902,43.28,-13.4));
#2223 = SURFACE_CURVE('',#2224,(#2227,#2233),.PCURVE_S1.);
#2224 = B_SPLINE_CURVE_WITH_KNOTS('',1,(#2225,#2226),.UNSPECIFIED.,.F.,
  .F.,(2,2),(0.,1.),.PIECEWISE_BEZIER_KNOTS.);
#2225 = CARTESIAN_POINT('',(-2.502,43.28,-14.));
#2226 = CARTESIAN_POINT('',(-1.902,43.28,-13.4));
#2227 = PCURVE('',#540,#2228);
#2228 = DEFINITIONAL_REPRESENTATION('',(#2229),#2232);
#2229 = B_SPLINE_CURVE_WITH_KNOTS('',1,(#2230,#2231),.UNSPECIFIED.,.F.,
  .F.,(2,2),(0.,1.),.PIECEWISE_BEZIER_KNOTS.);
#2230 = CARTESIAN_POINT('',(-6.28318530718,0.));
#2231 = CARTESIAN_POINT('',(-6.28318530718,-0.6));
#2232 = ( GEOMETRIC_REPRESENTATION_CONTEXT(2) 
PARAMETRIC_REPRESENTATION_CONTEXT() REPRESENTATION_CONTEXT('2D SPACE',''
  ) );
#2233 = PCURVE('',#507,#2234);
#2234 = DEFINITIONAL_REPRESENTATION('',(#2235),#2238);
#2235 = B_SPLINE_CURVE_WITH_KNOTS('',1,(#2236,#2237),.UNSPECIFIED.,.F.,
  .F.,(2,2),(0.,1.),.PIECEWISE_BEZIER_KNOTS.);
#2236 = CARTESIAN_POINT('',(-24.44,-0.848528137424));
#2237 = CARTESIAN_POINT('',(-24.44,-1.634248292248E-13));
#2238 = ( GEOMETRIC_REPRESENTATION_CONTEXT(2) 
PARAMETRIC_REPRESENTATION_CONTEXT() REPRESENTATION_CONTEXT('2D SPACE',''
  ) );
#2239 = ORIENTED_EDGE('',*,*,#2240,.T.);
#2240 = EDGE_CURVE('',#2221,#2169,#2241,.T.);
#2241 = SURFACE_CURVE('',#2242,(#2247,#2254),.PCURVE_S1.);
#2242 = CIRCLE('',#2243,3.6);
#2243 = AXIS2_PLACEMENT_3D('',#2244,#2245,#2246);
#2244 = CARTESIAN_POINT('',(1.698,43.28,-13.4));
#2245 = DIRECTION('',(0.,0.,-1.));
#2246 = DIRECTION('',(-1.,0.,0.));
#2247 = PCURVE('',#540,#2248);
#2248 = DEFINITIONAL_REPRESENTATION('',(#2249),#2253);
#2249 = LINE('',#2250,#2251);
#2250 = CARTESIAN_POINT('',(-6.28318530718,-0.6));
#2251 = VECTOR('',#2252,1.);
#2252 = DIRECTION('',(1.,-0.));
#2253 = ( GEOMETRIC_REPRESENTATION_CONTEXT(2) 
PARAMETRIC_REPRESENTATION_CONTEXT() REPRESENTATION_CONTEXT('2D SPACE',''
  ) );
#2254 = PCURVE('',#2255,#2260);
#2255 = CYLINDRICAL_SURFACE('',#2256,3.6);
#2256 = AXIS2_PLACEMENT_3D('',#2257,#2258,#2259);
#2257 = CARTESIAN_POINT('',(1.698,43.28,-15.));
#2258 = DIRECTION('',(0.,0.,-1.));
#2259 = DIRECTION('',(-1.,0.,0.));
#2260 = DEFINITIONAL_REPRESENTATION('',(#2261),#2265);
#2261 = LINE('',#2262,#2263);
#2262 = CARTESIAN_POINT('',(0.,-1.6));
#2263 = VECTOR('',#2264,1.);
#2264 = DIRECTION('',(1.,0.));
#2265 = ( GEOMETRIC_REPRESENTATION_CONTEXT(2) 
PARAMETRIC_REPRESENTATION_CONTEXT() REPRESENTATION_CONTEXT('2D SPACE',''
  ) );
#2266 = ORIENTED_EDGE('',*,*,#2168,.F.);
#2267 = ADVANCED_FACE('',(#2268),#507,.F.);
#2268 = FACE_BOUND('',#2269,.F.);
#2269 = EDGE_LOOP('',(#2270,#2271,#2272,#2298));
#2270 = ORIENTED_EDGE('',*,*,#491,.F.);
#2271 = ORIENTED_EDGE('',*,*,#1935,.T.);
#2272 = ORIENTED_EDGE('',*,*,#2273,.T.);
#2273 = EDGE_CURVE('',#1907,#2221,#2274,.T.);
#2274 = SURFACE_CURVE('',#2275,(#2279,#2286),.PCURVE_S1.);
#2275 = LINE('',#2276,#2277);
#2276 = CARTESIAN_POINT('',(-1.902,18.84,-13.4));
#2277 = VECTOR('',#2278,1.);
#2278 = DIRECTION('',(0.,1.,0.));
#2279 = PCURVE('',#507,#2280);
#2280 = DEFINITIONAL_REPRESENTATION('',(#2281),#2285);
#2281 = LINE('',#2282,#2283);
#2282 = CARTESIAN_POINT('',(0.,0.));
#2283 = VECTOR('',#2284,1.);
#2284 = DIRECTION('',(-1.,0.));
#2285 = ( GEOMETRIC_REPRESENTATION_CONTEXT(2) 
PARAMETRIC_REPRESENTATION_CONTEXT() REPRESENTATION_CONTEXT('2D SPACE',''
  ) );
#2286 = PCURVE('',#2287,#2292);
#2287 = PLANE('',#2288);
#2288 = AXIS2_PLACEMENT_3D('',#2289,#2290,#2291);
#2289 = CARTESIAN_POINT('',(-1.902,-5.6,-15.));
#2290 = DIRECTION('',(-1.,0.,0.));
#2291 = DIRECTION('',(0.,1.,0.));
#2292 = DEFINITIONAL_REPRESENTATION('',(#2293),#2297);
#2293 = LINE('',#2294,#2295);
#2294 = CARTESIAN_POINT('',(24.44,-1.6));
#2295 = VECTOR('',#2296,1.);
#2296 = DIRECTION('',(1.,0.));
#2297 = ( GEOMETRIC_REPRESENTATION_CONTEXT(2) 
PARAMETRIC_REPRESENTATION_CONTEXT() REPRESENTATION_CONTEXT('2D SPACE',''
  ) );
#2298 = ORIENTED_EDGE('',*,*,#2220,.F.);
#2299 = ADVANCED_FACE('',(#2300,#2420),#768,.T.);
#2300 = FACE_BOUND('',#2301,.T.);
#2301 = EDGE_LOOP('',(#2302,#2303,#2304,#2327,#2351,#2374,#2398,#2419));
#2302 = ORIENTED_EDGE('',*,*,#752,.F.);
#2303 = ORIENTED_EDGE('',*,*,#1590,.T.);
#2304 = ORIENTED_EDGE('',*,*,#2305,.T.);
#2305 = EDGE_CURVE('',#1571,#2306,#2308,.T.);
#2306 = VERTEX_POINT('',#2307);
#2307 = CARTESIAN_POINT('',(36.911999997831,-11.2,25.9));
#2308 = SURFACE_CURVE('',#2309,(#2313,#2320),.PCURVE_S1.);
#2309 = LINE('',#2310,#2311);
#2310 = CARTESIAN_POINT('',(19.305,-11.2,25.9));
#2311 = VECTOR('',#2312,1.);
#2312 = DIRECTION('',(1.,0.,0.));
#2313 = PCURVE('',#768,#2314);
#2314 = DEFINITIONAL_REPRESENTATION('',(#2315),#2319);
#2315 = LINE('',#2316,#2317);
#2316 = CARTESIAN_POINT('',(17.607,-5.6));
#2317 = VECTOR('',#2318,1.);
#2318 = DIRECTION('',(1.,0.));
#2319 = ( GEOMETRIC_REPRESENTATION_CONTEXT(2) 
PARAMETRIC_REPRESENTATION_CONTEXT() REPRESENTATION_CONTEXT('2D SPACE',''
  ) );
#2320 = PCURVE('',#818,#2321);
#2321 = DEFINITIONAL_REPRESENTATION('',(#2322),#2326);
#2322 = LINE('',#2323,#2324);
#2323 = CARTESIAN_POINT('',(0.,0.));
#2324 = VECTOR('',#2325,1.);
#2325 = DIRECTION('',(1.,0.));
#2326 = ( GEOMETRIC_REPRESENTATION_CONTEXT(2) 
PARAMETRIC_REPRESENTATION_CONTEXT() REPRESENTATION_CONTEXT('2D SPACE',''
  ) );
#2327 = ORIENTED_EDGE('',*,*,#2328,.T.);
#2328 = EDGE_CURVE('',#2306,#2329,#2331,.T.);
#2329 = VERTEX_POINT('',#2330);
#2330 = CARTESIAN_POINT('',(42.511999998915,-5.6,25.9));
#2331 = SURFACE_CURVE('',#2332,(#2337,#2344),.PCURVE_S1.);
#2332 = CIRCLE('',#2333,5.6);
#2333 = AXIS2_PLACEMENT_3D('',#2334,#2335,#2336);
#2334 = CARTESIAN_POINT('',(36.911999997831,-5.6,25.9));
#2335 = DIRECTION('',(0.,0.,1.));
#2336 = DIRECTION('',(1.,0.,0.));
#2337 = PCURVE('',#768,#2338);
#2338 = DEFINITIONAL_REPRESENTATION('',(#2339),#2343);
#2339 = CIRCLE('',#2340,5.6);
#2340 = AXIS2_PLACEMENT_2D('',#2341,#2342);
#2341 = CARTESIAN_POINT('',(35.213999997831,0.));
#2342 = DIRECTION('',(1.,0.));
#2343 = ( GEOMETRIC_REPRESENTATION_CONTEXT(2) 
PARAMETRIC_REPRESENTATION_CONTEXT() REPRESENTATION_CONTEXT('2D SPACE',''
  ) );
#2344 = PCURVE('',#1755,#2345);
#2345 = DEFINITIONAL_REPRESENTATION('',(#2346),#2350);
#2346 = LINE('',#2347,#2348);
#2347 = CARTESIAN_POINT('',(-3.14159265359,1.));
#2348 = VECTOR('',#2349,1.);
#2349 = DIRECTION('',(1.,0.));
#2350 = ( GEOMETRIC_REPRESENTATION_CONTEXT(2) 
PARAMETRIC_REPRESENTATION_CONTEXT() REPRESENTATION_CONTEXT('2D SPACE',''
  ) );
#2351 = ORIENTED_EDGE('',*,*,#2352,.T.);
#2352 = EDGE_CURVE('',#2329,#2353,#2355,.T.);
#2353 = VERTEX_POINT('',#2354);
#2354 = CARTESIAN_POINT('',(42.511999998915,43.28,25.9));
#2355 = SURFACE_CURVE('',#2356,(#2360,#2367),.PCURVE_S1.);
#2356 = LINE('',#2357,#2358);
#2357 = CARTESIAN_POINT('',(42.512,18.84,25.9));
#2358 = VECTOR('',#2359,1.);
#2359 = DIRECTION('',(0.,1.,0.));
#2360 = PCURVE('',#768,#2361);
#2361 = DEFINITIONAL_REPRESENTATION('',(#2362),#2366);
#2362 = LINE('',#2363,#2364);
#2363 = CARTESIAN_POINT('',(40.814,24.44));
#2364 = VECTOR('',#2365,1.);
#2365 = DIRECTION('',(0.,1.));
#2366 = ( GEOMETRIC_REPRESENTATION_CONTEXT(2) 
PARAMETRIC_REPRESENTATION_CONTEXT() REPRESENTATION_CONTEXT('2D SPACE',''
  ) );
#2367 = PCURVE('',#1868,#2368);
#2368 = DEFINITIONAL_REPRESENTATION('',(#2369),#2373);
#2369 = LINE('',#2370,#2371);
#2370 = CARTESIAN_POINT('',(0.,0.));
#2371 = VECTOR('',#2372,1.);
#2372 = DIRECTION('',(1.,0.));
#2373 = ( GEOMETRIC_REPRESENTATION_CONTEXT(2) 
PARAMETRIC_REPRESENTATION_CONTEXT() REPRESENTATION_CONTEXT('2D SPACE',''
  ) );
#2374 = ORIENTED_EDGE('',*,*,#2375,.T.);
#2375 = EDGE_CURVE('',#2353,#2376,#2378,.T.);
#2376 = VERTEX_POINT('',#2377);
#2377 = CARTESIAN_POINT('',(36.911999997831,48.88,25.9));
#2378 = SURFACE_CURVE('',#2379,(#2384,#2391),.PCURVE_S1.);
#2379 = CIRCLE('',#2380,5.6);
#2380 = AXIS2_PLACEMENT_3D('',#2381,#2382,#2383);
#2381 = CARTESIAN_POINT('',(36.911999997831,43.28,25.9));
#2382 = DIRECTION('',(0.,0.,1.));
#2383 = DIRECTION('',(1.,0.,0.));
#2384 = PCURVE('',#768,#2385);
#2385 = DEFINITIONAL_REPRESENTATION('',(#2386),#2390);
#2386 = CIRCLE('',#2387,5.6);
#2387 = AXIS2_PLACEMENT_2D('',#2388,#2389);
#2388 = CARTESIAN_POINT('',(35.213999997831,48.88));
#2389 = DIRECTION('',(1.,0.));
#2390 = ( GEOMETRIC_REPRESENTATION_CONTEXT(2) 
PARAMETRIC_REPRESENTATION_CONTEXT() REPRESENTATION_CONTEXT('2D SPACE',''
  ) );
#2391 = PCURVE('',#1803,#2392);
#2392 = DEFINITIONAL_REPRESENTATION('',(#2393),#2397);
#2393 = LINE('',#2394,#2395);
#2394 = CARTESIAN_POINT('',(3.14159265359,1.));
#2395 = VECTOR('',#2396,1.);
#2396 = DIRECTION('',(1.,0.));
#2397 = ( GEOMETRIC_REPRESENTATION_CONTEXT(2) 
PARAMETRIC_REPRESENTATION_CONTEXT() REPRESENTATION_CONTEXT('2D SPACE',''
  ) );
#2398 = ORIENTED_EDGE('',*,*,#2399,.F.);
#2399 = EDGE_CURVE('',#1672,#2376,#2400,.T.);
#2400 = SURFACE_CURVE('',#2401,(#2405,#2412),.PCURVE_S1.);
#2401 = LINE('',#2402,#2403);
#2402 = CARTESIAN_POINT('',(19.305,48.88,25.9));
#2403 = VECTOR('',#2404,1.);
#2404 = DIRECTION('',(1.,0.,0.));
#2405 = PCURVE('',#768,#2406);
#2406 = DEFINITIONAL_REPRESENTATION('',(#2407),#2411);
#2407 = LINE('',#2408,#2409);
#2408 = CARTESIAN_POINT('',(17.607,54.48));
#2409 = VECTOR('',#2410,1.);
#2410 = DIRECTION('',(1.,0.));
#2411 = ( GEOMETRIC_REPRESENTATION_CONTEXT(2) 
PARAMETRIC_REPRESENTATION_CONTEXT() REPRESENTATION_CONTEXT('2D SPACE',''
  ) );
#2412 = PCURVE('',#1633,#2413);
#2413 = DEFINITIONAL_REPRESENTATION('',(#2414),#2418);
#2414 = LINE('',#2415,#2416);
#2415 = CARTESIAN_POINT('',(0.,1.));
#2416 = VECTOR('',#2417,1.);
#2417 = DIRECTION('',(-1.,0.));
#2418 = ( GEOMETRIC_REPRESENTATION_CONTEXT(2) 
PARAMETRIC_REPRESENTATION_CONTEXT() REPRESENTATION_CONTEXT('2D SPACE',''
  ) );
#2419 = ORIENTED_EDGE('',*,*,#1671,.T.);
#2420 = FACE_BOUND('',#2421,.T.);
#2421 = EDGE_LOOP('',(#2422));
#2422 = ORIENTED_EDGE('',*,*,#2423,.F.);
#2423 = EDGE_CURVE('',#2424,#2424,#2426,.T.);
#2424 = VERTEX_POINT('',#2425);
#2425 = CARTESIAN_POINT('',(26.21,36.255,25.9));
#2426 = SURFACE_CURVE('',#2427,(#2432,#2439),.PCURVE_S1.);
#2427 = CIRCLE('',#2428,8.4);
#2428 = AXIS2_PLACEMENT_3D('',#2429,#2430,#2431);
#2429 = CARTESIAN_POINT('',(17.81,36.255,25.9));
#2430 = DIRECTION('',(0.,0.,1.));
#2431 = DIRECTION('',(1.,0.,-0.));
#2432 = PCURVE('',#768,#2433);
#2433 = DEFINITIONAL_REPRESENTATION('',(#2434),#2438);
#2434 = CIRCLE('',#2435,8.4);
#2435 = AXIS2_PLACEMENT_2D('',#2436,#2437);
#2436 = CARTESIAN_POINT('',(16.112,41.855));
#2437 = DIRECTION('',(1.,0.));
#2438 = ( GEOMETRIC_REPRESENTATION_CONTEXT(2) 
PARAMETRIC_REPRESENTATION_CONTEXT() REPRESENTATION_CONTEXT('2D SPACE',''
  ) );
#2439 = PCURVE('',#2440,#2445);
#2440 = CONICAL_SURFACE('',#2441,8.,0.785398163397);
#2441 = AXIS2_PLACEMENT_3D('',#2442,#2443,#2444);
#2442 = CARTESIAN_POINT('',(17.81,36.255,25.5));
#2443 = DIRECTION('',(0.,0.,1.));
#2444 = DIRECTION('',(1.,0.,-0.));
#2445 = DEFINITIONAL_REPRESENTATION('',(#2446),#2450);
#2446 = LINE('',#2447,#2448);
#2447 = CARTESIAN_POINT('',(0.,0.4));
#2448 = VECTOR('',#2449,1.);
#2449 = DIRECTION('',(1.,0.));
#2450 = ( GEOMETRIC_REPRESENTATION_CONTEXT(2) 
PARAMETRIC_REPRESENTATION_CONTEXT() REPRESENTATION_CONTEXT('2D SPACE',''
  ) );
#2451 = ADVANCED_FACE('',(#2452),#818,.T.);
#2452 = FACE_BOUND('',#2453,.T.);
#2453 = EDGE_LOOP('',(#2454,#2455,#2474,#2475));
#2454 = ORIENTED_EDGE('',*,*,#802,.T.);
#2455 = ORIENTED_EDGE('',*,*,#2456,.T.);
#2456 = EDGE_CURVE('',#803,#2306,#2457,.T.);
#2457 = SURFACE_CURVE('',#2458,(#2461,#2467),.PCURVE_S1.);
#2458 = B_SPLINE_CURVE_WITH_KNOTS('',1,(#2459,#2460),.UNSPECIFIED.,.F.,
  .F.,(2,2),(0.,1.),.PIECEWISE_BEZIER_KNOTS.);
#2459 = CARTESIAN_POINT('',(36.911999997959,-11.6,25.5));
#2460 = CARTESIAN_POINT('',(36.911999997831,-11.2,25.9));
#2461 = PCURVE('',#818,#2462);
#2462 = DEFINITIONAL_REPRESENTATION('',(#2463),#2466);
#2463 = B_SPLINE_CURVE_WITH_KNOTS('',1,(#2464,#2465),.UNSPECIFIED.,.F.,
  .F.,(2,2),(0.,1.),.PIECEWISE_BEZIER_KNOTS.);
#2464 = CARTESIAN_POINT('',(17.606999997959,-0.565685424949));
#2465 = CARTESIAN_POINT('',(17.606999997831,0.));
#2466 = ( GEOMETRIC_REPRESENTATION_CONTEXT(2) 
PARAMETRIC_REPRESENTATION_CONTEXT() REPRESENTATION_CONTEXT('2D SPACE',''
  ) );
#2467 = PCURVE('',#1755,#2468);
#2468 = DEFINITIONAL_REPRESENTATION('',(#2469),#2473);
#2469 = LINE('',#2470,#2471);
#2470 = CARTESIAN_POINT('',(1.570796326795,0.));
#2471 = VECTOR('',#2472,1.);
#2472 = DIRECTION('',(0.,1.));
#2473 = ( GEOMETRIC_REPRESENTATION_CONTEXT(2) 
PARAMETRIC_REPRESENTATION_CONTEXT() REPRESENTATION_CONTEXT('2D SPACE',''
  ) );
#2474 = ORIENTED_EDGE('',*,*,#2305,.F.);
#2475 = ORIENTED_EDGE('',*,*,#1570,.F.);
#2476 = ADVANCED_FACE('',(#2477),#871,.F.);
#2477 = FACE_BOUND('',#2478,.F.);
#2478 = EDGE_LOOP('',(#2479,#2480,#2503,#2529));
#2479 = ORIENTED_EDGE('',*,*,#854,.T.);
#2480 = ORIENTED_EDGE('',*,*,#2481,.T.);
#2481 = EDGE_CURVE('',#857,#2482,#2484,.T.);
#2482 = VERTEX_POINT('',#2483);
#2483 = CARTESIAN_POINT('',(6.105,-8.,12.801));
#2484 = SURFACE_CURVE('',#2485,(#2489,#2496),.PCURVE_S1.);
#2485 = LINE('',#2486,#2487);
#2486 = CARTESIAN_POINT('',(6.105,-12.6,12.801));
#2487 = VECTOR('',#2488,1.);
#2488 = DIRECTION('',(0.,1.,2.22044604925E-16));
#2489 = PCURVE('',#871,#2490);
#2490 = DEFINITIONAL_REPRESENTATION('',(#2491),#2495);
#2491 = LINE('',#2492,#2493);
#2492 = CARTESIAN_POINT('',(0.,0.));
#2493 = VECTOR('',#2494,1.);
#2494 = DIRECTION('',(0.,-1.));
#2495 = ( GEOMETRIC_REPRESENTATION_CONTEXT(2) 
PARAMETRIC_REPRESENTATION_CONTEXT() REPRESENTATION_CONTEXT('2D SPACE',''
  ) );
#2496 = PCURVE('',#1078,#2497);
#2497 = DEFINITIONAL_REPRESENTATION('',(#2498),#2502);
#2498 = LINE('',#2499,#2500);
#2499 = CARTESIAN_POINT('',(6.28318530718,0.));
#2500 = VECTOR('',#2501,1.);
#2501 = DIRECTION('',(0.,-1.));
#2502 = ( GEOMETRIC_REPRESENTATION_CONTEXT(2) 
PARAMETRIC_REPRESENTATION_CONTEXT() REPRESENTATION_CONTEXT('2D SPACE',''
  ) );
#2503 = ORIENTED_EDGE('',*,*,#2504,.F.);
#2504 = EDGE_CURVE('',#2505,#2482,#2507,.T.);
#2505 = VERTEX_POINT('',#2506);
#2506 = CARTESIAN_POINT('',(6.105,-8.,3.199));
#2507 = SURFACE_CURVE('',#2508,(#2512,#2518),.PCURVE_S1.);
#2508 = LINE('',#2509,#2510);
#2509 = CARTESIAN_POINT('',(6.105000000006,-8.,4.6505));
#2510 = VECTOR('',#2511,1.);
#2511 = DIRECTION('',(0.,-0.,1.));
#2512 = PCURVE('',#871,#2513);
#2513 = DEFINITIONAL_REPRESENTATION('',(#2514),#2517);
#2514 = B_SPLINE_CURVE_WITH_KNOTS('',1,(#2515,#2516),.UNSPECIFIED.,.F.,
  .F.,(2,2),(-1.4515,8.1505),.PIECEWISE_BEZIER_KNOTS.);
#2515 = CARTESIAN_POINT('',(9.602,-4.6));
#2516 = CARTESIAN_POINT('',(0.,-4.6));
#2517 = ( GEOMETRIC_REPRESENTATION_CONTEXT(2) 
PARAMETRIC_REPRESENTATION_CONTEXT() REPRESENTATION_CONTEXT('2D SPACE',''
  ) );
#2518 = PCURVE('',#2519,#2524);
#2519 = PLANE('',#2520);
#2520 = AXIS2_PLACEMENT_3D('',#2521,#2522,#2523);
#2521 = CARTESIAN_POINT('',(0.497999999998,-8.,-3.5));
#2522 = DIRECTION('',(0.,1.,0.));
#2523 = DIRECTION('',(1.,0.,0.));
#2524 = DEFINITIONAL_REPRESENTATION('',(#2525),#2528);
#2525 = B_SPLINE_CURVE_WITH_KNOTS('',1,(#2526,#2527),.UNSPECIFIED.,.F.,
  .F.,(2,2),(-1.4515,8.1505),.PIECEWISE_BEZIER_KNOTS.);
#2526 = CARTESIAN_POINT('',(5.607000000008,-6.699));
#2527 = CARTESIAN_POINT('',(5.607000000008,-16.301));
#2528 = ( GEOMETRIC_REPRESENTATION_CONTEXT(2) 
PARAMETRIC_REPRESENTATION_CONTEXT() REPRESENTATION_CONTEXT('2D SPACE',''
  ) );
#2529 = ORIENTED_EDGE('',*,*,#2530,.F.);
#2530 = EDGE_CURVE('',#855,#2505,#2531,.T.);
#2531 = SURFACE_CURVE('',#2532,(#2536,#2543),.PCURVE_S1.);
#2532 = LINE('',#2533,#2534);
#2533 = CARTESIAN_POINT('',(6.105,-12.6,3.199));
#2534 = VECTOR('',#2535,1.);
#2535 = DIRECTION('',(0.,1.,2.22044604925E-16));
#2536 = PCURVE('',#871,#2537);
#2537 = DEFINITIONAL_REPRESENTATION('',(#2538),#2542);
#2538 = LINE('',#2539,#2540);
#2539 = CARTESIAN_POINT('',(9.602,0.));
#2540 = VECTOR('',#2541,1.);
#2541 = DIRECTION('',(0.,-1.));
#2542 = ( GEOMETRIC_REPRESENTATION_CONTEXT(2) 
PARAMETRIC_REPRESENTATION_CONTEXT() REPRESENTATION_CONTEXT('2D SPACE',''
  ) );
#2543 = PCURVE('',#903,#2544);
#2544 = DEFINITIONAL_REPRESENTATION('',(#2545),#2549);
#2545 = LINE('',#2546,#2547);
#2546 = CARTESIAN_POINT('',(0.,0.));
#2547 = VECTOR('',#2548,1.);
#2548 = DIRECTION('',(0.,-1.));
#2549 = ( GEOMETRIC_REPRESENTATION_CONTEXT(2) 
PARAMETRIC_REPRESENTATION_CONTEXT() REPRESENTATION_CONTEXT('2D SPACE',''
  ) );
#2550 = ADVANCED_FACE('',(#2551),#903,.F.);
#2551 = FACE_BOUND('',#2552,.F.);
#2552 = EDGE_LOOP('',(#2553,#2554,#2555,#2583));
#2553 = ORIENTED_EDGE('',*,*,#882,.F.);
#2554 = ORIENTED_EDGE('',*,*,#2530,.T.);
#2555 = ORIENTED_EDGE('',*,*,#2556,.T.);
#2556 = EDGE_CURVE('',#2505,#2557,#2559,.T.);
#2557 = VERTEX_POINT('',#2558);
#2558 = CARTESIAN_POINT('',(7.303999999994,-8.,2.));
#2559 = SURFACE_CURVE('',#2560,(#2565,#2572),.PCURVE_S1.);
#2560 = CIRCLE('',#2561,1.199);
#2561 = AXIS2_PLACEMENT_3D('',#2562,#2563,#2564);
#2562 = CARTESIAN_POINT('',(7.303999999994,-8.,3.199));
#2563 = DIRECTION('',(0.,-1.,-2.22044604925E-16));
#2564 = DIRECTION('',(-1.,-0.,0.));
#2565 = PCURVE('',#903,#2566);
#2566 = DEFINITIONAL_REPRESENTATION('',(#2567),#2571);
#2567 = LINE('',#2568,#2569);
#2568 = CARTESIAN_POINT('',(0.,-4.6));
#2569 = VECTOR('',#2570,1.);
#2570 = DIRECTION('',(1.,0.));
#2571 = ( GEOMETRIC_REPRESENTATION_CONTEXT(2) 
PARAMETRIC_REPRESENTATION_CONTEXT() REPRESENTATION_CONTEXT('2D SPACE',''
  ) );
#2572 = PCURVE('',#2519,#2573);
#2573 = DEFINITIONAL_REPRESENTATION('',(#2574),#2582);
#2574 = ( BOUNDED_CURVE() B_SPLINE_CURVE(2,(#2575,#2576,#2577,#2578,
#2579,#2580,#2581),.UNSPECIFIED.,.T.,.F.) B_SPLINE_CURVE_WITH_KNOTS((1,2
    ,2,2,2,1),(-2.094395102393,0.,2.094395102393,4.188790204786,
6.28318530718,8.377580409573),.UNSPECIFIED.) CURVE() 
GEOMETRIC_REPRESENTATION_ITEM() RATIONAL_B_SPLINE_CURVE((1.,0.5,1.,0.5,
1.,0.5,1.)) REPRESENTATION_ITEM('') );
#2575 = CARTESIAN_POINT('',(5.606999999996,-6.699));
#2576 = CARTESIAN_POINT('',(5.606999999996,-4.622271081725));
#2577 = CARTESIAN_POINT('',(7.405499999996,-5.660635540862));
#2578 = CARTESIAN_POINT('',(9.203999999996,-6.699));
#2579 = CARTESIAN_POINT('',(7.405499999996,-7.737364459138));
#2580 = CARTESIAN_POINT('',(5.606999999996,-8.775728918275));
#2581 = CARTESIAN_POINT('',(5.606999999996,-6.699));
#2582 = ( GEOMETRIC_REPRESENTATION_CONTEXT(2) 
PARAMETRIC_REPRESENTATION_CONTEXT() REPRESENTATION_CONTEXT('2D SPACE',''
  ) );
#2583 = ORIENTED_EDGE('',*,*,#2584,.F.);
#2584 = EDGE_CURVE('',#883,#2557,#2585,.T.);
#2585 = SURFACE_CURVE('',#2586,(#2590,#2597),.PCURVE_S1.);
#2586 = LINE('',#2587,#2588);
#2587 = CARTESIAN_POINT('',(7.303999999994,-12.6,2.));
#2588 = VECTOR('',#2589,1.);
#2589 = DIRECTION('',(0.,1.,2.22044604925E-16));
#2590 = PCURVE('',#903,#2591);
#2591 = DEFINITIONAL_REPRESENTATION('',(#2592),#2596);
#2592 = LINE('',#2593,#2594);
#2593 = CARTESIAN_POINT('',(1.570796326795,0.));
#2594 = VECTOR('',#2595,1.);
#2595 = DIRECTION('',(0.,-1.));
#2596 = ( GEOMETRIC_REPRESENTATION_CONTEXT(2) 
PARAMETRIC_REPRESENTATION_CONTEXT() REPRESENTATION_CONTEXT('2D SPACE',''
  ) );
#2597 = PCURVE('',#930,#2598);
#2598 = DEFINITIONAL_REPRESENTATION('',(#2599),#2603);
#2599 = LINE('',#2600,#2601);
#2600 = CARTESIAN_POINT('',(-4.293440603043E-17,0.));
#2601 = VECTOR('',#2602,1.);
#2602 = DIRECTION('',(0.,-1.));
#2603 = ( GEOMETRIC_REPRESENTATION_CONTEXT(2) 
PARAMETRIC_REPRESENTATION_CONTEXT() REPRESENTATION_CONTEXT('2D SPACE',''
  ) );
#2604 = ADVANCED_FACE('',(#2605),#1078,.F.);
#2605 = FACE_BOUND('',#2606,.F.);
#2606 = EDGE_LOOP('',(#2607,#2608,#2631,#2657));
#2607 = ORIENTED_EDGE('',*,*,#1059,.F.);
#2608 = ORIENTED_EDGE('',*,*,#2609,.T.);
#2609 = EDGE_CURVE('',#1034,#2610,#2612,.T.);
#2610 = VERTEX_POINT('',#2611);
#2611 = CARTESIAN_POINT('',(7.303999999994,-8.,14.));
#2612 = SURFACE_CURVE('',#2613,(#2617,#2624),.PCURVE_S1.);
#2613 = LINE('',#2614,#2615);
#2614 = CARTESIAN_POINT('',(7.303999999994,-12.6,14.));
#2615 = VECTOR('',#2616,1.);
#2616 = DIRECTION('',(0.,1.,2.22044604925E-16));
#2617 = PCURVE('',#1078,#2618);
#2618 = DEFINITIONAL_REPRESENTATION('',(#2619),#2623);
#2619 = LINE('',#2620,#2621);
#2620 = CARTESIAN_POINT('',(4.712388980385,0.));
#2621 = VECTOR('',#2622,1.);
#2622 = DIRECTION('',(0.,-1.));
#2623 = ( GEOMETRIC_REPRESENTATION_CONTEXT(2) 
PARAMETRIC_REPRESENTATION_CONTEXT() REPRESENTATION_CONTEXT('2D SPACE',''
  ) );
#2624 = PCURVE('',#1048,#2625);
#2625 = DEFINITIONAL_REPRESENTATION('',(#2626),#2630);
#2626 = LINE('',#2627,#2628);
#2627 = CARTESIAN_POINT('',(-4.293440603043E-17,0.));
#2628 = VECTOR('',#2629,1.);
#2629 = DIRECTION('',(0.,-1.));
#2630 = ( GEOMETRIC_REPRESENTATION_CONTEXT(2) 
PARAMETRIC_REPRESENTATION_CONTEXT() REPRESENTATION_CONTEXT('2D SPACE',''
  ) );
#2631 = ORIENTED_EDGE('',*,*,#2632,.T.);
#2632 = EDGE_CURVE('',#2610,#2482,#2633,.T.);
#2633 = SURFACE_CURVE('',#2634,(#2639,#2646),.PCURVE_S1.);
#2634 = CIRCLE('',#2635,1.199);
#2635 = AXIS2_PLACEMENT_3D('',#2636,#2637,#2638);
#2636 = CARTESIAN_POINT('',(7.303999999994,-8.,12.801));
#2637 = DIRECTION('',(0.,-1.,-2.22044604925E-16));
#2638 = DIRECTION('',(-1.,-0.,0.));
#2639 = PCURVE('',#1078,#2640);
#2640 = DEFINITIONAL_REPRESENTATION('',(#2641),#2645);
#2641 = LINE('',#2642,#2643);
#2642 = CARTESIAN_POINT('',(0.,-4.6));
#2643 = VECTOR('',#2644,1.);
#2644 = DIRECTION('',(1.,0.));
#2645 = ( GEOMETRIC_REPRESENTATION_CONTEXT(2) 
PARAMETRIC_REPRESENTATION_CONTEXT() REPRESENTATION_CONTEXT('2D SPACE',''
  ) );
#2646 = PCURVE('',#2519,#2647);
#2647 = DEFINITIONAL_REPRESENTATION('',(#2648),#2656);
#2648 = ( BOUNDED_CURVE() B_SPLINE_CURVE(2,(#2649,#2650,#2651,#2652,
#2653,#2654,#2655),.UNSPECIFIED.,.T.,.F.) B_SPLINE_CURVE_WITH_KNOTS((1,2
    ,2,2,2,1),(-2.094395102393,0.,2.094395102393,4.188790204786,
6.28318530718,8.377580409573),.UNSPECIFIED.) CURVE() 
GEOMETRIC_REPRESENTATION_ITEM() RATIONAL_B_SPLINE_CURVE((1.,0.5,1.,0.5,
1.,0.5,1.)) REPRESENTATION_ITEM('') );
#2649 = CARTESIAN_POINT('',(5.606999999996,-16.301));
#2650 = CARTESIAN_POINT('',(5.606999999996,-14.22427108172));
#2651 = CARTESIAN_POINT('',(7.405499999996,-15.26263554086));
#2652 = CARTESIAN_POINT('',(9.203999999996,-16.301));
#2653 = CARTESIAN_POINT('',(7.405499999996,-17.33936445913));
#2654 = CARTESIAN_POINT('',(5.606999999996,-18.37772891827));
#2655 = CARTESIAN_POINT('',(5.606999999996,-16.301));
#2656 = ( GEOMETRIC_REPRESENTATION_CONTEXT(2) 
PARAMETRIC_REPRESENTATION_CONTEXT() REPRESENTATION_CONTEXT('2D SPACE',''
  ) );
#2657 = ORIENTED_EDGE('',*,*,#2481,.F.);
#2658 = ADVANCED_FACE('',(#2659),#930,.F.);
#2659 = FACE_BOUND('',#2660,.F.);
#2660 = EDGE_LOOP('',(#2661,#2662,#2663,#2684));
#2661 = ORIENTED_EDGE('',*,*,#915,.T.);
#2662 = ORIENTED_EDGE('',*,*,#2584,.T.);
#2663 = ORIENTED_EDGE('',*,*,#2664,.F.);
#2664 = EDGE_CURVE('',#2665,#2557,#2667,.T.);
#2665 = VERTEX_POINT('',#2666);
#2666 = CARTESIAN_POINT('',(7.305999925152,-8.,2.));
#2667 = SURFACE_CURVE('',#2668,(#2672,#2678),.PCURVE_S1.);
#2668 = LINE('',#2669,#2670);
#2669 = CARTESIAN_POINT('',(3.900999999996,-8.,2.));
#2670 = VECTOR('',#2671,1.);
#2671 = DIRECTION('',(-1.,0.,0.));
#2672 = PCURVE('',#930,#2673);
#2673 = DEFINITIONAL_REPRESENTATION('',(#2674),#2677);
#2674 = B_SPLINE_CURVE_WITH_KNOTS('',1,(#2675,#2676),.UNSPECIFIED.,.F.,
  .F.,(2,2),(-3.404999925156,-3.402999999998),.PIECEWISE_BEZIER_KNOTS.);
#2675 = CARTESIAN_POINT('',(1.999925157933E-03,-4.6));
#2676 = CARTESIAN_POINT('',(0.,-4.6));
#2677 = ( GEOMETRIC_REPRESENTATION_CONTEXT(2) 
PARAMETRIC_REPRESENTATION_CONTEXT() REPRESENTATION_CONTEXT('2D SPACE',''
  ) );
#2678 = PCURVE('',#2519,#2679);
#2679 = DEFINITIONAL_REPRESENTATION('',(#2680),#2683);
#2680 = B_SPLINE_CURVE_WITH_KNOTS('',1,(#2681,#2682),.UNSPECIFIED.,.F.,
  .F.,(2,2),(-3.404999925156,-3.402999999998),.PIECEWISE_BEZIER_KNOTS.);
#2681 = CARTESIAN_POINT('',(6.807999925154,-5.5));
#2682 = CARTESIAN_POINT('',(6.805999999996,-5.5));
#2683 = ( GEOMETRIC_REPRESENTATION_CONTEXT(2) 
PARAMETRIC_REPRESENTATION_CONTEXT() REPRESENTATION_CONTEXT('2D SPACE',''
  ) );
#2684 = ORIENTED_EDGE('',*,*,#2685,.F.);
#2685 = EDGE_CURVE('',#916,#2665,#2686,.T.);
#2686 = SURFACE_CURVE('',#2687,(#2691,#2698),.PCURVE_S1.);
#2687 = LINE('',#2688,#2689);
#2688 = CARTESIAN_POINT('',(7.305999925152,-12.6,2.));
#2689 = VECTOR('',#2690,1.);
#2690 = DIRECTION('',(0.,1.,2.22044604925E-16));
#2691 = PCURVE('',#930,#2692);
#2692 = DEFINITIONAL_REPRESENTATION('',(#2693),#2697);
#2693 = LINE('',#2694,#2695);
#2694 = CARTESIAN_POINT('',(1.999925157933E-03,0.));
#2695 = VECTOR('',#2696,1.);
#2696 = DIRECTION('',(0.,-1.));
#2697 = ( GEOMETRIC_REPRESENTATION_CONTEXT(2) 
PARAMETRIC_REPRESENTATION_CONTEXT() REPRESENTATION_CONTEXT('2D SPACE',''
  ) );
#2698 = PCURVE('',#962,#2699);
#2699 = DEFINITIONAL_REPRESENTATION('',(#2700),#2704);
#2700 = LINE('',#2701,#2702);
#2701 = CARTESIAN_POINT('',(1.570796326795,0.));
#2702 = VECTOR('',#2703,1.);
#2703 = DIRECTION('',(0.,-1.));
#2704 = ( GEOMETRIC_REPRESENTATION_CONTEXT(2) 
PARAMETRIC_REPRESENTATION_CONTEXT() REPRESENTATION_CONTEXT('2D SPACE',''
  ) );
#2705 = ADVANCED_FACE('',(#2706),#1048,.T.);
#2706 = FACE_BOUND('',#2707,.T.);
#2707 = EDGE_LOOP('',(#2708,#2709,#2710,#2731));
#2708 = ORIENTED_EDGE('',*,*,#1033,.T.);
#2709 = ORIENTED_EDGE('',*,*,#2609,.T.);
#2710 = ORIENTED_EDGE('',*,*,#2711,.F.);
#2711 = EDGE_CURVE('',#2712,#2610,#2714,.T.);
#2712 = VERTEX_POINT('',#2713);
#2713 = CARTESIAN_POINT('',(7.305999925152,-8.,14.));
#2714 = SURFACE_CURVE('',#2715,(#2719,#2725),.PCURVE_S1.);
#2715 = LINE('',#2716,#2717);
#2716 = CARTESIAN_POINT('',(3.900999999996,-8.,14.));
#2717 = VECTOR('',#2718,1.);
#2718 = DIRECTION('',(-1.,0.,0.));
#2719 = PCURVE('',#1048,#2720);
#2720 = DEFINITIONAL_REPRESENTATION('',(#2721),#2724);
#2721 = B_SPLINE_CURVE_WITH_KNOTS('',1,(#2722,#2723),.UNSPECIFIED.,.F.,
  .F.,(2,2),(-3.404999925156,-3.402999999998),.PIECEWISE_BEZIER_KNOTS.);
#2722 = CARTESIAN_POINT('',(1.999925157933E-03,-4.6));
#2723 = CARTESIAN_POINT('',(0.,-4.6));
#2724 = ( GEOMETRIC_REPRESENTATION_CONTEXT(2) 
PARAMETRIC_REPRESENTATION_CONTEXT() REPRESENTATION_CONTEXT('2D SPACE',''
  ) );
#2725 = PCURVE('',#2519,#2726);
#2726 = DEFINITIONAL_REPRESENTATION('',(#2727),#2730);
#2727 = B_SPLINE_CURVE_WITH_KNOTS('',1,(#2728,#2729),.UNSPECIFIED.,.F.,
  .F.,(2,2),(-3.404999925156,-3.402999999998),.PIECEWISE_BEZIER_KNOTS.);
#2728 = CARTESIAN_POINT('',(6.807999925154,-17.5));
#2729 = CARTESIAN_POINT('',(6.805999999996,-17.5));
#2730 = ( GEOMETRIC_REPRESENTATION_CONTEXT(2) 
PARAMETRIC_REPRESENTATION_CONTEXT() REPRESENTATION_CONTEXT('2D SPACE',''
  ) );
#2731 = ORIENTED_EDGE('',*,*,#2732,.F.);
#2732 = EDGE_CURVE('',#1001,#2712,#2733,.T.);
#2733 = SURFACE_CURVE('',#2734,(#2738,#2745),.PCURVE_S1.);
#2734 = LINE('',#2735,#2736);
#2735 = CARTESIAN_POINT('',(7.305999925152,-12.6,14.));
#2736 = VECTOR('',#2737,1.);
#2737 = DIRECTION('',(0.,1.,2.22044604925E-16));
#2738 = PCURVE('',#1048,#2739);
#2739 = DEFINITIONAL_REPRESENTATION('',(#2740),#2744);
#2740 = LINE('',#2741,#2742);
#2741 = CARTESIAN_POINT('',(1.999925157933E-03,0.));
#2742 = VECTOR('',#2743,1.);
#2743 = DIRECTION('',(0.,-1.));
#2744 = ( GEOMETRIC_REPRESENTATION_CONTEXT(2) 
PARAMETRIC_REPRESENTATION_CONTEXT() REPRESENTATION_CONTEXT('2D SPACE',''
  ) );
#2745 = PCURVE('',#1021,#2746);
#2746 = DEFINITIONAL_REPRESENTATION('',(#2747),#2751);
#2747 = LINE('',#2748,#2749);
#2748 = CARTESIAN_POINT('',(4.712388980385,0.));
#2749 = VECTOR('',#2750,1.);
#2750 = DIRECTION('',(0.,-1.));
#2751 = ( GEOMETRIC_REPRESENTATION_CONTEXT(2) 
PARAMETRIC_REPRESENTATION_CONTEXT() REPRESENTATION_CONTEXT('2D SPACE',''
  ) );
#2752 = ADVANCED_FACE('',(#2753),#962,.F.);
#2753 = FACE_BOUND('',#2754,.F.);
#2754 = EDGE_LOOP('',(#2755,#2756,#2757,#2785));
#2755 = ORIENTED_EDGE('',*,*,#941,.F.);
#2756 = ORIENTED_EDGE('',*,*,#2685,.T.);
#2757 = ORIENTED_EDGE('',*,*,#2758,.T.);
#2758 = EDGE_CURVE('',#2665,#2759,#2761,.T.);
#2759 = VERTEX_POINT('',#2760);
#2760 = CARTESIAN_POINT('',(8.504999962579,-8.,3.199));
#2761 = SURFACE_CURVE('',#2762,(#2767,#2774),.PCURVE_S1.);
#2762 = CIRCLE('',#2763,1.199);
#2763 = AXIS2_PLACEMENT_3D('',#2764,#2765,#2766);
#2764 = CARTESIAN_POINT('',(7.305999925152,-8.,3.199));
#2765 = DIRECTION('',(0.,-1.,-2.22044604925E-16));
#2766 = DIRECTION('',(-1.,-0.,0.));
#2767 = PCURVE('',#962,#2768);
#2768 = DEFINITIONAL_REPRESENTATION('',(#2769),#2773);
#2769 = LINE('',#2770,#2771);
#2770 = CARTESIAN_POINT('',(0.,-4.6));
#2771 = VECTOR('',#2772,1.);
#2772 = DIRECTION('',(1.,0.));
#2773 = ( GEOMETRIC_REPRESENTATION_CONTEXT(2) 
PARAMETRIC_REPRESENTATION_CONTEXT() REPRESENTATION_CONTEXT('2D SPACE',''
  ) );
#2774 = PCURVE('',#2519,#2775);
#2775 = DEFINITIONAL_REPRESENTATION('',(#2776),#2784);
#2776 = ( BOUNDED_CURVE() B_SPLINE_CURVE(2,(#2777,#2778,#2779,#2780,
#2781,#2782,#2783),.UNSPECIFIED.,.T.,.F.) B_SPLINE_CURVE_WITH_KNOTS((1,2
    ,2,2,2,1),(-2.094395102393,0.,2.094395102393,4.188790204786,
6.28318530718,8.377580409573),.UNSPECIFIED.) CURVE() 
GEOMETRIC_REPRESENTATION_ITEM() RATIONAL_B_SPLINE_CURVE((1.,0.5,1.,0.5,
1.,0.5,1.)) REPRESENTATION_ITEM('') );
#2777 = CARTESIAN_POINT('',(5.608999925154,-6.699));
#2778 = CARTESIAN_POINT('',(5.608999925154,-4.622271081725));
#2779 = CARTESIAN_POINT('',(7.407499925154,-5.660635540862));
#2780 = CARTESIAN_POINT('',(9.205999925154,-6.699));
#2781 = CARTESIAN_POINT('',(7.407499925154,-7.737364459138));
#2782 = CARTESIAN_POINT('',(5.608999925154,-8.775728918275));
#2783 = CARTESIAN_POINT('',(5.608999925154,-6.699));
#2784 = ( GEOMETRIC_REPRESENTATION_CONTEXT(2) 
PARAMETRIC_REPRESENTATION_CONTEXT() REPRESENTATION_CONTEXT('2D SPACE',''
  ) );
#2785 = ORIENTED_EDGE('',*,*,#2786,.F.);
#2786 = EDGE_CURVE('',#942,#2759,#2787,.T.);
#2787 = SURFACE_CURVE('',#2788,(#2792,#2799),.PCURVE_S1.);
#2788 = LINE('',#2789,#2790);
#2789 = CARTESIAN_POINT('',(8.504999962579,-12.6,3.199));
#2790 = VECTOR('',#2791,1.);
#2791 = DIRECTION('',(0.,1.,2.22044604925E-16));
#2792 = PCURVE('',#962,#2793);
#2793 = DEFINITIONAL_REPRESENTATION('',(#2794),#2798);
#2794 = LINE('',#2795,#2796);
#2795 = CARTESIAN_POINT('',(3.14159265359,0.));
#2796 = VECTOR('',#2797,1.);
#2797 = DIRECTION('',(0.,-1.));
#2798 = ( GEOMETRIC_REPRESENTATION_CONTEXT(2) 
PARAMETRIC_REPRESENTATION_CONTEXT() REPRESENTATION_CONTEXT('2D SPACE',''
  ) );
#2799 = PCURVE('',#989,#2800);
#2800 = DEFINITIONAL_REPRESENTATION('',(#2801),#2805);
#2801 = LINE('',#2802,#2803);
#2802 = CARTESIAN_POINT('',(9.602,0.));
#2803 = VECTOR('',#2804,1.);
#2804 = DIRECTION('',(0.,-1.));
#2805 = ( GEOMETRIC_REPRESENTATION_CONTEXT(2) 
PARAMETRIC_REPRESENTATION_CONTEXT() REPRESENTATION_CONTEXT('2D SPACE',''
  ) );
#2806 = ADVANCED_FACE('',(#2807),#1021,.F.);
#2807 = FACE_BOUND('',#2808,.F.);
#2808 = EDGE_LOOP('',(#2809,#2810,#2833,#2859));
#2809 = ORIENTED_EDGE('',*,*,#1000,.F.);
#2810 = ORIENTED_EDGE('',*,*,#2811,.T.);
#2811 = EDGE_CURVE('',#975,#2812,#2814,.T.);
#2812 = VERTEX_POINT('',#2813);
#2813 = CARTESIAN_POINT('',(8.504999962579,-8.,12.801));
#2814 = SURFACE_CURVE('',#2815,(#2819,#2826),.PCURVE_S1.);
#2815 = LINE('',#2816,#2817);
#2816 = CARTESIAN_POINT('',(8.504999962579,-12.6,12.801));
#2817 = VECTOR('',#2818,1.);
#2818 = DIRECTION('',(0.,1.,2.22044604925E-16));
#2819 = PCURVE('',#1021,#2820);
#2820 = DEFINITIONAL_REPRESENTATION('',(#2821),#2825);
#2821 = LINE('',#2822,#2823);
#2822 = CARTESIAN_POINT('',(3.14159265359,0.));
#2823 = VECTOR('',#2824,1.);
#2824 = DIRECTION('',(0.,-1.));
#2825 = ( GEOMETRIC_REPRESENTATION_CONTEXT(2) 
PARAMETRIC_REPRESENTATION_CONTEXT() REPRESENTATION_CONTEXT('2D SPACE',''
  ) );
#2826 = PCURVE('',#989,#2827);
#2827 = DEFINITIONAL_REPRESENTATION('',(#2828),#2832);
#2828 = LINE('',#2829,#2830);
#2829 = CARTESIAN_POINT('',(0.,0.));
#2830 = VECTOR('',#2831,1.);
#2831 = DIRECTION('',(0.,-1.));
#2832 = ( GEOMETRIC_REPRESENTATION_CONTEXT(2) 
PARAMETRIC_REPRESENTATION_CONTEXT() REPRESENTATION_CONTEXT('2D SPACE',''
  ) );
#2833 = ORIENTED_EDGE('',*,*,#2834,.T.);
#2834 = EDGE_CURVE('',#2812,#2712,#2835,.T.);
#2835 = SURFACE_CURVE('',#2836,(#2841,#2848),.PCURVE_S1.);
#2836 = CIRCLE('',#2837,1.199);
#2837 = AXIS2_PLACEMENT_3D('',#2838,#2839,#2840);
#2838 = CARTESIAN_POINT('',(7.305999925152,-8.,12.801));
#2839 = DIRECTION('',(0.,-1.,-2.22044604925E-16));
#2840 = DIRECTION('',(-1.,-0.,0.));
#2841 = PCURVE('',#1021,#2842);
#2842 = DEFINITIONAL_REPRESENTATION('',(#2843),#2847);
#2843 = LINE('',#2844,#2845);
#2844 = CARTESIAN_POINT('',(0.,-4.6));
#2845 = VECTOR('',#2846,1.);
#2846 = DIRECTION('',(1.,0.));
#2847 = ( GEOMETRIC_REPRESENTATION_CONTEXT(2) 
PARAMETRIC_REPRESENTATION_CONTEXT() REPRESENTATION_CONTEXT('2D SPACE',''
  ) );
#2848 = PCURVE('',#2519,#2849);
#2849 = DEFINITIONAL_REPRESENTATION('',(#2850),#2858);
#2850 = ( BOUNDED_CURVE() B_SPLINE_CURVE(2,(#2851,#2852,#2853,#2854,
#2855,#2856,#2857),.UNSPECIFIED.,.T.,.F.) B_SPLINE_CURVE_WITH_KNOTS((1,2
    ,2,2,2,1),(-2.094395102393,0.,2.094395102393,4.188790204786,
6.28318530718,8.377580409573),.UNSPECIFIED.) CURVE() 
GEOMETRIC_REPRESENTATION_ITEM() RATIONAL_B_SPLINE_CURVE((1.,0.5,1.,0.5,
1.,0.5,1.)) REPRESENTATION_ITEM('') );
#2851 = CARTESIAN_POINT('',(5.608999925154,-16.301));
#2852 = CARTESIAN_POINT('',(5.608999925154,-14.22427108172));
#2853 = CARTESIAN_POINT('',(7.407499925154,-15.26263554086));
#2854 = CARTESIAN_POINT('',(9.205999925154,-16.301));
#2855 = CARTESIAN_POINT('',(7.407499925154,-17.33936445913));
#2856 = CARTESIAN_POINT('',(5.608999925154,-18.37772891827));
#2857 = CARTESIAN_POINT('',(5.608999925154,-16.301));
#2858 = ( GEOMETRIC_REPRESENTATION_CONTEXT(2) 
PARAMETRIC_REPRESENTATION_CONTEXT() REPRESENTATION_CONTEXT('2D SPACE',''
  ) );
#2859 = ORIENTED_EDGE('',*,*,#2732,.F.);
#2860 = ADVANCED_FACE('',(#2861),#989,.T.);
#2861 = FACE_BOUND('',#2862,.T.);
#2862 = EDGE_LOOP('',(#2863,#2864,#2865,#2884));
#2863 = ORIENTED_EDGE('',*,*,#974,.T.);
#2864 = ORIENTED_EDGE('',*,*,#2811,.T.);
#2865 = ORIENTED_EDGE('',*,*,#2866,.F.);
#2866 = EDGE_CURVE('',#2759,#2812,#2867,.T.);
#2867 = SURFACE_CURVE('',#2868,(#2872,#2878),.PCURVE_S1.);
#2868 = LINE('',#2869,#2870);
#2869 = CARTESIAN_POINT('',(8.505000000006,-8.,4.6505));
#2870 = VECTOR('',#2871,1.);
#2871 = DIRECTION('',(0.,-0.,1.));
#2872 = PCURVE('',#989,#2873);
#2873 = DEFINITIONAL_REPRESENTATION('',(#2874),#2877);
#2874 = B_SPLINE_CURVE_WITH_KNOTS('',1,(#2875,#2876),.UNSPECIFIED.,.F.,
  .F.,(2,2),(-1.4515,8.1505),.PIECEWISE_BEZIER_KNOTS.);
#2875 = CARTESIAN_POINT('',(9.602,-4.6));
#2876 = CARTESIAN_POINT('',(0.,-4.6));
#2877 = ( GEOMETRIC_REPRESENTATION_CONTEXT(2) 
PARAMETRIC_REPRESENTATION_CONTEXT() REPRESENTATION_CONTEXT('2D SPACE',''
  ) );
#2878 = PCURVE('',#2519,#2879);
#2879 = DEFINITIONAL_REPRESENTATION('',(#2880),#2883);
#2880 = B_SPLINE_CURVE_WITH_KNOTS('',1,(#2881,#2882),.UNSPECIFIED.,.F.,
  .F.,(2,2),(-1.4515,8.1505),.PIECEWISE_BEZIER_KNOTS.);
#2881 = CARTESIAN_POINT('',(8.007000000008,-6.699));
#2882 = CARTESIAN_POINT('',(8.007000000008,-16.301));
#2883 = ( GEOMETRIC_REPRESENTATION_CONTEXT(2) 
PARAMETRIC_REPRESENTATION_CONTEXT() REPRESENTATION_CONTEXT('2D SPACE',''
  ) );
#2884 = ORIENTED_EDGE('',*,*,#2786,.F.);
#2885 = ADVANCED_FACE('',(#2886),#1109,.F.);
#2886 = FACE_BOUND('',#2887,.F.);
#2887 = EDGE_LOOP('',(#2888,#2889,#2912,#2933));
#2888 = ORIENTED_EDGE('',*,*,#1092,.T.);
#2889 = ORIENTED_EDGE('',*,*,#2890,.T.);
#2890 = EDGE_CURVE('',#1095,#2891,#2893,.T.);
#2891 = VERTEX_POINT('',#2892);
#2892 = CARTESIAN_POINT('',(12.105,-8.,12.801));
#2893 = SURFACE_CURVE('',#2894,(#2898,#2905),.PCURVE_S1.);
#2894 = LINE('',#2895,#2896);
#2895 = CARTESIAN_POINT('',(12.105,-12.6,12.801));
#2896 = VECTOR('',#2897,1.);
#2897 = DIRECTION('',(0.,1.,2.22044604925E-16));
#2898 = PCURVE('',#1109,#2899);
#2899 = DEFINITIONAL_REPRESENTATION('',(#2900),#2904);
#2900 = LINE('',#2901,#2902);
#2901 = CARTESIAN_POINT('',(0.,0.));
#2902 = VECTOR('',#2903,1.);
#2903 = DIRECTION('',(0.,-1.));
#2904 = ( GEOMETRIC_REPRESENTATION_CONTEXT(2) 
PARAMETRIC_REPRESENTATION_CONTEXT() REPRESENTATION_CONTEXT('2D SPACE',''
  ) );
#2905 = PCURVE('',#1316,#2906);
#2906 = DEFINITIONAL_REPRESENTATION('',(#2907),#2911);
#2907 = LINE('',#2908,#2909);
#2908 = CARTESIAN_POINT('',(6.28318530718,0.));
#2909 = VECTOR('',#2910,1.);
#2910 = DIRECTION('',(0.,-1.));
#2911 = ( GEOMETRIC_REPRESENTATION_CONTEXT(2) 
PARAMETRIC_REPRESENTATION_CONTEXT() REPRESENTATION_CONTEXT('2D SPACE',''
  ) );
#2912 = ORIENTED_EDGE('',*,*,#2913,.F.);
#2913 = EDGE_CURVE('',#2914,#2891,#2916,.T.);
#2914 = VERTEX_POINT('',#2915);
#2915 = CARTESIAN_POINT('',(12.105,-8.,3.199));
#2916 = SURFACE_CURVE('',#2917,(#2921,#2927),.PCURVE_S1.);
#2917 = LINE('',#2918,#2919);
#2918 = CARTESIAN_POINT('',(12.105000000006,-8.,4.6505));
#2919 = VECTOR('',#2920,1.);
#2920 = DIRECTION('',(0.,-0.,1.));
#2921 = PCURVE('',#1109,#2922);
#2922 = DEFINITIONAL_REPRESENTATION('',(#2923),#2926);
#2923 = B_SPLINE_CURVE_WITH_KNOTS('',1,(#2924,#2925),.UNSPECIFIED.,.F.,
  .F.,(2,2),(-1.4515,8.1505),.PIECEWISE_BEZIER_KNOTS.);
#2924 = CARTESIAN_POINT('',(9.602,-4.6));
#2925 = CARTESIAN_POINT('',(0.,-4.6));
#2926 = ( GEOMETRIC_REPRESENTATION_CONTEXT(2) 
PARAMETRIC_REPRESENTATION_CONTEXT() REPRESENTATION_CONTEXT('2D SPACE',''
  ) );
#2927 = PCURVE('',#2519,#2928);
#2928 = DEFINITIONAL_REPRESENTATION('',(#2929),#2932);
#2929 = B_SPLINE_CURVE_WITH_KNOTS('',1,(#2930,#2931),.UNSPECIFIED.,.F.,
  .F.,(2,2),(-1.4515,8.1505),.PIECEWISE_BEZIER_KNOTS.);
#2930 = CARTESIAN_POINT('',(11.607000000008,-6.699));
#2931 = CARTESIAN_POINT('',(11.607000000008,-16.301));
#2932 = ( GEOMETRIC_REPRESENTATION_CONTEXT(2) 
PARAMETRIC_REPRESENTATION_CONTEXT() REPRESENTATION_CONTEXT('2D SPACE',''
  ) );
#2933 = ORIENTED_EDGE('',*,*,#2934,.F.);
#2934 = EDGE_CURVE('',#1093,#2914,#2935,.T.);
#2935 = SURFACE_CURVE('',#2936,(#2940,#2947),.PCURVE_S1.);
#2936 = LINE('',#2937,#2938);
#2937 = CARTESIAN_POINT('',(12.105,-12.6,3.199));
#2938 = VECTOR('',#2939,1.);
#2939 = DIRECTION('',(0.,1.,2.22044604925E-16));
#2940 = PCURVE('',#1109,#2941);
#2941 = DEFINITIONAL_REPRESENTATION('',(#2942),#2946);
#2942 = LINE('',#2943,#2944);
#2943 = CARTESIAN_POINT('',(9.602,0.));
#2944 = VECTOR('',#2945,1.);
#2945 = DIRECTION('',(0.,-1.));
#2946 = ( GEOMETRIC_REPRESENTATION_CONTEXT(2) 
PARAMETRIC_REPRESENTATION_CONTEXT() REPRESENTATION_CONTEXT('2D SPACE',''
  ) );
#2947 = PCURVE('',#1141,#2948);
#2948 = DEFINITIONAL_REPRESENTATION('',(#2949),#2953);
#2949 = LINE('',#2950,#2951);
#2950 = CARTESIAN_POINT('',(0.,0.));
#2951 = VECTOR('',#2952,1.);
#2952 = DIRECTION('',(0.,-1.));
#2953 = ( GEOMETRIC_REPRESENTATION_CONTEXT(2) 
PARAMETRIC_REPRESENTATION_CONTEXT() REPRESENTATION_CONTEXT('2D SPACE',''
  ) );
#2954 = ADVANCED_FACE('',(#2955),#1141,.F.);
#2955 = FACE_BOUND('',#2956,.F.);
#2956 = EDGE_LOOP('',(#2957,#2958,#2959,#2987));
#2957 = ORIENTED_EDGE('',*,*,#1120,.F.);
#2958 = ORIENTED_EDGE('',*,*,#2934,.T.);
#2959 = ORIENTED_EDGE('',*,*,#2960,.T.);
#2960 = EDGE_CURVE('',#2914,#2961,#2963,.T.);
#2961 = VERTEX_POINT('',#2962);
#2962 = CARTESIAN_POINT('',(13.303999999994,-8.,2.));
#2963 = SURFACE_CURVE('',#2964,(#2969,#2976),.PCURVE_S1.);
#2964 = CIRCLE('',#2965,1.199);
#2965 = AXIS2_PLACEMENT_3D('',#2966,#2967,#2968);
#2966 = CARTESIAN_POINT('',(13.303999999994,-8.,3.199));
#2967 = DIRECTION('',(0.,-1.,-2.22044604925E-16));
#2968 = DIRECTION('',(-1.,-0.,0.));
#2969 = PCURVE('',#1141,#2970);
#2970 = DEFINITIONAL_REPRESENTATION('',(#2971),#2975);
#2971 = LINE('',#2972,#2973);
#2972 = CARTESIAN_POINT('',(0.,-4.6));
#2973 = VECTOR('',#2974,1.);
#2974 = DIRECTION('',(1.,0.));
#2975 = ( GEOMETRIC_REPRESENTATION_CONTEXT(2) 
PARAMETRIC_REPRESENTATION_CONTEXT() REPRESENTATION_CONTEXT('2D SPACE',''
  ) );
#2976 = PCURVE('',#2519,#2977);
#2977 = DEFINITIONAL_REPRESENTATION('',(#2978),#2986);
#2978 = ( BOUNDED_CURVE() B_SPLINE_CURVE(2,(#2979,#2980,#2981,#2982,
#2983,#2984,#2985),.UNSPECIFIED.,.T.,.F.) B_SPLINE_CURVE_WITH_KNOTS((1,2
    ,2,2,2,1),(-2.094395102393,0.,2.094395102393,4.188790204786,
6.28318530718,8.377580409573),.UNSPECIFIED.) CURVE() 
GEOMETRIC_REPRESENTATION_ITEM() RATIONAL_B_SPLINE_CURVE((1.,0.5,1.,0.5,
1.,0.5,1.)) REPRESENTATION_ITEM('') );
#2979 = CARTESIAN_POINT('',(11.606999999996,-6.699));
#2980 = CARTESIAN_POINT('',(11.606999999996,-4.622271081725));
#2981 = CARTESIAN_POINT('',(13.405499999996,-5.660635540862));
#2982 = CARTESIAN_POINT('',(15.203999999996,-6.699));
#2983 = CARTESIAN_POINT('',(13.405499999996,-7.737364459138));
#2984 = CARTESIAN_POINT('',(11.606999999996,-8.775728918275));
#2985 = CARTESIAN_POINT('',(11.606999999996,-6.699));
#2986 = ( GEOMETRIC_REPRESENTATION_CONTEXT(2) 
PARAMETRIC_REPRESENTATION_CONTEXT() REPRESENTATION_CONTEXT('2D SPACE',''
  ) );
#2987 = ORIENTED_EDGE('',*,*,#2988,.F.);
#2988 = EDGE_CURVE('',#1121,#2961,#2989,.T.);
#2989 = SURFACE_CURVE('',#2990,(#2994,#3001),.PCURVE_S1.);
#2990 = LINE('',#2991,#2992);
#2991 = CARTESIAN_POINT('',(13.303999999994,-12.6,2.));
#2992 = VECTOR('',#2993,1.);
#2993 = DIRECTION('',(0.,1.,2.22044604925E-16));
#2994 = PCURVE('',#1141,#2995);
#2995 = DEFINITIONAL_REPRESENTATION('',(#2996),#3000);
#2996 = LINE('',#2997,#2998);
#2997 = CARTESIAN_POINT('',(1.570796326795,0.));
#2998 = VECTOR('',#2999,1.);
#2999 = DIRECTION('',(0.,-1.));
#3000 = ( GEOMETRIC_REPRESENTATION_CONTEXT(2) 
PARAMETRIC_REPRESENTATION_CONTEXT() REPRESENTATION_CONTEXT('2D SPACE',''
  ) );
#3001 = PCURVE('',#1168,#3002);
#3002 = DEFINITIONAL_REPRESENTATION('',(#3003),#3007);
#3003 = LINE('',#3004,#3005);
#3004 = CARTESIAN_POINT('',(-4.293440603043E-17,0.));
#3005 = VECTOR('',#3006,1.);
#3006 = DIRECTION('',(0.,-1.));
#3007 = ( GEOMETRIC_REPRESENTATION_CONTEXT(2) 
PARAMETRIC_REPRESENTATION_CONTEXT() REPRESENTATION_CONTEXT('2D SPACE',''
  ) );
#3008 = ADVANCED_FACE('',(#3009),#1316,.F.);
#3009 = FACE_BOUND('',#3010,.F.);
#3010 = EDGE_LOOP('',(#3011,#3012,#3035,#3061));
#3011 = ORIENTED_EDGE('',*,*,#1297,.F.);
#3012 = ORIENTED_EDGE('',*,*,#3013,.T.);
#3013 = EDGE_CURVE('',#1272,#3014,#3016,.T.);
#3014 = VERTEX_POINT('',#3015);
#3015 = CARTESIAN_POINT('',(13.303999999994,-8.,14.));
#3016 = SURFACE_CURVE('',#3017,(#3021,#3028),.PCURVE_S1.);
#3017 = LINE('',#3018,#3019);
#3018 = CARTESIAN_POINT('',(13.303999999994,-12.6,14.));
#3019 = VECTOR('',#3020,1.);
#3020 = DIRECTION('',(0.,1.,2.22044604925E-16));
#3021 = PCURVE('',#1316,#3022);
#3022 = DEFINITIONAL_REPRESENTATION('',(#3023),#3027);
#3023 = LINE('',#3024,#3025);
#3024 = CARTESIAN_POINT('',(4.712388980385,0.));
#3025 = VECTOR('',#3026,1.);
#3026 = DIRECTION('',(0.,-1.));
#3027 = ( GEOMETRIC_REPRESENTATION_CONTEXT(2) 
PARAMETRIC_REPRESENTATION_CONTEXT() REPRESENTATION_CONTEXT('2D SPACE',''
  ) );
#3028 = PCURVE('',#1286,#3029);
#3029 = DEFINITIONAL_REPRESENTATION('',(#3030),#3034);
#3030 = LINE('',#3031,#3032);
#3031 = CARTESIAN_POINT('',(-4.293440603043E-17,0.));
#3032 = VECTOR('',#3033,1.);
#3033 = DIRECTION('',(0.,-1.));
#3034 = ( GEOMETRIC_REPRESENTATION_CONTEXT(2) 
PARAMETRIC_REPRESENTATION_CONTEXT() REPRESENTATION_CONTEXT('2D SPACE',''
  ) );
#3035 = ORIENTED_EDGE('',*,*,#3036,.T.);
#3036 = EDGE_CURVE('',#3014,#2891,#3037,.T.);
#3037 = SURFACE_CURVE('',#3038,(#3043,#3050),.PCURVE_S1.);
#3038 = CIRCLE('',#3039,1.199);
#3039 = AXIS2_PLACEMENT_3D('',#3040,#3041,#3042);
#3040 = CARTESIAN_POINT('',(13.303999999994,-8.,12.801));
#3041 = DIRECTION('',(0.,-1.,-2.22044604925E-16));
#3042 = DIRECTION('',(-1.,-0.,0.));
#3043 = PCURVE('',#1316,#3044);
#3044 = DEFINITIONAL_REPRESENTATION('',(#3045),#3049);
#3045 = LINE('',#3046,#3047);
#3046 = CARTESIAN_POINT('',(0.,-4.6));
#3047 = VECTOR('',#3048,1.);
#3048 = DIRECTION('',(1.,0.));
#3049 = ( GEOMETRIC_REPRESENTATION_CONTEXT(2) 
PARAMETRIC_REPRESENTATION_CONTEXT() REPRESENTATION_CONTEXT('2D SPACE',''
  ) );
#3050 = PCURVE('',#2519,#3051);
#3051 = DEFINITIONAL_REPRESENTATION('',(#3052),#3060);
#3052 = ( BOUNDED_CURVE() B_SPLINE_CURVE(2,(#3053,#3054,#3055,#3056,
#3057,#3058,#3059),.UNSPECIFIED.,.T.,.F.) B_SPLINE_CURVE_WITH_KNOTS((1,2
    ,2,2,2,1),(-2.094395102393,0.,2.094395102393,4.188790204786,
6.28318530718,8.377580409573),.UNSPECIFIED.) CURVE() 
GEOMETRIC_REPRESENTATION_ITEM() RATIONAL_B_SPLINE_CURVE((1.,0.5,1.,0.5,
1.,0.5,1.)) REPRESENTATION_ITEM('') );
#3053 = CARTESIAN_POINT('',(11.606999999996,-16.301));
#3054 = CARTESIAN_POINT('',(11.606999999996,-14.22427108172));
#3055 = CARTESIAN_POINT('',(13.405499999996,-15.26263554086));
#3056 = CARTESIAN_POINT('',(15.203999999996,-16.301));
#3057 = CARTESIAN_POINT('',(13.405499999996,-17.33936445913));
#3058 = CARTESIAN_POINT('',(11.606999999996,-18.37772891827));
#3059 = CARTESIAN_POINT('',(11.606999999996,-16.301));
#3060 = ( GEOMETRIC_REPRESENTATION_CONTEXT(2) 
PARAMETRIC_REPRESENTATION_CONTEXT() REPRESENTATION_CONTEXT('2D SPACE',''
  ) );
#3061 = ORIENTED_EDGE('',*,*,#2890,.F.);
#3062 = ADVANCED_FACE('',(#3063),#1168,.F.);
#3063 = FACE_BOUND('',#3064,.F.);
#3064 = EDGE_LOOP('',(#3065,#3066,#3067,#3088));
#3065 = ORIENTED_EDGE('',*,*,#1153,.T.);
#3066 = ORIENTED_EDGE('',*,*,#2988,.T.);
#3067 = ORIENTED_EDGE('',*,*,#3068,.F.);
#3068 = EDGE_CURVE('',#3069,#2961,#3071,.T.);
#3069 = VERTEX_POINT('',#3070);
#3070 = CARTESIAN_POINT('',(13.305999925152,-8.,2.));
#3071 = SURFACE_CURVE('',#3072,(#3076,#3082),.PCURVE_S1.);
#3072 = LINE('',#3073,#3074);
#3073 = CARTESIAN_POINT('',(6.900999999996,-8.,2.));
#3074 = VECTOR('',#3075,1.);
#3075 = DIRECTION('',(-1.,0.,0.));
#3076 = PCURVE('',#1168,#3077);
#3077 = DEFINITIONAL_REPRESENTATION('',(#3078),#3081);
#3078 = B_SPLINE_CURVE_WITH_KNOTS('',1,(#3079,#3080),.UNSPECIFIED.,.F.,
  .F.,(2,2),(-6.404999925156,-6.402999999998),.PIECEWISE_BEZIER_KNOTS.);
#3079 = CARTESIAN_POINT('',(1.999925157933E-03,-4.6));
#3080 = CARTESIAN_POINT('',(0.,-4.6));
#3081 = ( GEOMETRIC_REPRESENTATION_CONTEXT(2) 
PARAMETRIC_REPRESENTATION_CONTEXT() REPRESENTATION_CONTEXT('2D SPACE',''
  ) );
#3082 = PCURVE('',#2519,#3083);
#3083 = DEFINITIONAL_REPRESENTATION('',(#3084),#3087);
#3084 = B_SPLINE_CURVE_WITH_KNOTS('',1,(#3085,#3086),.UNSPECIFIED.,.F.,
  .F.,(2,2),(-6.404999925156,-6.402999999998),.PIECEWISE_BEZIER_KNOTS.);
#3085 = CARTESIAN_POINT('',(12.807999925154,-5.5));
#3086 = CARTESIAN_POINT('',(12.805999999996,-5.5));
#3087 = ( GEOMETRIC_REPRESENTATION_CONTEXT(2) 
PARAMETRIC_REPRESENTATION_CONTEXT() REPRESENTATION_CONTEXT('2D SPACE',''
  ) );
#3088 = ORIENTED_EDGE('',*,*,#3089,.F.);
#3089 = EDGE_CURVE('',#1154,#3069,#3090,.T.);
#3090 = SURFACE_CURVE('',#3091,(#3095,#3102),.PCURVE_S1.);
#3091 = LINE('',#3092,#3093);
#3092 = CARTESIAN_POINT('',(13.305999925152,-12.6,2.));
#3093 = VECTOR('',#3094,1.);
#3094 = DIRECTION('',(0.,1.,2.22044604925E-16));
#3095 = PCURVE('',#1168,#3096);
#3096 = DEFINITIONAL_REPRESENTATION('',(#3097),#3101);
#3097 = LINE('',#3098,#3099);
#3098 = CARTESIAN_POINT('',(1.999925157933E-03,0.));
#3099 = VECTOR('',#3100,1.);
#3100 = DIRECTION('',(0.,-1.));
#3101 = ( GEOMETRIC_REPRESENTATION_CONTEXT(2) 
PARAMETRIC_REPRESENTATION_CONTEXT() REPRESENTATION_CONTEXT('2D SPACE',''
  ) );
#3102 = PCURVE('',#1200,#3103);
#3103 = DEFINITIONAL_REPRESENTATION('',(#3104),#3108);
#3104 = LINE('',#3105,#3106);
#3105 = CARTESIAN_POINT('',(1.570796326795,0.));
#3106 = VECTOR('',#3107,1.);
#3107 = DIRECTION('',(0.,-1.));
#3108 = ( GEOMETRIC_REPRESENTATION_CONTEXT(2) 
PARAMETRIC_REPRESENTATION_CONTEXT() REPRESENTATION_CONTEXT('2D SPACE',''
  ) );
#3109 = ADVANCED_FACE('',(#3110),#1286,.T.);
#3110 = FACE_BOUND('',#3111,.T.);
#3111 = EDGE_LOOP('',(#3112,#3113,#3114,#3135));
#3112 = ORIENTED_EDGE('',*,*,#1271,.T.);
#3113 = ORIENTED_EDGE('',*,*,#3013,.T.);
#3114 = ORIENTED_EDGE('',*,*,#3115,.F.);
#3115 = EDGE_CURVE('',#3116,#3014,#3118,.T.);
#3116 = VERTEX_POINT('',#3117);
#3117 = CARTESIAN_POINT('',(13.305999925152,-8.,14.));
#3118 = SURFACE_CURVE('',#3119,(#3123,#3129),.PCURVE_S1.);
#3119 = LINE('',#3120,#3121);
#3120 = CARTESIAN_POINT('',(6.900999999996,-8.,14.));
#3121 = VECTOR('',#3122,1.);
#3122 = DIRECTION('',(-1.,0.,0.));
#3123 = PCURVE('',#1286,#3124);
#3124 = DEFINITIONAL_REPRESENTATION('',(#3125),#3128);
#3125 = B_SPLINE_CURVE_WITH_KNOTS('',1,(#3126,#3127),.UNSPECIFIED.,.F.,
  .F.,(2,2),(-6.404999925156,-6.402999999998),.PIECEWISE_BEZIER_KNOTS.);
#3126 = CARTESIAN_POINT('',(1.999925157933E-03,-4.6));
#3127 = CARTESIAN_POINT('',(0.,-4.6));
#3128 = ( GEOMETRIC_REPRESENTATION_CONTEXT(2) 
PARAMETRIC_REPRESENTATION_CONTEXT() REPRESENTATION_CONTEXT('2D SPACE',''
  ) );
#3129 = PCURVE('',#2519,#3130);
#3130 = DEFINITIONAL_REPRESENTATION('',(#3131),#3134);
#3131 = B_SPLINE_CURVE_WITH_KNOTS('',1,(#3132,#3133),.UNSPECIFIED.,.F.,
  .F.,(2,2),(-6.404999925156,-6.402999999998),.PIECEWISE_BEZIER_KNOTS.);
#3132 = CARTESIAN_POINT('',(12.807999925154,-17.5));
#3133 = CARTESIAN_POINT('',(12.805999999996,-17.5));
#3134 = ( GEOMETRIC_REPRESENTATION_CONTEXT(2) 
PARAMETRIC_REPRESENTATION_CONTEXT() REPRESENTATION_CONTEXT('2D SPACE',''
  ) );
#3135 = ORIENTED_EDGE('',*,*,#3136,.F.);
#3136 = EDGE_CURVE('',#1239,#3116,#3137,.T.);
#3137 = SURFACE_CURVE('',#3138,(#3142,#3149),.PCURVE_S1.);
#3138 = LINE('',#3139,#3140);
#3139 = CARTESIAN_POINT('',(13.305999925152,-12.6,14.));
#3140 = VECTOR('',#3141,1.);
#3141 = DIRECTION('',(0.,1.,2.22044604925E-16));
#3142 = PCURVE('',#1286,#3143);
#3143 = DEFINITIONAL_REPRESENTATION('',(#3144),#3148);
#3144 = LINE('',#3145,#3146);
#3145 = CARTESIAN_POINT('',(1.999925157933E-03,0.));
#3146 = VECTOR('',#3147,1.);
#3147 = DIRECTION('',(0.,-1.));
#3148 = ( GEOMETRIC_REPRESENTATION_CONTEXT(2) 
PARAMETRIC_REPRESENTATION_CONTEXT() REPRESENTATION_CONTEXT('2D SPACE',''
  ) );
#3149 = PCURVE('',#1259,#3150);
#3150 = DEFINITIONAL_REPRESENTATION('',(#3151),#3155);
#3151 = LINE('',#3152,#3153);
#3152 = CARTESIAN_POINT('',(4.712388980385,0.));
#3153 = VECTOR('',#3154,1.);
#3154 = DIRECTION('',(0.,-1.));
#3155 = ( GEOMETRIC_REPRESENTATION_CONTEXT(2) 
PARAMETRIC_REPRESENTATION_CONTEXT() REPRESENTATION_CONTEXT('2D SPACE',''
  ) );
#3156 = ADVANCED_FACE('',(#3157),#1200,.F.);
#3157 = FACE_BOUND('',#3158,.F.);
#3158 = EDGE_LOOP('',(#3159,#3160,#3161,#3189));
#3159 = ORIENTED_EDGE('',*,*,#1179,.F.);
#3160 = ORIENTED_EDGE('',*,*,#3089,.T.);
#3161 = ORIENTED_EDGE('',*,*,#3162,.T.);
#3162 = EDGE_CURVE('',#3069,#3163,#3165,.T.);
#3163 = VERTEX_POINT('',#3164);
#3164 = CARTESIAN_POINT('',(14.504999962579,-8.,3.199));
#3165 = SURFACE_CURVE('',#3166,(#3171,#3178),.PCURVE_S1.);
#3166 = CIRCLE('',#3167,1.199);
#3167 = AXIS2_PLACEMENT_3D('',#3168,#3169,#3170);
#3168 = CARTESIAN_POINT('',(13.305999925152,-8.,3.199));
#3169 = DIRECTION('',(0.,-1.,-2.22044604925E-16));
#3170 = DIRECTION('',(-1.,-0.,0.));
#3171 = PCURVE('',#1200,#3172);
#3172 = DEFINITIONAL_REPRESENTATION('',(#3173),#3177);
#3173 = LINE('',#3174,#3175);
#3174 = CARTESIAN_POINT('',(0.,-4.6));
#3175 = VECTOR('',#3176,1.);
#3176 = DIRECTION('',(1.,0.));
#3177 = ( GEOMETRIC_REPRESENTATION_CONTEXT(2) 
PARAMETRIC_REPRESENTATION_CONTEXT() REPRESENTATION_CONTEXT('2D SPACE',''
  ) );
#3178 = PCURVE('',#2519,#3179);
#3179 = DEFINITIONAL_REPRESENTATION('',(#3180),#3188);
#3180 = ( BOUNDED_CURVE() B_SPLINE_CURVE(2,(#3181,#3182,#3183,#3184,
#3185,#3186,#3187),.UNSPECIFIED.,.T.,.F.) B_SPLINE_CURVE_WITH_KNOTS((1,2
    ,2,2,2,1),(-2.094395102393,0.,2.094395102393,4.188790204786,
6.28318530718,8.377580409573),.UNSPECIFIED.) CURVE() 
GEOMETRIC_REPRESENTATION_ITEM() RATIONAL_B_SPLINE_CURVE((1.,0.5,1.,0.5,
1.,0.5,1.)) REPRESENTATION_ITEM('') );
#3181 = CARTESIAN_POINT('',(11.608999925154,-6.699));
#3182 = CARTESIAN_POINT('',(11.608999925154,-4.622271081725));
#3183 = CARTESIAN_POINT('',(13.407499925154,-5.660635540862));
#3184 = CARTESIAN_POINT('',(15.205999925154,-6.699));
#3185 = CARTESIAN_POINT('',(13.407499925154,-7.737364459138));
#3186 = CARTESIAN_POINT('',(11.608999925154,-8.775728918275));
#3187 = CARTESIAN_POINT('',(11.608999925154,-6.699));
#3188 = ( GEOMETRIC_REPRESENTATION_CONTEXT(2) 
PARAMETRIC_REPRESENTATION_CONTEXT() REPRESENTATION_CONTEXT('2D SPACE',''
  ) );
#3189 = ORIENTED_EDGE('',*,*,#3190,.F.);
#3190 = EDGE_CURVE('',#1180,#3163,#3191,.T.);
#3191 = SURFACE_CURVE('',#3192,(#3196,#3203),.PCURVE_S1.);
#3192 = LINE('',#3193,#3194);
#3193 = CARTESIAN_POINT('',(14.504999962579,-12.6,3.199));
#3194 = VECTOR('',#3195,1.);
#3195 = DIRECTION('',(0.,1.,2.22044604925E-16));
#3196 = PCURVE('',#1200,#3197);
#3197 = DEFINITIONAL_REPRESENTATION('',(#3198),#3202);
#3198 = LINE('',#3199,#3200);
#3199 = CARTESIAN_POINT('',(3.14159265359,0.));
#3200 = VECTOR('',#3201,1.);
#3201 = DIRECTION('',(0.,-1.));
#3202 = ( GEOMETRIC_REPRESENTATION_CONTEXT(2) 
PARAMETRIC_REPRESENTATION_CONTEXT() REPRESENTATION_CONTEXT('2D SPACE',''
  ) );
#3203 = PCURVE('',#1227,#3204);
#3204 = DEFINITIONAL_REPRESENTATION('',(#3205),#3209);
#3205 = LINE('',#3206,#3207);
#3206 = CARTESIAN_POINT('',(9.602,0.));
#3207 = VECTOR('',#3208,1.);
#3208 = DIRECTION('',(0.,-1.));
#3209 = ( GEOMETRIC_REPRESENTATION_CONTEXT(2) 
PARAMETRIC_REPRESENTATION_CONTEXT() REPRESENTATION_CONTEXT('2D SPACE',''
  ) );
#3210 = ADVANCED_FACE('',(#3211),#1259,.F.);
#3211 = FACE_BOUND('',#3212,.F.);
#3212 = EDGE_LOOP('',(#3213,#3214,#3237,#3263));
#3213 = ORIENTED_EDGE('',*,*,#1238,.F.);
#3214 = ORIENTED_EDGE('',*,*,#3215,.T.);
#3215 = EDGE_CURVE('',#1213,#3216,#3218,.T.);
#3216 = VERTEX_POINT('',#3217);
#3217 = CARTESIAN_POINT('',(14.504999962579,-8.,12.801));
#3218 = SURFACE_CURVE('',#3219,(#3223,#3230),.PCURVE_S1.);
#3219 = LINE('',#3220,#3221);
#3220 = CARTESIAN_POINT('',(14.504999962579,-12.6,12.801));
#3221 = VECTOR('',#3222,1.);
#3222 = DIRECTION('',(0.,1.,2.22044604925E-16));
#3223 = PCURVE('',#1259,#3224);
#3224 = DEFINITIONAL_REPRESENTATION('',(#3225),#3229);
#3225 = LINE('',#3226,#3227);
#3226 = CARTESIAN_POINT('',(3.14159265359,0.));
#3227 = VECTOR('',#3228,1.);
#3228 = DIRECTION('',(0.,-1.));
#3229 = ( GEOMETRIC_REPRESENTATION_CONTEXT(2) 
PARAMETRIC_REPRESENTATION_CONTEXT() REPRESENTATION_CONTEXT('2D SPACE',''
  ) );
#3230 = PCURVE('',#1227,#3231);
#3231 = DEFINITIONAL_REPRESENTATION('',(#3232),#3236);
#3232 = LINE('',#3233,#3234);
#3233 = CARTESIAN_POINT('',(0.,0.));
#3234 = VECTOR('',#3235,1.);
#3235 = DIRECTION('',(0.,-1.));
#3236 = ( GEOMETRIC_REPRESENTATION_CONTEXT(2) 
PARAMETRIC_REPRESENTATION_CONTEXT() REPRESENTATION_CONTEXT('2D SPACE',''
  ) );
#3237 = ORIENTED_EDGE('',*,*,#3238,.T.);
#3238 = EDGE_CURVE('',#3216,#3116,#3239,.T.);
#3239 = SURFACE_CURVE('',#3240,(#3245,#3252),.PCURVE_S1.);
#3240 = CIRCLE('',#3241,1.199);
#3241 = AXIS2_PLACEMENT_3D('',#3242,#3243,#3244);
#3242 = CARTESIAN_POINT('',(13.305999925152,-8.,12.801));
#3243 = DIRECTION('',(0.,-1.,-2.22044604925E-16));
#3244 = DIRECTION('',(-1.,-0.,0.));
#3245 = PCURVE('',#1259,#3246);
#3246 = DEFINITIONAL_REPRESENTATION('',(#3247),#3251);
#3247 = LINE('',#3248,#3249);
#3248 = CARTESIAN_POINT('',(0.,-4.6));
#3249 = VECTOR('',#3250,1.);
#3250 = DIRECTION('',(1.,0.));
#3251 = ( GEOMETRIC_REPRESENTATION_CONTEXT(2) 
PARAMETRIC_REPRESENTATION_CONTEXT() REPRESENTATION_CONTEXT('2D SPACE',''
  ) );
#3252 = PCURVE('',#2519,#3253);
#3253 = DEFINITIONAL_REPRESENTATION('',(#3254),#3262);
#3254 = ( BOUNDED_CURVE() B_SPLINE_CURVE(2,(#3255,#3256,#3257,#3258,
#3259,#3260,#3261),.UNSPECIFIED.,.T.,.F.) B_SPLINE_CURVE_WITH_KNOTS((1,2
    ,2,2,2,1),(-2.094395102393,0.,2.094395102393,4.188790204786,
6.28318530718,8.377580409573),.UNSPECIFIED.) CURVE() 
GEOMETRIC_REPRESENTATION_ITEM() RATIONAL_B_SPLINE_CURVE((1.,0.5,1.,0.5,
1.,0.5,1.)) REPRESENTATION_ITEM('') );
#3255 = CARTESIAN_POINT('',(11.608999925154,-16.301));
#3256 = CARTESIAN_POINT('',(11.608999925154,-14.22427108172));
#3257 = CARTESIAN_POINT('',(13.407499925154,-15.26263554086));
#3258 = CARTESIAN_POINT('',(15.205999925154,-16.301));
#3259 = CARTESIAN_POINT('',(13.407499925154,-17.33936445913));
#3260 = CARTESIAN_POINT('',(11.608999925154,-18.37772891827));
#3261 = CARTESIAN_POINT('',(11.608999925154,-16.301));
#3262 = ( GEOMETRIC_REPRESENTATION_CONTEXT(2) 
PARAMETRIC_REPRESENTATION_CONTEXT() REPRESENTATION_CONTEXT('2D SPACE',''
  ) );
#3263 = ORIENTED_EDGE('',*,*,#3136,.F.);
#3264 = ADVANCED_FACE('',(#3265),#1227,.T.);
#3265 = FACE_BOUND('',#3266,.T.);
#3266 = EDGE_LOOP('',(#3267,#3268,#3269,#3288));
#3267 = ORIENTED_EDGE('',*,*,#1212,.T.);
#3268 = ORIENTED_EDGE('',*,*,#3215,.T.);
#3269 = ORIENTED_EDGE('',*,*,#3270,.F.);
#3270 = EDGE_CURVE('',#3163,#3216,#3271,.T.);
#3271 = SURFACE_CURVE('',#3272,(#3276,#3282),.PCURVE_S1.);
#3272 = LINE('',#3273,#3274);
#3273 = CARTESIAN_POINT('',(14.505000000006,-8.,4.6505));
#3274 = VECTOR('',#3275,1.);
#3275 = DIRECTION('',(0.,-0.,1.));
#3276 = PCURVE('',#1227,#3277);
#3277 = DEFINITIONAL_REPRESENTATION('',(#3278),#3281);
#3278 = B_SPLINE_CURVE_WITH_KNOTS('',1,(#3279,#3280),.UNSPECIFIED.,.F.,
  .F.,(2,2),(-1.4515,8.1505),.PIECEWISE_BEZIER_KNOTS.);
#3279 = CARTESIAN_POINT('',(9.602,-4.6));
#3280 = CARTESIAN_POINT('',(0.,-4.6));
#3281 = ( GEOMETRIC_REPRESENTATION_CONTEXT(2) 
PARAMETRIC_REPRESENTATION_CONTEXT() REPRESENTATION_CONTEXT('2D SPACE',''
  ) );
#3282 = PCURVE('',#2519,#3283);
#3283 = DEFINITIONAL_REPRESENTATION('',(#3284),#3287);
#3284 = B_SPLINE_CURVE_WITH_KNOTS('',1,(#3285,#3286),.UNSPECIFIED.,.F.,
  .F.,(2,2),(-1.4515,8.1505),.PIECEWISE_BEZIER_KNOTS.);
#3285 = CARTESIAN_POINT('',(14.007000000008,-6.699));
#3286 = CARTESIAN_POINT('',(14.007000000008,-16.301));
#3287 = ( GEOMETRIC_REPRESENTATION_CONTEXT(2) 
PARAMETRIC_REPRESENTATION_CONTEXT() REPRESENTATION_CONTEXT('2D SPACE',''
  ) );
#3288 = ORIENTED_EDGE('',*,*,#3190,.F.);
#3289 = ADVANCED_FACE('',(#3290),#1347,.F.);
#3290 = FACE_BOUND('',#3291,.F.);
#3291 = EDGE_LOOP('',(#3292,#3293,#3316,#3337));
#3292 = ORIENTED_EDGE('',*,*,#1330,.T.);
#3293 = ORIENTED_EDGE('',*,*,#3294,.T.);
#3294 = EDGE_CURVE('',#1333,#3295,#3297,.T.);
#3295 = VERTEX_POINT('',#3296);
#3296 = CARTESIAN_POINT('',(16.17,-8.,4.780000040124));
#3297 = SURFACE_CURVE('',#3298,(#3302,#3309),.PCURVE_S1.);
#3298 = LINE('',#3299,#3300);
#3299 = CARTESIAN_POINT('',(16.17,-12.6,4.780000040124));
#3300 = VECTOR('',#3301,1.);
#3301 = DIRECTION('',(0.,1.,2.22044604925E-16));
#3302 = PCURVE('',#1347,#3303);
#3303 = DEFINITIONAL_REPRESENTATION('',(#3304),#3308);
#3304 = LINE('',#3305,#3306);
#3305 = CARTESIAN_POINT('',(4.440892098501E-16,0.));
#3306 = VECTOR('',#3307,1.);
#3307 = DIRECTION('',(0.,-1.));
#3308 = ( GEOMETRIC_REPRESENTATION_CONTEXT(2) 
PARAMETRIC_REPRESENTATION_CONTEXT() REPRESENTATION_CONTEXT('2D SPACE',''
  ) );
#3309 = PCURVE('',#1554,#3310);
#3310 = DEFINITIONAL_REPRESENTATION('',(#3311),#3315);
#3311 = LINE('',#3312,#3313);
#3312 = CARTESIAN_POINT('',(-3.14159265359,0.));
#3313 = VECTOR('',#3314,1.);
#3314 = DIRECTION('',(-0.,-1.));
#3315 = ( GEOMETRIC_REPRESENTATION_CONTEXT(2) 
PARAMETRIC_REPRESENTATION_CONTEXT() REPRESENTATION_CONTEXT('2D SPACE',''
  ) );
#3316 = ORIENTED_EDGE('',*,*,#3317,.F.);
#3317 = EDGE_CURVE('',#3318,#3295,#3320,.T.);
#3318 = VERTEX_POINT('',#3319);
#3319 = CARTESIAN_POINT('',(16.17,-8.,0.279999966458));
#3320 = SURFACE_CURVE('',#3321,(#3325,#3331),.PCURVE_S1.);
#3321 = LINE('',#3322,#3323);
#3322 = CARTESIAN_POINT('',(16.17,-8.,0.640000020062));
#3323 = VECTOR('',#3324,1.);
#3324 = DIRECTION('',(0.,-0.,1.));
#3325 = PCURVE('',#1347,#3326);
#3326 = DEFINITIONAL_REPRESENTATION('',(#3327),#3330);
#3327 = B_SPLINE_CURVE_WITH_KNOTS('',1,(#3328,#3329),.UNSPECIFIED.,.F.,
  .F.,(2,2),(-0.360000053604,4.140000020062),.PIECEWISE_BEZIER_KNOTS.);
#3328 = CARTESIAN_POINT('',(4.500000073666,-4.6));
#3329 = CARTESIAN_POINT('',(0.,-4.6));
#3330 = ( GEOMETRIC_REPRESENTATION_CONTEXT(2) 
PARAMETRIC_REPRESENTATION_CONTEXT() REPRESENTATION_CONTEXT('2D SPACE',''
  ) );
#3331 = PCURVE('',#2519,#3332);
#3332 = DEFINITIONAL_REPRESENTATION('',(#3333),#3336);
#3333 = B_SPLINE_CURVE_WITH_KNOTS('',1,(#3334,#3335),.UNSPECIFIED.,.F.,
  .F.,(2,2),(-0.360000053604,4.140000020062),.PIECEWISE_BEZIER_KNOTS.);
#3334 = CARTESIAN_POINT('',(15.672000000002,-3.779999966458));
#3335 = CARTESIAN_POINT('',(15.672000000002,-8.280000040124));
#3336 = ( GEOMETRIC_REPRESENTATION_CONTEXT(2) 
PARAMETRIC_REPRESENTATION_CONTEXT() REPRESENTATION_CONTEXT('2D SPACE',''
  ) );
#3337 = ORIENTED_EDGE('',*,*,#3338,.F.);
#3338 = EDGE_CURVE('',#1331,#3318,#3339,.T.);
#3339 = SURFACE_CURVE('',#3340,(#3344,#3351),.PCURVE_S1.);
#3340 = LINE('',#3341,#3342);
#3341 = CARTESIAN_POINT('',(16.17,-12.6,0.279999966458));
#3342 = VECTOR('',#3343,1.);
#3343 = DIRECTION('',(0.,1.,2.22044604925E-16));
#3344 = PCURVE('',#1347,#3345);
#3345 = DEFINITIONAL_REPRESENTATION('',(#3346),#3350);
#3346 = LINE('',#3347,#3348);
#3347 = CARTESIAN_POINT('',(4.500000073666,0.));
#3348 = VECTOR('',#3349,1.);
#3349 = DIRECTION('',(0.,-1.));
#3350 = ( GEOMETRIC_REPRESENTATION_CONTEXT(2) 
PARAMETRIC_REPRESENTATION_CONTEXT() REPRESENTATION_CONTEXT('2D SPACE',''
  ) );
#3351 = PCURVE('',#1379,#3352);
#3352 = DEFINITIONAL_REPRESENTATION('',(#3353),#3357);
#3353 = LINE('',#3354,#3355);
#3354 = CARTESIAN_POINT('',(-3.14159265359,0.));
#3355 = VECTOR('',#3356,1.);
#3356 = DIRECTION('',(-0.,-1.));
#3357 = ( GEOMETRIC_REPRESENTATION_CONTEXT(2) 
PARAMETRIC_REPRESENTATION_CONTEXT() REPRESENTATION_CONTEXT('2D SPACE',''
  ) );
#3358 = ADVANCED_FACE('',(#3359),#1554,.F.);
#3359 = FACE_BOUND('',#3360,.T.);
#3360 = EDGE_LOOP('',(#3361,#3362,#3363,#3391));
#3361 = ORIENTED_EDGE('',*,*,#1535,.T.);
#3362 = ORIENTED_EDGE('',*,*,#3294,.T.);
#3363 = ORIENTED_EDGE('',*,*,#3364,.F.);
#3364 = EDGE_CURVE('',#3365,#3295,#3367,.T.);
#3365 = VERTEX_POINT('',#3366);
#3366 = CARTESIAN_POINT('',(18.67,-8.,7.28));
#3367 = SURFACE_CURVE('',#3368,(#3373,#3380),.PCURVE_S1.);
#3368 = CIRCLE('',#3369,2.5);
#3369 = AXIS2_PLACEMENT_3D('',#3370,#3371,#3372);
#3370 = CARTESIAN_POINT('',(18.67,-8.,4.780000040124));
#3371 = DIRECTION('',(0.,-1.,-2.22044604925E-16));
#3372 = DIRECTION('',(1.,0.,0.));
#3373 = PCURVE('',#1554,#3374);
#3374 = DEFINITIONAL_REPRESENTATION('',(#3375),#3379);
#3375 = LINE('',#3376,#3377);
#3376 = CARTESIAN_POINT('',(-6.28318530718,-4.6));
#3377 = VECTOR('',#3378,1.);
#3378 = DIRECTION('',(1.,-0.));
#3379 = ( GEOMETRIC_REPRESENTATION_CONTEXT(2) 
PARAMETRIC_REPRESENTATION_CONTEXT() REPRESENTATION_CONTEXT('2D SPACE',''
  ) );
#3380 = PCURVE('',#2519,#3381);
#3381 = DEFINITIONAL_REPRESENTATION('',(#3382),#3390);
#3382 = ( BOUNDED_CURVE() B_SPLINE_CURVE(2,(#3383,#3384,#3385,#3386,
#3387,#3388,#3389),.UNSPECIFIED.,.T.,.F.) B_SPLINE_CURVE_WITH_KNOTS((1,2
    ,2,2,2,1),(-2.094395102393,0.,2.094395102393,4.188790204786,
6.28318530718,8.377580409573),.UNSPECIFIED.) CURVE() 
GEOMETRIC_REPRESENTATION_ITEM() RATIONAL_B_SPLINE_CURVE((1.,0.5,1.,0.5,
1.,0.5,1.)) REPRESENTATION_ITEM('') );
#3383 = CARTESIAN_POINT('',(20.672000000002,-8.280000040124));
#3384 = CARTESIAN_POINT('',(20.672000000002,-12.61012705904));
#3385 = CARTESIAN_POINT('',(16.922000000002,-10.44506354958));
#3386 = CARTESIAN_POINT('',(13.172000000002,-8.280000040124));
#3387 = CARTESIAN_POINT('',(16.922000000002,-6.114936530663));
#3388 = CARTESIAN_POINT('',(20.672000000002,-3.949873021201));
#3389 = CARTESIAN_POINT('',(20.672000000002,-8.280000040124));
#3390 = ( GEOMETRIC_REPRESENTATION_CONTEXT(2) 
PARAMETRIC_REPRESENTATION_CONTEXT() REPRESENTATION_CONTEXT('2D SPACE',''
  ) );
#3391 = ORIENTED_EDGE('',*,*,#3392,.F.);
#3392 = EDGE_CURVE('',#1510,#3365,#3393,.T.);
#3393 = SURFACE_CURVE('',#3394,(#3398,#3405),.PCURVE_S1.);
#3394 = LINE('',#3395,#3396);
#3395 = CARTESIAN_POINT('',(18.67,-12.6,7.28));
#3396 = VECTOR('',#3397,1.);
#3397 = DIRECTION('',(0.,1.,2.22044604925E-16));
#3398 = PCURVE('',#1554,#3399);
#3399 = DEFINITIONAL_REPRESENTATION('',(#3400),#3404);
#3400 = LINE('',#3401,#3402);
#3401 = CARTESIAN_POINT('',(-4.712388980385,0.));
#3402 = VECTOR('',#3403,1.);
#3403 = DIRECTION('',(-0.,-1.));
#3404 = ( GEOMETRIC_REPRESENTATION_CONTEXT(2) 
PARAMETRIC_REPRESENTATION_CONTEXT() REPRESENTATION_CONTEXT('2D SPACE',''
  ) );
#3405 = PCURVE('',#1524,#3406);
#3406 = DEFINITIONAL_REPRESENTATION('',(#3407),#3411);
#3407 = LINE('',#3408,#3409);
#3408 = CARTESIAN_POINT('',(0.,0.));
#3409 = VECTOR('',#3410,1.);
#3410 = DIRECTION('',(0.,-1.));
#3411 = ( GEOMETRIC_REPRESENTATION_CONTEXT(2) 
PARAMETRIC_REPRESENTATION_CONTEXT() REPRESENTATION_CONTEXT('2D SPACE',''
  ) );
#3412 = ADVANCED_FACE('',(#3413),#1524,.T.);
#3413 = FACE_BOUND('',#3414,.T.);
#3414 = EDGE_LOOP('',(#3415,#3416,#3417,#3438));
#3415 = ORIENTED_EDGE('',*,*,#1509,.T.);
#3416 = ORIENTED_EDGE('',*,*,#3392,.T.);
#3417 = ORIENTED_EDGE('',*,*,#3418,.F.);
#3418 = EDGE_CURVE('',#3419,#3365,#3421,.T.);
#3419 = VERTEX_POINT('',#3420);
#3420 = CARTESIAN_POINT('',(28.67,-8.,7.28));
#3421 = SURFACE_CURVE('',#3422,(#3426,#3432),.PCURVE_S1.);
#3422 = LINE('',#3423,#3424);
#3423 = CARTESIAN_POINT('',(9.583999999999,-8.,7.279999959876));
#3424 = VECTOR('',#3425,1.);
#3425 = DIRECTION('',(-1.,0.,0.));
#3426 = PCURVE('',#1524,#3427);
#3427 = DEFINITIONAL_REPRESENTATION('',(#3428),#3431);
#3428 = B_SPLINE_CURVE_WITH_KNOTS('',1,(#3429,#3430),.UNSPECIFIED.,.F.,
  .F.,(2,2),(-19.086,-9.086000000001),.PIECEWISE_BEZIER_KNOTS.);
#3429 = CARTESIAN_POINT('',(10.,-4.6));
#3430 = CARTESIAN_POINT('',(0.,-4.6));
#3431 = ( GEOMETRIC_REPRESENTATION_CONTEXT(2) 
PARAMETRIC_REPRESENTATION_CONTEXT() REPRESENTATION_CONTEXT('2D SPACE',''
  ) );
#3432 = PCURVE('',#2519,#3433);
#3433 = DEFINITIONAL_REPRESENTATION('',(#3434),#3437);
#3434 = B_SPLINE_CURVE_WITH_KNOTS('',1,(#3435,#3436),.UNSPECIFIED.,.F.,
  .F.,(2,2),(-19.086,-9.086000000001),.PIECEWISE_BEZIER_KNOTS.);
#3435 = CARTESIAN_POINT('',(28.172000000002,-10.77999995987));
#3436 = CARTESIAN_POINT('',(18.172000000002,-10.77999995987));
#3437 = ( GEOMETRIC_REPRESENTATION_CONTEXT(2) 
PARAMETRIC_REPRESENTATION_CONTEXT() REPRESENTATION_CONTEXT('2D SPACE',''
  ) );
#3438 = ORIENTED_EDGE('',*,*,#3439,.F.);
#3439 = EDGE_CURVE('',#1477,#3419,#3440,.T.);
#3440 = SURFACE_CURVE('',#3441,(#3445,#3452),.PCURVE_S1.);
#3441 = LINE('',#3442,#3443);
#3442 = CARTESIAN_POINT('',(28.67,-12.6,7.28));
#3443 = VECTOR('',#3444,1.);
#3444 = DIRECTION('',(0.,1.,2.22044604925E-16));
#3445 = PCURVE('',#1524,#3446);
#3446 = DEFINITIONAL_REPRESENTATION('',(#3447),#3451);
#3447 = LINE('',#3448,#3449);
#3448 = CARTESIAN_POINT('',(10.,0.));
#3449 = VECTOR('',#3450,1.);
#3450 = DIRECTION('',(0.,-1.));
#3451 = ( GEOMETRIC_REPRESENTATION_CONTEXT(2) 
PARAMETRIC_REPRESENTATION_CONTEXT() REPRESENTATION_CONTEXT('2D SPACE',''
  ) );
#3452 = PCURVE('',#1497,#3453);
#3453 = DEFINITIONAL_REPRESENTATION('',(#3454),#3458);
#3454 = LINE('',#3455,#3456);
#3455 = CARTESIAN_POINT('',(-4.712388980385,0.));
#3456 = VECTOR('',#3457,1.);
#3457 = DIRECTION('',(-0.,-1.));
#3458 = ( GEOMETRIC_REPRESENTATION_CONTEXT(2) 
PARAMETRIC_REPRESENTATION_CONTEXT() REPRESENTATION_CONTEXT('2D SPACE',''
  ) );
#3459 = ADVANCED_FACE('',(#3460),#1497,.F.);
#3460 = FACE_BOUND('',#3461,.T.);
#3461 = EDGE_LOOP('',(#3462,#3463,#3464,#3492));
#3462 = ORIENTED_EDGE('',*,*,#1476,.T.);
#3463 = ORIENTED_EDGE('',*,*,#3439,.T.);
#3464 = ORIENTED_EDGE('',*,*,#3465,.F.);
#3465 = EDGE_CURVE('',#3466,#3419,#3468,.T.);
#3466 = VERTEX_POINT('',#3467);
#3467 = CARTESIAN_POINT('',(31.17,-8.,4.780000040124));
#3468 = SURFACE_CURVE('',#3469,(#3474,#3481),.PCURVE_S1.);
#3469 = CIRCLE('',#3470,2.5);
#3470 = AXIS2_PLACEMENT_3D('',#3471,#3472,#3473);
#3471 = CARTESIAN_POINT('',(28.67,-8.,4.780000040124));
#3472 = DIRECTION('',(0.,-1.,-2.22044604925E-16));
#3473 = DIRECTION('',(1.,0.,0.));
#3474 = PCURVE('',#1497,#3475);
#3475 = DEFINITIONAL_REPRESENTATION('',(#3476),#3480);
#3476 = LINE('',#3477,#3478);
#3477 = CARTESIAN_POINT('',(-6.28318530718,-4.6));
#3478 = VECTOR('',#3479,1.);
#3479 = DIRECTION('',(1.,-0.));
#3480 = ( GEOMETRIC_REPRESENTATION_CONTEXT(2) 
PARAMETRIC_REPRESENTATION_CONTEXT() REPRESENTATION_CONTEXT('2D SPACE',''
  ) );
#3481 = PCURVE('',#2519,#3482);
#3482 = DEFINITIONAL_REPRESENTATION('',(#3483),#3491);
#3483 = ( BOUNDED_CURVE() B_SPLINE_CURVE(2,(#3484,#3485,#3486,#3487,
#3488,#3489,#3490),.UNSPECIFIED.,.T.,.F.) B_SPLINE_CURVE_WITH_KNOTS((1,2
    ,2,2,2,1),(-2.094395102393,0.,2.094395102393,4.188790204786,
6.28318530718,8.377580409573),.UNSPECIFIED.) CURVE() 
GEOMETRIC_REPRESENTATION_ITEM() RATIONAL_B_SPLINE_CURVE((1.,0.5,1.,0.5,
1.,0.5,1.)) REPRESENTATION_ITEM('') );
#3484 = CARTESIAN_POINT('',(30.672000000002,-8.280000040124));
#3485 = CARTESIAN_POINT('',(30.672000000002,-12.61012705904));
#3486 = CARTESIAN_POINT('',(26.922000000002,-10.44506354958));
#3487 = CARTESIAN_POINT('',(23.172000000002,-8.280000040124));
#3488 = CARTESIAN_POINT('',(26.922000000002,-6.114936530663));
#3489 = CARTESIAN_POINT('',(30.672000000002,-3.949873021201));
#3490 = CARTESIAN_POINT('',(30.672000000002,-8.280000040124));
#3491 = ( GEOMETRIC_REPRESENTATION_CONTEXT(2) 
PARAMETRIC_REPRESENTATION_CONTEXT() REPRESENTATION_CONTEXT('2D SPACE',''
  ) );
#3492 = ORIENTED_EDGE('',*,*,#3493,.F.);
#3493 = EDGE_CURVE('',#1451,#3466,#3494,.T.);
#3494 = SURFACE_CURVE('',#3495,(#3499,#3506),.PCURVE_S1.);
#3495 = LINE('',#3496,#3497);
#3496 = CARTESIAN_POINT('',(31.17,-12.6,4.780000040124));
#3497 = VECTOR('',#3498,1.);
#3498 = DIRECTION('',(0.,1.,2.22044604925E-16));
#3499 = PCURVE('',#1497,#3500);
#3500 = DEFINITIONAL_REPRESENTATION('',(#3501),#3505);
#3501 = LINE('',#3502,#3503);
#3502 = CARTESIAN_POINT('',(-6.28318530718,0.));
#3503 = VECTOR('',#3504,1.);
#3504 = DIRECTION('',(-0.,-1.));
#3505 = ( GEOMETRIC_REPRESENTATION_CONTEXT(2) 
PARAMETRIC_REPRESENTATION_CONTEXT() REPRESENTATION_CONTEXT('2D SPACE',''
  ) );
#3506 = PCURVE('',#1465,#3507);
#3507 = DEFINITIONAL_REPRESENTATION('',(#3508),#3512);
#3508 = LINE('',#3509,#3510);
#3509 = CARTESIAN_POINT('',(-4.440892098501E-16,0.));
#3510 = VECTOR('',#3511,1.);
#3511 = DIRECTION('',(0.,-1.));
#3512 = ( GEOMETRIC_REPRESENTATION_CONTEXT(2) 
PARAMETRIC_REPRESENTATION_CONTEXT() REPRESENTATION_CONTEXT('2D SPACE',''
  ) );
#3513 = ADVANCED_FACE('',(#3514),#1465,.T.);
#3514 = FACE_BOUND('',#3515,.T.);
#3515 = EDGE_LOOP('',(#3516,#3517,#3518,#3539));
#3516 = ORIENTED_EDGE('',*,*,#1450,.T.);
#3517 = ORIENTED_EDGE('',*,*,#3493,.T.);
#3518 = ORIENTED_EDGE('',*,*,#3519,.F.);
#3519 = EDGE_CURVE('',#3520,#3466,#3522,.T.);
#3520 = VERTEX_POINT('',#3521);
#3521 = CARTESIAN_POINT('',(31.17,-8.,0.279999966458));
#3522 = SURFACE_CURVE('',#3523,(#3527,#3533),.PCURVE_S1.);
#3523 = LINE('',#3524,#3525);
#3524 = CARTESIAN_POINT('',(31.17,-8.,0.640000020062));
#3525 = VECTOR('',#3526,1.);
#3526 = DIRECTION('',(0.,-0.,1.));
#3527 = PCURVE('',#1465,#3528);
#3528 = DEFINITIONAL_REPRESENTATION('',(#3529),#3532);
#3529 = B_SPLINE_CURVE_WITH_KNOTS('',1,(#3530,#3531),.UNSPECIFIED.,.F.,
  .F.,(2,2),(-0.360000053604,4.140000020062),.PIECEWISE_BEZIER_KNOTS.);
#3530 = CARTESIAN_POINT('',(4.500000073666,-4.6));
#3531 = CARTESIAN_POINT('',(-8.881784197001E-16,-4.6));
#3532 = ( GEOMETRIC_REPRESENTATION_CONTEXT(2) 
PARAMETRIC_REPRESENTATION_CONTEXT() REPRESENTATION_CONTEXT('2D SPACE',''
  ) );
#3533 = PCURVE('',#2519,#3534);
#3534 = DEFINITIONAL_REPRESENTATION('',(#3535),#3538);
#3535 = B_SPLINE_CURVE_WITH_KNOTS('',1,(#3536,#3537),.UNSPECIFIED.,.F.,
  .F.,(2,2),(-0.360000053604,4.140000020062),.PIECEWISE_BEZIER_KNOTS.);
#3536 = CARTESIAN_POINT('',(30.672000000002,-3.779999966458));
#3537 = CARTESIAN_POINT('',(30.672000000002,-8.280000040124));
#3538 = ( GEOMETRIC_REPRESENTATION_CONTEXT(2) 
PARAMETRIC_REPRESENTATION_CONTEXT() REPRESENTATION_CONTEXT('2D SPACE',''
  ) );
#3539 = ORIENTED_EDGE('',*,*,#3540,.F.);
#3540 = EDGE_CURVE('',#1418,#3520,#3541,.T.);
#3541 = SURFACE_CURVE('',#3542,(#3546,#3553),.PCURVE_S1.);
#3542 = LINE('',#3543,#3544);
#3543 = CARTESIAN_POINT('',(31.17,-12.6,0.279999966458));
#3544 = VECTOR('',#3545,1.);
#3545 = DIRECTION('',(0.,1.,2.22044604925E-16));
#3546 = PCURVE('',#1465,#3547);
#3547 = DEFINITIONAL_REPRESENTATION('',(#3548),#3552);
#3548 = LINE('',#3549,#3550);
#3549 = CARTESIAN_POINT('',(4.500000073666,0.));
#3550 = VECTOR('',#3551,1.);
#3551 = DIRECTION('',(0.,-1.));
#3552 = ( GEOMETRIC_REPRESENTATION_CONTEXT(2) 
PARAMETRIC_REPRESENTATION_CONTEXT() REPRESENTATION_CONTEXT('2D SPACE',''
  ) );
#3553 = PCURVE('',#1438,#3554);
#3554 = DEFINITIONAL_REPRESENTATION('',(#3555),#3559);
#3555 = LINE('',#3556,#3557);
#3556 = CARTESIAN_POINT('',(-0.,0.));
#3557 = VECTOR('',#3558,1.);
#3558 = DIRECTION('',(-0.,-1.));
#3559 = ( GEOMETRIC_REPRESENTATION_CONTEXT(2) 
PARAMETRIC_REPRESENTATION_CONTEXT() REPRESENTATION_CONTEXT('2D SPACE',''
  ) );
#3560 = ADVANCED_FACE('',(#3561),#1438,.F.);
#3561 = FACE_BOUND('',#3562,.T.);
#3562 = EDGE_LOOP('',(#3563,#3564,#3565,#3593));
#3563 = ORIENTED_EDGE('',*,*,#1417,.T.);
#3564 = ORIENTED_EDGE('',*,*,#3540,.T.);
#3565 = ORIENTED_EDGE('',*,*,#3566,.F.);
#3566 = EDGE_CURVE('',#3567,#3520,#3569,.T.);
#3567 = VERTEX_POINT('',#3568);
#3568 = CARTESIAN_POINT('',(28.67,-8.,-2.220000036833));
#3569 = SURFACE_CURVE('',#3570,(#3575,#3582),.PCURVE_S1.);
#3570 = CIRCLE('',#3571,2.5);
#3571 = AXIS2_PLACEMENT_3D('',#3572,#3573,#3574);
#3572 = CARTESIAN_POINT('',(28.67,-8.,0.279999966458));
#3573 = DIRECTION('',(0.,-1.,-2.22044604925E-16));
#3574 = DIRECTION('',(1.,0.,0.));
#3575 = PCURVE('',#1438,#3576);
#3576 = DEFINITIONAL_REPRESENTATION('',(#3577),#3581);
#3577 = LINE('',#3578,#3579);
#3578 = CARTESIAN_POINT('',(-6.28318530718,-4.6));
#3579 = VECTOR('',#3580,1.);
#3580 = DIRECTION('',(1.,-0.));
#3581 = ( GEOMETRIC_REPRESENTATION_CONTEXT(2) 
PARAMETRIC_REPRESENTATION_CONTEXT() REPRESENTATION_CONTEXT('2D SPACE',''
  ) );
#3582 = PCURVE('',#2519,#3583);
#3583 = DEFINITIONAL_REPRESENTATION('',(#3584),#3592);
#3584 = ( BOUNDED_CURVE() B_SPLINE_CURVE(2,(#3585,#3586,#3587,#3588,
#3589,#3590,#3591),.UNSPECIFIED.,.T.,.F.) B_SPLINE_CURVE_WITH_KNOTS((1,2
    ,2,2,2,1),(-2.094395102393,0.,2.094395102393,4.188790204786,
6.28318530718,8.377580409573),.UNSPECIFIED.) CURVE() 
GEOMETRIC_REPRESENTATION_ITEM() RATIONAL_B_SPLINE_CURVE((1.,0.5,1.,0.5,
1.,0.5,1.)) REPRESENTATION_ITEM('') );
#3585 = CARTESIAN_POINT('',(30.672000000002,-3.779999966458));
#3586 = CARTESIAN_POINT('',(30.672000000002,-8.11012698538));
#3587 = CARTESIAN_POINT('',(26.922000000002,-5.945063475919));
#3588 = CARTESIAN_POINT('',(23.172000000002,-3.779999966458));
#3589 = CARTESIAN_POINT('',(26.922000000002,-1.614936456997));
#3590 = CARTESIAN_POINT('',(30.672000000002,0.550127052464));
#3591 = CARTESIAN_POINT('',(30.672000000002,-3.779999966458));
#3592 = ( GEOMETRIC_REPRESENTATION_CONTEXT(2) 
PARAMETRIC_REPRESENTATION_CONTEXT() REPRESENTATION_CONTEXT('2D SPACE',''
  ) );
#3593 = ORIENTED_EDGE('',*,*,#3594,.F.);
#3594 = EDGE_CURVE('',#1392,#3567,#3595,.T.);
#3595 = SURFACE_CURVE('',#3596,(#3600,#3607),.PCURVE_S1.);
#3596 = LINE('',#3597,#3598);
#3597 = CARTESIAN_POINT('',(28.67,-12.6,-2.220000036833));
#3598 = VECTOR('',#3599,1.);
#3599 = DIRECTION('',(0.,1.,2.22044604925E-16));
#3600 = PCURVE('',#1438,#3601);
#3601 = DEFINITIONAL_REPRESENTATION('',(#3602),#3606);
#3602 = LINE('',#3603,#3604);
#3603 = CARTESIAN_POINT('',(-1.570796326795,0.));
#3604 = VECTOR('',#3605,1.);
#3605 = DIRECTION('',(-0.,-1.));
#3606 = ( GEOMETRIC_REPRESENTATION_CONTEXT(2) 
PARAMETRIC_REPRESENTATION_CONTEXT() REPRESENTATION_CONTEXT('2D SPACE',''
  ) );
#3607 = PCURVE('',#1406,#3608);
#3608 = DEFINITIONAL_REPRESENTATION('',(#3609),#3613);
#3609 = LINE('',#3610,#3611);
#3610 = CARTESIAN_POINT('',(10.,0.));
#3611 = VECTOR('',#3612,1.);
#3612 = DIRECTION('',(0.,-1.));
#3613 = ( GEOMETRIC_REPRESENTATION_CONTEXT(2) 
PARAMETRIC_REPRESENTATION_CONTEXT() REPRESENTATION_CONTEXT('2D SPACE',''
  ) );
#3614 = ADVANCED_FACE('',(#3615),#1406,.F.);
#3615 = FACE_BOUND('',#3616,.F.);
#3616 = EDGE_LOOP('',(#3617,#3618,#3641,#3660));
#3617 = ORIENTED_EDGE('',*,*,#1391,.T.);
#3618 = ORIENTED_EDGE('',*,*,#3619,.T.);
#3619 = EDGE_CURVE('',#1359,#3620,#3622,.T.);
#3620 = VERTEX_POINT('',#3621);
#3621 = CARTESIAN_POINT('',(18.67,-8.,-2.220000036833));
#3622 = SURFACE_CURVE('',#3623,(#3627,#3634),.PCURVE_S1.);
#3623 = LINE('',#3624,#3625);
#3624 = CARTESIAN_POINT('',(18.67,-12.6,-2.220000036833));
#3625 = VECTOR('',#3626,1.);
#3626 = DIRECTION('',(0.,1.,2.22044604925E-16));
#3627 = PCURVE('',#1406,#3628);
#3628 = DEFINITIONAL_REPRESENTATION('',(#3629),#3633);
#3629 = LINE('',#3630,#3631);
#3630 = CARTESIAN_POINT('',(0.,0.));
#3631 = VECTOR('',#3632,1.);
#3632 = DIRECTION('',(0.,-1.));
#3633 = ( GEOMETRIC_REPRESENTATION_CONTEXT(2) 
PARAMETRIC_REPRESENTATION_CONTEXT() REPRESENTATION_CONTEXT('2D SPACE',''
  ) );
#3634 = PCURVE('',#1379,#3635);
#3635 = DEFINITIONAL_REPRESENTATION('',(#3636),#3640);
#3636 = LINE('',#3637,#3638);
#3637 = CARTESIAN_POINT('',(-1.570796326795,0.));
#3638 = VECTOR('',#3639,1.);
#3639 = DIRECTION('',(-0.,-1.));
#3640 = ( GEOMETRIC_REPRESENTATION_CONTEXT(2) 
PARAMETRIC_REPRESENTATION_CONTEXT() REPRESENTATION_CONTEXT('2D SPACE',''
  ) );
#3641 = ORIENTED_EDGE('',*,*,#3642,.F.);
#3642 = EDGE_CURVE('',#3567,#3620,#3643,.T.);
#3643 = SURFACE_CURVE('',#3644,(#3648,#3654),.PCURVE_S1.);
#3644 = LINE('',#3645,#3646);
#3645 = CARTESIAN_POINT('',(9.583999999999,-8.,-2.220000040124));
#3646 = VECTOR('',#3647,1.);
#3647 = DIRECTION('',(-1.,0.,0.));
#3648 = PCURVE('',#1406,#3649);
#3649 = DEFINITIONAL_REPRESENTATION('',(#3650),#3653);
#3650 = B_SPLINE_CURVE_WITH_KNOTS('',1,(#3651,#3652),.UNSPECIFIED.,.F.,
  .F.,(2,2),(-19.086,-9.086000000001),.PIECEWISE_BEZIER_KNOTS.);
#3651 = CARTESIAN_POINT('',(10.,-4.6));
#3652 = CARTESIAN_POINT('',(0.,-4.6));
#3653 = ( GEOMETRIC_REPRESENTATION_CONTEXT(2) 
PARAMETRIC_REPRESENTATION_CONTEXT() REPRESENTATION_CONTEXT('2D SPACE',''
  ) );
#3654 = PCURVE('',#2519,#3655);
#3655 = DEFINITIONAL_REPRESENTATION('',(#3656),#3659);
#3656 = B_SPLINE_CURVE_WITH_KNOTS('',1,(#3657,#3658),.UNSPECIFIED.,.F.,
  .F.,(2,2),(-19.086,-9.086000000001),.PIECEWISE_BEZIER_KNOTS.);
#3657 = CARTESIAN_POINT('',(28.172000000002,-1.279999959876));
#3658 = CARTESIAN_POINT('',(18.172000000002,-1.279999959876));
#3659 = ( GEOMETRIC_REPRESENTATION_CONTEXT(2) 
PARAMETRIC_REPRESENTATION_CONTEXT() REPRESENTATION_CONTEXT('2D SPACE',''
  ) );
#3660 = ORIENTED_EDGE('',*,*,#3594,.F.);
#3661 = ADVANCED_FACE('',(#3662),#1379,.F.);
#3662 = FACE_BOUND('',#3663,.T.);
#3663 = EDGE_LOOP('',(#3664,#3665,#3666,#3692));
#3664 = ORIENTED_EDGE('',*,*,#1358,.T.);
#3665 = ORIENTED_EDGE('',*,*,#3619,.T.);
#3666 = ORIENTED_EDGE('',*,*,#3667,.F.);
#3667 = EDGE_CURVE('',#3318,#3620,#3668,.T.);
#3668 = SURFACE_CURVE('',#3669,(#3674,#3681),.PCURVE_S1.);
#3669 = CIRCLE('',#3670,2.5);
#3670 = AXIS2_PLACEMENT_3D('',#3671,#3672,#3673);
#3671 = CARTESIAN_POINT('',(18.67,-8.,0.279999966458));
#3672 = DIRECTION('',(0.,-1.,-2.22044604925E-16));
#3673 = DIRECTION('',(1.,0.,0.));
#3674 = PCURVE('',#1379,#3675);
#3675 = DEFINITIONAL_REPRESENTATION('',(#3676),#3680);
#3676 = LINE('',#3677,#3678);
#3677 = CARTESIAN_POINT('',(-6.28318530718,-4.6));
#3678 = VECTOR('',#3679,1.);
#3679 = DIRECTION('',(1.,-0.));
#3680 = ( GEOMETRIC_REPRESENTATION_CONTEXT(2) 
PARAMETRIC_REPRESENTATION_CONTEXT() REPRESENTATION_CONTEXT('2D SPACE',''
  ) );
#3681 = PCURVE('',#2519,#3682);
#3682 = DEFINITIONAL_REPRESENTATION('',(#3683),#3691);
#3683 = ( BOUNDED_CURVE() B_SPLINE_CURVE(2,(#3684,#3685,#3686,#3687,
#3688,#3689,#3690),.UNSPECIFIED.,.T.,.F.) B_SPLINE_CURVE_WITH_KNOTS((1,2
    ,2,2,2,1),(-2.094395102393,0.,2.094395102393,4.188790204786,
6.28318530718,8.377580409573),.UNSPECIFIED.) CURVE() 
GEOMETRIC_REPRESENTATION_ITEM() RATIONAL_B_SPLINE_CURVE((1.,0.5,1.,0.5,
1.,0.5,1.)) REPRESENTATION_ITEM('') );
#3684 = CARTESIAN_POINT('',(20.672000000002,-3.779999966458));
#3685 = CARTESIAN_POINT('',(20.672000000002,-8.11012698538));
#3686 = CARTESIAN_POINT('',(16.922000000002,-5.945063475919));
#3687 = CARTESIAN_POINT('',(13.172000000002,-3.779999966458));
#3688 = CARTESIAN_POINT('',(16.922000000002,-1.614936456997));
#3689 = CARTESIAN_POINT('',(20.672000000002,0.550127052464));
#3690 = CARTESIAN_POINT('',(20.672000000002,-3.779999966458));
#3691 = ( GEOMETRIC_REPRESENTATION_CONTEXT(2) 
PARAMETRIC_REPRESENTATION_CONTEXT() REPRESENTATION_CONTEXT('2D SPACE',''
  ) );
#3692 = ORIENTED_EDGE('',*,*,#3338,.F.);
#3693 = ADVANCED_FACE('',(#3694),#1633,.T.);
#3694 = FACE_BOUND('',#3695,.T.);
#3695 = EDGE_LOOP('',(#3696,#3697,#3698,#3699));
#3696 = ORIENTED_EDGE('',*,*,#1617,.F.);
#3697 = ORIENTED_EDGE('',*,*,#1695,.T.);
#3698 = ORIENTED_EDGE('',*,*,#2399,.T.);
#3699 = ORIENTED_EDGE('',*,*,#3700,.F.);
#3700 = EDGE_CURVE('',#1618,#2376,#3701,.T.);
#3701 = SURFACE_CURVE('',#3702,(#3705,#3712),.PCURVE_S1.);
#3702 = B_SPLINE_CURVE_WITH_KNOTS('',1,(#3703,#3704),.UNSPECIFIED.,.F.,
  .F.,(2,2),(0.,1.),.PIECEWISE_BEZIER_KNOTS.);
#3703 = CARTESIAN_POINT('',(36.911999997959,49.28,25.5));
#3704 = CARTESIAN_POINT('',(36.911999997831,48.88,25.9));
#3705 = PCURVE('',#1633,#3706);
#3706 = DEFINITIONAL_REPRESENTATION('',(#3707),#3711);
#3707 = LINE('',#3708,#3709);
#3708 = CARTESIAN_POINT('',(-17.60699999795,0.));
#3709 = VECTOR('',#3710,1.);
#3710 = DIRECTION('',(0.,1.));
#3711 = ( GEOMETRIC_REPRESENTATION_CONTEXT(2) 
PARAMETRIC_REPRESENTATION_CONTEXT() REPRESENTATION_CONTEXT('2D SPACE',''
  ) );
#3712 = PCURVE('',#1803,#3713);
#3713 = DEFINITIONAL_REPRESENTATION('',(#3714),#3718);
#3714 = LINE('',#3715,#3716);
#3715 = CARTESIAN_POINT('',(4.712388980385,0.));
#3716 = VECTOR('',#3717,1.);
#3717 = DIRECTION('',(0.,1.));
#3718 = ( GEOMETRIC_REPRESENTATION_CONTEXT(2) 
PARAMETRIC_REPRESENTATION_CONTEXT() REPRESENTATION_CONTEXT('2D SPACE',''
  ) );
#3719 = ADVANCED_FACE('',(#3720),#1755,.T.);
#3720 = FACE_BOUND('',#3721,.T.);
#3721 = EDGE_LOOP('',(#3722,#3723,#3742,#3743));
#3722 = ORIENTED_EDGE('',*,*,#1740,.F.);
#3723 = ORIENTED_EDGE('',*,*,#3724,.T.);
#3724 = EDGE_CURVE('',#1718,#2329,#3725,.T.);
#3725 = SURFACE_CURVE('',#3726,(#3729,#3736),.PCURVE_S1.);
#3726 = B_SPLINE_CURVE_WITH_KNOTS('',1,(#3727,#3728),.UNSPECIFIED.,.F.,
  .F.,(2,2),(0.,1.),.PIECEWISE_BEZIER_KNOTS.);
#3727 = CARTESIAN_POINT('',(42.911999997959,-5.6,25.5));
#3728 = CARTESIAN_POINT('',(42.511999997831,-5.6,25.9));
#3729 = PCURVE('',#1755,#3730);
#3730 = DEFINITIONAL_REPRESENTATION('',(#3731),#3735);
#3731 = LINE('',#3732,#3733);
#3732 = CARTESIAN_POINT('',(3.14159265359,0.));
#3733 = VECTOR('',#3734,1.);
#3734 = DIRECTION('',(0.,1.));
#3735 = ( GEOMETRIC_REPRESENTATION_CONTEXT(2) 
PARAMETRIC_REPRESENTATION_CONTEXT() REPRESENTATION_CONTEXT('2D SPACE',''
  ) );
#3736 = PCURVE('',#1868,#3737);
#3737 = DEFINITIONAL_REPRESENTATION('',(#3738),#3741);
#3738 = B_SPLINE_CURVE_WITH_KNOTS('',1,(#3739,#3740),.UNSPECIFIED.,.F.,
  .F.,(2,2),(0.,1.),.PIECEWISE_BEZIER_KNOTS.);
#3739 = CARTESIAN_POINT('',(-24.44,-0.565685423506));
#3740 = CARTESIAN_POINT('',(-24.44,1.533905447104E-09));
#3741 = ( GEOMETRIC_REPRESENTATION_CONTEXT(2) 
PARAMETRIC_REPRESENTATION_CONTEXT() REPRESENTATION_CONTEXT('2D SPACE',''
  ) );
#3742 = ORIENTED_EDGE('',*,*,#2328,.F.);
#3743 = ORIENTED_EDGE('',*,*,#2456,.F.);
#3744 = ADVANCED_FACE('',(#3745),#1803,.T.);
#3745 = FACE_BOUND('',#3746,.T.);
#3746 = EDGE_LOOP('',(#3747,#3748,#3749,#3750));
#3747 = ORIENTED_EDGE('',*,*,#1786,.F.);
#3748 = ORIENTED_EDGE('',*,*,#3700,.T.);
#3749 = ORIENTED_EDGE('',*,*,#2375,.F.);
#3750 = ORIENTED_EDGE('',*,*,#3751,.F.);
#3751 = EDGE_CURVE('',#1787,#2353,#3752,.T.);
#3752 = SURFACE_CURVE('',#3753,(#3756,#3763),.PCURVE_S1.);
#3753 = B_SPLINE_CURVE_WITH_KNOTS('',1,(#3754,#3755),.UNSPECIFIED.,.F.,
  .F.,(2,2),(0.,1.),.PIECEWISE_BEZIER_KNOTS.);
#3754 = CARTESIAN_POINT('',(42.91199999898,43.28,25.5));
#3755 = CARTESIAN_POINT('',(42.511999998915,43.28,25.9));
#3756 = PCURVE('',#1803,#3757);
#3757 = DEFINITIONAL_REPRESENTATION('',(#3758),#3762);
#3758 = LINE('',#3759,#3760);
#3759 = CARTESIAN_POINT('',(3.14159265359,0.));
#3760 = VECTOR('',#3761,1.);
#3761 = DIRECTION('',(0.,1.));
#3762 = ( GEOMETRIC_REPRESENTATION_CONTEXT(2) 
PARAMETRIC_REPRESENTATION_CONTEXT() REPRESENTATION_CONTEXT('2D SPACE',''
  ) );
#3763 = PCURVE('',#1868,#3764);
#3764 = DEFINITIONAL_REPRESENTATION('',(#3765),#3768);
#3765 = B_SPLINE_CURVE_WITH_KNOTS('',1,(#3766,#3767),.UNSPECIFIED.,.F.,
  .F.,(2,2),(0.,1.),.PIECEWISE_BEZIER_KNOTS.);
#3766 = CARTESIAN_POINT('',(24.44,-0.565685424228));
#3767 = CARTESIAN_POINT('',(24.44,7.669527235521E-10));
#3768 = ( GEOMETRIC_REPRESENTATION_CONTEXT(2) 
PARAMETRIC_REPRESENTATION_CONTEXT() REPRESENTATION_CONTEXT('2D SPACE',''
  ) );
#3769 = ADVANCED_FACE('',(#3770),#1868,.T.);
#3770 = FACE_BOUND('',#3771,.T.);
#3771 = EDGE_LOOP('',(#3772,#3773,#3774,#3775));
#3772 = ORIENTED_EDGE('',*,*,#1854,.T.);
#3773 = ORIENTED_EDGE('',*,*,#3751,.T.);
#3774 = ORIENTED_EDGE('',*,*,#2352,.F.);
#3775 = ORIENTED_EDGE('',*,*,#3724,.F.);
#3776 = ADVANCED_FACE('',(#3777),#1923,.F.);
#3777 = FACE_BOUND('',#3778,.F.);
#3778 = EDGE_LOOP('',(#3779,#3780,#3803,#3836));
#3779 = ORIENTED_EDGE('',*,*,#1906,.F.);
#3780 = ORIENTED_EDGE('',*,*,#3781,.T.);
#3781 = EDGE_CURVE('',#1887,#3782,#3784,.T.);
#3782 = VERTEX_POINT('',#3783);
#3783 = CARTESIAN_POINT('',(1.698,-9.2,-3.5));
#3784 = SURFACE_CURVE('',#3785,(#3789,#3796),.PCURVE_S1.);
#3785 = LINE('',#3786,#3787);
#3786 = CARTESIAN_POINT('',(1.698,-9.2,-15.));
#3787 = VECTOR('',#3788,1.);
#3788 = DIRECTION('',(0.,0.,1.));
#3789 = PCURVE('',#1923,#3790);
#3790 = DEFINITIONAL_REPRESENTATION('',(#3791),#3795);
#3791 = LINE('',#3792,#3793);
#3792 = CARTESIAN_POINT('',(4.712388980385,0.));
#3793 = VECTOR('',#3794,1.);
#3794 = DIRECTION('',(0.,-1.));
#3795 = ( GEOMETRIC_REPRESENTATION_CONTEXT(2) 
PARAMETRIC_REPRESENTATION_CONTEXT() REPRESENTATION_CONTEXT('2D SPACE',''
  ) );
#3796 = PCURVE('',#1992,#3797);
#3797 = DEFINITIONAL_REPRESENTATION('',(#3798),#3802);
#3798 = LINE('',#3799,#3800);
#3799 = CARTESIAN_POINT('',(3.552713678801E-15,0.));
#3800 = VECTOR('',#3801,1.);
#3801 = DIRECTION('',(0.,-1.));
#3802 = ( GEOMETRIC_REPRESENTATION_CONTEXT(2) 
PARAMETRIC_REPRESENTATION_CONTEXT() REPRESENTATION_CONTEXT('2D SPACE',''
  ) );
#3803 = ORIENTED_EDGE('',*,*,#3804,.T.);
#3804 = EDGE_CURVE('',#3782,#3805,#3807,.T.);
#3805 = VERTEX_POINT('',#3806);
#3806 = CARTESIAN_POINT('',(-1.902,-5.6,-3.5));
#3807 = SURFACE_CURVE('',#3808,(#3813,#3820),.PCURVE_S1.);
#3808 = CIRCLE('',#3809,3.6);
#3809 = AXIS2_PLACEMENT_3D('',#3810,#3811,#3812);
#3810 = CARTESIAN_POINT('',(1.698,-5.6,-3.5));
#3811 = DIRECTION('',(0.,0.,-1.));
#3812 = DIRECTION('',(-1.,0.,0.));
#3813 = PCURVE('',#1923,#3814);
#3814 = DEFINITIONAL_REPRESENTATION('',(#3815),#3819);
#3815 = LINE('',#3816,#3817);
#3816 = CARTESIAN_POINT('',(0.,-11.5));
#3817 = VECTOR('',#3818,1.);
#3818 = DIRECTION('',(1.,0.));
#3819 = ( GEOMETRIC_REPRESENTATION_CONTEXT(2) 
PARAMETRIC_REPRESENTATION_CONTEXT() REPRESENTATION_CONTEXT('2D SPACE',''
  ) );
#3820 = PCURVE('',#3821,#3826);
#3821 = PLANE('',#3822);
#3822 = AXIS2_PLACEMENT_3D('',#3823,#3824,#3825);
#3823 = CARTESIAN_POINT('',(19.304999999245,18.84,-3.5));
#3824 = DIRECTION('',(0.,0.,1.));
#3825 = DIRECTION('',(1.,0.,0.));
#3826 = DEFINITIONAL_REPRESENTATION('',(#3827),#3835);
#3827 = ( BOUNDED_CURVE() B_SPLINE_CURVE(2,(#3828,#3829,#3830,#3831,
#3832,#3833,#3834),.UNSPECIFIED.,.T.,.F.) B_SPLINE_CURVE_WITH_KNOTS((1,2
    ,2,2,2,1),(-2.094395102393,0.,2.094395102393,4.188790204786,
6.28318530718,8.377580409573),.UNSPECIFIED.) CURVE() 
GEOMETRIC_REPRESENTATION_ITEM() RATIONAL_B_SPLINE_CURVE((1.,0.5,1.,0.5,
1.,0.5,1.)) REPRESENTATION_ITEM('') );
#3828 = CARTESIAN_POINT('',(-21.20699999924,-24.44));
#3829 = CARTESIAN_POINT('',(-21.20699999924,-18.20461709275));
#3830 = CARTESIAN_POINT('',(-15.80699999924,-21.32230854637));
#3831 = CARTESIAN_POINT('',(-10.40699999924,-24.44));
#3832 = CARTESIAN_POINT('',(-15.80699999924,-27.55769145362));
#3833 = CARTESIAN_POINT('',(-21.20699999924,-30.67538290724));
#3834 = CARTESIAN_POINT('',(-21.20699999924,-24.44));
#3835 = ( GEOMETRIC_REPRESENTATION_CONTEXT(2) 
PARAMETRIC_REPRESENTATION_CONTEXT() REPRESENTATION_CONTEXT('2D SPACE',''
  ) );
#3836 = ORIENTED_EDGE('',*,*,#3837,.F.);
#3837 = EDGE_CURVE('',#1907,#3805,#3838,.T.);
#3838 = SURFACE_CURVE('',#3839,(#3843,#3850),.PCURVE_S1.);
#3839 = LINE('',#3840,#3841);
#3840 = CARTESIAN_POINT('',(-1.902,-5.6,-15.));
#3841 = VECTOR('',#3842,1.);
#3842 = DIRECTION('',(0.,0.,1.));
#3843 = PCURVE('',#1923,#3844);
#3844 = DEFINITIONAL_REPRESENTATION('',(#3845),#3849);
#3845 = LINE('',#3846,#3847);
#3846 = CARTESIAN_POINT('',(6.28318530718,0.));
#3847 = VECTOR('',#3848,1.);
#3848 = DIRECTION('',(0.,-1.));
#3849 = ( GEOMETRIC_REPRESENTATION_CONTEXT(2) 
PARAMETRIC_REPRESENTATION_CONTEXT() REPRESENTATION_CONTEXT('2D SPACE',''
  ) );
#3850 = PCURVE('',#2287,#3851);
#3851 = DEFINITIONAL_REPRESENTATION('',(#3852),#3856);
#3852 = LINE('',#3853,#3854);
#3853 = CARTESIAN_POINT('',(0.,0.));
#3854 = VECTOR('',#3855,1.);
#3855 = DIRECTION('',(0.,-1.));
#3856 = ( GEOMETRIC_REPRESENTATION_CONTEXT(2) 
PARAMETRIC_REPRESENTATION_CONTEXT() REPRESENTATION_CONTEXT('2D SPACE',''
  ) );
#3857 = ADVANCED_FACE('',(#3858),#1992,.T.);
#3858 = FACE_BOUND('',#3859,.T.);
#3859 = EDGE_LOOP('',(#3860,#3883,#3884,#3885));
#3860 = ORIENTED_EDGE('',*,*,#3861,.F.);
#3861 = EDGE_CURVE('',#1958,#3862,#3864,.T.);
#3862 = VERTEX_POINT('',#3863);
#3863 = CARTESIAN_POINT('',(36.911999996898,-9.2,-3.5));
#3864 = SURFACE_CURVE('',#3865,(#3869,#3876),.PCURVE_S1.);
#3865 = LINE('',#3866,#3867);
#3866 = CARTESIAN_POINT('',(36.911999996898,-9.2,-15.));
#3867 = VECTOR('',#3868,1.);
#3868 = DIRECTION('',(0.,0.,1.));
#3869 = PCURVE('',#1992,#3870);
#3870 = DEFINITIONAL_REPRESENTATION('',(#3871),#3875);
#3871 = LINE('',#3872,#3873);
#3872 = CARTESIAN_POINT('',(35.213999996898,0.));
#3873 = VECTOR('',#3874,1.);
#3874 = DIRECTION('',(0.,-1.));
#3875 = ( GEOMETRIC_REPRESENTATION_CONTEXT(2) 
PARAMETRIC_REPRESENTATION_CONTEXT() REPRESENTATION_CONTEXT('2D SPACE',''
  ) );
#3876 = PCURVE('',#2045,#3877);
#3877 = DEFINITIONAL_REPRESENTATION('',(#3878),#3882);
#3878 = LINE('',#3879,#3880);
#3879 = CARTESIAN_POINT('',(4.712388980385,0.));
#3880 = VECTOR('',#3881,1.);
#3881 = DIRECTION('',(0.,-1.));
#3882 = ( GEOMETRIC_REPRESENTATION_CONTEXT(2) 
PARAMETRIC_REPRESENTATION_CONTEXT() REPRESENTATION_CONTEXT('2D SPACE',''
  ) );
#3883 = ORIENTED_EDGE('',*,*,#1978,.F.);
#3884 = ORIENTED_EDGE('',*,*,#3781,.T.);
#3885 = ORIENTED_EDGE('',*,*,#3886,.T.);
#3886 = EDGE_CURVE('',#3782,#3862,#3887,.T.);
#3887 = SURFACE_CURVE('',#3888,(#3892,#3899),.PCURVE_S1.);
#3888 = LINE('',#3889,#3890);
#3889 = CARTESIAN_POINT('',(19.305,-9.2,-3.5));
#3890 = VECTOR('',#3891,1.);
#3891 = DIRECTION('',(1.,0.,0.));
#3892 = PCURVE('',#1992,#3893);
#3893 = DEFINITIONAL_REPRESENTATION('',(#3894),#3898);
#3894 = LINE('',#3895,#3896);
#3895 = CARTESIAN_POINT('',(17.607,-11.5));
#3896 = VECTOR('',#3897,1.);
#3897 = DIRECTION('',(1.,0.));
#3898 = ( GEOMETRIC_REPRESENTATION_CONTEXT(2) 
PARAMETRIC_REPRESENTATION_CONTEXT() REPRESENTATION_CONTEXT('2D SPACE',''
  ) );
#3899 = PCURVE('',#3821,#3900);
#3900 = DEFINITIONAL_REPRESENTATION('',(#3901),#3905);
#3901 = LINE('',#3902,#3903);
#3902 = CARTESIAN_POINT('',(7.554239847211E-10,-28.04));
#3903 = VECTOR('',#3904,1.);
#3904 = DIRECTION('',(1.,0.));
#3905 = ( GEOMETRIC_REPRESENTATION_CONTEXT(2) 
PARAMETRIC_REPRESENTATION_CONTEXT() REPRESENTATION_CONTEXT('2D SPACE',''
  ) );
#3906 = ADVANCED_FACE('',(#3907),#2045,.F.);
#3907 = FACE_BOUND('',#3908,.F.);
#3908 = EDGE_LOOP('',(#3909,#3910,#3933,#3959));
#3909 = ORIENTED_EDGE('',*,*,#2030,.F.);
#3910 = ORIENTED_EDGE('',*,*,#3911,.T.);
#3911 = EDGE_CURVE('',#2010,#3912,#3914,.T.);
#3912 = VERTEX_POINT('',#3913);
#3913 = CARTESIAN_POINT('',(40.511999998449,-5.6,-3.5));
#3914 = SURFACE_CURVE('',#3915,(#3919,#3926),.PCURVE_S1.);
#3915 = LINE('',#3916,#3917);
#3916 = CARTESIAN_POINT('',(40.511999998449,-5.6,-15.));
#3917 = VECTOR('',#3918,1.);
#3918 = DIRECTION('',(0.,0.,1.));
#3919 = PCURVE('',#2045,#3920);
#3920 = DEFINITIONAL_REPRESENTATION('',(#3921),#3925);
#3921 = LINE('',#3922,#3923);
#3922 = CARTESIAN_POINT('',(3.14159265359,0.));
#3923 = VECTOR('',#3924,1.);
#3924 = DIRECTION('',(0.,-1.));
#3925 = ( GEOMETRIC_REPRESENTATION_CONTEXT(2) 
PARAMETRIC_REPRESENTATION_CONTEXT() REPRESENTATION_CONTEXT('2D SPACE',''
  ) );
#3926 = PCURVE('',#2097,#3927);
#3927 = DEFINITIONAL_REPRESENTATION('',(#3928),#3932);
#3928 = LINE('',#3929,#3930);
#3929 = CARTESIAN_POINT('',(0.,0.));
#3930 = VECTOR('',#3931,1.);
#3931 = DIRECTION('',(0.,-1.));
#3932 = ( GEOMETRIC_REPRESENTATION_CONTEXT(2) 
PARAMETRIC_REPRESENTATION_CONTEXT() REPRESENTATION_CONTEXT('2D SPACE',''
  ) );
#3933 = ORIENTED_EDGE('',*,*,#3934,.T.);
#3934 = EDGE_CURVE('',#3912,#3862,#3935,.T.);
#3935 = SURFACE_CURVE('',#3936,(#3941,#3948),.PCURVE_S1.);
#3936 = CIRCLE('',#3937,3.6);
#3937 = AXIS2_PLACEMENT_3D('',#3938,#3939,#3940);
#3938 = CARTESIAN_POINT('',(36.911999996898,-5.6,-3.5));
#3939 = DIRECTION('',(0.,0.,-1.));
#3940 = DIRECTION('',(-1.,0.,0.));
#3941 = PCURVE('',#2045,#3942);
#3942 = DEFINITIONAL_REPRESENTATION('',(#3943),#3947);
#3943 = LINE('',#3944,#3945);
#3944 = CARTESIAN_POINT('',(0.,-11.5));
#3945 = VECTOR('',#3946,1.);
#3946 = DIRECTION('',(1.,0.));
#3947 = ( GEOMETRIC_REPRESENTATION_CONTEXT(2) 
PARAMETRIC_REPRESENTATION_CONTEXT() REPRESENTATION_CONTEXT('2D SPACE',''
  ) );
#3948 = PCURVE('',#3821,#3949);
#3949 = DEFINITIONAL_REPRESENTATION('',(#3950),#3958);
#3950 = ( BOUNDED_CURVE() B_SPLINE_CURVE(2,(#3951,#3952,#3953,#3954,
#3955,#3956,#3957),.UNSPECIFIED.,.T.,.F.) B_SPLINE_CURVE_WITH_KNOTS((1,2
    ,2,2,2,1),(-2.094395102393,0.,2.094395102393,4.188790204786,
6.28318530718,8.377580409573),.UNSPECIFIED.) CURVE() 
GEOMETRIC_REPRESENTATION_ITEM() RATIONAL_B_SPLINE_CURVE((1.,0.5,1.,0.5,
1.,0.5,1.)) REPRESENTATION_ITEM('') );
#3951 = CARTESIAN_POINT('',(14.006999997653,-24.44));
#3952 = CARTESIAN_POINT('',(14.006999997653,-18.20461709275));
#3953 = CARTESIAN_POINT('',(19.406999997653,-21.32230854637));
#3954 = CARTESIAN_POINT('',(24.806999997653,-24.44));
#3955 = CARTESIAN_POINT('',(19.406999997653,-27.55769145362));
#3956 = CARTESIAN_POINT('',(14.006999997653,-30.67538290724));
#3957 = CARTESIAN_POINT('',(14.006999997653,-24.44));
#3958 = ( GEOMETRIC_REPRESENTATION_CONTEXT(2) 
PARAMETRIC_REPRESENTATION_CONTEXT() REPRESENTATION_CONTEXT('2D SPACE',''
  ) );
#3959 = ORIENTED_EDGE('',*,*,#3861,.F.);
#3960 = ADVANCED_FACE('',(#3961),#2097,.T.);
#3961 = FACE_BOUND('',#3962,.T.);
#3962 = EDGE_LOOP('',(#3963,#3986,#3987,#3988));
#3963 = ORIENTED_EDGE('',*,*,#3964,.F.);
#3964 = EDGE_CURVE('',#2063,#3965,#3967,.T.);
#3965 = VERTEX_POINT('',#3966);
#3966 = CARTESIAN_POINT('',(40.511999998449,43.28,-3.5));
#3967 = SURFACE_CURVE('',#3968,(#3972,#3979),.PCURVE_S1.);
#3968 = LINE('',#3969,#3970);
#3969 = CARTESIAN_POINT('',(40.511999998449,43.28,-15.));
#3970 = VECTOR('',#3971,1.);
#3971 = DIRECTION('',(0.,0.,1.));
#3972 = PCURVE('',#2097,#3973);
#3973 = DEFINITIONAL_REPRESENTATION('',(#3974),#3978);
#3974 = LINE('',#3975,#3976);
#3975 = CARTESIAN_POINT('',(48.88,0.));
#3976 = VECTOR('',#3977,1.);
#3977 = DIRECTION('',(0.,-1.));
#3978 = ( GEOMETRIC_REPRESENTATION_CONTEXT(2) 
PARAMETRIC_REPRESENTATION_CONTEXT() REPRESENTATION_CONTEXT('2D SPACE',''
  ) );
#3979 = PCURVE('',#2151,#3980);
#3980 = DEFINITIONAL_REPRESENTATION('',(#3981),#3985);
#3981 = LINE('',#3982,#3983);
#3982 = CARTESIAN_POINT('',(3.14159265359,0.));
#3983 = VECTOR('',#3984,1.);
#3984 = DIRECTION('',(0.,-1.));
#3985 = ( GEOMETRIC_REPRESENTATION_CONTEXT(2) 
PARAMETRIC_REPRESENTATION_CONTEXT() REPRESENTATION_CONTEXT('2D SPACE',''
  ) );
#3986 = ORIENTED_EDGE('',*,*,#2083,.F.);
#3987 = ORIENTED_EDGE('',*,*,#3911,.T.);
#3988 = ORIENTED_EDGE('',*,*,#3989,.T.);
#3989 = EDGE_CURVE('',#3912,#3965,#3990,.T.);
#3990 = SURFACE_CURVE('',#3991,(#3995,#4002),.PCURVE_S1.);
#3991 = LINE('',#3992,#3993);
#3992 = CARTESIAN_POINT('',(40.512,18.84,-3.5));
#3993 = VECTOR('',#3994,1.);
#3994 = DIRECTION('',(0.,1.,0.));
#3995 = PCURVE('',#2097,#3996);
#3996 = DEFINITIONAL_REPRESENTATION('',(#3997),#4001);
#3997 = LINE('',#3998,#3999);
#3998 = CARTESIAN_POINT('',(24.44,-11.5));
#3999 = VECTOR('',#4000,1.);
#4000 = DIRECTION('',(1.,0.));
#4001 = ( GEOMETRIC_REPRESENTATION_CONTEXT(2) 
PARAMETRIC_REPRESENTATION_CONTEXT() REPRESENTATION_CONTEXT('2D SPACE',''
  ) );
#4002 = PCURVE('',#3821,#4003);
#4003 = DEFINITIONAL_REPRESENTATION('',(#4004),#4008);
#4004 = LINE('',#4005,#4006);
#4005 = CARTESIAN_POINT('',(21.207000000755,-1.67800728942E-15));
#4006 = VECTOR('',#4007,1.);
#4007 = DIRECTION('',(0.,1.));
#4008 = ( GEOMETRIC_REPRESENTATION_CONTEXT(2) 
PARAMETRIC_REPRESENTATION_CONTEXT() REPRESENTATION_CONTEXT('2D SPACE',''
  ) );
#4009 = ADVANCED_FACE('',(#4010),#2151,.F.);
#4010 = FACE_BOUND('',#4011,.F.);
#4011 = EDGE_LOOP('',(#4012,#4013,#4036,#4062));
#4012 = ORIENTED_EDGE('',*,*,#2136,.F.);
#4013 = ORIENTED_EDGE('',*,*,#4014,.T.);
#4014 = EDGE_CURVE('',#2115,#4015,#4017,.T.);
#4015 = VERTEX_POINT('',#4016);
#4016 = CARTESIAN_POINT('',(36.911999996898,46.88,-3.5));
#4017 = SURFACE_CURVE('',#4018,(#4022,#4029),.PCURVE_S1.);
#4018 = LINE('',#4019,#4020);
#4019 = CARTESIAN_POINT('',(36.911999996898,46.88,-15.));
#4020 = VECTOR('',#4021,1.);
#4021 = DIRECTION('',(0.,0.,1.));
#4022 = PCURVE('',#2151,#4023);
#4023 = DEFINITIONAL_REPRESENTATION('',(#4024),#4028);
#4024 = LINE('',#4025,#4026);
#4025 = CARTESIAN_POINT('',(1.570796326795,0.));
#4026 = VECTOR('',#4027,1.);
#4027 = DIRECTION('',(0.,-1.));
#4028 = ( GEOMETRIC_REPRESENTATION_CONTEXT(2) 
PARAMETRIC_REPRESENTATION_CONTEXT() REPRESENTATION_CONTEXT('2D SPACE',''
  ) );
#4029 = PCURVE('',#2203,#4030);
#4030 = DEFINITIONAL_REPRESENTATION('',(#4031),#4035);
#4031 = LINE('',#4032,#4033);
#4032 = CARTESIAN_POINT('',(35.213999996898,0.));
#4033 = VECTOR('',#4034,1.);
#4034 = DIRECTION('',(0.,-1.));
#4035 = ( GEOMETRIC_REPRESENTATION_CONTEXT(2) 
PARAMETRIC_REPRESENTATION_CONTEXT() REPRESENTATION_CONTEXT('2D SPACE',''
  ) );
#4036 = ORIENTED_EDGE('',*,*,#4037,.T.);
#4037 = EDGE_CURVE('',#4015,#3965,#4038,.T.);
#4038 = SURFACE_CURVE('',#4039,(#4044,#4051),.PCURVE_S1.);
#4039 = CIRCLE('',#4040,3.6);
#4040 = AXIS2_PLACEMENT_3D('',#4041,#4042,#4043);
#4041 = CARTESIAN_POINT('',(36.911999996898,43.28,-3.5));
#4042 = DIRECTION('',(0.,0.,-1.));
#4043 = DIRECTION('',(-1.,0.,0.));
#4044 = PCURVE('',#2151,#4045);
#4045 = DEFINITIONAL_REPRESENTATION('',(#4046),#4050);
#4046 = LINE('',#4047,#4048);
#4047 = CARTESIAN_POINT('',(0.,-11.5));
#4048 = VECTOR('',#4049,1.);
#4049 = DIRECTION('',(1.,0.));
#4050 = ( GEOMETRIC_REPRESENTATION_CONTEXT(2) 
PARAMETRIC_REPRESENTATION_CONTEXT() REPRESENTATION_CONTEXT('2D SPACE',''
  ) );
#4051 = PCURVE('',#3821,#4052);
#4052 = DEFINITIONAL_REPRESENTATION('',(#4053),#4061);
#4053 = ( BOUNDED_CURVE() B_SPLINE_CURVE(2,(#4054,#4055,#4056,#4057,
#4058,#4059,#4060),.UNSPECIFIED.,.T.,.F.) B_SPLINE_CURVE_WITH_KNOTS((1,2
    ,2,2,2,1),(-2.094395102393,0.,2.094395102393,4.188790204786,
6.28318530718,8.377580409573),.UNSPECIFIED.) CURVE() 
GEOMETRIC_REPRESENTATION_ITEM() RATIONAL_B_SPLINE_CURVE((1.,0.5,1.,0.5,
1.,0.5,1.)) REPRESENTATION_ITEM('') );
#4054 = CARTESIAN_POINT('',(14.006999997653,24.44));
#4055 = CARTESIAN_POINT('',(14.006999997653,30.675382907248));
#4056 = CARTESIAN_POINT('',(19.406999997653,27.557691453624));
#4057 = CARTESIAN_POINT('',(24.806999997653,24.44));
#4058 = CARTESIAN_POINT('',(19.406999997653,21.322308546376));
#4059 = CARTESIAN_POINT('',(14.006999997653,18.204617092752));
#4060 = CARTESIAN_POINT('',(14.006999997653,24.44));
#4061 = ( GEOMETRIC_REPRESENTATION_CONTEXT(2) 
PARAMETRIC_REPRESENTATION_CONTEXT() REPRESENTATION_CONTEXT('2D SPACE',''
  ) );
#4062 = ORIENTED_EDGE('',*,*,#3964,.F.);
#4063 = ADVANCED_FACE('',(#4064),#2203,.F.);
#4064 = FACE_BOUND('',#4065,.F.);
#4065 = EDGE_LOOP('',(#4066,#4067,#4068,#4091));
#4066 = ORIENTED_EDGE('',*,*,#4014,.F.);
#4067 = ORIENTED_EDGE('',*,*,#2189,.F.);
#4068 = ORIENTED_EDGE('',*,*,#4069,.T.);
#4069 = EDGE_CURVE('',#2169,#4070,#4072,.T.);
#4070 = VERTEX_POINT('',#4071);
#4071 = CARTESIAN_POINT('',(1.698,46.88,-3.5));
#4072 = SURFACE_CURVE('',#4073,(#4077,#4084),.PCURVE_S1.);
#4073 = LINE('',#4074,#4075);
#4074 = CARTESIAN_POINT('',(1.698,46.88,-15.));
#4075 = VECTOR('',#4076,1.);
#4076 = DIRECTION('',(0.,0.,1.));
#4077 = PCURVE('',#2203,#4078);
#4078 = DEFINITIONAL_REPRESENTATION('',(#4079),#4083);
#4079 = LINE('',#4080,#4081);
#4080 = CARTESIAN_POINT('',(3.552713678801E-15,0.));
#4081 = VECTOR('',#4082,1.);
#4082 = DIRECTION('',(0.,-1.));
#4083 = ( GEOMETRIC_REPRESENTATION_CONTEXT(2) 
PARAMETRIC_REPRESENTATION_CONTEXT() REPRESENTATION_CONTEXT('2D SPACE',''
  ) );
#4084 = PCURVE('',#2255,#4085);
#4085 = DEFINITIONAL_REPRESENTATION('',(#4086),#4090);
#4086 = LINE('',#4087,#4088);
#4087 = CARTESIAN_POINT('',(1.570796326795,0.));
#4088 = VECTOR('',#4089,1.);
#4089 = DIRECTION('',(0.,-1.));
#4090 = ( GEOMETRIC_REPRESENTATION_CONTEXT(2) 
PARAMETRIC_REPRESENTATION_CONTEXT() REPRESENTATION_CONTEXT('2D SPACE',''
  ) );
#4091 = ORIENTED_EDGE('',*,*,#4092,.T.);
#4092 = EDGE_CURVE('',#4070,#4015,#4093,.T.);
#4093 = SURFACE_CURVE('',#4094,(#4098,#4105),.PCURVE_S1.);
#4094 = LINE('',#4095,#4096);
#4095 = CARTESIAN_POINT('',(19.305,46.88,-3.5));
#4096 = VECTOR('',#4097,1.);
#4097 = DIRECTION('',(1.,0.,0.));
#4098 = PCURVE('',#2203,#4099);
#4099 = DEFINITIONAL_REPRESENTATION('',(#4100),#4104);
#4100 = LINE('',#4101,#4102);
#4101 = CARTESIAN_POINT('',(17.607,-11.5));
#4102 = VECTOR('',#4103,1.);
#4103 = DIRECTION('',(1.,0.));
#4104 = ( GEOMETRIC_REPRESENTATION_CONTEXT(2) 
PARAMETRIC_REPRESENTATION_CONTEXT() REPRESENTATION_CONTEXT('2D SPACE',''
  ) );
#4105 = PCURVE('',#3821,#4106);
#4106 = DEFINITIONAL_REPRESENTATION('',(#4107),#4111);
#4107 = LINE('',#4108,#4109);
#4108 = CARTESIAN_POINT('',(7.554239847211E-10,28.04));
#4109 = VECTOR('',#4110,1.);
#4110 = DIRECTION('',(1.,0.));
#4111 = ( GEOMETRIC_REPRESENTATION_CONTEXT(2) 
PARAMETRIC_REPRESENTATION_CONTEXT() REPRESENTATION_CONTEXT('2D SPACE',''
  ) );
#4112 = ADVANCED_FACE('',(#4113),#2255,.F.);
#4113 = FACE_BOUND('',#4114,.F.);
#4114 = EDGE_LOOP('',(#4115,#4116,#4139,#4165));
#4115 = ORIENTED_EDGE('',*,*,#2240,.F.);
#4116 = ORIENTED_EDGE('',*,*,#4117,.T.);
#4117 = EDGE_CURVE('',#2221,#4118,#4120,.T.);
#4118 = VERTEX_POINT('',#4119);
#4119 = CARTESIAN_POINT('',(-1.902,43.28,-3.5));
#4120 = SURFACE_CURVE('',#4121,(#4125,#4132),.PCURVE_S1.);
#4121 = LINE('',#4122,#4123);
#4122 = CARTESIAN_POINT('',(-1.902,43.28,-15.));
#4123 = VECTOR('',#4124,1.);
#4124 = DIRECTION('',(0.,0.,1.));
#4125 = PCURVE('',#2255,#4126);
#4126 = DEFINITIONAL_REPRESENTATION('',(#4127),#4131);
#4127 = LINE('',#4128,#4129);
#4128 = CARTESIAN_POINT('',(0.,0.));
#4129 = VECTOR('',#4130,1.);
#4130 = DIRECTION('',(0.,-1.));
#4131 = ( GEOMETRIC_REPRESENTATION_CONTEXT(2) 
PARAMETRIC_REPRESENTATION_CONTEXT() REPRESENTATION_CONTEXT('2D SPACE',''
  ) );
#4132 = PCURVE('',#2287,#4133);
#4133 = DEFINITIONAL_REPRESENTATION('',(#4134),#4138);
#4134 = LINE('',#4135,#4136);
#4135 = CARTESIAN_POINT('',(48.88,0.));
#4136 = VECTOR('',#4137,1.);
#4137 = DIRECTION('',(0.,-1.));
#4138 = ( GEOMETRIC_REPRESENTATION_CONTEXT(2) 
PARAMETRIC_REPRESENTATION_CONTEXT() REPRESENTATION_CONTEXT('2D SPACE',''
  ) );
#4139 = ORIENTED_EDGE('',*,*,#4140,.T.);
#4140 = EDGE_CURVE('',#4118,#4070,#4141,.T.);
#4141 = SURFACE_CURVE('',#4142,(#4147,#4154),.PCURVE_S1.);
#4142 = CIRCLE('',#4143,3.6);
#4143 = AXIS2_PLACEMENT_3D('',#4144,#4145,#4146);
#4144 = CARTESIAN_POINT('',(1.698,43.28,-3.5));
#4145 = DIRECTION('',(0.,0.,-1.));
#4146 = DIRECTION('',(-1.,0.,0.));
#4147 = PCURVE('',#2255,#4148);
#4148 = DEFINITIONAL_REPRESENTATION('',(#4149),#4153);
#4149 = LINE('',#4150,#4151);
#4150 = CARTESIAN_POINT('',(0.,-11.5));
#4151 = VECTOR('',#4152,1.);
#4152 = DIRECTION('',(1.,0.));
#4153 = ( GEOMETRIC_REPRESENTATION_CONTEXT(2) 
PARAMETRIC_REPRESENTATION_CONTEXT() REPRESENTATION_CONTEXT('2D SPACE',''
  ) );
#4154 = PCURVE('',#3821,#4155);
#4155 = DEFINITIONAL_REPRESENTATION('',(#4156),#4164);
#4156 = ( BOUNDED_CURVE() B_SPLINE_CURVE(2,(#4157,#4158,#4159,#4160,
#4161,#4162,#4163),.UNSPECIFIED.,.T.,.F.) B_SPLINE_CURVE_WITH_KNOTS((1,2
    ,2,2,2,1),(-2.094395102393,0.,2.094395102393,4.188790204786,
6.28318530718,8.377580409573),.UNSPECIFIED.) CURVE() 
GEOMETRIC_REPRESENTATION_ITEM() RATIONAL_B_SPLINE_CURVE((1.,0.5,1.,0.5,
1.,0.5,1.)) REPRESENTATION_ITEM('') );
#4157 = CARTESIAN_POINT('',(-21.20699999924,24.44));
#4158 = CARTESIAN_POINT('',(-21.20699999924,30.675382907248));
#4159 = CARTESIAN_POINT('',(-15.80699999924,27.557691453624));
#4160 = CARTESIAN_POINT('',(-10.40699999924,24.44));
#4161 = CARTESIAN_POINT('',(-15.80699999924,21.322308546376));
#4162 = CARTESIAN_POINT('',(-21.20699999924,18.204617092752));
#4163 = CARTESIAN_POINT('',(-21.20699999924,24.44));
#4164 = ( GEOMETRIC_REPRESENTATION_CONTEXT(2) 
PARAMETRIC_REPRESENTATION_CONTEXT() REPRESENTATION_CONTEXT('2D SPACE',''
  ) );
#4165 = ORIENTED_EDGE('',*,*,#4069,.F.);
#4166 = ADVANCED_FACE('',(#4167),#2287,.F.);
#4167 = FACE_BOUND('',#4168,.F.);
#4168 = EDGE_LOOP('',(#4169,#4170,#4171,#4172));
#4169 = ORIENTED_EDGE('',*,*,#4117,.F.);
#4170 = ORIENTED_EDGE('',*,*,#2273,.F.);
#4171 = ORIENTED_EDGE('',*,*,#3837,.T.);
#4172 = ORIENTED_EDGE('',*,*,#4173,.T.);
#4173 = EDGE_CURVE('',#3805,#4118,#4174,.T.);
#4174 = SURFACE_CURVE('',#4175,(#4179,#4186),.PCURVE_S1.);
#4175 = LINE('',#4176,#4177);
#4176 = CARTESIAN_POINT('',(-1.902,18.84,-3.5));
#4177 = VECTOR('',#4178,1.);
#4178 = DIRECTION('',(0.,1.,0.));
#4179 = PCURVE('',#2287,#4180);
#4180 = DEFINITIONAL_REPRESENTATION('',(#4181),#4185);
#4181 = LINE('',#4182,#4183);
#4182 = CARTESIAN_POINT('',(24.44,-11.5));
#4183 = VECTOR('',#4184,1.);
#4184 = DIRECTION('',(1.,0.));
#4185 = ( GEOMETRIC_REPRESENTATION_CONTEXT(2) 
PARAMETRIC_REPRESENTATION_CONTEXT() REPRESENTATION_CONTEXT('2D SPACE',''
  ) );
#4186 = PCURVE('',#3821,#4187);
#4187 = DEFINITIONAL_REPRESENTATION('',(#4188),#4192);
#4188 = LINE('',#4189,#4190);
#4189 = CARTESIAN_POINT('',(-21.20699999924,-1.67800728942E-15));
#4190 = VECTOR('',#4191,1.);
#4191 = DIRECTION('',(0.,1.));
#4192 = ( GEOMETRIC_REPRESENTATION_CONTEXT(2) 
PARAMETRIC_REPRESENTATION_CONTEXT() REPRESENTATION_CONTEXT('2D SPACE',''
  ) );
#4193 = ADVANCED_FACE('',(#4194),#2440,.F.);
#4194 = FACE_BOUND('',#4195,.F.);
#4195 = EDGE_LOOP('',(#4196,#4197,#4220,#4247));
#4196 = ORIENTED_EDGE('',*,*,#2423,.F.);
#4197 = ORIENTED_EDGE('',*,*,#4198,.F.);
#4198 = EDGE_CURVE('',#4199,#2424,#4201,.T.);
#4199 = VERTEX_POINT('',#4200);
#4200 = CARTESIAN_POINT('',(25.81,36.255,25.5));
#4201 = SEAM_CURVE('',#4202,(#4206,#4213),.PCURVE_S1.);
#4202 = LINE('',#4203,#4204);
#4203 = CARTESIAN_POINT('',(25.81,36.255,25.5));
#4204 = VECTOR('',#4205,1.);
#4205 = DIRECTION('',(0.707106781187,-1.731912112471E-16,0.707106781187)
  );
#4206 = PCURVE('',#2440,#4207);
#4207 = DEFINITIONAL_REPRESENTATION('',(#4208),#4212);
#4208 = LINE('',#4209,#4210);
#4209 = CARTESIAN_POINT('',(6.28318530718,-0.));
#4210 = VECTOR('',#4211,1.);
#4211 = DIRECTION('',(0.,1.));
#4212 = ( GEOMETRIC_REPRESENTATION_CONTEXT(2) 
PARAMETRIC_REPRESENTATION_CONTEXT() REPRESENTATION_CONTEXT('2D SPACE',''
  ) );
#4213 = PCURVE('',#2440,#4214);
#4214 = DEFINITIONAL_REPRESENTATION('',(#4215),#4219);
#4215 = LINE('',#4216,#4217);
#4216 = CARTESIAN_POINT('',(0.,-0.));
#4217 = VECTOR('',#4218,1.);
#4218 = DIRECTION('',(0.,1.));
#4219 = ( GEOMETRIC_REPRESENTATION_CONTEXT(2) 
PARAMETRIC_REPRESENTATION_CONTEXT() REPRESENTATION_CONTEXT('2D SPACE',''
  ) );
#4220 = ORIENTED_EDGE('',*,*,#4221,.T.);
#4221 = EDGE_CURVE('',#4199,#4199,#4222,.T.);
#4222 = SURFACE_CURVE('',#4223,(#4228,#4235),.PCURVE_S1.);
#4223 = CIRCLE('',#4224,8.);
#4224 = AXIS2_PLACEMENT_3D('',#4225,#4226,#4227);
#4225 = CARTESIAN_POINT('',(17.81,36.255,25.5));
#4226 = DIRECTION('',(0.,0.,1.));
#4227 = DIRECTION('',(1.,0.,-0.));
#4228 = PCURVE('',#2440,#4229);
#4229 = DEFINITIONAL_REPRESENTATION('',(#4230),#4234);
#4230 = LINE('',#4231,#4232);
#4231 = CARTESIAN_POINT('',(0.,0.));
#4232 = VECTOR('',#4233,1.);
#4233 = DIRECTION('',(1.,0.));
#4234 = ( GEOMETRIC_REPRESENTATION_CONTEXT(2) 
PARAMETRIC_REPRESENTATION_CONTEXT() REPRESENTATION_CONTEXT('2D SPACE',''
  ) );
#4235 = PCURVE('',#4236,#4241);
#4236 = CYLINDRICAL_SURFACE('',#4237,8.);
#4237 = AXIS2_PLACEMENT_3D('',#4238,#4239,#4240);
#4238 = CARTESIAN_POINT('',(17.81,36.255,22.5));
#4239 = DIRECTION('',(0.,0.,1.));
#4240 = DIRECTION('',(1.,0.,-0.));
#4241 = DEFINITIONAL_REPRESENTATION('',(#4242),#4246);
#4242 = LINE('',#4243,#4244);
#4243 = CARTESIAN_POINT('',(0.,3.));
#4244 = VECTOR('',#4245,1.);
#4245 = DIRECTION('',(1.,0.));
#4246 = ( GEOMETRIC_REPRESENTATION_CONTEXT(2) 
PARAMETRIC_REPRESENTATION_CONTEXT() REPRESENTATION_CONTEXT('2D SPACE',''
  ) );
#4247 = ORIENTED_EDGE('',*,*,#4198,.T.);
#4248 = ADVANCED_FACE('',(#4249,#4358,#4368,#4378),#2519,.T.);
#4249 = FACE_BOUND('',#4250,.T.);
#4250 = EDGE_LOOP('',(#4251,#4281,#4309,#4337));
#4251 = ORIENTED_EDGE('',*,*,#4252,.T.);
#4252 = EDGE_CURVE('',#4253,#4255,#4257,.T.);
#4253 = VERTEX_POINT('',#4254);
#4254 = CARTESIAN_POINT('',(0.497999999998,-8.,-3.5));
#4255 = VERTEX_POINT('',#4256);
#4256 = CARTESIAN_POINT('',(0.497999999998,-8.,23.5));
#4257 = SURFACE_CURVE('',#4258,(#4262,#4269),.PCURVE_S1.);
#4258 = LINE('',#4259,#4260);
#4259 = CARTESIAN_POINT('',(0.497999999998,-8.,-3.5));
#4260 = VECTOR('',#4261,1.);
#4261 = DIRECTION('',(0.,0.,1.));
#4262 = PCURVE('',#2519,#4263);
#4263 = DEFINITIONAL_REPRESENTATION('',(#4264),#4268);
#4264 = LINE('',#4265,#4266);
#4265 = CARTESIAN_POINT('',(0.,0.));
#4266 = VECTOR('',#4267,1.);
#4267 = DIRECTION('',(0.,-1.));
#4268 = ( GEOMETRIC_REPRESENTATION_CONTEXT(2) 
PARAMETRIC_REPRESENTATION_CONTEXT() REPRESENTATION_CONTEXT('2D SPACE',''
  ) );
#4269 = PCURVE('',#4270,#4275);
#4270 = CYLINDRICAL_SURFACE('',#4271,1.2);
#4271 = AXIS2_PLACEMENT_3D('',#4272,#4273,#4274);
#4272 = CARTESIAN_POINT('',(0.497999999998,-6.8,-3.5));
#4273 = DIRECTION('',(-0.,-0.,-1.));
#4274 = DIRECTION('',(1.,0.,0.));
#4275 = DEFINITIONAL_REPRESENTATION('',(#4276),#4280);
#4276 = LINE('',#4277,#4278);
#4277 = CARTESIAN_POINT('',(-4.712388980385,0.));
#4278 = VECTOR('',#4279,1.);
#4279 = DIRECTION('',(-0.,-1.));
#4280 = ( GEOMETRIC_REPRESENTATION_CONTEXT(2) 
PARAMETRIC_REPRESENTATION_CONTEXT() REPRESENTATION_CONTEXT('2D SPACE',''
  ) );
#4281 = ORIENTED_EDGE('',*,*,#4282,.T.);
#4282 = EDGE_CURVE('',#4255,#4283,#4285,.T.);
#4283 = VERTEX_POINT('',#4284);
#4284 = CARTESIAN_POINT('',(38.111999998706,-8.,23.5));
#4285 = SURFACE_CURVE('',#4286,(#4290,#4297),.PCURVE_S1.);
#4286 = LINE('',#4287,#4288);
#4287 = CARTESIAN_POINT('',(19.305000000002,-8.,23.5));
#4288 = VECTOR('',#4289,1.);
#4289 = DIRECTION('',(1.,0.,0.));
#4290 = PCURVE('',#2519,#4291);
#4291 = DEFINITIONAL_REPRESENTATION('',(#4292),#4296);
#4292 = LINE('',#4293,#4294);
#4293 = CARTESIAN_POINT('',(18.807000000004,-27.));
#4294 = VECTOR('',#4295,1.);
#4295 = DIRECTION('',(1.,0.));
#4296 = ( GEOMETRIC_REPRESENTATION_CONTEXT(2) 
PARAMETRIC_REPRESENTATION_CONTEXT() REPRESENTATION_CONTEXT('2D SPACE',''
  ) );
#4297 = PCURVE('',#4298,#4303);
#4298 = PLANE('',#4299);
#4299 = AXIS2_PLACEMENT_3D('',#4300,#4301,#4302);
#4300 = CARTESIAN_POINT('',(19.304999999712,18.84,23.5));
#4301 = DIRECTION('',(0.,0.,1.));
#4302 = DIRECTION('',(1.,0.,0.));
#4303 = DEFINITIONAL_REPRESENTATION('',(#4304),#4308);
#4304 = LINE('',#4305,#4306);
#4305 = CARTESIAN_POINT('',(2.899798148158E-10,-26.84));
#4306 = VECTOR('',#4307,1.);
#4307 = DIRECTION('',(1.,0.));
#4308 = ( GEOMETRIC_REPRESENTATION_CONTEXT(2) 
PARAMETRIC_REPRESENTATION_CONTEXT() REPRESENTATION_CONTEXT('2D SPACE',''
  ) );
#4309 = ORIENTED_EDGE('',*,*,#4310,.F.);
#4310 = EDGE_CURVE('',#4311,#4283,#4313,.T.);
#4311 = VERTEX_POINT('',#4312);
#4312 = CARTESIAN_POINT('',(38.111999998706,-8.,-3.5));
#4313 = SURFACE_CURVE('',#4314,(#4318,#4325),.PCURVE_S1.);
#4314 = LINE('',#4315,#4316);
#4315 = CARTESIAN_POINT('',(38.111999998706,-8.,-3.5));
#4316 = VECTOR('',#4317,1.);
#4317 = DIRECTION('',(0.,0.,1.));
#4318 = PCURVE('',#2519,#4319);
#4319 = DEFINITIONAL_REPRESENTATION('',(#4320),#4324);
#4320 = LINE('',#4321,#4322);
#4321 = CARTESIAN_POINT('',(37.613999998708,0.));
#4322 = VECTOR('',#4323,1.);
#4323 = DIRECTION('',(0.,-1.));
#4324 = ( GEOMETRIC_REPRESENTATION_CONTEXT(2) 
PARAMETRIC_REPRESENTATION_CONTEXT() REPRESENTATION_CONTEXT('2D SPACE',''
  ) );
#4325 = PCURVE('',#4326,#4331);
#4326 = CYLINDRICAL_SURFACE('',#4327,1.2);
#4327 = AXIS2_PLACEMENT_3D('',#4328,#4329,#4330);
#4328 = CARTESIAN_POINT('',(38.111999998706,-6.8,-3.5));
#4329 = DIRECTION('',(-0.,-0.,-1.));
#4330 = DIRECTION('',(1.,0.,0.));
#4331 = DEFINITIONAL_REPRESENTATION('',(#4332),#4336);
#4332 = LINE('',#4333,#4334);
#4333 = CARTESIAN_POINT('',(-4.712388980385,0.));
#4334 = VECTOR('',#4335,1.);
#4335 = DIRECTION('',(-0.,-1.));
#4336 = ( GEOMETRIC_REPRESENTATION_CONTEXT(2) 
PARAMETRIC_REPRESENTATION_CONTEXT() REPRESENTATION_CONTEXT('2D SPACE',''
  ) );
#4337 = ORIENTED_EDGE('',*,*,#4338,.F.);
#4338 = EDGE_CURVE('',#4253,#4311,#4339,.T.);
#4339 = SURFACE_CURVE('',#4340,(#4344,#4351),.PCURVE_S1.);
#4340 = LINE('',#4341,#4342);
#4341 = CARTESIAN_POINT('',(19.305000000002,-8.,-3.5));
#4342 = VECTOR('',#4343,1.);
#4343 = DIRECTION('',(1.,0.,0.));
#4344 = PCURVE('',#2519,#4345);
#4345 = DEFINITIONAL_REPRESENTATION('',(#4346),#4350);
#4346 = LINE('',#4347,#4348);
#4347 = CARTESIAN_POINT('',(18.807000000004,0.));
#4348 = VECTOR('',#4349,1.);
#4349 = DIRECTION('',(1.,0.));
#4350 = ( GEOMETRIC_REPRESENTATION_CONTEXT(2) 
PARAMETRIC_REPRESENTATION_CONTEXT() REPRESENTATION_CONTEXT('2D SPACE',''
  ) );
#4351 = PCURVE('',#3821,#4352);
#4352 = DEFINITIONAL_REPRESENTATION('',(#4353),#4357);
#4353 = LINE('',#4354,#4355);
#4354 = CARTESIAN_POINT('',(7.571310636437E-10,-26.84));
#4355 = VECTOR('',#4356,1.);
#4356 = DIRECTION('',(1.,0.));
#4357 = ( GEOMETRIC_REPRESENTATION_CONTEXT(2) 
PARAMETRIC_REPRESENTATION_CONTEXT() REPRESENTATION_CONTEXT('2D SPACE',''
  ) );
#4358 = FACE_BOUND('',#4359,.T.);
#4359 = EDGE_LOOP('',(#4360,#4361,#4362,#4363,#4364,#4365,#4366,#4367));
#4360 = ORIENTED_EDGE('',*,*,#2504,.F.);
#4361 = ORIENTED_EDGE('',*,*,#2556,.T.);
#4362 = ORIENTED_EDGE('',*,*,#2664,.F.);
#4363 = ORIENTED_EDGE('',*,*,#2758,.T.);
#4364 = ORIENTED_EDGE('',*,*,#2866,.T.);
#4365 = ORIENTED_EDGE('',*,*,#2834,.T.);
#4366 = ORIENTED_EDGE('',*,*,#2711,.T.);
#4367 = ORIENTED_EDGE('',*,*,#2632,.T.);
#4368 = FACE_BOUND('',#4369,.T.);
#4369 = EDGE_LOOP('',(#4370,#4371,#4372,#4373,#4374,#4375,#4376,#4377));
#4370 = ORIENTED_EDGE('',*,*,#2913,.F.);
#4371 = ORIENTED_EDGE('',*,*,#2960,.T.);
#4372 = ORIENTED_EDGE('',*,*,#3068,.F.);
#4373 = ORIENTED_EDGE('',*,*,#3162,.T.);
#4374 = ORIENTED_EDGE('',*,*,#3270,.T.);
#4375 = ORIENTED_EDGE('',*,*,#3238,.T.);
#4376 = ORIENTED_EDGE('',*,*,#3115,.T.);
#4377 = ORIENTED_EDGE('',*,*,#3036,.T.);
#4378 = FACE_BOUND('',#4379,.T.);
#4379 = EDGE_LOOP('',(#4380,#4381,#4382,#4383,#4384,#4385,#4386,#4387));
#4380 = ORIENTED_EDGE('',*,*,#3317,.F.);
#4381 = ORIENTED_EDGE('',*,*,#3667,.T.);
#4382 = ORIENTED_EDGE('',*,*,#3642,.F.);
#4383 = ORIENTED_EDGE('',*,*,#3566,.T.);
#4384 = ORIENTED_EDGE('',*,*,#3519,.T.);
#4385 = ORIENTED_EDGE('',*,*,#3465,.T.);
#4386 = ORIENTED_EDGE('',*,*,#3418,.T.);
#4387 = ORIENTED_EDGE('',*,*,#3364,.T.);
#4388 = ADVANCED_FACE('',(#4389,#4399),#3821,.F.);
#4389 = FACE_BOUND('',#4390,.F.);
#4390 = EDGE_LOOP('',(#4391,#4392,#4393,#4394,#4395,#4396,#4397,#4398));
#4391 = ORIENTED_EDGE('',*,*,#4173,.F.);
#4392 = ORIENTED_EDGE('',*,*,#3804,.F.);
#4393 = ORIENTED_EDGE('',*,*,#3886,.T.);
#4394 = ORIENTED_EDGE('',*,*,#3934,.F.);
#4395 = ORIENTED_EDGE('',*,*,#3989,.T.);
#4396 = ORIENTED_EDGE('',*,*,#4037,.F.);
#4397 = ORIENTED_EDGE('',*,*,#4092,.F.);
#4398 = ORIENTED_EDGE('',*,*,#4140,.F.);
#4399 = FACE_BOUND('',#4400,.F.);
#4400 = EDGE_LOOP('',(#4401,#4425,#4453,#4482,#4510,#4539,#4567,#4589));
#4401 = ORIENTED_EDGE('',*,*,#4402,.F.);
#4402 = EDGE_CURVE('',#4403,#4253,#4405,.T.);
#4403 = VERTEX_POINT('',#4404);
#4404 = CARTESIAN_POINT('',(-0.702,-6.8,-3.5));
#4405 = SURFACE_CURVE('',#4406,(#4411,#4418),.PCURVE_S1.);
#4406 = CIRCLE('',#4407,1.2);
#4407 = AXIS2_PLACEMENT_3D('',#4408,#4409,#4410);
#4408 = CARTESIAN_POINT('',(0.497999999998,-6.8,-3.5));
#4409 = DIRECTION('',(0.,0.,1.));
#4410 = DIRECTION('',(1.,0.,0.));
#4411 = PCURVE('',#3821,#4412);
#4412 = DEFINITIONAL_REPRESENTATION('',(#4413),#4417);
#4413 = CIRCLE('',#4414,1.2);
#4414 = AXIS2_PLACEMENT_2D('',#4415,#4416);
#4415 = CARTESIAN_POINT('',(-18.80699999924,-25.64));
#4416 = DIRECTION('',(1.,0.));
#4417 = ( GEOMETRIC_REPRESENTATION_CONTEXT(2) 
PARAMETRIC_REPRESENTATION_CONTEXT() REPRESENTATION_CONTEXT('2D SPACE',''
  ) );
#4418 = PCURVE('',#4270,#4419);
#4419 = DEFINITIONAL_REPRESENTATION('',(#4420),#4424);
#4420 = LINE('',#4421,#4422);
#4421 = CARTESIAN_POINT('',(-0.,0.));
#4422 = VECTOR('',#4423,1.);
#4423 = DIRECTION('',(-1.,0.));
#4424 = ( GEOMETRIC_REPRESENTATION_CONTEXT(2) 
PARAMETRIC_REPRESENTATION_CONTEXT() REPRESENTATION_CONTEXT('2D SPACE',''
  ) );
#4425 = ORIENTED_EDGE('',*,*,#4426,.T.);
#4426 = EDGE_CURVE('',#4403,#4427,#4429,.T.);
#4427 = VERTEX_POINT('',#4428);
#4428 = CARTESIAN_POINT('',(-0.702,44.48,-3.5));
#4429 = SURFACE_CURVE('',#4430,(#4434,#4441),.PCURVE_S1.);
#4430 = LINE('',#4431,#4432);
#4431 = CARTESIAN_POINT('',(-0.701999999998,18.84,-3.5));
#4432 = VECTOR('',#4433,1.);
#4433 = DIRECTION('',(0.,1.,0.));
#4434 = PCURVE('',#3821,#4435);
#4435 = DEFINITIONAL_REPRESENTATION('',(#4436),#4440);
#4436 = LINE('',#4437,#4438);
#4437 = CARTESIAN_POINT('',(-20.00699999924,-5.23072096822E-15));
#4438 = VECTOR('',#4439,1.);
#4439 = DIRECTION('',(0.,1.));
#4440 = ( GEOMETRIC_REPRESENTATION_CONTEXT(2) 
PARAMETRIC_REPRESENTATION_CONTEXT() REPRESENTATION_CONTEXT('2D SPACE',''
  ) );
#4441 = PCURVE('',#4442,#4447);
#4442 = PLANE('',#4443);
#4443 = AXIS2_PLACEMENT_3D('',#4444,#4445,#4446);
#4444 = CARTESIAN_POINT('',(-0.701999999998,-6.8,-3.5));
#4445 = DIRECTION('',(-1.,0.,0.));
#4446 = DIRECTION('',(0.,1.,0.));
#4447 = DEFINITIONAL_REPRESENTATION('',(#4448),#4452);
#4448 = LINE('',#4449,#4450);
#4449 = CARTESIAN_POINT('',(25.64,0.));
#4450 = VECTOR('',#4451,1.);
#4451 = DIRECTION('',(1.,0.));
#4452 = ( GEOMETRIC_REPRESENTATION_CONTEXT(2) 
PARAMETRIC_REPRESENTATION_CONTEXT() REPRESENTATION_CONTEXT('2D SPACE',''
  ) );
#4453 = ORIENTED_EDGE('',*,*,#4454,.F.);
#4454 = EDGE_CURVE('',#4455,#4427,#4457,.T.);
#4455 = VERTEX_POINT('',#4456);
#4456 = CARTESIAN_POINT('',(0.497999999998,45.68,-3.5));
#4457 = SURFACE_CURVE('',#4458,(#4463,#4470),.PCURVE_S1.);
#4458 = CIRCLE('',#4459,1.2);
#4459 = AXIS2_PLACEMENT_3D('',#4460,#4461,#4462);
#4460 = CARTESIAN_POINT('',(0.497999999998,44.48,-3.5));
#4461 = DIRECTION('',(0.,0.,1.));
#4462 = DIRECTION('',(1.,0.,0.));
#4463 = PCURVE('',#3821,#4464);
#4464 = DEFINITIONAL_REPRESENTATION('',(#4465),#4469);
#4465 = CIRCLE('',#4466,1.2);
#4466 = AXIS2_PLACEMENT_2D('',#4467,#4468);
#4467 = CARTESIAN_POINT('',(-18.80699999924,25.64));
#4468 = DIRECTION('',(1.,0.));
#4469 = ( GEOMETRIC_REPRESENTATION_CONTEXT(2) 
PARAMETRIC_REPRESENTATION_CONTEXT() REPRESENTATION_CONTEXT('2D SPACE',''
  ) );
#4470 = PCURVE('',#4471,#4476);
#4471 = CYLINDRICAL_SURFACE('',#4472,1.2);
#4472 = AXIS2_PLACEMENT_3D('',#4473,#4474,#4475);
#4473 = CARTESIAN_POINT('',(0.497999999998,44.48,-3.5));
#4474 = DIRECTION('',(-0.,-0.,-1.));
#4475 = DIRECTION('',(1.,0.,0.));
#4476 = DEFINITIONAL_REPRESENTATION('',(#4477),#4481);
#4477 = LINE('',#4478,#4479);
#4478 = CARTESIAN_POINT('',(-0.,0.));
#4479 = VECTOR('',#4480,1.);
#4480 = DIRECTION('',(-1.,0.));
#4481 = ( GEOMETRIC_REPRESENTATION_CONTEXT(2) 
PARAMETRIC_REPRESENTATION_CONTEXT() REPRESENTATION_CONTEXT('2D SPACE',''
  ) );
#4482 = ORIENTED_EDGE('',*,*,#4483,.T.);
#4483 = EDGE_CURVE('',#4455,#4484,#4486,.T.);
#4484 = VERTEX_POINT('',#4485);
#4485 = CARTESIAN_POINT('',(38.111999998706,45.68,-3.5));
#4486 = SURFACE_CURVE('',#4487,(#4491,#4498),.PCURVE_S1.);
#4487 = LINE('',#4488,#4489);
#4488 = CARTESIAN_POINT('',(19.305000000002,45.68,-3.5));
#4489 = VECTOR('',#4490,1.);
#4490 = DIRECTION('',(1.,0.,0.));
#4491 = PCURVE('',#3821,#4492);
#4492 = DEFINITIONAL_REPRESENTATION('',(#4493),#4497);
#4493 = LINE('',#4494,#4495);
#4494 = CARTESIAN_POINT('',(7.571310636437E-10,26.84));
#4495 = VECTOR('',#4496,1.);
#4496 = DIRECTION('',(1.,0.));
#4497 = ( GEOMETRIC_REPRESENTATION_CONTEXT(2) 
PARAMETRIC_REPRESENTATION_CONTEXT() REPRESENTATION_CONTEXT('2D SPACE',''
  ) );
#4498 = PCURVE('',#4499,#4504);
#4499 = PLANE('',#4500);
#4500 = AXIS2_PLACEMENT_3D('',#4501,#4502,#4503);
#4501 = CARTESIAN_POINT('',(0.497999999998,45.68,-3.5));
#4502 = DIRECTION('',(0.,1.,0.));
#4503 = DIRECTION('',(1.,0.,0.));
#4504 = DEFINITIONAL_REPRESENTATION('',(#4505),#4509);
#4505 = LINE('',#4506,#4507);
#4506 = CARTESIAN_POINT('',(18.807000000004,0.));
#4507 = VECTOR('',#4508,1.);
#4508 = DIRECTION('',(1.,0.));
#4509 = ( GEOMETRIC_REPRESENTATION_CONTEXT(2) 
PARAMETRIC_REPRESENTATION_CONTEXT() REPRESENTATION_CONTEXT('2D SPACE',''
  ) );
#4510 = ORIENTED_EDGE('',*,*,#4511,.F.);
#4511 = EDGE_CURVE('',#4512,#4484,#4514,.T.);
#4512 = VERTEX_POINT('',#4513);
#4513 = CARTESIAN_POINT('',(39.311999999354,44.48,-3.5));
#4514 = SURFACE_CURVE('',#4515,(#4520,#4527),.PCURVE_S1.);
#4515 = CIRCLE('',#4516,1.2);
#4516 = AXIS2_PLACEMENT_3D('',#4517,#4518,#4519);
#4517 = CARTESIAN_POINT('',(38.111999998706,44.48,-3.5));
#4518 = DIRECTION('',(0.,0.,1.));
#4519 = DIRECTION('',(1.,0.,0.));
#4520 = PCURVE('',#3821,#4521);
#4521 = DEFINITIONAL_REPRESENTATION('',(#4522),#4526);
#4522 = CIRCLE('',#4523,1.2);
#4523 = AXIS2_PLACEMENT_2D('',#4524,#4525);
#4524 = CARTESIAN_POINT('',(18.806999999462,25.64));
#4525 = DIRECTION('',(1.,0.));
#4526 = ( GEOMETRIC_REPRESENTATION_CONTEXT(2) 
PARAMETRIC_REPRESENTATION_CONTEXT() REPRESENTATION_CONTEXT('2D SPACE',''
  ) );
#4527 = PCURVE('',#4528,#4533);
#4528 = CYLINDRICAL_SURFACE('',#4529,1.2);
#4529 = AXIS2_PLACEMENT_3D('',#4530,#4531,#4532);
#4530 = CARTESIAN_POINT('',(38.111999998706,44.48,-3.5));
#4531 = DIRECTION('',(-0.,-0.,-1.));
#4532 = DIRECTION('',(1.,0.,0.));
#4533 = DEFINITIONAL_REPRESENTATION('',(#4534),#4538);
#4534 = LINE('',#4535,#4536);
#4535 = CARTESIAN_POINT('',(-0.,0.));
#4536 = VECTOR('',#4537,1.);
#4537 = DIRECTION('',(-1.,0.));
#4538 = ( GEOMETRIC_REPRESENTATION_CONTEXT(2) 
PARAMETRIC_REPRESENTATION_CONTEXT() REPRESENTATION_CONTEXT('2D SPACE',''
  ) );
#4539 = ORIENTED_EDGE('',*,*,#4540,.F.);
#4540 = EDGE_CURVE('',#4541,#4512,#4543,.T.);
#4541 = VERTEX_POINT('',#4542);
#4542 = CARTESIAN_POINT('',(39.311999999354,-6.8,-3.5));
#4543 = SURFACE_CURVE('',#4544,(#4548,#4555),.PCURVE_S1.);
#4544 = LINE('',#4545,#4546);
#4545 = CARTESIAN_POINT('',(39.312000000002,18.84,-3.5));
#4546 = VECTOR('',#4547,1.);
#4547 = DIRECTION('',(0.,1.,0.));
#4548 = PCURVE('',#3821,#4549);
#4549 = DEFINITIONAL_REPRESENTATION('',(#4550),#4554);
#4550 = LINE('',#4551,#4552);
#4551 = CARTESIAN_POINT('',(20.007000000757,-5.23072096822E-15));
#4552 = VECTOR('',#4553,1.);
#4553 = DIRECTION('',(0.,1.));
#4554 = ( GEOMETRIC_REPRESENTATION_CONTEXT(2) 
PARAMETRIC_REPRESENTATION_CONTEXT() REPRESENTATION_CONTEXT('2D SPACE',''
  ) );
#4555 = PCURVE('',#4556,#4561);
#4556 = PLANE('',#4557);
#4557 = AXIS2_PLACEMENT_3D('',#4558,#4559,#4560);
#4558 = CARTESIAN_POINT('',(39.312000000002,-6.8,-3.5));
#4559 = DIRECTION('',(-1.,0.,0.));
#4560 = DIRECTION('',(0.,1.,0.));
#4561 = DEFINITIONAL_REPRESENTATION('',(#4562),#4566);
#4562 = LINE('',#4563,#4564);
#4563 = CARTESIAN_POINT('',(25.64,0.));
#4564 = VECTOR('',#4565,1.);
#4565 = DIRECTION('',(1.,0.));
#4566 = ( GEOMETRIC_REPRESENTATION_CONTEXT(2) 
PARAMETRIC_REPRESENTATION_CONTEXT() REPRESENTATION_CONTEXT('2D SPACE',''
  ) );
#4567 = ORIENTED_EDGE('',*,*,#4568,.F.);
#4568 = EDGE_CURVE('',#4311,#4541,#4569,.T.);
#4569 = SURFACE_CURVE('',#4570,(#4575,#4582),.PCURVE_S1.);
#4570 = CIRCLE('',#4571,1.2);
#4571 = AXIS2_PLACEMENT_3D('',#4572,#4573,#4574);
#4572 = CARTESIAN_POINT('',(38.111999998706,-6.8,-3.5));
#4573 = DIRECTION('',(0.,0.,1.));
#4574 = DIRECTION('',(1.,0.,0.));
#4575 = PCURVE('',#3821,#4576);
#4576 = DEFINITIONAL_REPRESENTATION('',(#4577),#4581);
#4577 = CIRCLE('',#4578,1.2);
#4578 = AXIS2_PLACEMENT_2D('',#4579,#4580);
#4579 = CARTESIAN_POINT('',(18.806999999462,-25.64));
#4580 = DIRECTION('',(1.,0.));
#4581 = ( GEOMETRIC_REPRESENTATION_CONTEXT(2) 
PARAMETRIC_REPRESENTATION_CONTEXT() REPRESENTATION_CONTEXT('2D SPACE',''
  ) );
#4582 = PCURVE('',#4326,#4583);
#4583 = DEFINITIONAL_REPRESENTATION('',(#4584),#4588);
#4584 = LINE('',#4585,#4586);
#4585 = CARTESIAN_POINT('',(-0.,0.));
#4586 = VECTOR('',#4587,1.);
#4587 = DIRECTION('',(-1.,0.));
#4588 = ( GEOMETRIC_REPRESENTATION_CONTEXT(2) 
PARAMETRIC_REPRESENTATION_CONTEXT() REPRESENTATION_CONTEXT('2D SPACE',''
  ) );
#4589 = ORIENTED_EDGE('',*,*,#4338,.F.);
#4590 = ADVANCED_FACE('',(#4591),#4236,.F.);
#4591 = FACE_BOUND('',#4592,.F.);
#4592 = EDGE_LOOP('',(#4593,#4594,#4617,#4639));
#4593 = ORIENTED_EDGE('',*,*,#4221,.F.);
#4594 = ORIENTED_EDGE('',*,*,#4595,.F.);
#4595 = EDGE_CURVE('',#4596,#4199,#4598,.T.);
#4596 = VERTEX_POINT('',#4597);
#4597 = CARTESIAN_POINT('',(25.81,36.255,23.5));
#4598 = SEAM_CURVE('',#4599,(#4603,#4610),.PCURVE_S1.);
#4599 = LINE('',#4600,#4601);
#4600 = CARTESIAN_POINT('',(25.81,36.255,22.5));
#4601 = VECTOR('',#4602,1.);
#4602 = DIRECTION('',(0.,0.,1.));
#4603 = PCURVE('',#4236,#4604);
#4604 = DEFINITIONAL_REPRESENTATION('',(#4605),#4609);
#4605 = LINE('',#4606,#4607);
#4606 = CARTESIAN_POINT('',(6.28318530718,-0.));
#4607 = VECTOR('',#4608,1.);
#4608 = DIRECTION('',(0.,1.));
#4609 = ( GEOMETRIC_REPRESENTATION_CONTEXT(2) 
PARAMETRIC_REPRESENTATION_CONTEXT() REPRESENTATION_CONTEXT('2D SPACE',''
  ) );
#4610 = PCURVE('',#4236,#4611);
#4611 = DEFINITIONAL_REPRESENTATION('',(#4612),#4616);
#4612 = LINE('',#4613,#4614);
#4613 = CARTESIAN_POINT('',(0.,-0.));
#4614 = VECTOR('',#4615,1.);
#4615 = DIRECTION('',(0.,1.));
#4616 = ( GEOMETRIC_REPRESENTATION_CONTEXT(2) 
PARAMETRIC_REPRESENTATION_CONTEXT() REPRESENTATION_CONTEXT('2D SPACE',''
  ) );
#4617 = ORIENTED_EDGE('',*,*,#4618,.T.);
#4618 = EDGE_CURVE('',#4596,#4596,#4619,.T.);
#4619 = SURFACE_CURVE('',#4620,(#4625,#4632),.PCURVE_S1.);
#4620 = CIRCLE('',#4621,8.);
#4621 = AXIS2_PLACEMENT_3D('',#4622,#4623,#4624);
#4622 = CARTESIAN_POINT('',(17.81,36.255,23.5));
#4623 = DIRECTION('',(0.,0.,1.));
#4624 = DIRECTION('',(1.,0.,-0.));
#4625 = PCURVE('',#4236,#4626);
#4626 = DEFINITIONAL_REPRESENTATION('',(#4627),#4631);
#4627 = LINE('',#4628,#4629);
#4628 = CARTESIAN_POINT('',(0.,1.));
#4629 = VECTOR('',#4630,1.);
#4630 = DIRECTION('',(1.,0.));
#4631 = ( GEOMETRIC_REPRESENTATION_CONTEXT(2) 
PARAMETRIC_REPRESENTATION_CONTEXT() REPRESENTATION_CONTEXT('2D SPACE',''
  ) );
#4632 = PCURVE('',#4298,#4633);
#4633 = DEFINITIONAL_REPRESENTATION('',(#4634),#4638);
#4634 = CIRCLE('',#4635,8.);
#4635 = AXIS2_PLACEMENT_2D('',#4636,#4637);
#4636 = CARTESIAN_POINT('',(-1.494999999712,17.415));
#4637 = DIRECTION('',(1.,0.));
#4638 = ( GEOMETRIC_REPRESENTATION_CONTEXT(2) 
PARAMETRIC_REPRESENTATION_CONTEXT() REPRESENTATION_CONTEXT('2D SPACE',''
  ) );
#4639 = ORIENTED_EDGE('',*,*,#4595,.T.);
#4640 = ADVANCED_FACE('',(#4641),#4270,.F.);
#4641 = FACE_BOUND('',#4642,.T.);
#4642 = EDGE_LOOP('',(#4643,#4666,#4688,#4689));
#4643 = ORIENTED_EDGE('',*,*,#4644,.T.);
#4644 = EDGE_CURVE('',#4403,#4645,#4647,.T.);
#4645 = VERTEX_POINT('',#4646);
#4646 = CARTESIAN_POINT('',(-0.702,-6.8,23.5));
#4647 = SURFACE_CURVE('',#4648,(#4652,#4659),.PCURVE_S1.);
#4648 = LINE('',#4649,#4650);
#4649 = CARTESIAN_POINT('',(-0.702,-6.8,-3.5));
#4650 = VECTOR('',#4651,1.);
#4651 = DIRECTION('',(0.,0.,1.));
#4652 = PCURVE('',#4270,#4653);
#4653 = DEFINITIONAL_REPRESENTATION('',(#4654),#4658);
#4654 = LINE('',#4655,#4656);
#4655 = CARTESIAN_POINT('',(-3.14159265359,0.));
#4656 = VECTOR('',#4657,1.);
#4657 = DIRECTION('',(-0.,-1.));
#4658 = ( GEOMETRIC_REPRESENTATION_CONTEXT(2) 
PARAMETRIC_REPRESENTATION_CONTEXT() REPRESENTATION_CONTEXT('2D SPACE',''
  ) );
#4659 = PCURVE('',#4442,#4660);
#4660 = DEFINITIONAL_REPRESENTATION('',(#4661),#4665);
#4661 = LINE('',#4662,#4663);
#4662 = CARTESIAN_POINT('',(0.,0.));
#4663 = VECTOR('',#4664,1.);
#4664 = DIRECTION('',(0.,-1.));
#4665 = ( GEOMETRIC_REPRESENTATION_CONTEXT(2) 
PARAMETRIC_REPRESENTATION_CONTEXT() REPRESENTATION_CONTEXT('2D SPACE',''
  ) );
#4666 = ORIENTED_EDGE('',*,*,#4667,.T.);
#4667 = EDGE_CURVE('',#4645,#4255,#4668,.T.);
#4668 = SURFACE_CURVE('',#4669,(#4674,#4681),.PCURVE_S1.);
#4669 = CIRCLE('',#4670,1.2);
#4670 = AXIS2_PLACEMENT_3D('',#4671,#4672,#4673);
#4671 = CARTESIAN_POINT('',(0.497999999998,-6.8,23.5));
#4672 = DIRECTION('',(0.,0.,1.));
#4673 = DIRECTION('',(1.,0.,0.));
#4674 = PCURVE('',#4270,#4675);
#4675 = DEFINITIONAL_REPRESENTATION('',(#4676),#4680);
#4676 = LINE('',#4677,#4678);
#4677 = CARTESIAN_POINT('',(-0.,-27.));
#4678 = VECTOR('',#4679,1.);
#4679 = DIRECTION('',(-1.,0.));
#4680 = ( GEOMETRIC_REPRESENTATION_CONTEXT(2) 
PARAMETRIC_REPRESENTATION_CONTEXT() REPRESENTATION_CONTEXT('2D SPACE',''
  ) );
#4681 = PCURVE('',#4298,#4682);
#4682 = DEFINITIONAL_REPRESENTATION('',(#4683),#4687);
#4683 = CIRCLE('',#4684,1.2);
#4684 = AXIS2_PLACEMENT_2D('',#4685,#4686);
#4685 = CARTESIAN_POINT('',(-18.80699999971,-25.64));
#4686 = DIRECTION('',(1.,0.));
#4687 = ( GEOMETRIC_REPRESENTATION_CONTEXT(2) 
PARAMETRIC_REPRESENTATION_CONTEXT() REPRESENTATION_CONTEXT('2D SPACE',''
  ) );
#4688 = ORIENTED_EDGE('',*,*,#4252,.F.);
#4689 = ORIENTED_EDGE('',*,*,#4402,.F.);
#4690 = ADVANCED_FACE('',(#4691,#4834),#4298,.F.);
#4691 = FACE_BOUND('',#4692,.F.);
#4692 = EDGE_LOOP('',(#4693,#4716,#4717,#4718,#4742,#4765,#4789,#4812));
#4693 = ORIENTED_EDGE('',*,*,#4694,.F.);
#4694 = EDGE_CURVE('',#4645,#4695,#4697,.T.);
#4695 = VERTEX_POINT('',#4696);
#4696 = CARTESIAN_POINT('',(-0.702,44.48,23.5));
#4697 = SURFACE_CURVE('',#4698,(#4702,#4709),.PCURVE_S1.);
#4698 = LINE('',#4699,#4700);
#4699 = CARTESIAN_POINT('',(-0.701999999998,18.84,23.5));
#4700 = VECTOR('',#4701,1.);
#4701 = DIRECTION('',(0.,1.,0.));
#4702 = PCURVE('',#4298,#4703);
#4703 = DEFINITIONAL_REPRESENTATION('',(#4704),#4708);
#4704 = LINE('',#4705,#4706);
#4705 = CARTESIAN_POINT('',(-20.00699999971,2.02336034155E-15));
#4706 = VECTOR('',#4707,1.);
#4707 = DIRECTION('',(0.,1.));
#4708 = ( GEOMETRIC_REPRESENTATION_CONTEXT(2) 
PARAMETRIC_REPRESENTATION_CONTEXT() REPRESENTATION_CONTEXT('2D SPACE',''
  ) );
#4709 = PCURVE('',#4442,#4710);
#4710 = DEFINITIONAL_REPRESENTATION('',(#4711),#4715);
#4711 = LINE('',#4712,#4713);
#4712 = CARTESIAN_POINT('',(25.64,-27.));
#4713 = VECTOR('',#4714,1.);
#4714 = DIRECTION('',(1.,0.));
#4715 = ( GEOMETRIC_REPRESENTATION_CONTEXT(2) 
PARAMETRIC_REPRESENTATION_CONTEXT() REPRESENTATION_CONTEXT('2D SPACE',''
  ) );
#4716 = ORIENTED_EDGE('',*,*,#4667,.T.);
#4717 = ORIENTED_EDGE('',*,*,#4282,.T.);
#4718 = ORIENTED_EDGE('',*,*,#4719,.T.);
#4719 = EDGE_CURVE('',#4283,#4720,#4722,.T.);
#4720 = VERTEX_POINT('',#4721);
#4721 = CARTESIAN_POINT('',(39.311999999354,-6.8,23.5));
#4722 = SURFACE_CURVE('',#4723,(#4728,#4735),.PCURVE_S1.);
#4723 = CIRCLE('',#4724,1.2);
#4724 = AXIS2_PLACEMENT_3D('',#4725,#4726,#4727);
#4725 = CARTESIAN_POINT('',(38.111999998706,-6.8,23.5));
#4726 = DIRECTION('',(0.,0.,1.));
#4727 = DIRECTION('',(1.,0.,0.));
#4728 = PCURVE('',#4298,#4729);
#4729 = DEFINITIONAL_REPRESENTATION('',(#4730),#4734);
#4730 = CIRCLE('',#4731,1.2);
#4731 = AXIS2_PLACEMENT_2D('',#4732,#4733);
#4732 = CARTESIAN_POINT('',(18.806999998994,-25.64));
#4733 = DIRECTION('',(1.,0.));
#4734 = ( GEOMETRIC_REPRESENTATION_CONTEXT(2) 
PARAMETRIC_REPRESENTATION_CONTEXT() REPRESENTATION_CONTEXT('2D SPACE',''
  ) );
#4735 = PCURVE('',#4326,#4736);
#4736 = DEFINITIONAL_REPRESENTATION('',(#4737),#4741);
#4737 = LINE('',#4738,#4739);
#4738 = CARTESIAN_POINT('',(-0.,-27.));
#4739 = VECTOR('',#4740,1.);
#4740 = DIRECTION('',(-1.,0.));
#4741 = ( GEOMETRIC_REPRESENTATION_CONTEXT(2) 
PARAMETRIC_REPRESENTATION_CONTEXT() REPRESENTATION_CONTEXT('2D SPACE',''
  ) );
#4742 = ORIENTED_EDGE('',*,*,#4743,.T.);
#4743 = EDGE_CURVE('',#4720,#4744,#4746,.T.);
#4744 = VERTEX_POINT('',#4745);
#4745 = CARTESIAN_POINT('',(39.311999999354,44.48,23.5));
#4746 = SURFACE_CURVE('',#4747,(#4751,#4758),.PCURVE_S1.);
#4747 = LINE('',#4748,#4749);
#4748 = CARTESIAN_POINT('',(39.312000000002,18.84,23.5));
#4749 = VECTOR('',#4750,1.);
#4750 = DIRECTION('',(0.,1.,0.));
#4751 = PCURVE('',#4298,#4752);
#4752 = DEFINITIONAL_REPRESENTATION('',(#4753),#4757);
#4753 = LINE('',#4754,#4755);
#4754 = CARTESIAN_POINT('',(20.00700000029,2.02336034155E-15));
#4755 = VECTOR('',#4756,1.);
#4756 = DIRECTION('',(0.,1.));
#4757 = ( GEOMETRIC_REPRESENTATION_CONTEXT(2) 
PARAMETRIC_REPRESENTATION_CONTEXT() REPRESENTATION_CONTEXT('2D SPACE',''
  ) );
#4758 = PCURVE('',#4556,#4759);
#4759 = DEFINITIONAL_REPRESENTATION('',(#4760),#4764);
#4760 = LINE('',#4761,#4762);
#4761 = CARTESIAN_POINT('',(25.64,-27.));
#4762 = VECTOR('',#4763,1.);
#4763 = DIRECTION('',(1.,0.));
#4764 = ( GEOMETRIC_REPRESENTATION_CONTEXT(2) 
PARAMETRIC_REPRESENTATION_CONTEXT() REPRESENTATION_CONTEXT('2D SPACE',''
  ) );
#4765 = ORIENTED_EDGE('',*,*,#4766,.T.);
#4766 = EDGE_CURVE('',#4744,#4767,#4769,.T.);
#4767 = VERTEX_POINT('',#4768);
#4768 = CARTESIAN_POINT('',(38.111999998706,45.68,23.5));
#4769 = SURFACE_CURVE('',#4770,(#4775,#4782),.PCURVE_S1.);
#4770 = CIRCLE('',#4771,1.2);
#4771 = AXIS2_PLACEMENT_3D('',#4772,#4773,#4774);
#4772 = CARTESIAN_POINT('',(38.111999998706,44.48,23.5));
#4773 = DIRECTION('',(0.,0.,1.));
#4774 = DIRECTION('',(1.,0.,0.));
#4775 = PCURVE('',#4298,#4776);
#4776 = DEFINITIONAL_REPRESENTATION('',(#4777),#4781);
#4777 = CIRCLE('',#4778,1.2);
#4778 = AXIS2_PLACEMENT_2D('',#4779,#4780);
#4779 = CARTESIAN_POINT('',(18.806999998994,25.64));
#4780 = DIRECTION('',(1.,0.));
#4781 = ( GEOMETRIC_REPRESENTATION_CONTEXT(2) 
PARAMETRIC_REPRESENTATION_CONTEXT() REPRESENTATION_CONTEXT('2D SPACE',''
  ) );
#4782 = PCURVE('',#4528,#4783);
#4783 = DEFINITIONAL_REPRESENTATION('',(#4784),#4788);
#4784 = LINE('',#4785,#4786);
#4785 = CARTESIAN_POINT('',(-0.,-27.));
#4786 = VECTOR('',#4787,1.);
#4787 = DIRECTION('',(-1.,0.));
#4788 = ( GEOMETRIC_REPRESENTATION_CONTEXT(2) 
PARAMETRIC_REPRESENTATION_CONTEXT() REPRESENTATION_CONTEXT('2D SPACE',''
  ) );
#4789 = ORIENTED_EDGE('',*,*,#4790,.F.);
#4790 = EDGE_CURVE('',#4791,#4767,#4793,.T.);
#4791 = VERTEX_POINT('',#4792);
#4792 = CARTESIAN_POINT('',(0.497999999998,45.68,23.5));
#4793 = SURFACE_CURVE('',#4794,(#4798,#4805),.PCURVE_S1.);
#4794 = LINE('',#4795,#4796);
#4795 = CARTESIAN_POINT('',(19.305000000002,45.68,23.5));
#4796 = VECTOR('',#4797,1.);
#4797 = DIRECTION('',(1.,0.,0.));
#4798 = PCURVE('',#4298,#4799);
#4799 = DEFINITIONAL_REPRESENTATION('',(#4800),#4804);
#4800 = LINE('',#4801,#4802);
#4801 = CARTESIAN_POINT('',(2.899798148158E-10,26.84));
#4802 = VECTOR('',#4803,1.);
#4803 = DIRECTION('',(1.,0.));
#4804 = ( GEOMETRIC_REPRESENTATION_CONTEXT(2) 
PARAMETRIC_REPRESENTATION_CONTEXT() REPRESENTATION_CONTEXT('2D SPACE',''
  ) );
#4805 = PCURVE('',#4499,#4806);
#4806 = DEFINITIONAL_REPRESENTATION('',(#4807),#4811);
#4807 = LINE('',#4808,#4809);
#4808 = CARTESIAN_POINT('',(18.807000000004,-27.));
#4809 = VECTOR('',#4810,1.);
#4810 = DIRECTION('',(1.,0.));
#4811 = ( GEOMETRIC_REPRESENTATION_CONTEXT(2) 
PARAMETRIC_REPRESENTATION_CONTEXT() REPRESENTATION_CONTEXT('2D SPACE',''
  ) );
#4812 = ORIENTED_EDGE('',*,*,#4813,.T.);
#4813 = EDGE_CURVE('',#4791,#4695,#4814,.T.);
#4814 = SURFACE_CURVE('',#4815,(#4820,#4827),.PCURVE_S1.);
#4815 = CIRCLE('',#4816,1.2);
#4816 = AXIS2_PLACEMENT_3D('',#4817,#4818,#4819);
#4817 = CARTESIAN_POINT('',(0.497999999998,44.48,23.5));
#4818 = DIRECTION('',(0.,0.,1.));
#4819 = DIRECTION('',(1.,0.,0.));
#4820 = PCURVE('',#4298,#4821);
#4821 = DEFINITIONAL_REPRESENTATION('',(#4822),#4826);
#4822 = CIRCLE('',#4823,1.2);
#4823 = AXIS2_PLACEMENT_2D('',#4824,#4825);
#4824 = CARTESIAN_POINT('',(-18.80699999971,25.64));
#4825 = DIRECTION('',(1.,0.));
#4826 = ( GEOMETRIC_REPRESENTATION_CONTEXT(2) 
PARAMETRIC_REPRESENTATION_CONTEXT() REPRESENTATION_CONTEXT('2D SPACE',''
  ) );
#4827 = PCURVE('',#4471,#4828);
#4828 = DEFINITIONAL_REPRESENTATION('',(#4829),#4833);
#4829 = LINE('',#4830,#4831);
#4830 = CARTESIAN_POINT('',(-0.,-27.));
#4831 = VECTOR('',#4832,1.);
#4832 = DIRECTION('',(-1.,0.));
#4833 = ( GEOMETRIC_REPRESENTATION_CONTEXT(2) 
PARAMETRIC_REPRESENTATION_CONTEXT() REPRESENTATION_CONTEXT('2D SPACE',''
  ) );
#4834 = FACE_BOUND('',#4835,.F.);
#4835 = EDGE_LOOP('',(#4836));
#4836 = ORIENTED_EDGE('',*,*,#4618,.F.);
#4837 = ADVANCED_FACE('',(#4838),#4326,.F.);
#4838 = FACE_BOUND('',#4839,.T.);
#4839 = EDGE_LOOP('',(#4840,#4841,#4842,#4863));
#4840 = ORIENTED_EDGE('',*,*,#4310,.T.);
#4841 = ORIENTED_EDGE('',*,*,#4719,.T.);
#4842 = ORIENTED_EDGE('',*,*,#4843,.F.);
#4843 = EDGE_CURVE('',#4541,#4720,#4844,.T.);
#4844 = SURFACE_CURVE('',#4845,(#4849,#4856),.PCURVE_S1.);
#4845 = LINE('',#4846,#4847);
#4846 = CARTESIAN_POINT('',(39.311999999354,-6.8,-3.5));
#4847 = VECTOR('',#4848,1.);
#4848 = DIRECTION('',(0.,0.,1.));
#4849 = PCURVE('',#4326,#4850);
#4850 = DEFINITIONAL_REPRESENTATION('',(#4851),#4855);
#4851 = LINE('',#4852,#4853);
#4852 = CARTESIAN_POINT('',(-6.28318530718,0.));
#4853 = VECTOR('',#4854,1.);
#4854 = DIRECTION('',(-0.,-1.));
#4855 = ( GEOMETRIC_REPRESENTATION_CONTEXT(2) 
PARAMETRIC_REPRESENTATION_CONTEXT() REPRESENTATION_CONTEXT('2D SPACE',''
  ) );
#4856 = PCURVE('',#4556,#4857);
#4857 = DEFINITIONAL_REPRESENTATION('',(#4858),#4862);
#4858 = LINE('',#4859,#4860);
#4859 = CARTESIAN_POINT('',(0.,0.));
#4860 = VECTOR('',#4861,1.);
#4861 = DIRECTION('',(0.,-1.));
#4862 = ( GEOMETRIC_REPRESENTATION_CONTEXT(2) 
PARAMETRIC_REPRESENTATION_CONTEXT() REPRESENTATION_CONTEXT('2D SPACE',''
  ) );
#4863 = ORIENTED_EDGE('',*,*,#4568,.F.);
#4864 = ADVANCED_FACE('',(#4865),#4556,.T.);
#4865 = FACE_BOUND('',#4866,.T.);
#4866 = EDGE_LOOP('',(#4867,#4868,#4869,#4890));
#4867 = ORIENTED_EDGE('',*,*,#4843,.T.);
#4868 = ORIENTED_EDGE('',*,*,#4743,.T.);
#4869 = ORIENTED_EDGE('',*,*,#4870,.F.);
#4870 = EDGE_CURVE('',#4512,#4744,#4871,.T.);
#4871 = SURFACE_CURVE('',#4872,(#4876,#4883),.PCURVE_S1.);
#4872 = LINE('',#4873,#4874);
#4873 = CARTESIAN_POINT('',(39.311999999354,44.48,-3.5));
#4874 = VECTOR('',#4875,1.);
#4875 = DIRECTION('',(0.,0.,1.));
#4876 = PCURVE('',#4556,#4877);
#4877 = DEFINITIONAL_REPRESENTATION('',(#4878),#4882);
#4878 = LINE('',#4879,#4880);
#4879 = CARTESIAN_POINT('',(51.28,0.));
#4880 = VECTOR('',#4881,1.);
#4881 = DIRECTION('',(0.,-1.));
#4882 = ( GEOMETRIC_REPRESENTATION_CONTEXT(2) 
PARAMETRIC_REPRESENTATION_CONTEXT() REPRESENTATION_CONTEXT('2D SPACE',''
  ) );
#4883 = PCURVE('',#4528,#4884);
#4884 = DEFINITIONAL_REPRESENTATION('',(#4885),#4889);
#4885 = LINE('',#4886,#4887);
#4886 = CARTESIAN_POINT('',(-0.,0.));
#4887 = VECTOR('',#4888,1.);
#4888 = DIRECTION('',(-0.,-1.));
#4889 = ( GEOMETRIC_REPRESENTATION_CONTEXT(2) 
PARAMETRIC_REPRESENTATION_CONTEXT() REPRESENTATION_CONTEXT('2D SPACE',''
  ) );
#4890 = ORIENTED_EDGE('',*,*,#4540,.F.);
#4891 = ADVANCED_FACE('',(#4892),#4528,.F.);
#4892 = FACE_BOUND('',#4893,.T.);
#4893 = EDGE_LOOP('',(#4894,#4895,#4896,#4917));
#4894 = ORIENTED_EDGE('',*,*,#4870,.T.);
#4895 = ORIENTED_EDGE('',*,*,#4766,.T.);
#4896 = ORIENTED_EDGE('',*,*,#4897,.F.);
#4897 = EDGE_CURVE('',#4484,#4767,#4898,.T.);
#4898 = SURFACE_CURVE('',#4899,(#4903,#4910),.PCURVE_S1.);
#4899 = LINE('',#4900,#4901);
#4900 = CARTESIAN_POINT('',(38.111999998706,45.68,-3.5));
#4901 = VECTOR('',#4902,1.);
#4902 = DIRECTION('',(0.,0.,1.));
#4903 = PCURVE('',#4528,#4904);
#4904 = DEFINITIONAL_REPRESENTATION('',(#4905),#4909);
#4905 = LINE('',#4906,#4907);
#4906 = CARTESIAN_POINT('',(-1.570796326795,0.));
#4907 = VECTOR('',#4908,1.);
#4908 = DIRECTION('',(-0.,-1.));
#4909 = ( GEOMETRIC_REPRESENTATION_CONTEXT(2) 
PARAMETRIC_REPRESENTATION_CONTEXT() REPRESENTATION_CONTEXT('2D SPACE',''
  ) );
#4910 = PCURVE('',#4499,#4911);
#4911 = DEFINITIONAL_REPRESENTATION('',(#4912),#4916);
#4912 = LINE('',#4913,#4914);
#4913 = CARTESIAN_POINT('',(37.613999998708,0.));
#4914 = VECTOR('',#4915,1.);
#4915 = DIRECTION('',(0.,-1.));
#4916 = ( GEOMETRIC_REPRESENTATION_CONTEXT(2) 
PARAMETRIC_REPRESENTATION_CONTEXT() REPRESENTATION_CONTEXT('2D SPACE',''
  ) );
#4917 = ORIENTED_EDGE('',*,*,#4511,.F.);
#4918 = ADVANCED_FACE('',(#4919),#4499,.F.);
#4919 = FACE_BOUND('',#4920,.F.);
#4920 = EDGE_LOOP('',(#4921,#4942,#4943,#4944));
#4921 = ORIENTED_EDGE('',*,*,#4922,.T.);
#4922 = EDGE_CURVE('',#4455,#4791,#4923,.T.);
#4923 = SURFACE_CURVE('',#4924,(#4928,#4935),.PCURVE_S1.);
#4924 = LINE('',#4925,#4926);
#4925 = CARTESIAN_POINT('',(0.497999999998,45.68,-3.5));
#4926 = VECTOR('',#4927,1.);
#4927 = DIRECTION('',(0.,0.,1.));
#4928 = PCURVE('',#4499,#4929);
#4929 = DEFINITIONAL_REPRESENTATION('',(#4930),#4934);
#4930 = LINE('',#4931,#4932);
#4931 = CARTESIAN_POINT('',(0.,0.));
#4932 = VECTOR('',#4933,1.);
#4933 = DIRECTION('',(0.,-1.));
#4934 = ( GEOMETRIC_REPRESENTATION_CONTEXT(2) 
PARAMETRIC_REPRESENTATION_CONTEXT() REPRESENTATION_CONTEXT('2D SPACE',''
  ) );
#4935 = PCURVE('',#4471,#4936);
#4936 = DEFINITIONAL_REPRESENTATION('',(#4937),#4941);
#4937 = LINE('',#4938,#4939);
#4938 = CARTESIAN_POINT('',(-1.570796326795,0.));
#4939 = VECTOR('',#4940,1.);
#4940 = DIRECTION('',(-0.,-1.));
#4941 = ( GEOMETRIC_REPRESENTATION_CONTEXT(2) 
PARAMETRIC_REPRESENTATION_CONTEXT() REPRESENTATION_CONTEXT('2D SPACE',''
  ) );
#4942 = ORIENTED_EDGE('',*,*,#4790,.T.);
#4943 = ORIENTED_EDGE('',*,*,#4897,.F.);
#4944 = ORIENTED_EDGE('',*,*,#4483,.F.);
#4945 = ADVANCED_FACE('',(#4946),#4471,.F.);
#4946 = FACE_BOUND('',#4947,.T.);
#4947 = EDGE_LOOP('',(#4948,#4949,#4950,#4971));
#4948 = ORIENTED_EDGE('',*,*,#4922,.T.);
#4949 = ORIENTED_EDGE('',*,*,#4813,.T.);
#4950 = ORIENTED_EDGE('',*,*,#4951,.F.);
#4951 = EDGE_CURVE('',#4427,#4695,#4952,.T.);
#4952 = SURFACE_CURVE('',#4953,(#4957,#4964),.PCURVE_S1.);
#4953 = LINE('',#4954,#4955);
#4954 = CARTESIAN_POINT('',(-0.702,44.48,-3.5));
#4955 = VECTOR('',#4956,1.);
#4956 = DIRECTION('',(0.,0.,1.));
#4957 = PCURVE('',#4471,#4958);
#4958 = DEFINITIONAL_REPRESENTATION('',(#4959),#4963);
#4959 = LINE('',#4960,#4961);
#4960 = CARTESIAN_POINT('',(-3.14159265359,0.));
#4961 = VECTOR('',#4962,1.);
#4962 = DIRECTION('',(-0.,-1.));
#4963 = ( GEOMETRIC_REPRESENTATION_CONTEXT(2) 
PARAMETRIC_REPRESENTATION_CONTEXT() REPRESENTATION_CONTEXT('2D SPACE',''
  ) );
#4964 = PCURVE('',#4442,#4965);
#4965 = DEFINITIONAL_REPRESENTATION('',(#4966),#4970);
#4966 = LINE('',#4967,#4968);
#4967 = CARTESIAN_POINT('',(51.28,0.));
#4968 = VECTOR('',#4969,1.);
#4969 = DIRECTION('',(0.,-1.));
#4970 = ( GEOMETRIC_REPRESENTATION_CONTEXT(2) 
PARAMETRIC_REPRESENTATION_CONTEXT() REPRESENTATION_CONTEXT('2D SPACE',''
  ) );
#4971 = ORIENTED_EDGE('',*,*,#4454,.F.);
#4972 = ADVANCED_FACE('',(#4973),#4442,.F.);
#4973 = FACE_BOUND('',#4974,.F.);
#4974 = EDGE_LOOP('',(#4975,#4976,#4977,#4978));
#4975 = ORIENTED_EDGE('',*,*,#4644,.T.);
#4976 = ORIENTED_EDGE('',*,*,#4694,.T.);
#4977 = ORIENTED_EDGE('',*,*,#4951,.F.);
#4978 = ORIENTED_EDGE('',*,*,#4426,.F.);
#4979 = ( GEOMETRIC_REPRESENTATION_CONTEXT(3) 
GLOBAL_UNCERTAINTY_ASSIGNED_CONTEXT((#4983)) 
GLOBAL_UNIT_ASSIGNED_CONTEXT((#4980,#4981,#4982)) REPRESENTATION_CONTEXT
('Context #1','3D Context with UNIT and UNCERTAINTY') );
#4980 = ( LENGTH_UNIT() NAMED_UNIT(*) SI_UNIT(.MILLI.,.METRE.) );
#4981 = ( NAMED_UNIT(*) PLANE_ANGLE_UNIT() SI_UNIT($,.RADIAN.) );
#4982 = ( NAMED_UNIT(*) SI_UNIT($,.STERADIAN.) SOLID_ANGLE_UNIT() );
#4983 = UNCERTAINTY_MEASURE_WITH_UNIT(LENGTH_MEASURE(1.E-07),#4980,
  'distance_accuracy_value','confusion accuracy');
#4984 = PRODUCT_RELATED_PRODUCT_CATEGORY('part',$,(#7));

#4985=DESCRIPTIVE_REPRESENTATION_ITEM('cadgen:generator','cadgen');
#4986=REPRESENTATION('cadgen:generator',(#4985),#4979);
#4987=PROPERTY_DEFINITION('cadgen metadata','cadgen:generator',#5);
#4988=PROPERTY_DEFINITION_REPRESENTATION(#4987,#4986);
#4989=DESCRIPTIVE_REPRESENTATION_ITEM('cadgen:entryKind','part');
#4990=REPRESENTATION('cadgen:entryKind',(#4989),#4979);
#4991=PROPERTY_DEFINITION('cadgen metadata','cadgen:entryKind',#5);
#4992=PROPERTY_DEFINITION_REPRESENTATION(#4991,#4990);
#4993=DESCRIPTIVE_REPRESENTATION_ITEM('cadgen:sourcePath','front-cup.step.py');
#4994=REPRESENTATION('cadgen:sourcePath',(#4993),#4979);
#4995=PROPERTY_DEFINITION('cadgen metadata','cadgen:sourcePath',#5);
#4996=PROPERTY_DEFINITION_REPRESENTATION(#4995,#4994);
#4997=DESCRIPTIVE_REPRESENTATION_ITEM('cadgen:sourceHash','f2d76ae82c7e2c4777b84deb0aeddf6ef5731657ee12724e01fb5cdbf7a945c7');
#4998=REPRESENTATION('cadgen:sourceHash',(#4997),#4979);
#4999=PROPERTY_DEFINITION('cadgen metadata','cadgen:sourceHash',#5);
#5000=PROPERTY_DEFINITION_REPRESENTATION(#4999,#4998);
ENDSEC;
END-ISO-10303-21;
