ISO-10303-21;
HEADER;
FILE_DESCRIPTION(('Open CASCADE Model'),'2;1');
FILE_NAME('Open CASCADE Shape Model','2026-09-12T22:21:40',('Author'),(
    'Open CASCADE'),'Open CASCADE STEP processor 7.9','Open CASCADE 7.9'
  ,'Unknown');
FILE_SCHEMA(('AUTOMOTIVE_DESIGN { 1 0 10303 214 1 1 1 1 }'));
ENDSEC;
DATA;
#1 = APPLICATION_PROTOCOL_DEFINITION('international standard',
  'automotive_design',2000,#2);
#2 = APPLICATION_CONTEXT(
  'core data for automotive mechanical design processes');
#3 = SHAPE_DEFINITION_REPRESENTATION(#4,#10);
#4 = PRODUCT_DEFINITION_SHAPE('','',#5);
#5 = PRODUCT_DEFINITION('design','',#6,#9);
#6 = PRODUCT_DEFINITION_FORMATION('','',#7);
#7 = PRODUCT('power_puck','power_puck','',(#8));
#8 = PRODUCT_CONTEXT('',#2,'mechanical');
#9 = PRODUCT_DEFINITION_CONTEXT('part definition',#2,'design');
#10 = SHAPE_REPRESENTATION('',(#11,#15,#19,#23,#27),#31);
#11 = AXIS2_PLACEMENT_3D('',#12,#13,#14);
#12 = CARTESIAN_POINT('',(0.,0.,0.));
#13 = DIRECTION('',(0.,0.,1.));
#14 = DIRECTION('',(1.,0.,-0.));
#15 = AXIS2_PLACEMENT_3D('',#16,#17,#18);
#16 = CARTESIAN_POINT('',(0.,0.,0.));
#17 = DIRECTION('',(0.,0.,1.));
#18 = DIRECTION('',(1.,0.,-0.));
#19 = AXIS2_PLACEMENT_3D('',#20,#21,#22);
#20 = CARTESIAN_POINT('',(0.,0.,0.));
#21 = DIRECTION('',(0.,0.,1.));
#22 = DIRECTION('',(1.,0.,-0.));
#23 = AXIS2_PLACEMENT_3D('',#24,#25,#26);
#24 = CARTESIAN_POINT('',(0.,0.,0.));
#25 = DIRECTION('',(0.,0.,1.));
#26 = DIRECTION('',(1.,0.,-0.));
#27 = AXIS2_PLACEMENT_3D('',#28,#29,#30);
#28 = CARTESIAN_POINT('',(23.605,80.8,30.33));
#29 = DIRECTION('',(0.,-1.,2.22044604925E-16));
#30 = DIRECTION('',(1.,0.,0.));
#31 = ( GEOMETRIC_REPRESENTATION_CONTEXT(3) 
GLOBAL_UNCERTAINTY_ASSIGNED_CONTEXT((#35)) GLOBAL_UNIT_ASSIGNED_CONTEXT(
(#32,#33,#34)) REPRESENTATION_CONTEXT('Context #1',
  '3D Context with UNIT and UNCERTAINTY') );
#32 = ( LENGTH_UNIT() NAMED_UNIT(*) SI_UNIT(.MILLI.,.METRE.) );
#33 = ( NAMED_UNIT(*) PLANE_ANGLE_UNIT() SI_UNIT($,.RADIAN.) );
#34 = ( NAMED_UNIT(*) SI_UNIT($,.STERADIAN.) SOLID_ANGLE_UNIT() );
#35 = UNCERTAINTY_MEASURE_WITH_UNIT(LENGTH_MEASURE(1.E-07),#32,
  'distance_accuracy_value','confusion accuracy');
#36 = PRODUCT_RELATED_PRODUCT_CATEGORY('part',$,(#7));
#37 = SHAPE_DEFINITION_REPRESENTATION(#38,#44);
#38 = PRODUCT_DEFINITION_SHAPE('','',#39);
#39 = PRODUCT_DEFINITION('design','',#40,#43);
#40 = PRODUCT_DEFINITION_FORMATION('','',#41);
#41 = PRODUCT('tube','tube','',(#42));
#42 = PRODUCT_CONTEXT('',#2,'mechanical');
#43 = PRODUCT_DEFINITION_CONTEXT('part definition',#2,'design');
#44 = ADVANCED_BREP_SHAPE_REPRESENTATION('',(#11,#45),#2696);
#45 = MANIFOLD_SOLID_BREP('',#46);
#46 = CLOSED_SHELL('',(#47,#167,#249,#331,#401,#811,#865,#912,#965,#1013
    ,#1451,#1500,#1549,#1576,#1647,#1699,#1752,#1804,#1858,#1910,#1962,
    #1994,#2019,#2045,#2070,#2095,#2102,#2168,#2215,#2263,#2310,#2359,
    #2406,#2453,#2480,#2527,#2554,#2581,#2608,#2635,#2662,#2689));
#47 = ADVANCED_FACE('',(#48),#62,.T.);
#48 = FACE_BOUND('',#49,.T.);
#49 = EDGE_LOOP('',(#50,#85,#113,#141));
#50 = ORIENTED_EDGE('',*,*,#51,.T.);
#51 = EDGE_CURVE('',#52,#54,#56,.T.);
#52 = VERTEX_POINT('',#53);
#53 = CARTESIAN_POINT('',(-3.552713678801E-15,6.,2.8));
#54 = VERTEX_POINT('',#55);
#55 = CARTESIAN_POINT('',(-3.552713678801E-15,6.,18.4));
#56 = SURFACE_CURVE('',#57,(#61,#73),.PCURVE_S1.);
#57 = LINE('',#58,#59);
#58 = CARTESIAN_POINT('',(-3.552713678801E-15,6.,2.8));
#59 = VECTOR('',#60,1.);
#60 = DIRECTION('',(0.,0.,1.));
#61 = PCURVE('',#62,#67);
#62 = PLANE('',#63);
#63 = AXIS2_PLACEMENT_3D('',#64,#65,#66);
#64 = CARTESIAN_POINT('',(8.881784197001E-14,6.,2.8));
#65 = DIRECTION('',(-1.,0.,0.));
#66 = DIRECTION('',(0.,1.,0.));
#67 = DEFINITIONAL_REPRESENTATION('',(#68),#72);
#68 = LINE('',#69,#70);
#69 = CARTESIAN_POINT('',(0.,0.));
#70 = VECTOR('',#71,1.);
#71 = DIRECTION('',(0.,-1.));
#72 = ( GEOMETRIC_REPRESENTATION_CONTEXT(2) 
PARAMETRIC_REPRESENTATION_CONTEXT() REPRESENTATION_CONTEXT('2D SPACE',''
  ) );
#73 = PCURVE('',#74,#79);
#74 = CYLINDRICAL_SURFACE('',#75,6.);
#75 = AXIS2_PLACEMENT_3D('',#76,#77,#78);
#76 = CARTESIAN_POINT('',(6.,6.,2.8));
#77 = DIRECTION('',(-0.,-0.,-1.));
#78 = DIRECTION('',(1.,0.,0.));
#79 = DEFINITIONAL_REPRESENTATION('',(#80),#84);
#80 = LINE('',#81,#82);
#81 = CARTESIAN_POINT('',(-3.14159265359,0.));
#82 = VECTOR('',#83,1.);
#83 = DIRECTION('',(-0.,-1.));
#84 = ( GEOMETRIC_REPRESENTATION_CONTEXT(2) 
PARAMETRIC_REPRESENTATION_CONTEXT() REPRESENTATION_CONTEXT('2D SPACE',''
  ) );
#85 = ORIENTED_EDGE('',*,*,#86,.T.);
#86 = EDGE_CURVE('',#54,#87,#89,.T.);
#87 = VERTEX_POINT('',#88);
#88 = CARTESIAN_POINT('',(-3.552713678801E-15,74.8,18.4));
#89 = SURFACE_CURVE('',#90,(#94,#101),.PCURVE_S1.);
#90 = LINE('',#91,#92);
#91 = CARTESIAN_POINT('',(8.881784197001E-14,40.4,18.4));
#92 = VECTOR('',#93,1.);
#93 = DIRECTION('',(0.,1.,0.));
#94 = PCURVE('',#62,#95);
#95 = DEFINITIONAL_REPRESENTATION('',(#96),#100);
#96 = LINE('',#97,#98);
#97 = CARTESIAN_POINT('',(34.4,-15.6));
#98 = VECTOR('',#99,1.);
#99 = DIRECTION('',(1.,0.));
#100 = ( GEOMETRIC_REPRESENTATION_CONTEXT(2) 
PARAMETRIC_REPRESENTATION_CONTEXT() REPRESENTATION_CONTEXT('2D SPACE',''
  ) );
#101 = PCURVE('',#102,#107);
#102 = PLANE('',#103);
#103 = AXIS2_PLACEMENT_3D('',#104,#105,#106);
#104 = CARTESIAN_POINT('',(23.604999999552,40.4,18.4));
#105 = DIRECTION('',(0.,0.,1.));
#106 = DIRECTION('',(1.,0.,0.));
#107 = DEFINITIONAL_REPRESENTATION('',(#108),#112);
#108 = LINE('',#109,#110);
#109 = CARTESIAN_POINT('',(-23.60499999955,-5.214143357781E-16));
#110 = VECTOR('',#111,1.);
#111 = DIRECTION('',(0.,1.));
#112 = ( GEOMETRIC_REPRESENTATION_CONTEXT(2) 
PARAMETRIC_REPRESENTATION_CONTEXT() REPRESENTATION_CONTEXT('2D SPACE',''
  ) );
#113 = ORIENTED_EDGE('',*,*,#114,.F.);
#114 = EDGE_CURVE('',#115,#87,#117,.T.);
#115 = VERTEX_POINT('',#116);
#116 = CARTESIAN_POINT('',(-3.552713678801E-15,74.8,2.8));
#117 = SURFACE_CURVE('',#118,(#122,#129),.PCURVE_S1.);
#118 = LINE('',#119,#120);
#119 = CARTESIAN_POINT('',(-3.552713678801E-15,74.8,2.8));
#120 = VECTOR('',#121,1.);
#121 = DIRECTION('',(0.,0.,1.));
#122 = PCURVE('',#62,#123);
#123 = DEFINITIONAL_REPRESENTATION('',(#124),#128);
#124 = LINE('',#125,#126);
#125 = CARTESIAN_POINT('',(68.8,0.));
#126 = VECTOR('',#127,1.);
#127 = DIRECTION('',(0.,-1.));
#128 = ( GEOMETRIC_REPRESENTATION_CONTEXT(2) 
PARAMETRIC_REPRESENTATION_CONTEXT() REPRESENTATION_CONTEXT('2D SPACE',''
  ) );
#129 = PCURVE('',#130,#135);
#130 = CYLINDRICAL_SURFACE('',#131,6.);
#131 = AXIS2_PLACEMENT_3D('',#132,#133,#134);
#132 = CARTESIAN_POINT('',(6.,74.8,2.8));
#133 = DIRECTION('',(-0.,-0.,-1.));
#134 = DIRECTION('',(1.,0.,0.));
#135 = DEFINITIONAL_REPRESENTATION('',(#136),#140);
#136 = LINE('',#137,#138);
#137 = CARTESIAN_POINT('',(-3.14159265359,0.));
#138 = VECTOR('',#139,1.);
#139 = DIRECTION('',(-0.,-1.));
#140 = ( GEOMETRIC_REPRESENTATION_CONTEXT(2) 
PARAMETRIC_REPRESENTATION_CONTEXT() REPRESENTATION_CONTEXT('2D SPACE',''
  ) );
#141 = ORIENTED_EDGE('',*,*,#142,.F.);
#142 = EDGE_CURVE('',#52,#115,#143,.T.);
#143 = SURFACE_CURVE('',#144,(#148,#155),.PCURVE_S1.);
#144 = LINE('',#145,#146);
#145 = CARTESIAN_POINT('',(8.881784197001E-14,40.4,2.8));
#146 = VECTOR('',#147,1.);
#147 = DIRECTION('',(0.,1.,0.));
#148 = PCURVE('',#62,#149);
#149 = DEFINITIONAL_REPRESENTATION('',(#150),#154);
#150 = LINE('',#151,#152);
#151 = CARTESIAN_POINT('',(34.4,0.));
#152 = VECTOR('',#153,1.);
#153 = DIRECTION('',(1.,0.));
#154 = ( GEOMETRIC_REPRESENTATION_CONTEXT(2) 
PARAMETRIC_REPRESENTATION_CONTEXT() REPRESENTATION_CONTEXT('2D SPACE',''
  ) );
#155 = PCURVE('',#156,#161);
#156 = PLANE('',#157);
#157 = AXIS2_PLACEMENT_3D('',#158,#159,#160);
#158 = CARTESIAN_POINT('',(8.881784197001E-14,40.4,2.8));
#159 = DIRECTION('',(-0.707106781187,0.,-0.707106781187));
#160 = DIRECTION('',(0.,-1.,-0.));
#161 = DEFINITIONAL_REPRESENTATION('',(#162),#166);
#162 = LINE('',#163,#164);
#163 = CARTESIAN_POINT('',(0.,0.));
#164 = VECTOR('',#165,1.);
#165 = DIRECTION('',(-1.,0.));
#166 = ( GEOMETRIC_REPRESENTATION_CONTEXT(2) 
PARAMETRIC_REPRESENTATION_CONTEXT() REPRESENTATION_CONTEXT('2D SPACE',''
  ) );
#167 = ADVANCED_FACE('',(#168),#74,.T.);
#168 = FACE_BOUND('',#169,.F.);
#169 = EDGE_LOOP('',(#170,#171,#195,#223));
#170 = ORIENTED_EDGE('',*,*,#51,.T.);
#171 = ORIENTED_EDGE('',*,*,#172,.T.);
#172 = EDGE_CURVE('',#54,#173,#175,.T.);
#173 = VERTEX_POINT('',#174);
#174 = CARTESIAN_POINT('',(6.,0.,18.4));
#175 = SURFACE_CURVE('',#176,(#181,#188),.PCURVE_S1.);
#176 = CIRCLE('',#177,6.);
#177 = AXIS2_PLACEMENT_3D('',#178,#179,#180);
#178 = CARTESIAN_POINT('',(6.,6.,18.4));
#179 = DIRECTION('',(0.,0.,1.));
#180 = DIRECTION('',(1.,0.,0.));
#181 = PCURVE('',#74,#182);
#182 = DEFINITIONAL_REPRESENTATION('',(#183),#187);
#183 = LINE('',#184,#185);
#184 = CARTESIAN_POINT('',(-0.,-15.6));
#185 = VECTOR('',#186,1.);
#186 = DIRECTION('',(-1.,0.));
#187 = ( GEOMETRIC_REPRESENTATION_CONTEXT(2) 
PARAMETRIC_REPRESENTATION_CONTEXT() REPRESENTATION_CONTEXT('2D SPACE',''
  ) );
#188 = PCURVE('',#102,#189);
#189 = DEFINITIONAL_REPRESENTATION('',(#190),#194);
#190 = CIRCLE('',#191,6.);
#191 = AXIS2_PLACEMENT_2D('',#192,#193);
#192 = CARTESIAN_POINT('',(-17.60499999955,-34.4));
#193 = DIRECTION('',(1.,0.));
#194 = ( GEOMETRIC_REPRESENTATION_CONTEXT(2) 
PARAMETRIC_REPRESENTATION_CONTEXT() REPRESENTATION_CONTEXT('2D SPACE',''
  ) );
#195 = ORIENTED_EDGE('',*,*,#196,.F.);
#196 = EDGE_CURVE('',#197,#173,#199,.T.);
#197 = VERTEX_POINT('',#198);
#198 = CARTESIAN_POINT('',(6.,0.,2.8));
#199 = SURFACE_CURVE('',#200,(#204,#211),.PCURVE_S1.);
#200 = LINE('',#201,#202);
#201 = CARTESIAN_POINT('',(6.,0.,2.8));
#202 = VECTOR('',#203,1.);
#203 = DIRECTION('',(0.,0.,1.));
#204 = PCURVE('',#74,#205);
#205 = DEFINITIONAL_REPRESENTATION('',(#206),#210);
#206 = LINE('',#207,#208);
#207 = CARTESIAN_POINT('',(-4.712388980385,0.));
#208 = VECTOR('',#209,1.);
#209 = DIRECTION('',(-0.,-1.));
#210 = ( GEOMETRIC_REPRESENTATION_CONTEXT(2) 
PARAMETRIC_REPRESENTATION_CONTEXT() REPRESENTATION_CONTEXT('2D SPACE',''
  ) );
#211 = PCURVE('',#212,#217);
#212 = PLANE('',#213);
#213 = AXIS2_PLACEMENT_3D('',#214,#215,#216);
#214 = CARTESIAN_POINT('',(6.,0.,2.8));
#215 = DIRECTION('',(0.,1.,0.));
#216 = DIRECTION('',(1.,0.,0.));
#217 = DEFINITIONAL_REPRESENTATION('',(#218),#222);
#218 = LINE('',#219,#220);
#219 = CARTESIAN_POINT('',(0.,0.));
#220 = VECTOR('',#221,1.);
#221 = DIRECTION('',(0.,-1.));
#222 = ( GEOMETRIC_REPRESENTATION_CONTEXT(2) 
PARAMETRIC_REPRESENTATION_CONTEXT() REPRESENTATION_CONTEXT('2D SPACE',''
  ) );
#223 = ORIENTED_EDGE('',*,*,#224,.F.);
#224 = EDGE_CURVE('',#52,#197,#225,.T.);
#225 = SURFACE_CURVE('',#226,(#231,#238),.PCURVE_S1.);
#226 = CIRCLE('',#227,6.);
#227 = AXIS2_PLACEMENT_3D('',#228,#229,#230);
#228 = CARTESIAN_POINT('',(6.,6.,2.8));
#229 = DIRECTION('',(0.,0.,1.));
#230 = DIRECTION('',(1.,0.,0.));
#231 = PCURVE('',#74,#232);
#232 = DEFINITIONAL_REPRESENTATION('',(#233),#237);
#233 = LINE('',#234,#235);
#234 = CARTESIAN_POINT('',(-0.,0.));
#235 = VECTOR('',#236,1.);
#236 = DIRECTION('',(-1.,0.));
#237 = ( GEOMETRIC_REPRESENTATION_CONTEXT(2) 
PARAMETRIC_REPRESENTATION_CONTEXT() REPRESENTATION_CONTEXT('2D SPACE',''
  ) );
#238 = PCURVE('',#239,#244);
#239 = CONICAL_SURFACE('',#240,5.6,0.785398163397);
#240 = AXIS2_PLACEMENT_3D('',#241,#242,#243);
#241 = CARTESIAN_POINT('',(6.,6.,2.4));
#242 = DIRECTION('',(0.,0.,1.));
#243 = DIRECTION('',(1.,0.,0.));
#244 = DEFINITIONAL_REPRESENTATION('',(#245),#248);
#245 = B_SPLINE_CURVE_WITH_KNOTS('',1,(#246,#247),.UNSPECIFIED.,.F.,.F.,
  (2,2),(3.14159265359,4.712388980385),.PIECEWISE_BEZIER_KNOTS.);
#246 = CARTESIAN_POINT('',(3.14159265359,0.4));
#247 = CARTESIAN_POINT('',(4.712388980385,0.4));
#248 = ( GEOMETRIC_REPRESENTATION_CONTEXT(2) 
PARAMETRIC_REPRESENTATION_CONTEXT() REPRESENTATION_CONTEXT('2D SPACE',''
  ) );
#249 = ADVANCED_FACE('',(#250),#130,.T.);
#250 = FACE_BOUND('',#251,.F.);
#251 = EDGE_LOOP('',(#252,#282,#304,#305));
#252 = ORIENTED_EDGE('',*,*,#253,.T.);
#253 = EDGE_CURVE('',#254,#256,#258,.T.);
#254 = VERTEX_POINT('',#255);
#255 = CARTESIAN_POINT('',(6.,80.8,2.8));
#256 = VERTEX_POINT('',#257);
#257 = CARTESIAN_POINT('',(6.,80.8,18.4));
#258 = SURFACE_CURVE('',#259,(#263,#270),.PCURVE_S1.);
#259 = LINE('',#260,#261);
#260 = CARTESIAN_POINT('',(6.,80.8,2.8));
#261 = VECTOR('',#262,1.);
#262 = DIRECTION('',(0.,0.,1.));
#263 = PCURVE('',#130,#264);
#264 = DEFINITIONAL_REPRESENTATION('',(#265),#269);
#265 = LINE('',#266,#267);
#266 = CARTESIAN_POINT('',(-1.570796326795,0.));
#267 = VECTOR('',#268,1.);
#268 = DIRECTION('',(-0.,-1.));
#269 = ( GEOMETRIC_REPRESENTATION_CONTEXT(2) 
PARAMETRIC_REPRESENTATION_CONTEXT() REPRESENTATION_CONTEXT('2D SPACE',''
  ) );
#270 = PCURVE('',#271,#276);
#271 = PLANE('',#272);
#272 = AXIS2_PLACEMENT_3D('',#273,#274,#275);
#273 = CARTESIAN_POINT('',(6.,80.8,2.8));
#274 = DIRECTION('',(0.,1.,0.));
#275 = DIRECTION('',(1.,0.,0.));
#276 = DEFINITIONAL_REPRESENTATION('',(#277),#281);
#277 = LINE('',#278,#279);
#278 = CARTESIAN_POINT('',(0.,0.));
#279 = VECTOR('',#280,1.);
#280 = DIRECTION('',(0.,-1.));
#281 = ( GEOMETRIC_REPRESENTATION_CONTEXT(2) 
PARAMETRIC_REPRESENTATION_CONTEXT() REPRESENTATION_CONTEXT('2D SPACE',''
  ) );
#282 = ORIENTED_EDGE('',*,*,#283,.T.);
#283 = EDGE_CURVE('',#256,#87,#284,.T.);
#284 = SURFACE_CURVE('',#285,(#290,#297),.PCURVE_S1.);
#285 = CIRCLE('',#286,6.);
#286 = AXIS2_PLACEMENT_3D('',#287,#288,#289);
#287 = CARTESIAN_POINT('',(6.,74.8,18.4));
#288 = DIRECTION('',(0.,0.,1.));
#289 = DIRECTION('',(1.,0.,0.));
#290 = PCURVE('',#130,#291);
#291 = DEFINITIONAL_REPRESENTATION('',(#292),#296);
#292 = LINE('',#293,#294);
#293 = CARTESIAN_POINT('',(-0.,-15.6));
#294 = VECTOR('',#295,1.);
#295 = DIRECTION('',(-1.,0.));
#296 = ( GEOMETRIC_REPRESENTATION_CONTEXT(2) 
PARAMETRIC_REPRESENTATION_CONTEXT() REPRESENTATION_CONTEXT('2D SPACE',''
  ) );
#297 = PCURVE('',#102,#298);
#298 = DEFINITIONAL_REPRESENTATION('',(#299),#303);
#299 = CIRCLE('',#300,6.);
#300 = AXIS2_PLACEMENT_2D('',#301,#302);
#301 = CARTESIAN_POINT('',(-17.60499999955,34.4));
#302 = DIRECTION('',(1.,0.));
#303 = ( GEOMETRIC_REPRESENTATION_CONTEXT(2) 
PARAMETRIC_REPRESENTATION_CONTEXT() REPRESENTATION_CONTEXT('2D SPACE',''
  ) );
#304 = ORIENTED_EDGE('',*,*,#114,.F.);
#305 = ORIENTED_EDGE('',*,*,#306,.F.);
#306 = EDGE_CURVE('',#254,#115,#307,.T.);
#307 = SURFACE_CURVE('',#308,(#313,#320),.PCURVE_S1.);
#308 = CIRCLE('',#309,6.);
#309 = AXIS2_PLACEMENT_3D('',#310,#311,#312);
#310 = CARTESIAN_POINT('',(6.,74.8,2.8));
#311 = DIRECTION('',(0.,0.,1.));
#312 = DIRECTION('',(1.,0.,0.));
#313 = PCURVE('',#130,#314);
#314 = DEFINITIONAL_REPRESENTATION('',(#315),#319);
#315 = LINE('',#316,#317);
#316 = CARTESIAN_POINT('',(-0.,0.));
#317 = VECTOR('',#318,1.);
#318 = DIRECTION('',(-1.,0.));
#319 = ( GEOMETRIC_REPRESENTATION_CONTEXT(2) 
PARAMETRIC_REPRESENTATION_CONTEXT() REPRESENTATION_CONTEXT('2D SPACE',''
  ) );
#320 = PCURVE('',#321,#326);
#321 = CONICAL_SURFACE('',#322,5.6,0.785398163397);
#322 = AXIS2_PLACEMENT_3D('',#323,#324,#325);
#323 = CARTESIAN_POINT('',(6.,74.8,2.4));
#324 = DIRECTION('',(0.,0.,1.));
#325 = DIRECTION('',(1.,0.,0.));
#326 = DEFINITIONAL_REPRESENTATION('',(#327),#330);
#327 = B_SPLINE_CURVE_WITH_KNOTS('',1,(#328,#329),.UNSPECIFIED.,.F.,.F.,
  (2,2),(1.570796326795,3.14159265359),.PIECEWISE_BEZIER_KNOTS.);
#328 = CARTESIAN_POINT('',(1.570796326795,0.4));
#329 = CARTESIAN_POINT('',(3.14159265359,0.4));
#330 = ( GEOMETRIC_REPRESENTATION_CONTEXT(2) 
PARAMETRIC_REPRESENTATION_CONTEXT() REPRESENTATION_CONTEXT('2D SPACE',''
  ) );
#331 = ADVANCED_FACE('',(#332),#156,.T.);
#332 = FACE_BOUND('',#333,.T.);
#333 = EDGE_LOOP('',(#334,#364,#382,#383));
#334 = ORIENTED_EDGE('',*,*,#335,.F.);
#335 = EDGE_CURVE('',#336,#338,#340,.T.);
#336 = VERTEX_POINT('',#337);
#337 = CARTESIAN_POINT('',(0.4,6.,2.4));
#338 = VERTEX_POINT('',#339);
#339 = CARTESIAN_POINT('',(0.4,74.8,2.4));
#340 = SURFACE_CURVE('',#341,(#345,#352),.PCURVE_S1.);
#341 = LINE('',#342,#343);
#342 = CARTESIAN_POINT('',(0.4,40.4,2.4));
#343 = VECTOR('',#344,1.);
#344 = DIRECTION('',(0.,1.,0.));
#345 = PCURVE('',#156,#346);
#346 = DEFINITIONAL_REPRESENTATION('',(#347),#351);
#347 = LINE('',#348,#349);
#348 = CARTESIAN_POINT('',(3.552713678801E-15,-0.565685424949));
#349 = VECTOR('',#350,1.);
#350 = DIRECTION('',(-1.,0.));
#351 = ( GEOMETRIC_REPRESENTATION_CONTEXT(2) 
PARAMETRIC_REPRESENTATION_CONTEXT() REPRESENTATION_CONTEXT('2D SPACE',''
  ) );
#352 = PCURVE('',#353,#358);
#353 = PLANE('',#354);
#354 = AXIS2_PLACEMENT_3D('',#355,#356,#357);
#355 = CARTESIAN_POINT('',(6.,6.,2.4));
#356 = DIRECTION('',(0.,0.,1.));
#357 = DIRECTION('',(1.,0.,0.));
#358 = DEFINITIONAL_REPRESENTATION('',(#359),#363);
#359 = LINE('',#360,#361);
#360 = CARTESIAN_POINT('',(-5.6,34.4));
#361 = VECTOR('',#362,1.);
#362 = DIRECTION('',(0.,1.));
#363 = ( GEOMETRIC_REPRESENTATION_CONTEXT(2) 
PARAMETRIC_REPRESENTATION_CONTEXT() REPRESENTATION_CONTEXT('2D SPACE',''
  ) );
#364 = ORIENTED_EDGE('',*,*,#365,.T.);
#365 = EDGE_CURVE('',#336,#52,#366,.T.);
#366 = SURFACE_CURVE('',#367,(#370,#376),.PCURVE_S1.);
#367 = B_SPLINE_CURVE_WITH_KNOTS('',1,(#368,#369),.UNSPECIFIED.,.F.,.F.,
  (2,2),(0.,1.),.PIECEWISE_BEZIER_KNOTS.);
#368 = CARTESIAN_POINT('',(0.4,6.,2.4));
#369 = CARTESIAN_POINT('',(-3.552713678801E-15,6.,2.8));
#370 = PCURVE('',#156,#371);
#371 = DEFINITIONAL_REPRESENTATION('',(#372),#375);
#372 = B_SPLINE_CURVE_WITH_KNOTS('',1,(#373,#374),.UNSPECIFIED.,.F.,.F.,
  (2,2),(0.,1.),.PIECEWISE_BEZIER_KNOTS.);
#373 = CARTESIAN_POINT('',(34.4,-0.565685424949));
#374 = CARTESIAN_POINT('',(34.4,6.394884621841E-14));
#375 = ( GEOMETRIC_REPRESENTATION_CONTEXT(2) 
PARAMETRIC_REPRESENTATION_CONTEXT() REPRESENTATION_CONTEXT('2D SPACE',''
  ) );
#376 = PCURVE('',#239,#377);
#377 = DEFINITIONAL_REPRESENTATION('',(#378),#381);
#378 = B_SPLINE_CURVE_WITH_KNOTS('',1,(#379,#380),.UNSPECIFIED.,.F.,.F.,
  (2,2),(0.,1.),.PIECEWISE_BEZIER_KNOTS.);
#379 = CARTESIAN_POINT('',(3.14159265359,0.));
#380 = CARTESIAN_POINT('',(3.14159265359,0.4));
#381 = ( GEOMETRIC_REPRESENTATION_CONTEXT(2) 
PARAMETRIC_REPRESENTATION_CONTEXT() REPRESENTATION_CONTEXT('2D SPACE',''
  ) );
#382 = ORIENTED_EDGE('',*,*,#142,.T.);
#383 = ORIENTED_EDGE('',*,*,#384,.F.);
#384 = EDGE_CURVE('',#338,#115,#385,.T.);
#385 = SURFACE_CURVE('',#386,(#389,#395),.PCURVE_S1.);
#386 = B_SPLINE_CURVE_WITH_KNOTS('',1,(#387,#388),.UNSPECIFIED.,.F.,.F.,
  (2,2),(0.,1.),.PIECEWISE_BEZIER_KNOTS.);
#387 = CARTESIAN_POINT('',(0.4,74.8,2.4));
#388 = CARTESIAN_POINT('',(-3.552713678801E-15,74.8,2.8));
#389 = PCURVE('',#156,#390);
#390 = DEFINITIONAL_REPRESENTATION('',(#391),#394);
#391 = B_SPLINE_CURVE_WITH_KNOTS('',1,(#392,#393),.UNSPECIFIED.,.F.,.F.,
  (2,2),(0.,1.),.PIECEWISE_BEZIER_KNOTS.);
#392 = CARTESIAN_POINT('',(-34.4,-0.565685424949));
#393 = CARTESIAN_POINT('',(-34.4,6.394884621841E-14));
#394 = ( GEOMETRIC_REPRESENTATION_CONTEXT(2) 
PARAMETRIC_REPRESENTATION_CONTEXT() REPRESENTATION_CONTEXT('2D SPACE',''
  ) );
#395 = PCURVE('',#321,#396);
#396 = DEFINITIONAL_REPRESENTATION('',(#397),#400);
#397 = B_SPLINE_CURVE_WITH_KNOTS('',1,(#398,#399),.UNSPECIFIED.,.F.,.F.,
  (2,2),(0.,1.),.PIECEWISE_BEZIER_KNOTS.);
#398 = CARTESIAN_POINT('',(3.14159265359,0.));
#399 = CARTESIAN_POINT('',(3.14159265359,0.4));
#400 = ( GEOMETRIC_REPRESENTATION_CONTEXT(2) 
PARAMETRIC_REPRESENTATION_CONTEXT() REPRESENTATION_CONTEXT('2D SPACE',''
  ) );
#401 = ADVANCED_FACE('',(#402,#537),#102,.T.);
#402 = FACE_BOUND('',#403,.T.);
#403 = EDGE_LOOP('',(#404,#405,#406,#429,#458,#486,#515,#536));
#404 = ORIENTED_EDGE('',*,*,#86,.F.);
#405 = ORIENTED_EDGE('',*,*,#172,.T.);
#406 = ORIENTED_EDGE('',*,*,#407,.T.);
#407 = EDGE_CURVE('',#173,#408,#410,.T.);
#408 = VERTEX_POINT('',#409);
#409 = CARTESIAN_POINT('',(41.20999999796,0.,18.4));
#410 = SURFACE_CURVE('',#411,(#415,#422),.PCURVE_S1.);
#411 = LINE('',#412,#413);
#412 = CARTESIAN_POINT('',(23.605,0.,18.4));
#413 = VECTOR('',#414,1.);
#414 = DIRECTION('',(1.,0.,0.));
#415 = PCURVE('',#102,#416);
#416 = DEFINITIONAL_REPRESENTATION('',(#417),#421);
#417 = LINE('',#418,#419);
#418 = CARTESIAN_POINT('',(4.479401616107E-10,-40.4));
#419 = VECTOR('',#420,1.);
#420 = DIRECTION('',(1.,0.));
#421 = ( GEOMETRIC_REPRESENTATION_CONTEXT(2) 
PARAMETRIC_REPRESENTATION_CONTEXT() REPRESENTATION_CONTEXT('2D SPACE',''
  ) );
#422 = PCURVE('',#212,#423);
#423 = DEFINITIONAL_REPRESENTATION('',(#424),#428);
#424 = LINE('',#425,#426);
#425 = CARTESIAN_POINT('',(17.605,-15.6));
#426 = VECTOR('',#427,1.);
#427 = DIRECTION('',(1.,0.));
#428 = ( GEOMETRIC_REPRESENTATION_CONTEXT(2) 
PARAMETRIC_REPRESENTATION_CONTEXT() REPRESENTATION_CONTEXT('2D SPACE',''
  ) );
#429 = ORIENTED_EDGE('',*,*,#430,.T.);
#430 = EDGE_CURVE('',#408,#431,#433,.T.);
#431 = VERTEX_POINT('',#432);
#432 = CARTESIAN_POINT('',(47.20999999898,6.,18.4));
#433 = SURFACE_CURVE('',#434,(#439,#446),.PCURVE_S1.);
#434 = CIRCLE('',#435,6.);
#435 = AXIS2_PLACEMENT_3D('',#436,#437,#438);
#436 = CARTESIAN_POINT('',(41.20999999796,6.,18.4));
#437 = DIRECTION('',(0.,0.,1.));
#438 = DIRECTION('',(1.,0.,0.));
#439 = PCURVE('',#102,#440);
#440 = DEFINITIONAL_REPRESENTATION('',(#441),#445);
#441 = CIRCLE('',#442,6.);
#442 = AXIS2_PLACEMENT_2D('',#443,#444);
#443 = CARTESIAN_POINT('',(17.604999998408,-34.4));
#444 = DIRECTION('',(1.,0.));
#445 = ( GEOMETRIC_REPRESENTATION_CONTEXT(2) 
PARAMETRIC_REPRESENTATION_CONTEXT() REPRESENTATION_CONTEXT('2D SPACE',''
  ) );
#446 = PCURVE('',#447,#452);
#447 = CYLINDRICAL_SURFACE('',#448,6.);
#448 = AXIS2_PLACEMENT_3D('',#449,#450,#451);
#449 = CARTESIAN_POINT('',(41.20999999796,6.,2.8));
#450 = DIRECTION('',(-0.,-0.,-1.));
#451 = DIRECTION('',(1.,0.,0.));
#452 = DEFINITIONAL_REPRESENTATION('',(#453),#457);
#453 = LINE('',#454,#455);
#454 = CARTESIAN_POINT('',(-0.,-15.6));
#455 = VECTOR('',#456,1.);
#456 = DIRECTION('',(-1.,0.));
#457 = ( GEOMETRIC_REPRESENTATION_CONTEXT(2) 
PARAMETRIC_REPRESENTATION_CONTEXT() REPRESENTATION_CONTEXT('2D SPACE',''
  ) );
#458 = ORIENTED_EDGE('',*,*,#459,.T.);
#459 = EDGE_CURVE('',#431,#460,#462,.T.);
#460 = VERTEX_POINT('',#461);
#461 = CARTESIAN_POINT('',(47.20999999898,74.8,18.4));
#462 = SURFACE_CURVE('',#463,(#467,#474),.PCURVE_S1.);
#463 = LINE('',#464,#465);
#464 = CARTESIAN_POINT('',(47.21,40.4,18.4));
#465 = VECTOR('',#466,1.);
#466 = DIRECTION('',(0.,1.,0.));
#467 = PCURVE('',#102,#468);
#468 = DEFINITIONAL_REPRESENTATION('',(#469),#473);
#469 = LINE('',#470,#471);
#470 = CARTESIAN_POINT('',(23.605000000448,-5.214143357781E-16));
#471 = VECTOR('',#472,1.);
#472 = DIRECTION('',(0.,1.));
#473 = ( GEOMETRIC_REPRESENTATION_CONTEXT(2) 
PARAMETRIC_REPRESENTATION_CONTEXT() REPRESENTATION_CONTEXT('2D SPACE',''
  ) );
#474 = PCURVE('',#475,#480);
#475 = PLANE('',#476);
#476 = AXIS2_PLACEMENT_3D('',#477,#478,#479);
#477 = CARTESIAN_POINT('',(47.21,6.,2.8));
#478 = DIRECTION('',(-1.,0.,0.));
#479 = DIRECTION('',(0.,1.,0.));
#480 = DEFINITIONAL_REPRESENTATION('',(#481),#485);
#481 = LINE('',#482,#483);
#482 = CARTESIAN_POINT('',(34.4,-15.6));
#483 = VECTOR('',#484,1.);
#484 = DIRECTION('',(1.,0.));
#485 = ( GEOMETRIC_REPRESENTATION_CONTEXT(2) 
PARAMETRIC_REPRESENTATION_CONTEXT() REPRESENTATION_CONTEXT('2D SPACE',''
  ) );
#486 = ORIENTED_EDGE('',*,*,#487,.T.);
#487 = EDGE_CURVE('',#460,#488,#490,.T.);
#488 = VERTEX_POINT('',#489);
#489 = CARTESIAN_POINT('',(41.20999999796,80.8,18.4));
#490 = SURFACE_CURVE('',#491,(#496,#503),.PCURVE_S1.);
#491 = CIRCLE('',#492,6.);
#492 = AXIS2_PLACEMENT_3D('',#493,#494,#495);
#493 = CARTESIAN_POINT('',(41.20999999796,74.8,18.4));
#494 = DIRECTION('',(0.,0.,1.));
#495 = DIRECTION('',(1.,0.,0.));
#496 = PCURVE('',#102,#497);
#497 = DEFINITIONAL_REPRESENTATION('',(#498),#502);
#498 = CIRCLE('',#499,6.);
#499 = AXIS2_PLACEMENT_2D('',#500,#501);
#500 = CARTESIAN_POINT('',(17.604999998408,34.4));
#501 = DIRECTION('',(1.,0.));
#502 = ( GEOMETRIC_REPRESENTATION_CONTEXT(2) 
PARAMETRIC_REPRESENTATION_CONTEXT() REPRESENTATION_CONTEXT('2D SPACE',''
  ) );
#503 = PCURVE('',#504,#509);
#504 = CYLINDRICAL_SURFACE('',#505,6.);
#505 = AXIS2_PLACEMENT_3D('',#506,#507,#508);
#506 = CARTESIAN_POINT('',(41.20999999796,74.8,2.8));
#507 = DIRECTION('',(-0.,-0.,-1.));
#508 = DIRECTION('',(1.,0.,0.));
#509 = DEFINITIONAL_REPRESENTATION('',(#510),#514);
#510 = LINE('',#511,#512);
#511 = CARTESIAN_POINT('',(-0.,-15.6));
#512 = VECTOR('',#513,1.);
#513 = DIRECTION('',(-1.,0.));
#514 = ( GEOMETRIC_REPRESENTATION_CONTEXT(2) 
PARAMETRIC_REPRESENTATION_CONTEXT() REPRESENTATION_CONTEXT('2D SPACE',''
  ) );
#515 = ORIENTED_EDGE('',*,*,#516,.F.);
#516 = EDGE_CURVE('',#256,#488,#517,.T.);
#517 = SURFACE_CURVE('',#518,(#522,#529),.PCURVE_S1.);
#518 = LINE('',#519,#520);
#519 = CARTESIAN_POINT('',(23.605,80.8,18.4));
#520 = VECTOR('',#521,1.);
#521 = DIRECTION('',(1.,0.,0.));
#522 = PCURVE('',#102,#523);
#523 = DEFINITIONAL_REPRESENTATION('',(#524),#528);
#524 = LINE('',#525,#526);
#525 = CARTESIAN_POINT('',(4.479401616107E-10,40.4));
#526 = VECTOR('',#527,1.);
#527 = DIRECTION('',(1.,0.));
#528 = ( GEOMETRIC_REPRESENTATION_CONTEXT(2) 
PARAMETRIC_REPRESENTATION_CONTEXT() REPRESENTATION_CONTEXT('2D SPACE',''
  ) );
#529 = PCURVE('',#271,#530);
#530 = DEFINITIONAL_REPRESENTATION('',(#531),#535);
#531 = LINE('',#532,#533);
#532 = CARTESIAN_POINT('',(17.605,-15.6));
#533 = VECTOR('',#534,1.);
#534 = DIRECTION('',(1.,0.));
#535 = ( GEOMETRIC_REPRESENTATION_CONTEXT(2) 
PARAMETRIC_REPRESENTATION_CONTEXT() REPRESENTATION_CONTEXT('2D SPACE',''
  ) );
#536 = ORIENTED_EDGE('',*,*,#283,.T.);
#537 = FACE_BOUND('',#538,.T.);
#538 = EDGE_LOOP('',(#539,#574,#602,#635,#663,#710,#738,#785));
#539 = ORIENTED_EDGE('',*,*,#540,.T.);
#540 = EDGE_CURVE('',#541,#543,#545,.T.);
#541 = VERTEX_POINT('',#542);
#542 = CARTESIAN_POINT('',(6.,1.8,18.4));
#543 = VERTEX_POINT('',#544);
#544 = CARTESIAN_POINT('',(1.8,6.,18.4));
#545 = SURFACE_CURVE('',#546,(#551,#562),.PCURVE_S1.);
#546 = CIRCLE('',#547,4.2);
#547 = AXIS2_PLACEMENT_3D('',#548,#549,#550);
#548 = CARTESIAN_POINT('',(6.,6.,18.4));
#549 = DIRECTION('',(0.,0.,-1.));
#550 = DIRECTION('',(-1.,0.,0.));
#551 = PCURVE('',#102,#552);
#552 = DEFINITIONAL_REPRESENTATION('',(#553),#561);
#553 = ( BOUNDED_CURVE() B_SPLINE_CURVE(2,(#554,#555,#556,#557,#558,#559
,#560),.UNSPECIFIED.,.T.,.F.) B_SPLINE_CURVE_WITH_KNOTS((1,2,2,2,2,1),(
    -2.094395102393,0.,2.094395102393,4.188790204786,6.28318530718,
8.377580409573),.UNSPECIFIED.) CURVE() GEOMETRIC_REPRESENTATION_ITEM() 
RATIONAL_B_SPLINE_CURVE((1.,0.5,1.,0.5,1.,0.5,1.)) REPRESENTATION_ITEM(
  '') );
#554 = CARTESIAN_POINT('',(-21.80499999955,-34.4));
#555 = CARTESIAN_POINT('',(-21.80499999955,-27.12538660821));
#556 = CARTESIAN_POINT('',(-15.50499999955,-30.7626933041));
#557 = CARTESIAN_POINT('',(-9.204999999552,-34.4));
#558 = CARTESIAN_POINT('',(-15.50499999955,-38.03730669589));
#559 = CARTESIAN_POINT('',(-21.80499999955,-41.67461339178));
#560 = CARTESIAN_POINT('',(-21.80499999955,-34.4));
#561 = ( GEOMETRIC_REPRESENTATION_CONTEXT(2) 
PARAMETRIC_REPRESENTATION_CONTEXT() REPRESENTATION_CONTEXT('2D SPACE',''
  ) );
#562 = PCURVE('',#563,#568);
#563 = CONICAL_SURFACE('',#564,3.6,0.785398163397);
#564 = AXIS2_PLACEMENT_3D('',#565,#566,#567);
#565 = CARTESIAN_POINT('',(6.,6.,17.8));
#566 = DIRECTION('',(-0.,-0.,1.));
#567 = DIRECTION('',(-1.,0.,0.));
#568 = DEFINITIONAL_REPRESENTATION('',(#569),#573);
#569 = LINE('',#570,#571);
#570 = CARTESIAN_POINT('',(6.28318530718,0.6));
#571 = VECTOR('',#572,1.);
#572 = DIRECTION('',(-1.,0.));
#573 = ( GEOMETRIC_REPRESENTATION_CONTEXT(2) 
PARAMETRIC_REPRESENTATION_CONTEXT() REPRESENTATION_CONTEXT('2D SPACE',''
  ) );
#574 = ORIENTED_EDGE('',*,*,#575,.T.);
#575 = EDGE_CURVE('',#543,#576,#578,.T.);
#576 = VERTEX_POINT('',#577);
#577 = CARTESIAN_POINT('',(1.8,74.8,18.4));
#578 = SURFACE_CURVE('',#579,(#583,#590),.PCURVE_S1.);
#579 = LINE('',#580,#581);
#580 = CARTESIAN_POINT('',(1.8,40.4,18.4));
#581 = VECTOR('',#582,1.);
#582 = DIRECTION('',(0.,1.,0.));
#583 = PCURVE('',#102,#584);
#584 = DEFINITIONAL_REPRESENTATION('',(#585),#589);
#585 = LINE('',#586,#587);
#586 = CARTESIAN_POINT('',(-21.80499999955,-5.214143357781E-16));
#587 = VECTOR('',#588,1.);
#588 = DIRECTION('',(0.,1.));
#589 = ( GEOMETRIC_REPRESENTATION_CONTEXT(2) 
PARAMETRIC_REPRESENTATION_CONTEXT() REPRESENTATION_CONTEXT('2D SPACE',''
  ) );
#590 = PCURVE('',#591,#596);
#591 = PLANE('',#592);
#592 = AXIS2_PLACEMENT_3D('',#593,#594,#595);
#593 = CARTESIAN_POINT('',(1.8,40.4,18.4));
#594 = DIRECTION('',(-0.707106781187,0.,-0.707106781187));
#595 = DIRECTION('',(0.,-1.,-0.));
#596 = DEFINITIONAL_REPRESENTATION('',(#597),#601);
#597 = LINE('',#598,#599);
#598 = CARTESIAN_POINT('',(0.,0.));
#599 = VECTOR('',#600,1.);
#600 = DIRECTION('',(-1.,0.));
#601 = ( GEOMETRIC_REPRESENTATION_CONTEXT(2) 
PARAMETRIC_REPRESENTATION_CONTEXT() REPRESENTATION_CONTEXT('2D SPACE',''
  ) );
#602 = ORIENTED_EDGE('',*,*,#603,.T.);
#603 = EDGE_CURVE('',#576,#604,#606,.T.);
#604 = VERTEX_POINT('',#605);
#605 = CARTESIAN_POINT('',(6.,79.,18.4));
#606 = SURFACE_CURVE('',#607,(#612,#623),.PCURVE_S1.);
#607 = CIRCLE('',#608,4.2);
#608 = AXIS2_PLACEMENT_3D('',#609,#610,#611);
#609 = CARTESIAN_POINT('',(6.,74.8,18.4));
#610 = DIRECTION('',(0.,0.,-1.));
#611 = DIRECTION('',(-1.,0.,0.));
#612 = PCURVE('',#102,#613);
#613 = DEFINITIONAL_REPRESENTATION('',(#614),#622);
#614 = ( BOUNDED_CURVE() B_SPLINE_CURVE(2,(#615,#616,#617,#618,#619,#620
,#621),.UNSPECIFIED.,.T.,.F.) B_SPLINE_CURVE_WITH_KNOTS((1,2,2,2,2,1),(
    -2.094395102393,0.,2.094395102393,4.188790204786,6.28318530718,
8.377580409573),.UNSPECIFIED.) CURVE() GEOMETRIC_REPRESENTATION_ITEM() 
RATIONAL_B_SPLINE_CURVE((1.,0.5,1.,0.5,1.,0.5,1.)) REPRESENTATION_ITEM(
  '') );
#615 = CARTESIAN_POINT('',(-21.80499999955,34.4));
#616 = CARTESIAN_POINT('',(-21.80499999955,41.674613391789));
#617 = CARTESIAN_POINT('',(-15.50499999955,38.037306695895));
#618 = CARTESIAN_POINT('',(-9.204999999552,34.4));
#619 = CARTESIAN_POINT('',(-15.50499999955,30.762693304105));
#620 = CARTESIAN_POINT('',(-21.80499999955,27.125386608211));
#621 = CARTESIAN_POINT('',(-21.80499999955,34.4));
#622 = ( GEOMETRIC_REPRESENTATION_CONTEXT(2) 
PARAMETRIC_REPRESENTATION_CONTEXT() REPRESENTATION_CONTEXT('2D SPACE',''
  ) );
#623 = PCURVE('',#624,#629);
#624 = CONICAL_SURFACE('',#625,3.6,0.785398163397);
#625 = AXIS2_PLACEMENT_3D('',#626,#627,#628);
#626 = CARTESIAN_POINT('',(6.,74.8,17.8));
#627 = DIRECTION('',(-0.,-0.,1.));
#628 = DIRECTION('',(-1.,0.,0.));
#629 = DEFINITIONAL_REPRESENTATION('',(#630),#634);
#630 = LINE('',#631,#632);
#631 = CARTESIAN_POINT('',(6.28318530718,0.6));
#632 = VECTOR('',#633,1.);
#633 = DIRECTION('',(-1.,0.));
#634 = ( GEOMETRIC_REPRESENTATION_CONTEXT(2) 
PARAMETRIC_REPRESENTATION_CONTEXT() REPRESENTATION_CONTEXT('2D SPACE',''
  ) );
#635 = ORIENTED_EDGE('',*,*,#636,.T.);
#636 = EDGE_CURVE('',#604,#637,#639,.T.);
#637 = VERTEX_POINT('',#638);
#638 = CARTESIAN_POINT('',(41.209999997245,79.,18.4));
#639 = SURFACE_CURVE('',#640,(#644,#651),.PCURVE_S1.);
#640 = LINE('',#641,#642);
#641 = CARTESIAN_POINT('',(23.605,79.,18.4));
#642 = VECTOR('',#643,1.);
#643 = DIRECTION('',(1.,0.,0.));
#644 = PCURVE('',#102,#645);
#645 = DEFINITIONAL_REPRESENTATION('',(#646),#650);
#646 = LINE('',#647,#648);
#647 = CARTESIAN_POINT('',(4.480272030958E-10,38.6));
#648 = VECTOR('',#649,1.);
#649 = DIRECTION('',(1.,0.));
#650 = ( GEOMETRIC_REPRESENTATION_CONTEXT(2) 
PARAMETRIC_REPRESENTATION_CONTEXT() REPRESENTATION_CONTEXT('2D SPACE',''
  ) );
#651 = PCURVE('',#652,#657);
#652 = B_SPLINE_SURFACE_WITH_KNOTS('',1,1,(
    (#653,#654)
    ,(#655,#656
    )),.UNSPECIFIED.,.F.,.F.,.F.,(2,2),(2,2),(-17.60499999724,17.605),(
    0.,1.),.PIECEWISE_BEZIER_KNOTS.);
#653 = CARTESIAN_POINT('',(41.209999996899,78.4,17.8));
#654 = CARTESIAN_POINT('',(41.209999997245,79.,18.4));
#655 = CARTESIAN_POINT('',(6.,78.4,17.8));
#656 = CARTESIAN_POINT('',(6.,79.,18.4));
#657 = DEFINITIONAL_REPRESENTATION('',(#658),#662);
#658 = LINE('',#659,#660);
#659 = CARTESIAN_POINT('',(0.,1.));
#660 = VECTOR('',#661,1.);
#661 = DIRECTION('',(-1.,0.));
#662 = ( GEOMETRIC_REPRESENTATION_CONTEXT(2) 
PARAMETRIC_REPRESENTATION_CONTEXT() REPRESENTATION_CONTEXT('2D SPACE',''
  ) );
#663 = ORIENTED_EDGE('',*,*,#664,.T.);
#664 = EDGE_CURVE('',#637,#665,#667,.T.);
#665 = VERTEX_POINT('',#666);
#666 = CARTESIAN_POINT('',(45.409999998622,74.8,18.4));
#667 = SURFACE_CURVE('',#668,(#673,#684),.PCURVE_S1.);
#668 = CIRCLE('',#669,4.2);
#669 = AXIS2_PLACEMENT_3D('',#670,#671,#672);
#670 = CARTESIAN_POINT('',(41.209999997245,74.8,18.4));
#671 = DIRECTION('',(0.,0.,-1.));
#672 = DIRECTION('',(-1.,0.,0.));
#673 = PCURVE('',#102,#674);
#674 = DEFINITIONAL_REPRESENTATION('',(#675),#683);
#675 = ( BOUNDED_CURVE() B_SPLINE_CURVE(2,(#676,#677,#678,#679,#680,#681
,#682),.UNSPECIFIED.,.T.,.F.) B_SPLINE_CURVE_WITH_KNOTS((1,2,2,2,2,1),(
    -2.094395102393,0.,2.094395102393,4.188790204786,6.28318530718,
8.377580409573),.UNSPECIFIED.) CURVE() GEOMETRIC_REPRESENTATION_ITEM() 
RATIONAL_B_SPLINE_CURVE((1.,0.5,1.,0.5,1.,0.5,1.)) REPRESENTATION_ITEM(
  '') );
#676 = CARTESIAN_POINT('',(13.404999997692,34.4));
#677 = CARTESIAN_POINT('',(13.404999997692,41.674613391789));
#678 = CARTESIAN_POINT('',(19.704999997692,38.037306695895));
#679 = CARTESIAN_POINT('',(26.004999997692,34.4));
#680 = CARTESIAN_POINT('',(19.704999997692,30.762693304105));
#681 = CARTESIAN_POINT('',(13.404999997692,27.125386608211));
#682 = CARTESIAN_POINT('',(13.404999997692,34.4));
#683 = ( GEOMETRIC_REPRESENTATION_CONTEXT(2) 
PARAMETRIC_REPRESENTATION_CONTEXT() REPRESENTATION_CONTEXT('2D SPACE',''
  ) );
#684 = PCURVE('',#685,#704);
#685 = B_SPLINE_SURFACE_WITH_KNOTS('',8,1,(
    (#686,#687)
    ,(#688,#689)
    ,(#690,#691)
    ,(#692,#693)
    ,(#694,#695)
    ,(#696,#697)
    ,(#698,#699)
    ,(#700,#701)
    ,(#702,#703
    )),.UNSPECIFIED.,.F.,.F.,.F.,(9,9),(2,2),(3.14159265359,
    4.712388980385),(0.,1.),.PIECEWISE_BEZIER_KNOTS.);
#686 = CARTESIAN_POINT('',(44.809999996899,74.8,17.8));
#687 = CARTESIAN_POINT('',(45.409999997245,74.8,18.4));
#688 = CARTESIAN_POINT('',(44.809999996898,75.506858347057,17.8));
#689 = CARTESIAN_POINT('',(45.409999997244,75.624668071567,18.4));
#690 = CARTESIAN_POINT('',(44.651381156639,76.213716916617,
    17.800000000001));
#691 = CARTESIAN_POINT('',(45.224944683609,76.449336402719,18.4));
#692 = CARTESIAN_POINT('',(44.334145034034,76.879047643603,
    17.799999999999));
#693 = CARTESIAN_POINT('',(44.854835873903,77.225555584204,
    18.399999999999));
#694 = CARTESIAN_POINT('',(43.871331517708,77.461331520811,
    17.800000000001));
#695 = CARTESIAN_POINT('',(44.314886771522,77.904886774278,18.4));
#696 = CARTESIAN_POINT('',(43.289047640503,77.924145037135,
    17.799999999999));
#697 = CARTESIAN_POINT('',(43.635555581451,78.444835876658,18.4));
#698 = CARTESIAN_POINT('',(42.623716913515,78.241381159741,17.8));
#699 = CARTESIAN_POINT('',(42.859336399963,78.814944686364,18.4));
#700 = CARTESIAN_POINT('',(41.916858343956,78.4,17.8));
#701 = CARTESIAN_POINT('',(42.034668068812,79.,18.4));
#702 = CARTESIAN_POINT('',(41.209999996899,78.4,17.8));
#703 = CARTESIAN_POINT('',(41.209999997245,79.,18.4));
#704 = DEFINITIONAL_REPRESENTATION('',(#705),#709);
#705 = LINE('',#706,#707);
#706 = CARTESIAN_POINT('',(6.28318530718,1.));
#707 = VECTOR('',#708,1.);
#708 = DIRECTION('',(-1.,0.));
#709 = ( GEOMETRIC_REPRESENTATION_CONTEXT(2) 
PARAMETRIC_REPRESENTATION_CONTEXT() REPRESENTATION_CONTEXT('2D SPACE',''
  ) );
#710 = ORIENTED_EDGE('',*,*,#711,.F.);
#711 = EDGE_CURVE('',#712,#665,#714,.T.);
#712 = VERTEX_POINT('',#713);
#713 = CARTESIAN_POINT('',(45.409999998622,6.,18.4));
#714 = SURFACE_CURVE('',#715,(#719,#726),.PCURVE_S1.);
#715 = LINE('',#716,#717);
#716 = CARTESIAN_POINT('',(45.41,40.4,18.4));
#717 = VECTOR('',#718,1.);
#718 = DIRECTION('',(0.,1.,0.));
#719 = PCURVE('',#102,#720);
#720 = DEFINITIONAL_REPRESENTATION('',(#721),#725);
#721 = LINE('',#722,#723);
#722 = CARTESIAN_POINT('',(21.805000000448,-5.214143357781E-16));
#723 = VECTOR('',#724,1.);
#724 = DIRECTION('',(0.,1.));
#725 = ( GEOMETRIC_REPRESENTATION_CONTEXT(2) 
PARAMETRIC_REPRESENTATION_CONTEXT() REPRESENTATION_CONTEXT('2D SPACE',''
  ) );
#726 = PCURVE('',#727,#732);
#727 = PLANE('',#728);
#728 = AXIS2_PLACEMENT_3D('',#729,#730,#731);
#729 = CARTESIAN_POINT('',(45.41,40.4,18.4));
#730 = DIRECTION('',(0.707106781187,0.,-0.707106781187));
#731 = DIRECTION('',(0.,1.,0.));
#732 = DEFINITIONAL_REPRESENTATION('',(#733),#737);
#733 = LINE('',#734,#735);
#734 = CARTESIAN_POINT('',(0.,0.));
#735 = VECTOR('',#736,1.);
#736 = DIRECTION('',(1.,0.));
#737 = ( GEOMETRIC_REPRESENTATION_CONTEXT(2) 
PARAMETRIC_REPRESENTATION_CONTEXT() REPRESENTATION_CONTEXT('2D SPACE',''
  ) );
#738 = ORIENTED_EDGE('',*,*,#739,.T.);
#739 = EDGE_CURVE('',#712,#740,#742,.T.);
#740 = VERTEX_POINT('',#741);
#741 = CARTESIAN_POINT('',(41.209999997245,1.8,18.4));
#742 = SURFACE_CURVE('',#743,(#748,#759),.PCURVE_S1.);
#743 = CIRCLE('',#744,4.2);
#744 = AXIS2_PLACEMENT_3D('',#745,#746,#747);
#745 = CARTESIAN_POINT('',(41.209999997245,6.,18.4));
#746 = DIRECTION('',(0.,0.,-1.));
#747 = DIRECTION('',(-1.,0.,0.));
#748 = PCURVE('',#102,#749);
#749 = DEFINITIONAL_REPRESENTATION('',(#750),#758);
#750 = ( BOUNDED_CURVE() B_SPLINE_CURVE(2,(#751,#752,#753,#754,#755,#756
,#757),.UNSPECIFIED.,.T.,.F.) B_SPLINE_CURVE_WITH_KNOTS((1,2,2,2,2,1),(
    -2.094395102393,0.,2.094395102393,4.188790204786,6.28318530718,
8.377580409573),.UNSPECIFIED.) CURVE() GEOMETRIC_REPRESENTATION_ITEM() 
RATIONAL_B_SPLINE_CURVE((1.,0.5,1.,0.5,1.,0.5,1.)) REPRESENTATION_ITEM(
  '') );
#751 = CARTESIAN_POINT('',(13.404999997692,-34.4));
#752 = CARTESIAN_POINT('',(13.404999997692,-27.12538660821));
#753 = CARTESIAN_POINT('',(19.704999997692,-30.7626933041));
#754 = CARTESIAN_POINT('',(26.004999997692,-34.4));
#755 = CARTESIAN_POINT('',(19.704999997692,-38.03730669589));
#756 = CARTESIAN_POINT('',(13.404999997692,-41.67461339178));
#757 = CARTESIAN_POINT('',(13.404999997692,-34.4));
#758 = ( GEOMETRIC_REPRESENTATION_CONTEXT(2) 
PARAMETRIC_REPRESENTATION_CONTEXT() REPRESENTATION_CONTEXT('2D SPACE',''
  ) );
#759 = PCURVE('',#760,#779);
#760 = B_SPLINE_SURFACE_WITH_KNOTS('',8,1,(
    (#761,#762)
    ,(#763,#764)
    ,(#765,#766)
    ,(#767,#768)
    ,(#769,#770)
    ,(#771,#772)
    ,(#773,#774)
    ,(#775,#776)
    ,(#777,#778
    )),.UNSPECIFIED.,.F.,.F.,.F.,(9,9),(2,2),(1.570796326795,
    3.14159265359),(0.,1.),.PIECEWISE_BEZIER_KNOTS.);
#761 = CARTESIAN_POINT('',(41.209999996899,2.4,17.8));
#762 = CARTESIAN_POINT('',(41.209999997245,1.8,18.4));
#763 = CARTESIAN_POINT('',(41.916858343956,2.4,17.8));
#764 = CARTESIAN_POINT('',(42.034668068812,1.8,18.4));
#765 = CARTESIAN_POINT('',(42.623716913514,2.55861884026,17.8));
#766 = CARTESIAN_POINT('',(42.859336399963,1.985055313637,18.4));
#767 = CARTESIAN_POINT('',(43.289047640504,2.875854962864,
    17.799999999999));
#768 = CARTESIAN_POINT('',(43.635555581451,2.35516412334,18.399999999999
    ));
#769 = CARTESIAN_POINT('',(43.871331517707,3.338668479191,
    17.800000000001));
#770 = CARTESIAN_POINT('',(44.314886771521,2.895113225724,
    18.400000000001));
#771 = CARTESIAN_POINT('',(44.334145034036,3.920952356395,
    17.799999999999));
#772 = CARTESIAN_POINT('',(44.854835873904,3.574444415793,
    18.399999999999));
#773 = CARTESIAN_POINT('',(44.651381156638,4.586283083384,17.8));
#774 = CARTESIAN_POINT('',(45.224944683608,4.350663597282,18.4));
#775 = CARTESIAN_POINT('',(44.809999996899,5.293141652942,17.8));
#776 = CARTESIAN_POINT('',(45.409999997245,5.175331928433,18.4));
#777 = CARTESIAN_POINT('',(44.809999996899,6.,17.8));
#778 = CARTESIAN_POINT('',(45.409999997245,6.,18.4));
#779 = DEFINITIONAL_REPRESENTATION('',(#780),#784);
#780 = LINE('',#781,#782);
#781 = CARTESIAN_POINT('',(6.28318530718,1.));
#782 = VECTOR('',#783,1.);
#783 = DIRECTION('',(-1.,0.));
#784 = ( GEOMETRIC_REPRESENTATION_CONTEXT(2) 
PARAMETRIC_REPRESENTATION_CONTEXT() REPRESENTATION_CONTEXT('2D SPACE',''
  ) );
#785 = ORIENTED_EDGE('',*,*,#786,.F.);
#786 = EDGE_CURVE('',#541,#740,#787,.T.);
#787 = SURFACE_CURVE('',#788,(#792,#799),.PCURVE_S1.);
#788 = LINE('',#789,#790);
#789 = CARTESIAN_POINT('',(23.605,1.8,18.4));
#790 = VECTOR('',#791,1.);
#791 = DIRECTION('',(1.,0.,0.));
#792 = PCURVE('',#102,#793);
#793 = DEFINITIONAL_REPRESENTATION('',(#794),#798);
#794 = LINE('',#795,#796);
#795 = CARTESIAN_POINT('',(4.480272030958E-10,-38.6));
#796 = VECTOR('',#797,1.);
#797 = DIRECTION('',(1.,0.));
#798 = ( GEOMETRIC_REPRESENTATION_CONTEXT(2) 
PARAMETRIC_REPRESENTATION_CONTEXT() REPRESENTATION_CONTEXT('2D SPACE',''
  ) );
#799 = PCURVE('',#800,#805);
#800 = PLANE('',#801);
#801 = AXIS2_PLACEMENT_3D('',#802,#803,#804);
#802 = CARTESIAN_POINT('',(23.605,1.8,18.4));
#803 = DIRECTION('',(0.,-0.707106781187,-0.707106781187));
#804 = DIRECTION('',(1.,0.,0.));
#805 = DEFINITIONAL_REPRESENTATION('',(#806),#810);
#806 = LINE('',#807,#808);
#807 = CARTESIAN_POINT('',(0.,0.));
#808 = VECTOR('',#809,1.);
#809 = DIRECTION('',(1.,0.));
#810 = ( GEOMETRIC_REPRESENTATION_CONTEXT(2) 
PARAMETRIC_REPRESENTATION_CONTEXT() REPRESENTATION_CONTEXT('2D SPACE',''
  ) );
#811 = ADVANCED_FACE('',(#812),#212,.F.);
#812 = FACE_BOUND('',#813,.F.);
#813 = EDGE_LOOP('',(#814,#815,#816,#839));
#814 = ORIENTED_EDGE('',*,*,#196,.T.);
#815 = ORIENTED_EDGE('',*,*,#407,.T.);
#816 = ORIENTED_EDGE('',*,*,#817,.F.);
#817 = EDGE_CURVE('',#818,#408,#820,.T.);
#818 = VERTEX_POINT('',#819);
#819 = CARTESIAN_POINT('',(41.20999999796,0.,2.8));
#820 = SURFACE_CURVE('',#821,(#825,#832),.PCURVE_S1.);
#821 = LINE('',#822,#823);
#822 = CARTESIAN_POINT('',(41.20999999796,0.,2.8));
#823 = VECTOR('',#824,1.);
#824 = DIRECTION('',(0.,0.,1.));
#825 = PCURVE('',#212,#826);
#826 = DEFINITIONAL_REPRESENTATION('',(#827),#831);
#827 = LINE('',#828,#829);
#828 = CARTESIAN_POINT('',(35.20999999796,0.));
#829 = VECTOR('',#830,1.);
#830 = DIRECTION('',(0.,-1.));
#831 = ( GEOMETRIC_REPRESENTATION_CONTEXT(2) 
PARAMETRIC_REPRESENTATION_CONTEXT() REPRESENTATION_CONTEXT('2D SPACE',''
  ) );
#832 = PCURVE('',#447,#833);
#833 = DEFINITIONAL_REPRESENTATION('',(#834),#838);
#834 = LINE('',#835,#836);
#835 = CARTESIAN_POINT('',(-4.712388980385,0.));
#836 = VECTOR('',#837,1.);
#837 = DIRECTION('',(-0.,-1.));
#838 = ( GEOMETRIC_REPRESENTATION_CONTEXT(2) 
PARAMETRIC_REPRESENTATION_CONTEXT() REPRESENTATION_CONTEXT('2D SPACE',''
  ) );
#839 = ORIENTED_EDGE('',*,*,#840,.F.);
#840 = EDGE_CURVE('',#197,#818,#841,.T.);
#841 = SURFACE_CURVE('',#842,(#846,#853),.PCURVE_S1.);
#842 = LINE('',#843,#844);
#843 = CARTESIAN_POINT('',(23.605,0.,2.8));
#844 = VECTOR('',#845,1.);
#845 = DIRECTION('',(1.,0.,0.));
#846 = PCURVE('',#212,#847);
#847 = DEFINITIONAL_REPRESENTATION('',(#848),#852);
#848 = LINE('',#849,#850);
#849 = CARTESIAN_POINT('',(17.605,0.));
#850 = VECTOR('',#851,1.);
#851 = DIRECTION('',(1.,0.));
#852 = ( GEOMETRIC_REPRESENTATION_CONTEXT(2) 
PARAMETRIC_REPRESENTATION_CONTEXT() REPRESENTATION_CONTEXT('2D SPACE',''
  ) );
#853 = PCURVE('',#854,#859);
#854 = PLANE('',#855);
#855 = AXIS2_PLACEMENT_3D('',#856,#857,#858);
#856 = CARTESIAN_POINT('',(23.605,0.,2.8));
#857 = DIRECTION('',(0.,-0.707106781187,-0.707106781187));
#858 = DIRECTION('',(1.,0.,0.));
#859 = DEFINITIONAL_REPRESENTATION('',(#860),#864);
#860 = LINE('',#861,#862);
#861 = CARTESIAN_POINT('',(0.,0.));
#862 = VECTOR('',#863,1.);
#863 = DIRECTION('',(1.,0.));
#864 = ( GEOMETRIC_REPRESENTATION_CONTEXT(2) 
PARAMETRIC_REPRESENTATION_CONTEXT() REPRESENTATION_CONTEXT('2D SPACE',''
  ) );
#865 = ADVANCED_FACE('',(#866),#239,.T.);
#866 = FACE_BOUND('',#867,.T.);
#867 = EDGE_LOOP('',(#868,#892,#910,#911));
#868 = ORIENTED_EDGE('',*,*,#869,.T.);
#869 = EDGE_CURVE('',#336,#870,#872,.T.);
#870 = VERTEX_POINT('',#871);
#871 = CARTESIAN_POINT('',(6.,0.4,2.4));
#872 = SURFACE_CURVE('',#873,(#878,#885),.PCURVE_S1.);
#873 = CIRCLE('',#874,5.6);
#874 = AXIS2_PLACEMENT_3D('',#875,#876,#877);
#875 = CARTESIAN_POINT('',(6.,6.,2.4));
#876 = DIRECTION('',(0.,0.,1.));
#877 = DIRECTION('',(1.,0.,0.));
#878 = PCURVE('',#239,#879);
#879 = DEFINITIONAL_REPRESENTATION('',(#880),#884);
#880 = LINE('',#881,#882);
#881 = CARTESIAN_POINT('',(0.,0.));
#882 = VECTOR('',#883,1.);
#883 = DIRECTION('',(1.,0.));
#884 = ( GEOMETRIC_REPRESENTATION_CONTEXT(2) 
PARAMETRIC_REPRESENTATION_CONTEXT() REPRESENTATION_CONTEXT('2D SPACE',''
  ) );
#885 = PCURVE('',#353,#886);
#886 = DEFINITIONAL_REPRESENTATION('',(#887),#891);
#887 = CIRCLE('',#888,5.6);
#888 = AXIS2_PLACEMENT_2D('',#889,#890);
#889 = CARTESIAN_POINT('',(0.,0.));
#890 = DIRECTION('',(1.,0.));
#891 = ( GEOMETRIC_REPRESENTATION_CONTEXT(2) 
PARAMETRIC_REPRESENTATION_CONTEXT() REPRESENTATION_CONTEXT('2D SPACE',''
  ) );
#892 = ORIENTED_EDGE('',*,*,#893,.T.);
#893 = EDGE_CURVE('',#870,#197,#894,.T.);
#894 = SURFACE_CURVE('',#895,(#898,#904),.PCURVE_S1.);
#895 = B_SPLINE_CURVE_WITH_KNOTS('',1,(#896,#897),.UNSPECIFIED.,.F.,.F.,
  (2,2),(0.,1.),.PIECEWISE_BEZIER_KNOTS.);
#896 = CARTESIAN_POINT('',(6.,0.4,2.4));
#897 = CARTESIAN_POINT('',(6.,0.,2.8));
#898 = PCURVE('',#239,#899);
#899 = DEFINITIONAL_REPRESENTATION('',(#900),#903);
#900 = B_SPLINE_CURVE_WITH_KNOTS('',1,(#901,#902),.UNSPECIFIED.,.F.,.F.,
  (2,2),(0.,1.),.PIECEWISE_BEZIER_KNOTS.);
#901 = CARTESIAN_POINT('',(4.712388980385,0.));
#902 = CARTESIAN_POINT('',(4.712388980385,0.4));
#903 = ( GEOMETRIC_REPRESENTATION_CONTEXT(2) 
PARAMETRIC_REPRESENTATION_CONTEXT() REPRESENTATION_CONTEXT('2D SPACE',''
  ) );
#904 = PCURVE('',#854,#905);
#905 = DEFINITIONAL_REPRESENTATION('',(#906),#909);
#906 = B_SPLINE_CURVE_WITH_KNOTS('',1,(#907,#908),.UNSPECIFIED.,.F.,.F.,
  (2,2),(0.,1.),.PIECEWISE_BEZIER_KNOTS.);
#907 = CARTESIAN_POINT('',(-17.605,-0.565685424949));
#908 = CARTESIAN_POINT('',(-17.605,0.));
#909 = ( GEOMETRIC_REPRESENTATION_CONTEXT(2) 
PARAMETRIC_REPRESENTATION_CONTEXT() REPRESENTATION_CONTEXT('2D SPACE',''
  ) );
#910 = ORIENTED_EDGE('',*,*,#224,.F.);
#911 = ORIENTED_EDGE('',*,*,#365,.F.);
#912 = ADVANCED_FACE('',(#913),#271,.T.);
#913 = FACE_BOUND('',#914,.T.);
#914 = EDGE_LOOP('',(#915,#916,#917,#940));
#915 = ORIENTED_EDGE('',*,*,#253,.T.);
#916 = ORIENTED_EDGE('',*,*,#516,.T.);
#917 = ORIENTED_EDGE('',*,*,#918,.F.);
#918 = EDGE_CURVE('',#919,#488,#921,.T.);
#919 = VERTEX_POINT('',#920);
#920 = CARTESIAN_POINT('',(41.20999999796,80.8,2.8));
#921 = SURFACE_CURVE('',#922,(#926,#933),.PCURVE_S1.);
#922 = LINE('',#923,#924);
#923 = CARTESIAN_POINT('',(41.20999999796,80.8,2.8));
#924 = VECTOR('',#925,1.);
#925 = DIRECTION('',(0.,0.,1.));
#926 = PCURVE('',#271,#927);
#927 = DEFINITIONAL_REPRESENTATION('',(#928),#932);
#928 = LINE('',#929,#930);
#929 = CARTESIAN_POINT('',(35.20999999796,0.));
#930 = VECTOR('',#931,1.);
#931 = DIRECTION('',(0.,-1.));
#932 = ( GEOMETRIC_REPRESENTATION_CONTEXT(2) 
PARAMETRIC_REPRESENTATION_CONTEXT() REPRESENTATION_CONTEXT('2D SPACE',''
  ) );
#933 = PCURVE('',#504,#934);
#934 = DEFINITIONAL_REPRESENTATION('',(#935),#939);
#935 = LINE('',#936,#937);
#936 = CARTESIAN_POINT('',(-1.570796326795,0.));
#937 = VECTOR('',#938,1.);
#938 = DIRECTION('',(-0.,-1.));
#939 = ( GEOMETRIC_REPRESENTATION_CONTEXT(2) 
PARAMETRIC_REPRESENTATION_CONTEXT() REPRESENTATION_CONTEXT('2D SPACE',''
  ) );
#940 = ORIENTED_EDGE('',*,*,#941,.F.);
#941 = EDGE_CURVE('',#254,#919,#942,.T.);
#942 = SURFACE_CURVE('',#943,(#947,#954),.PCURVE_S1.);
#943 = LINE('',#944,#945);
#944 = CARTESIAN_POINT('',(23.605,80.8,2.8));
#945 = VECTOR('',#946,1.);
#946 = DIRECTION('',(1.,0.,0.));
#947 = PCURVE('',#271,#948);
#948 = DEFINITIONAL_REPRESENTATION('',(#949),#953);
#949 = LINE('',#950,#951);
#950 = CARTESIAN_POINT('',(17.605,0.));
#951 = VECTOR('',#952,1.);
#952 = DIRECTION('',(1.,0.));
#953 = ( GEOMETRIC_REPRESENTATION_CONTEXT(2) 
PARAMETRIC_REPRESENTATION_CONTEXT() REPRESENTATION_CONTEXT('2D SPACE',''
  ) );
#954 = PCURVE('',#955,#960);
#955 = B_SPLINE_SURFACE_WITH_KNOTS('',1,1,(
    (#956,#957)
    ,(#958,#959
    )),.UNSPECIFIED.,.F.,.F.,.F.,(2,2),(2,2),(-17.60499999796,17.605),(
    0.,1.),.PIECEWISE_BEZIER_KNOTS.);
#956 = CARTESIAN_POINT('',(41.209999997831,80.4,2.4));
#957 = CARTESIAN_POINT('',(41.20999999796,80.8,2.8));
#958 = CARTESIAN_POINT('',(6.,80.4,2.4));
#959 = CARTESIAN_POINT('',(6.,80.8,2.8));
#960 = DEFINITIONAL_REPRESENTATION('',(#961),#964);
#961 = B_SPLINE_CURVE_WITH_KNOTS('',1,(#962,#963),.UNSPECIFIED.,.F.,.F.,
  (2,2),(-17.605,17.60499999796),.PIECEWISE_BEZIER_KNOTS.);
#962 = CARTESIAN_POINT('',(17.605,1.));
#963 = CARTESIAN_POINT('',(-17.60499999796,1.));
#964 = ( GEOMETRIC_REPRESENTATION_CONTEXT(2) 
PARAMETRIC_REPRESENTATION_CONTEXT() REPRESENTATION_CONTEXT('2D SPACE',''
  ) );
#965 = ADVANCED_FACE('',(#966),#321,.T.);
#966 = FACE_BOUND('',#967,.T.);
#967 = EDGE_LOOP('',(#968,#992,#993,#994));
#968 = ORIENTED_EDGE('',*,*,#969,.T.);
#969 = EDGE_CURVE('',#970,#338,#972,.T.);
#970 = VERTEX_POINT('',#971);
#971 = CARTESIAN_POINT('',(6.,80.4,2.4));
#972 = SURFACE_CURVE('',#973,(#978,#985),.PCURVE_S1.);
#973 = CIRCLE('',#974,5.6);
#974 = AXIS2_PLACEMENT_3D('',#975,#976,#977);
#975 = CARTESIAN_POINT('',(6.,74.8,2.4));
#976 = DIRECTION('',(0.,0.,1.));
#977 = DIRECTION('',(1.,0.,0.));
#978 = PCURVE('',#321,#979);
#979 = DEFINITIONAL_REPRESENTATION('',(#980),#984);
#980 = LINE('',#981,#982);
#981 = CARTESIAN_POINT('',(0.,0.));
#982 = VECTOR('',#983,1.);
#983 = DIRECTION('',(1.,0.));
#984 = ( GEOMETRIC_REPRESENTATION_CONTEXT(2) 
PARAMETRIC_REPRESENTATION_CONTEXT() REPRESENTATION_CONTEXT('2D SPACE',''
  ) );
#985 = PCURVE('',#353,#986);
#986 = DEFINITIONAL_REPRESENTATION('',(#987),#991);
#987 = CIRCLE('',#988,5.6);
#988 = AXIS2_PLACEMENT_2D('',#989,#990);
#989 = CARTESIAN_POINT('',(0.,68.8));
#990 = DIRECTION('',(1.,0.));
#991 = ( GEOMETRIC_REPRESENTATION_CONTEXT(2) 
PARAMETRIC_REPRESENTATION_CONTEXT() REPRESENTATION_CONTEXT('2D SPACE',''
  ) );
#992 = ORIENTED_EDGE('',*,*,#384,.T.);
#993 = ORIENTED_EDGE('',*,*,#306,.F.);
#994 = ORIENTED_EDGE('',*,*,#995,.F.);
#995 = EDGE_CURVE('',#970,#254,#996,.T.);
#996 = SURFACE_CURVE('',#997,(#1000,#1006),.PCURVE_S1.);
#997 = B_SPLINE_CURVE_WITH_KNOTS('',1,(#998,#999),.UNSPECIFIED.,.F.,.F.,
  (2,2),(0.,1.),.PIECEWISE_BEZIER_KNOTS.);
#998 = CARTESIAN_POINT('',(6.,80.4,2.4));
#999 = CARTESIAN_POINT('',(6.,80.8,2.8));
#1000 = PCURVE('',#321,#1001);
#1001 = DEFINITIONAL_REPRESENTATION('',(#1002),#1005);
#1002 = B_SPLINE_CURVE_WITH_KNOTS('',1,(#1003,#1004),.UNSPECIFIED.,.F.,
  .F.,(2,2),(0.,1.),.PIECEWISE_BEZIER_KNOTS.);
#1003 = CARTESIAN_POINT('',(1.570796326795,0.));
#1004 = CARTESIAN_POINT('',(1.570796326795,0.4));
#1005 = ( GEOMETRIC_REPRESENTATION_CONTEXT(2) 
PARAMETRIC_REPRESENTATION_CONTEXT() REPRESENTATION_CONTEXT('2D SPACE',''
  ) );
#1006 = PCURVE('',#955,#1007);
#1007 = DEFINITIONAL_REPRESENTATION('',(#1008),#1012);
#1008 = LINE('',#1009,#1010);
#1009 = CARTESIAN_POINT('',(17.605,0.));
#1010 = VECTOR('',#1011,1.);
#1011 = DIRECTION('',(0.,1.));
#1012 = ( GEOMETRIC_REPRESENTATION_CONTEXT(2) 
PARAMETRIC_REPRESENTATION_CONTEXT() REPRESENTATION_CONTEXT('2D SPACE',''
  ) );
#1013 = ADVANCED_FACE('',(#1014,#1177),#353,.F.);
#1014 = FACE_BOUND('',#1015,.F.);
#1015 = EDGE_LOOP('',(#1016,#1017,#1018,#1041,#1084,#1112,#1155,#1176));
#1016 = ORIENTED_EDGE('',*,*,#335,.F.);
#1017 = ORIENTED_EDGE('',*,*,#869,.T.);
#1018 = ORIENTED_EDGE('',*,*,#1019,.T.);
#1019 = EDGE_CURVE('',#870,#1020,#1022,.T.);
#1020 = VERTEX_POINT('',#1021);
#1021 = CARTESIAN_POINT('',(41.209999997831,0.4,2.4));
#1022 = SURFACE_CURVE('',#1023,(#1027,#1034),.PCURVE_S1.);
#1023 = LINE('',#1024,#1025);
#1024 = CARTESIAN_POINT('',(23.605,0.4,2.4));
#1025 = VECTOR('',#1026,1.);
#1026 = DIRECTION('',(1.,0.,0.));
#1027 = PCURVE('',#353,#1028);
#1028 = DEFINITIONAL_REPRESENTATION('',(#1029),#1033);
#1029 = LINE('',#1030,#1031);
#1030 = CARTESIAN_POINT('',(17.605,-5.6));
#1031 = VECTOR('',#1032,1.);
#1032 = DIRECTION('',(1.,0.));
#1033 = ( GEOMETRIC_REPRESENTATION_CONTEXT(2) 
PARAMETRIC_REPRESENTATION_CONTEXT() REPRESENTATION_CONTEXT('2D SPACE',''
  ) );
#1034 = PCURVE('',#854,#1035);
#1035 = DEFINITIONAL_REPRESENTATION('',(#1036),#1040);
#1036 = LINE('',#1037,#1038);
#1037 = CARTESIAN_POINT('',(8.881784197001E-15,-0.565685424949));
#1038 = VECTOR('',#1039,1.);
#1039 = DIRECTION('',(1.,0.));
#1040 = ( GEOMETRIC_REPRESENTATION_CONTEXT(2) 
PARAMETRIC_REPRESENTATION_CONTEXT() REPRESENTATION_CONTEXT('2D SPACE',''
  ) );
#1041 = ORIENTED_EDGE('',*,*,#1042,.T.);
#1042 = EDGE_CURVE('',#1020,#1043,#1045,.T.);
#1043 = VERTEX_POINT('',#1044);
#1044 = CARTESIAN_POINT('',(46.809999998916,6.,2.4));
#1045 = SURFACE_CURVE('',#1046,(#1051,#1058),.PCURVE_S1.);
#1046 = CIRCLE('',#1047,5.6);
#1047 = AXIS2_PLACEMENT_3D('',#1048,#1049,#1050);
#1048 = CARTESIAN_POINT('',(41.209999997831,6.,2.4));
#1049 = DIRECTION('',(0.,0.,1.));
#1050 = DIRECTION('',(1.,0.,0.));
#1051 = PCURVE('',#353,#1052);
#1052 = DEFINITIONAL_REPRESENTATION('',(#1053),#1057);
#1053 = CIRCLE('',#1054,5.6);
#1054 = AXIS2_PLACEMENT_2D('',#1055,#1056);
#1055 = CARTESIAN_POINT('',(35.209999997831,0.));
#1056 = DIRECTION('',(1.,0.));
#1057 = ( GEOMETRIC_REPRESENTATION_CONTEXT(2) 
PARAMETRIC_REPRESENTATION_CONTEXT() REPRESENTATION_CONTEXT('2D SPACE',''
  ) );
#1058 = PCURVE('',#1059,#1078);
#1059 = B_SPLINE_SURFACE_WITH_KNOTS('',8,1,(
    (#1060,#1061)
    ,(#1062,#1063)
    ,(#1064,#1065)
    ,(#1066,#1067)
    ,(#1068,#1069)
    ,(#1070,#1071)
    ,(#1072,#1073)
    ,(#1074,#1075)
    ,(#1076,#1077
    )),.UNSPECIFIED.,.F.,.F.,.F.,(9,9),(2,2),(4.712388980385,
    6.28318530718),(0.,1.),.PIECEWISE_BEZIER_KNOTS.);
#1060 = CARTESIAN_POINT('',(41.209999997831,0.4,2.4));
#1061 = CARTESIAN_POINT('',(41.20999999796,2.13162820728E-14,2.8));
#1062 = CARTESIAN_POINT('',(42.309557426587,0.4,2.4));
#1063 = CARTESIAN_POINT('',(42.388097243056,3.410605131648E-13,2.8));
#1064 = CARTESIAN_POINT('',(43.409115201456,0.646740418181,2.4));
#1065 = CARTESIAN_POINT('',(43.566194858986,0.264364733766,2.8));
#1066 = CARTESIAN_POINT('',(44.444074110106,1.140218831123,2.4));
#1067 = CARTESIAN_POINT('',(44.675079403969,0.793091604774,2.8));
#1068 = CARTESIAN_POINT('',(45.3498490302,1.86015096763,2.4));
#1069 = CARTESIAN_POINT('',(45.64555253264,1.564447465318,2.8));
#1070 = CARTESIAN_POINT('',(46.06978116671,2.765925887726,2.4));
#1071 = CARTESIAN_POINT('',(46.416908393188,2.534920593991,2.8));
#1072 = CARTESIAN_POINT('',(46.563259579649,3.800884796375,2.4));
#1073 = CARTESIAN_POINT('',(46.945635264193,3.643805138974,2.8));
#1074 = CARTESIAN_POINT('',(46.809999997831,4.900442571244,2.4));
#1075 = CARTESIAN_POINT('',(47.20999999796,4.821902754904,2.8));
#1076 = CARTESIAN_POINT('',(46.809999997831,6.,2.4));
#1077 = CARTESIAN_POINT('',(47.20999999796,6.,2.8));
#1078 = DEFINITIONAL_REPRESENTATION('',(#1079),#1083);
#1079 = LINE('',#1080,#1081);
#1080 = CARTESIAN_POINT('',(0.,0.));
#1081 = VECTOR('',#1082,1.);
#1082 = DIRECTION('',(1.,0.));
#1083 = ( GEOMETRIC_REPRESENTATION_CONTEXT(2) 
PARAMETRIC_REPRESENTATION_CONTEXT() REPRESENTATION_CONTEXT('2D SPACE',''
  ) );
#1084 = ORIENTED_EDGE('',*,*,#1085,.T.);
#1085 = EDGE_CURVE('',#1043,#1086,#1088,.T.);
#1086 = VERTEX_POINT('',#1087);
#1087 = CARTESIAN_POINT('',(46.809999998916,74.8,2.4));
#1088 = SURFACE_CURVE('',#1089,(#1093,#1100),.PCURVE_S1.);
#1089 = LINE('',#1090,#1091);
#1090 = CARTESIAN_POINT('',(46.81,40.4,2.4));
#1091 = VECTOR('',#1092,1.);
#1092 = DIRECTION('',(0.,1.,0.));
#1093 = PCURVE('',#353,#1094);
#1094 = DEFINITIONAL_REPRESENTATION('',(#1095),#1099);
#1095 = LINE('',#1096,#1097);
#1096 = CARTESIAN_POINT('',(40.81,34.4));
#1097 = VECTOR('',#1098,1.);
#1098 = DIRECTION('',(0.,1.));
#1099 = ( GEOMETRIC_REPRESENTATION_CONTEXT(2) 
PARAMETRIC_REPRESENTATION_CONTEXT() REPRESENTATION_CONTEXT('2D SPACE',''
  ) );
#1100 = PCURVE('',#1101,#1106);
#1101 = PLANE('',#1102);
#1102 = AXIS2_PLACEMENT_3D('',#1103,#1104,#1105);
#1103 = CARTESIAN_POINT('',(47.21,40.4,2.8));
#1104 = DIRECTION('',(0.707106781187,0.,-0.707106781187));
#1105 = DIRECTION('',(0.,1.,0.));
#1106 = DEFINITIONAL_REPRESENTATION('',(#1107),#1111);
#1107 = LINE('',#1108,#1109);
#1108 = CARTESIAN_POINT('',(-3.552713678801E-15,-0.565685424949));
#1109 = VECTOR('',#1110,1.);
#1110 = DIRECTION('',(1.,0.));
#1111 = ( GEOMETRIC_REPRESENTATION_CONTEXT(2) 
PARAMETRIC_REPRESENTATION_CONTEXT() REPRESENTATION_CONTEXT('2D SPACE',''
  ) );
#1112 = ORIENTED_EDGE('',*,*,#1113,.T.);
#1113 = EDGE_CURVE('',#1086,#1114,#1116,.T.);
#1114 = VERTEX_POINT('',#1115);
#1115 = CARTESIAN_POINT('',(41.209999997831,80.4,2.4));
#1116 = SURFACE_CURVE('',#1117,(#1122,#1129),.PCURVE_S1.);
#1117 = CIRCLE('',#1118,5.6);
#1118 = AXIS2_PLACEMENT_3D('',#1119,#1120,#1121);
#1119 = CARTESIAN_POINT('',(41.209999997831,74.8,2.4));
#1120 = DIRECTION('',(0.,0.,1.));
#1121 = DIRECTION('',(1.,0.,0.));
#1122 = PCURVE('',#353,#1123);
#1123 = DEFINITIONAL_REPRESENTATION('',(#1124),#1128);
#1124 = CIRCLE('',#1125,5.6);
#1125 = AXIS2_PLACEMENT_2D('',#1126,#1127);
#1126 = CARTESIAN_POINT('',(35.209999997831,68.8));
#1127 = DIRECTION('',(1.,0.));
#1128 = ( GEOMETRIC_REPRESENTATION_CONTEXT(2) 
PARAMETRIC_REPRESENTATION_CONTEXT() REPRESENTATION_CONTEXT('2D SPACE',''
  ) );
#1129 = PCURVE('',#1130,#1149);
#1130 = B_SPLINE_SURFACE_WITH_KNOTS('',8,1,(
    (#1131,#1132)
    ,(#1133,#1134)
    ,(#1135,#1136)
    ,(#1137,#1138)
    ,(#1139,#1140)
    ,(#1141,#1142)
    ,(#1143,#1144)
    ,(#1145,#1146)
    ,(#1147,#1148
    )),.UNSPECIFIED.,.F.,.F.,.F.,(9,9),(2,2),(0.,1.570796326795),(0.,1.)
  ,.PIECEWISE_BEZIER_KNOTS.);
#1131 = CARTESIAN_POINT('',(46.809999997831,74.8,2.4));
#1132 = CARTESIAN_POINT('',(47.20999999796,74.8,2.8));
#1133 = CARTESIAN_POINT('',(46.809999997831,75.899557428756,2.4));
#1134 = CARTESIAN_POINT('',(47.20999999796,75.978097245096,2.8));
#1135 = CARTESIAN_POINT('',(46.563259579648,76.999115203624,2.4));
#1136 = CARTESIAN_POINT('',(46.945635264193,77.156194861026,2.8));
#1137 = CARTESIAN_POINT('',(46.069781166711,78.034074112276,2.4));
#1138 = CARTESIAN_POINT('',(46.416908393188,78.26507940601,2.8));
#1139 = CARTESIAN_POINT('',(45.349849030198,78.939849032368,2.4));
#1140 = CARTESIAN_POINT('',(45.645552532639,79.23555253468,2.8));
#1141 = CARTESIAN_POINT('',(44.444074110108,79.65978116888,2.4));
#1142 = CARTESIAN_POINT('',(44.67507940397,80.006908395228,2.8));
#1143 = CARTESIAN_POINT('',(43.409115201455,80.153259581817,2.4));
#1144 = CARTESIAN_POINT('',(43.566194858985,80.535635266233,2.8));
#1145 = CARTESIAN_POINT('',(42.309557426588,80.4,2.4));
#1146 = CARTESIAN_POINT('',(42.388097243056,80.8,2.8));
#1147 = CARTESIAN_POINT('',(41.209999997831,80.4,2.4));
#1148 = CARTESIAN_POINT('',(41.20999999796,80.8,2.8));
#1149 = DEFINITIONAL_REPRESENTATION('',(#1150),#1154);
#1150 = LINE('',#1151,#1152);
#1151 = CARTESIAN_POINT('',(0.,0.));
#1152 = VECTOR('',#1153,1.);
#1153 = DIRECTION('',(1.,0.));
#1154 = ( GEOMETRIC_REPRESENTATION_CONTEXT(2) 
PARAMETRIC_REPRESENTATION_CONTEXT() REPRESENTATION_CONTEXT('2D SPACE',''
  ) );
#1155 = ORIENTED_EDGE('',*,*,#1156,.F.);
#1156 = EDGE_CURVE('',#970,#1114,#1157,.T.);
#1157 = SURFACE_CURVE('',#1158,(#1162,#1169),.PCURVE_S1.);
#1158 = LINE('',#1159,#1160);
#1159 = CARTESIAN_POINT('',(23.605,80.4,2.4));
#1160 = VECTOR('',#1161,1.);
#1161 = DIRECTION('',(1.,0.,0.));
#1162 = PCURVE('',#353,#1163);
#1163 = DEFINITIONAL_REPRESENTATION('',(#1164),#1168);
#1164 = LINE('',#1165,#1166);
#1165 = CARTESIAN_POINT('',(17.605,74.4));
#1166 = VECTOR('',#1167,1.);
#1167 = DIRECTION('',(1.,0.));
#1168 = ( GEOMETRIC_REPRESENTATION_CONTEXT(2) 
PARAMETRIC_REPRESENTATION_CONTEXT() REPRESENTATION_CONTEXT('2D SPACE',''
  ) );
#1169 = PCURVE('',#955,#1170);
#1170 = DEFINITIONAL_REPRESENTATION('',(#1171),#1175);
#1171 = LINE('',#1172,#1173);
#1172 = CARTESIAN_POINT('',(0.,0.));
#1173 = VECTOR('',#1174,1.);
#1174 = DIRECTION('',(-1.,0.));
#1175 = ( GEOMETRIC_REPRESENTATION_CONTEXT(2) 
PARAMETRIC_REPRESENTATION_CONTEXT() REPRESENTATION_CONTEXT('2D SPACE',''
  ) );
#1176 = ORIENTED_EDGE('',*,*,#969,.T.);
#1177 = FACE_BOUND('',#1178,.F.);
#1178 = EDGE_LOOP('',(#1179,#1214,#1242,#1275,#1303,#1350,#1378,#1425));
#1179 = ORIENTED_EDGE('',*,*,#1180,.T.);
#1180 = EDGE_CURVE('',#1181,#1183,#1185,.T.);
#1181 = VERTEX_POINT('',#1182);
#1182 = CARTESIAN_POINT('',(6.,1.8,2.4));
#1183 = VERTEX_POINT('',#1184);
#1184 = CARTESIAN_POINT('',(1.8,6.,2.4));
#1185 = SURFACE_CURVE('',#1186,(#1191,#1202),.PCURVE_S1.);
#1186 = CIRCLE('',#1187,4.2);
#1187 = AXIS2_PLACEMENT_3D('',#1188,#1189,#1190);
#1188 = CARTESIAN_POINT('',(6.,6.,2.4));
#1189 = DIRECTION('',(0.,0.,-1.));
#1190 = DIRECTION('',(-1.,0.,0.));
#1191 = PCURVE('',#353,#1192);
#1192 = DEFINITIONAL_REPRESENTATION('',(#1193),#1201);
#1193 = ( BOUNDED_CURVE() B_SPLINE_CURVE(2,(#1194,#1195,#1196,#1197,
#1198,#1199,#1200),.UNSPECIFIED.,.T.,.F.) B_SPLINE_CURVE_WITH_KNOTS((1,2
    ,2,2,2,1),(-2.094395102393,0.,2.094395102393,4.188790204786,
6.28318530718,8.377580409573),.UNSPECIFIED.) CURVE() 
GEOMETRIC_REPRESENTATION_ITEM() RATIONAL_B_SPLINE_CURVE((1.,0.5,1.,0.5,
1.,0.5,1.)) REPRESENTATION_ITEM('') );
#1194 = CARTESIAN_POINT('',(-4.2,1.42108547152E-14));
#1195 = CARTESIAN_POINT('',(-4.2,7.274613391789));
#1196 = CARTESIAN_POINT('',(2.1,3.637306695895));
#1197 = CARTESIAN_POINT('',(8.4,1.523955802649E-14));
#1198 = CARTESIAN_POINT('',(2.1,-3.637306695895));
#1199 = CARTESIAN_POINT('',(-4.2,-7.274613391789));
#1200 = CARTESIAN_POINT('',(-4.2,1.42108547152E-14));
#1201 = ( GEOMETRIC_REPRESENTATION_CONTEXT(2) 
PARAMETRIC_REPRESENTATION_CONTEXT() REPRESENTATION_CONTEXT('2D SPACE',''
  ) );
#1202 = PCURVE('',#1203,#1208);
#1203 = CONICAL_SURFACE('',#1204,4.2,0.785398163397);
#1204 = AXIS2_PLACEMENT_3D('',#1205,#1206,#1207);
#1205 = CARTESIAN_POINT('',(6.,6.,2.4));
#1206 = DIRECTION('',(0.,0.,-1.));
#1207 = DIRECTION('',(-1.,0.,0.));
#1208 = DEFINITIONAL_REPRESENTATION('',(#1209),#1213);
#1209 = LINE('',#1210,#1211);
#1210 = CARTESIAN_POINT('',(-6.28318530718,-0.));
#1211 = VECTOR('',#1212,1.);
#1212 = DIRECTION('',(1.,-0.));
#1213 = ( GEOMETRIC_REPRESENTATION_CONTEXT(2) 
PARAMETRIC_REPRESENTATION_CONTEXT() REPRESENTATION_CONTEXT('2D SPACE',''
  ) );
#1214 = ORIENTED_EDGE('',*,*,#1215,.T.);
#1215 = EDGE_CURVE('',#1183,#1216,#1218,.T.);
#1216 = VERTEX_POINT('',#1217);
#1217 = CARTESIAN_POINT('',(1.8,74.8,2.4));
#1218 = SURFACE_CURVE('',#1219,(#1223,#1230),.PCURVE_S1.);
#1219 = LINE('',#1220,#1221);
#1220 = CARTESIAN_POINT('',(1.8,40.4,2.4));
#1221 = VECTOR('',#1222,1.);
#1222 = DIRECTION('',(0.,1.,0.));
#1223 = PCURVE('',#353,#1224);
#1224 = DEFINITIONAL_REPRESENTATION('',(#1225),#1229);
#1225 = LINE('',#1226,#1227);
#1226 = CARTESIAN_POINT('',(-4.2,34.4));
#1227 = VECTOR('',#1228,1.);
#1228 = DIRECTION('',(0.,1.));
#1229 = ( GEOMETRIC_REPRESENTATION_CONTEXT(2) 
PARAMETRIC_REPRESENTATION_CONTEXT() REPRESENTATION_CONTEXT('2D SPACE',''
  ) );
#1230 = PCURVE('',#1231,#1236);
#1231 = PLANE('',#1232);
#1232 = AXIS2_PLACEMENT_3D('',#1233,#1234,#1235);
#1233 = CARTESIAN_POINT('',(2.4,40.4,3.));
#1234 = DIRECTION('',(-0.707106781187,0.,0.707106781187));
#1235 = DIRECTION('',(-0.,-1.,0.));
#1236 = DEFINITIONAL_REPRESENTATION('',(#1237),#1241);
#1237 = LINE('',#1238,#1239);
#1238 = CARTESIAN_POINT('',(-3.552713678801E-15,-0.848528137424));
#1239 = VECTOR('',#1240,1.);
#1240 = DIRECTION('',(-1.,0.));
#1241 = ( GEOMETRIC_REPRESENTATION_CONTEXT(2) 
PARAMETRIC_REPRESENTATION_CONTEXT() REPRESENTATION_CONTEXT('2D SPACE',''
  ) );
#1242 = ORIENTED_EDGE('',*,*,#1243,.T.);
#1243 = EDGE_CURVE('',#1216,#1244,#1246,.T.);
#1244 = VERTEX_POINT('',#1245);
#1245 = CARTESIAN_POINT('',(6.,79.,2.4));
#1246 = SURFACE_CURVE('',#1247,(#1252,#1263),.PCURVE_S1.);
#1247 = CIRCLE('',#1248,4.2);
#1248 = AXIS2_PLACEMENT_3D('',#1249,#1250,#1251);
#1249 = CARTESIAN_POINT('',(6.,74.8,2.4));
#1250 = DIRECTION('',(0.,0.,-1.));
#1251 = DIRECTION('',(-1.,0.,0.));
#1252 = PCURVE('',#353,#1253);
#1253 = DEFINITIONAL_REPRESENTATION('',(#1254),#1262);
#1254 = ( BOUNDED_CURVE() B_SPLINE_CURVE(2,(#1255,#1256,#1257,#1258,
#1259,#1260,#1261),.UNSPECIFIED.,.T.,.F.) B_SPLINE_CURVE_WITH_KNOTS((1,2
    ,2,2,2,1),(-2.094395102393,0.,2.094395102393,4.188790204786,
6.28318530718,8.377580409573),.UNSPECIFIED.) CURVE() 
GEOMETRIC_REPRESENTATION_ITEM() RATIONAL_B_SPLINE_CURVE((1.,0.5,1.,0.5,
1.,0.5,1.)) REPRESENTATION_ITEM('') );
#1255 = CARTESIAN_POINT('',(-4.2,68.8));
#1256 = CARTESIAN_POINT('',(-4.2,76.074613391789));
#1257 = CARTESIAN_POINT('',(2.1,72.437306695895));
#1258 = CARTESIAN_POINT('',(8.4,68.8));
#1259 = CARTESIAN_POINT('',(2.1,65.162693304105));
#1260 = CARTESIAN_POINT('',(-4.2,61.525386608211));
#1261 = CARTESIAN_POINT('',(-4.2,68.8));
#1262 = ( GEOMETRIC_REPRESENTATION_CONTEXT(2) 
PARAMETRIC_REPRESENTATION_CONTEXT() REPRESENTATION_CONTEXT('2D SPACE',''
  ) );
#1263 = PCURVE('',#1264,#1269);
#1264 = CONICAL_SURFACE('',#1265,4.2,0.785398163397);
#1265 = AXIS2_PLACEMENT_3D('',#1266,#1267,#1268);
#1266 = CARTESIAN_POINT('',(6.,74.8,2.4));
#1267 = DIRECTION('',(0.,0.,-1.));
#1268 = DIRECTION('',(-1.,0.,0.));
#1269 = DEFINITIONAL_REPRESENTATION('',(#1270),#1274);
#1270 = LINE('',#1271,#1272);
#1271 = CARTESIAN_POINT('',(-6.28318530718,-0.));
#1272 = VECTOR('',#1273,1.);
#1273 = DIRECTION('',(1.,-0.));
#1274 = ( GEOMETRIC_REPRESENTATION_CONTEXT(2) 
PARAMETRIC_REPRESENTATION_CONTEXT() REPRESENTATION_CONTEXT('2D SPACE',''
  ) );
#1275 = ORIENTED_EDGE('',*,*,#1276,.T.);
#1276 = EDGE_CURVE('',#1244,#1277,#1279,.T.);
#1277 = VERTEX_POINT('',#1278);
#1278 = CARTESIAN_POINT('',(41.209999997245,79.,2.4));
#1279 = SURFACE_CURVE('',#1280,(#1284,#1291),.PCURVE_S1.);
#1280 = LINE('',#1281,#1282);
#1281 = CARTESIAN_POINT('',(23.605,79.,2.4));
#1282 = VECTOR('',#1283,1.);
#1283 = DIRECTION('',(1.,0.,0.));
#1284 = PCURVE('',#353,#1285);
#1285 = DEFINITIONAL_REPRESENTATION('',(#1286),#1290);
#1286 = LINE('',#1287,#1288);
#1287 = CARTESIAN_POINT('',(17.605,73.));
#1288 = VECTOR('',#1289,1.);
#1289 = DIRECTION('',(1.,0.));
#1290 = ( GEOMETRIC_REPRESENTATION_CONTEXT(2) 
PARAMETRIC_REPRESENTATION_CONTEXT() REPRESENTATION_CONTEXT('2D SPACE',''
  ) );
#1291 = PCURVE('',#1292,#1297);
#1292 = B_SPLINE_SURFACE_WITH_KNOTS('',1,1,(
    (#1293,#1294)
    ,(#1295,#1296
    )),.UNSPECIFIED.,.F.,.F.,.F.,(2,2),(2,2),(-17.60499999724,17.605),(
    0.,1.),.PIECEWISE_BEZIER_KNOTS.);
#1293 = CARTESIAN_POINT('',(41.209999997245,79.,2.4));
#1294 = CARTESIAN_POINT('',(41.209999996899,78.4,3.));
#1295 = CARTESIAN_POINT('',(6.,79.,2.4));
#1296 = CARTESIAN_POINT('',(6.,78.4,3.));
#1297 = DEFINITIONAL_REPRESENTATION('',(#1298),#1302);
#1298 = LINE('',#1299,#1300);
#1299 = CARTESIAN_POINT('',(0.,0.));
#1300 = VECTOR('',#1301,1.);
#1301 = DIRECTION('',(-1.,0.));
#1302 = ( GEOMETRIC_REPRESENTATION_CONTEXT(2) 
PARAMETRIC_REPRESENTATION_CONTEXT() REPRESENTATION_CONTEXT('2D SPACE',''
  ) );
#1303 = ORIENTED_EDGE('',*,*,#1304,.T.);
#1304 = EDGE_CURVE('',#1277,#1305,#1307,.T.);
#1305 = VERTEX_POINT('',#1306);
#1306 = CARTESIAN_POINT('',(45.409999998622,74.8,2.4));
#1307 = SURFACE_CURVE('',#1308,(#1313,#1324),.PCURVE_S1.);
#1308 = CIRCLE('',#1309,4.2);
#1309 = AXIS2_PLACEMENT_3D('',#1310,#1311,#1312);
#1310 = CARTESIAN_POINT('',(41.209999997245,74.8,2.4));
#1311 = DIRECTION('',(0.,0.,-1.));
#1312 = DIRECTION('',(-1.,0.,0.));
#1313 = PCURVE('',#353,#1314);
#1314 = DEFINITIONAL_REPRESENTATION('',(#1315),#1323);
#1315 = ( BOUNDED_CURVE() B_SPLINE_CURVE(2,(#1316,#1317,#1318,#1319,
#1320,#1321,#1322),.UNSPECIFIED.,.T.,.F.) B_SPLINE_CURVE_WITH_KNOTS((1,2
    ,2,2,2,1),(-2.094395102393,0.,2.094395102393,4.188790204786,
6.28318530718,8.377580409573),.UNSPECIFIED.) CURVE() 
GEOMETRIC_REPRESENTATION_ITEM() RATIONAL_B_SPLINE_CURVE((1.,0.5,1.,0.5,
1.,0.5,1.)) REPRESENTATION_ITEM('') );
#1316 = CARTESIAN_POINT('',(31.009999997245,68.8));
#1317 = CARTESIAN_POINT('',(31.009999997245,76.074613391789));
#1318 = CARTESIAN_POINT('',(37.309999997245,72.437306695895));
#1319 = CARTESIAN_POINT('',(43.609999997245,68.8));
#1320 = CARTESIAN_POINT('',(37.309999997245,65.162693304105));
#1321 = CARTESIAN_POINT('',(31.009999997245,61.525386608211));
#1322 = CARTESIAN_POINT('',(31.009999997245,68.8));
#1323 = ( GEOMETRIC_REPRESENTATION_CONTEXT(2) 
PARAMETRIC_REPRESENTATION_CONTEXT() REPRESENTATION_CONTEXT('2D SPACE',''
  ) );
#1324 = PCURVE('',#1325,#1344);
#1325 = B_SPLINE_SURFACE_WITH_KNOTS('',8,1,(
    (#1326,#1327)
    ,(#1328,#1329)
    ,(#1330,#1331)
    ,(#1332,#1333)
    ,(#1334,#1335)
    ,(#1336,#1337)
    ,(#1338,#1339)
    ,(#1340,#1341)
    ,(#1342,#1343
    )),.UNSPECIFIED.,.F.,.F.,.F.,(9,9),(2,2),(3.14159265359,
    4.712388980385),(0.,1.),.PIECEWISE_BEZIER_KNOTS.);
#1326 = CARTESIAN_POINT('',(45.409999997245,74.8,2.4));
#1327 = CARTESIAN_POINT('',(44.809999996899,74.8,3.));
#1328 = CARTESIAN_POINT('',(45.409999997244,75.624668071567,2.4));
#1329 = CARTESIAN_POINT('',(44.809999996898,75.506858347057,3.));
#1330 = CARTESIAN_POINT('',(45.224944683609,76.449336402719,2.4));
#1331 = CARTESIAN_POINT('',(44.651381156639,76.213716916617,3.));
#1332 = CARTESIAN_POINT('',(44.854835873903,77.225555584204,2.4));
#1333 = CARTESIAN_POINT('',(44.334145034034,76.879047643603,3.));
#1334 = CARTESIAN_POINT('',(44.314886771522,77.904886774278,2.4));
#1335 = CARTESIAN_POINT('',(43.871331517708,77.461331520811,3.));
#1336 = CARTESIAN_POINT('',(43.635555581451,78.444835876658,2.4));
#1337 = CARTESIAN_POINT('',(43.289047640503,77.924145037135,3.));
#1338 = CARTESIAN_POINT('',(42.859336399963,78.814944686364,2.4));
#1339 = CARTESIAN_POINT('',(42.623716913515,78.241381159741,3.));
#1340 = CARTESIAN_POINT('',(42.034668068812,79.,2.4));
#1341 = CARTESIAN_POINT('',(41.916858343956,78.4,3.));
#1342 = CARTESIAN_POINT('',(41.209999997245,79.,2.4));
#1343 = CARTESIAN_POINT('',(41.209999996899,78.4,3.));
#1344 = DEFINITIONAL_REPRESENTATION('',(#1345),#1349);
#1345 = LINE('',#1346,#1347);
#1346 = CARTESIAN_POINT('',(6.28318530718,0.));
#1347 = VECTOR('',#1348,1.);
#1348 = DIRECTION('',(-1.,0.));
#1349 = ( GEOMETRIC_REPRESENTATION_CONTEXT(2) 
PARAMETRIC_REPRESENTATION_CONTEXT() REPRESENTATION_CONTEXT('2D SPACE',''
  ) );
#1350 = ORIENTED_EDGE('',*,*,#1351,.F.);
#1351 = EDGE_CURVE('',#1352,#1305,#1354,.T.);
#1352 = VERTEX_POINT('',#1353);
#1353 = CARTESIAN_POINT('',(45.409999998622,6.,2.4));
#1354 = SURFACE_CURVE('',#1355,(#1359,#1366),.PCURVE_S1.);
#1355 = LINE('',#1356,#1357);
#1356 = CARTESIAN_POINT('',(45.41,40.4,2.4));
#1357 = VECTOR('',#1358,1.);
#1358 = DIRECTION('',(0.,1.,0.));
#1359 = PCURVE('',#353,#1360);
#1360 = DEFINITIONAL_REPRESENTATION('',(#1361),#1365);
#1361 = LINE('',#1362,#1363);
#1362 = CARTESIAN_POINT('',(39.41,34.4));
#1363 = VECTOR('',#1364,1.);
#1364 = DIRECTION('',(0.,1.));
#1365 = ( GEOMETRIC_REPRESENTATION_CONTEXT(2) 
PARAMETRIC_REPRESENTATION_CONTEXT() REPRESENTATION_CONTEXT('2D SPACE',''
  ) );
#1366 = PCURVE('',#1367,#1372);
#1367 = PLANE('',#1368);
#1368 = AXIS2_PLACEMENT_3D('',#1369,#1370,#1371);
#1369 = CARTESIAN_POINT('',(44.81,40.4,3.));
#1370 = DIRECTION('',(0.707106781187,-0.,0.707106781187));
#1371 = DIRECTION('',(0.,1.,0.));
#1372 = DEFINITIONAL_REPRESENTATION('',(#1373),#1377);
#1373 = LINE('',#1374,#1375);
#1374 = CARTESIAN_POINT('',(3.552713678801E-15,-0.848528137424));
#1375 = VECTOR('',#1376,1.);
#1376 = DIRECTION('',(1.,0.));
#1377 = ( GEOMETRIC_REPRESENTATION_CONTEXT(2) 
PARAMETRIC_REPRESENTATION_CONTEXT() REPRESENTATION_CONTEXT('2D SPACE',''
  ) );
#1378 = ORIENTED_EDGE('',*,*,#1379,.T.);
#1379 = EDGE_CURVE('',#1352,#1380,#1382,.T.);
#1380 = VERTEX_POINT('',#1381);
#1381 = CARTESIAN_POINT('',(41.209999997245,1.8,2.4));
#1382 = SURFACE_CURVE('',#1383,(#1388,#1399),.PCURVE_S1.);
#1383 = CIRCLE('',#1384,4.2);
#1384 = AXIS2_PLACEMENT_3D('',#1385,#1386,#1387);
#1385 = CARTESIAN_POINT('',(41.209999997245,6.,2.4));
#1386 = DIRECTION('',(0.,0.,-1.));
#1387 = DIRECTION('',(-1.,0.,0.));
#1388 = PCURVE('',#353,#1389);
#1389 = DEFINITIONAL_REPRESENTATION('',(#1390),#1398);
#1390 = ( BOUNDED_CURVE() B_SPLINE_CURVE(2,(#1391,#1392,#1393,#1394,
#1395,#1396,#1397),.UNSPECIFIED.,.T.,.F.) B_SPLINE_CURVE_WITH_KNOTS((1,2
    ,2,2,2,1),(-2.094395102393,0.,2.094395102393,4.188790204786,
6.28318530718,8.377580409573),.UNSPECIFIED.) CURVE() 
GEOMETRIC_REPRESENTATION_ITEM() RATIONAL_B_SPLINE_CURVE((1.,0.5,1.,0.5,
1.,0.5,1.)) REPRESENTATION_ITEM('') );
#1391 = CARTESIAN_POINT('',(31.009999997245,1.42108547152E-14));
#1392 = CARTESIAN_POINT('',(31.009999997245,7.274613391789));
#1393 = CARTESIAN_POINT('',(37.309999997245,3.637306695895));
#1394 = CARTESIAN_POINT('',(43.609999997245,1.523955802649E-14));
#1395 = CARTESIAN_POINT('',(37.309999997245,-3.637306695895));
#1396 = CARTESIAN_POINT('',(31.009999997245,-7.274613391789));
#1397 = CARTESIAN_POINT('',(31.009999997245,1.42108547152E-14));
#1398 = ( GEOMETRIC_REPRESENTATION_CONTEXT(2) 
PARAMETRIC_REPRESENTATION_CONTEXT() REPRESENTATION_CONTEXT('2D SPACE',''
  ) );
#1399 = PCURVE('',#1400,#1419);
#1400 = B_SPLINE_SURFACE_WITH_KNOTS('',8,1,(
    (#1401,#1402)
    ,(#1403,#1404)
    ,(#1405,#1406)
    ,(#1407,#1408)
    ,(#1409,#1410)
    ,(#1411,#1412)
    ,(#1413,#1414)
    ,(#1415,#1416)
    ,(#1417,#1418
    )),.UNSPECIFIED.,.F.,.F.,.F.,(9,9),(2,2),(1.570796326795,
    3.14159265359),(0.,1.),.PIECEWISE_BEZIER_KNOTS.);
#1401 = CARTESIAN_POINT('',(41.209999997245,1.8,2.4));
#1402 = CARTESIAN_POINT('',(41.209999996899,2.4,3.));
#1403 = CARTESIAN_POINT('',(42.034668068812,1.8,2.4));
#1404 = CARTESIAN_POINT('',(41.916858343956,2.4,3.));
#1405 = CARTESIAN_POINT('',(42.859336399963,1.985055313637,2.4));
#1406 = CARTESIAN_POINT('',(42.623716913514,2.55861884026,3.));
#1407 = CARTESIAN_POINT('',(43.635555581451,2.35516412334,2.4));
#1408 = CARTESIAN_POINT('',(43.289047640504,2.875854962864,3.));
#1409 = CARTESIAN_POINT('',(44.314886771521,2.895113225724,2.4));
#1410 = CARTESIAN_POINT('',(43.871331517707,3.338668479191,3.));
#1411 = CARTESIAN_POINT('',(44.854835873904,3.574444415793,2.4));
#1412 = CARTESIAN_POINT('',(44.334145034036,3.920952356395,3.));
#1413 = CARTESIAN_POINT('',(45.224944683608,4.350663597282,2.4));
#1414 = CARTESIAN_POINT('',(44.651381156638,4.586283083384,3.));
#1415 = CARTESIAN_POINT('',(45.409999997245,5.175331928433,2.4));
#1416 = CARTESIAN_POINT('',(44.809999996899,5.293141652942,3.));
#1417 = CARTESIAN_POINT('',(45.409999997245,6.,2.4));
#1418 = CARTESIAN_POINT('',(44.809999996899,6.,3.));
#1419 = DEFINITIONAL_REPRESENTATION('',(#1420),#1424);
#1420 = LINE('',#1421,#1422);
#1421 = CARTESIAN_POINT('',(6.28318530718,0.));
#1422 = VECTOR('',#1423,1.);
#1423 = DIRECTION('',(-1.,0.));
#1424 = ( GEOMETRIC_REPRESENTATION_CONTEXT(2) 
PARAMETRIC_REPRESENTATION_CONTEXT() REPRESENTATION_CONTEXT('2D SPACE',''
  ) );
#1425 = ORIENTED_EDGE('',*,*,#1426,.F.);
#1426 = EDGE_CURVE('',#1181,#1380,#1427,.T.);
#1427 = SURFACE_CURVE('',#1428,(#1432,#1439),.PCURVE_S1.);
#1428 = LINE('',#1429,#1430);
#1429 = CARTESIAN_POINT('',(23.605,1.8,2.4));
#1430 = VECTOR('',#1431,1.);
#1431 = DIRECTION('',(1.,0.,0.));
#1432 = PCURVE('',#353,#1433);
#1433 = DEFINITIONAL_REPRESENTATION('',(#1434),#1438);
#1434 = LINE('',#1435,#1436);
#1435 = CARTESIAN_POINT('',(17.605,-4.2));
#1436 = VECTOR('',#1437,1.);
#1437 = DIRECTION('',(1.,0.));
#1438 = ( GEOMETRIC_REPRESENTATION_CONTEXT(2) 
PARAMETRIC_REPRESENTATION_CONTEXT() REPRESENTATION_CONTEXT('2D SPACE',''
  ) );
#1439 = PCURVE('',#1440,#1445);
#1440 = PLANE('',#1441);
#1441 = AXIS2_PLACEMENT_3D('',#1442,#1443,#1444);
#1442 = CARTESIAN_POINT('',(23.605,2.4,3.));
#1443 = DIRECTION('',(0.,-0.707106781187,0.707106781187));
#1444 = DIRECTION('',(1.,0.,0.));
#1445 = DEFINITIONAL_REPRESENTATION('',(#1446),#1450);
#1446 = LINE('',#1447,#1448);
#1447 = CARTESIAN_POINT('',(-4.796163466381E-14,-0.848528137424));
#1448 = VECTOR('',#1449,1.);
#1449 = DIRECTION('',(1.,0.));
#1450 = ( GEOMETRIC_REPRESENTATION_CONTEXT(2) 
PARAMETRIC_REPRESENTATION_CONTEXT() REPRESENTATION_CONTEXT('2D SPACE',''
  ) );
#1451 = ADVANCED_FACE('',(#1452),#447,.T.);
#1452 = FACE_BOUND('',#1453,.F.);
#1453 = EDGE_LOOP('',(#1454,#1455,#1456,#1479));
#1454 = ORIENTED_EDGE('',*,*,#817,.T.);
#1455 = ORIENTED_EDGE('',*,*,#430,.T.);
#1456 = ORIENTED_EDGE('',*,*,#1457,.F.);
#1457 = EDGE_CURVE('',#1458,#431,#1460,.T.);
#1458 = VERTEX_POINT('',#1459);
#1459 = CARTESIAN_POINT('',(47.20999999898,6.,2.8));
#1460 = SURFACE_CURVE('',#1461,(#1465,#1472),.PCURVE_S1.);
#1461 = LINE('',#1462,#1463);
#1462 = CARTESIAN_POINT('',(47.20999999898,6.,2.8));
#1463 = VECTOR('',#1464,1.);
#1464 = DIRECTION('',(0.,0.,1.));
#1465 = PCURVE('',#447,#1466);
#1466 = DEFINITIONAL_REPRESENTATION('',(#1467),#1471);
#1467 = LINE('',#1468,#1469);
#1468 = CARTESIAN_POINT('',(-6.28318530718,0.));
#1469 = VECTOR('',#1470,1.);
#1470 = DIRECTION('',(-0.,-1.));
#1471 = ( GEOMETRIC_REPRESENTATION_CONTEXT(2) 
PARAMETRIC_REPRESENTATION_CONTEXT() REPRESENTATION_CONTEXT('2D SPACE',''
  ) );
#1472 = PCURVE('',#475,#1473);
#1473 = DEFINITIONAL_REPRESENTATION('',(#1474),#1478);
#1474 = LINE('',#1475,#1476);
#1475 = CARTESIAN_POINT('',(0.,0.));
#1476 = VECTOR('',#1477,1.);
#1477 = DIRECTION('',(0.,-1.));
#1478 = ( GEOMETRIC_REPRESENTATION_CONTEXT(2) 
PARAMETRIC_REPRESENTATION_CONTEXT() REPRESENTATION_CONTEXT('2D SPACE',''
  ) );
#1479 = ORIENTED_EDGE('',*,*,#1480,.F.);
#1480 = EDGE_CURVE('',#818,#1458,#1481,.T.);
#1481 = SURFACE_CURVE('',#1482,(#1487,#1494),.PCURVE_S1.);
#1482 = CIRCLE('',#1483,6.);
#1483 = AXIS2_PLACEMENT_3D('',#1484,#1485,#1486);
#1484 = CARTESIAN_POINT('',(41.20999999796,6.,2.8));
#1485 = DIRECTION('',(0.,0.,1.));
#1486 = DIRECTION('',(1.,0.,0.));
#1487 = PCURVE('',#447,#1488);
#1488 = DEFINITIONAL_REPRESENTATION('',(#1489),#1493);
#1489 = LINE('',#1490,#1491);
#1490 = CARTESIAN_POINT('',(-0.,0.));
#1491 = VECTOR('',#1492,1.);
#1492 = DIRECTION('',(-1.,0.));
#1493 = ( GEOMETRIC_REPRESENTATION_CONTEXT(2) 
PARAMETRIC_REPRESENTATION_CONTEXT() REPRESENTATION_CONTEXT('2D SPACE',''
  ) );
#1494 = PCURVE('',#1059,#1495);
#1495 = DEFINITIONAL_REPRESENTATION('',(#1496),#1499);
#1496 = B_SPLINE_CURVE_WITH_KNOTS('',1,(#1497,#1498),.UNSPECIFIED.,.F.,
  .F.,(2,2),(4.712388980385,6.28318530718),.PIECEWISE_BEZIER_KNOTS.);
#1497 = CARTESIAN_POINT('',(4.712388980385,1.));
#1498 = CARTESIAN_POINT('',(6.28318530718,1.));
#1499 = ( GEOMETRIC_REPRESENTATION_CONTEXT(2) 
PARAMETRIC_REPRESENTATION_CONTEXT() REPRESENTATION_CONTEXT('2D SPACE',''
  ) );
#1500 = ADVANCED_FACE('',(#1501),#504,.T.);
#1501 = FACE_BOUND('',#1502,.F.);
#1502 = EDGE_LOOP('',(#1503,#1526,#1527,#1528));
#1503 = ORIENTED_EDGE('',*,*,#1504,.T.);
#1504 = EDGE_CURVE('',#1505,#460,#1507,.T.);
#1505 = VERTEX_POINT('',#1506);
#1506 = CARTESIAN_POINT('',(47.20999999898,74.8,2.8));
#1507 = SURFACE_CURVE('',#1508,(#1512,#1519),.PCURVE_S1.);
#1508 = LINE('',#1509,#1510);
#1509 = CARTESIAN_POINT('',(47.20999999898,74.8,2.8));
#1510 = VECTOR('',#1511,1.);
#1511 = DIRECTION('',(0.,0.,1.));
#1512 = PCURVE('',#504,#1513);
#1513 = DEFINITIONAL_REPRESENTATION('',(#1514),#1518);
#1514 = LINE('',#1515,#1516);
#1515 = CARTESIAN_POINT('',(-0.,0.));
#1516 = VECTOR('',#1517,1.);
#1517 = DIRECTION('',(-0.,-1.));
#1518 = ( GEOMETRIC_REPRESENTATION_CONTEXT(2) 
PARAMETRIC_REPRESENTATION_CONTEXT() REPRESENTATION_CONTEXT('2D SPACE',''
  ) );
#1519 = PCURVE('',#475,#1520);
#1520 = DEFINITIONAL_REPRESENTATION('',(#1521),#1525);
#1521 = LINE('',#1522,#1523);
#1522 = CARTESIAN_POINT('',(68.8,0.));
#1523 = VECTOR('',#1524,1.);
#1524 = DIRECTION('',(0.,-1.));
#1525 = ( GEOMETRIC_REPRESENTATION_CONTEXT(2) 
PARAMETRIC_REPRESENTATION_CONTEXT() REPRESENTATION_CONTEXT('2D SPACE',''
  ) );
#1526 = ORIENTED_EDGE('',*,*,#487,.T.);
#1527 = ORIENTED_EDGE('',*,*,#918,.F.);
#1528 = ORIENTED_EDGE('',*,*,#1529,.F.);
#1529 = EDGE_CURVE('',#1505,#919,#1530,.T.);
#1530 = SURFACE_CURVE('',#1531,(#1536,#1543),.PCURVE_S1.);
#1531 = CIRCLE('',#1532,6.);
#1532 = AXIS2_PLACEMENT_3D('',#1533,#1534,#1535);
#1533 = CARTESIAN_POINT('',(41.20999999796,74.8,2.8));
#1534 = DIRECTION('',(0.,0.,1.));
#1535 = DIRECTION('',(1.,0.,0.));
#1536 = PCURVE('',#504,#1537);
#1537 = DEFINITIONAL_REPRESENTATION('',(#1538),#1542);
#1538 = LINE('',#1539,#1540);
#1539 = CARTESIAN_POINT('',(-0.,0.));
#1540 = VECTOR('',#1541,1.);
#1541 = DIRECTION('',(-1.,0.));
#1542 = ( GEOMETRIC_REPRESENTATION_CONTEXT(2) 
PARAMETRIC_REPRESENTATION_CONTEXT() REPRESENTATION_CONTEXT('2D SPACE',''
  ) );
#1543 = PCURVE('',#1130,#1544);
#1544 = DEFINITIONAL_REPRESENTATION('',(#1545),#1548);
#1545 = B_SPLINE_CURVE_WITH_KNOTS('',1,(#1546,#1547),.UNSPECIFIED.,.F.,
  .F.,(2,2),(0.,1.570796326795),.PIECEWISE_BEZIER_KNOTS.);
#1546 = CARTESIAN_POINT('',(0.,1.));
#1547 = CARTESIAN_POINT('',(1.570796326795,1.));
#1548 = ( GEOMETRIC_REPRESENTATION_CONTEXT(2) 
PARAMETRIC_REPRESENTATION_CONTEXT() REPRESENTATION_CONTEXT('2D SPACE',''
  ) );
#1549 = ADVANCED_FACE('',(#1550),#475,.F.);
#1550 = FACE_BOUND('',#1551,.F.);
#1551 = EDGE_LOOP('',(#1552,#1553,#1554,#1555));
#1552 = ORIENTED_EDGE('',*,*,#1457,.T.);
#1553 = ORIENTED_EDGE('',*,*,#459,.T.);
#1554 = ORIENTED_EDGE('',*,*,#1504,.F.);
#1555 = ORIENTED_EDGE('',*,*,#1556,.F.);
#1556 = EDGE_CURVE('',#1458,#1505,#1557,.T.);
#1557 = SURFACE_CURVE('',#1558,(#1562,#1569),.PCURVE_S1.);
#1558 = LINE('',#1559,#1560);
#1559 = CARTESIAN_POINT('',(47.21,40.4,2.8));
#1560 = VECTOR('',#1561,1.);
#1561 = DIRECTION('',(0.,1.,0.));
#1562 = PCURVE('',#475,#1563);
#1563 = DEFINITIONAL_REPRESENTATION('',(#1564),#1568);
#1564 = LINE('',#1565,#1566);
#1565 = CARTESIAN_POINT('',(34.4,0.));
#1566 = VECTOR('',#1567,1.);
#1567 = DIRECTION('',(1.,0.));
#1568 = ( GEOMETRIC_REPRESENTATION_CONTEXT(2) 
PARAMETRIC_REPRESENTATION_CONTEXT() REPRESENTATION_CONTEXT('2D SPACE',''
  ) );
#1569 = PCURVE('',#1101,#1570);
#1570 = DEFINITIONAL_REPRESENTATION('',(#1571),#1575);
#1571 = LINE('',#1572,#1573);
#1572 = CARTESIAN_POINT('',(0.,0.));
#1573 = VECTOR('',#1574,1.);
#1574 = DIRECTION('',(1.,0.));
#1575 = ( GEOMETRIC_REPRESENTATION_CONTEXT(2) 
PARAMETRIC_REPRESENTATION_CONTEXT() REPRESENTATION_CONTEXT('2D SPACE',''
  ) );
#1576 = ADVANCED_FACE('',(#1577),#563,.F.);
#1577 = FACE_BOUND('',#1578,.F.);
#1578 = EDGE_LOOP('',(#1579,#1610,#1628,#1629));
#1579 = ORIENTED_EDGE('',*,*,#1580,.F.);
#1580 = EDGE_CURVE('',#1581,#1583,#1585,.T.);
#1581 = VERTEX_POINT('',#1582);
#1582 = CARTESIAN_POINT('',(6.,2.4,17.8));
#1583 = VERTEX_POINT('',#1584);
#1584 = CARTESIAN_POINT('',(2.4,6.,17.8));
#1585 = SURFACE_CURVE('',#1586,(#1591,#1598),.PCURVE_S1.);
#1586 = CIRCLE('',#1587,3.6);
#1587 = AXIS2_PLACEMENT_3D('',#1588,#1589,#1590);
#1588 = CARTESIAN_POINT('',(6.,6.,17.8));
#1589 = DIRECTION('',(0.,0.,-1.));
#1590 = DIRECTION('',(-1.,0.,0.));
#1591 = PCURVE('',#563,#1592);
#1592 = DEFINITIONAL_REPRESENTATION('',(#1593),#1597);
#1593 = LINE('',#1594,#1595);
#1594 = CARTESIAN_POINT('',(6.28318530718,0.));
#1595 = VECTOR('',#1596,1.);
#1596 = DIRECTION('',(-1.,0.));
#1597 = ( GEOMETRIC_REPRESENTATION_CONTEXT(2) 
PARAMETRIC_REPRESENTATION_CONTEXT() REPRESENTATION_CONTEXT('2D SPACE',''
  ) );
#1598 = PCURVE('',#1599,#1604);
#1599 = CYLINDRICAL_SURFACE('',#1600,3.6);
#1600 = AXIS2_PLACEMENT_3D('',#1601,#1602,#1603);
#1601 = CARTESIAN_POINT('',(6.,6.,1.4));
#1602 = DIRECTION('',(0.,0.,-1.));
#1603 = DIRECTION('',(-1.,0.,0.));
#1604 = DEFINITIONAL_REPRESENTATION('',(#1605),#1609);
#1605 = LINE('',#1606,#1607);
#1606 = CARTESIAN_POINT('',(0.,-16.4));
#1607 = VECTOR('',#1608,1.);
#1608 = DIRECTION('',(1.,0.));
#1609 = ( GEOMETRIC_REPRESENTATION_CONTEXT(2) 
PARAMETRIC_REPRESENTATION_CONTEXT() REPRESENTATION_CONTEXT('2D SPACE',''
  ) );
#1610 = ORIENTED_EDGE('',*,*,#1611,.T.);
#1611 = EDGE_CURVE('',#1581,#541,#1612,.T.);
#1612 = SURFACE_CURVE('',#1613,(#1616,#1622),.PCURVE_S1.);
#1613 = B_SPLINE_CURVE_WITH_KNOTS('',1,(#1614,#1615),.UNSPECIFIED.,.F.,
  .F.,(2,2),(0.,1.),.PIECEWISE_BEZIER_KNOTS.);
#1614 = CARTESIAN_POINT('',(6.,2.4,17.8));
#1615 = CARTESIAN_POINT('',(6.,1.8,18.4));
#1616 = PCURVE('',#563,#1617);
#1617 = DEFINITIONAL_REPRESENTATION('',(#1618),#1621);
#1618 = B_SPLINE_CURVE_WITH_KNOTS('',1,(#1619,#1620),.UNSPECIFIED.,.F.,
  .F.,(2,2),(0.,1.),.PIECEWISE_BEZIER_KNOTS.);
#1619 = CARTESIAN_POINT('',(1.570796326795,0.));
#1620 = CARTESIAN_POINT('',(1.570796326795,0.6));
#1621 = ( GEOMETRIC_REPRESENTATION_CONTEXT(2) 
PARAMETRIC_REPRESENTATION_CONTEXT() REPRESENTATION_CONTEXT('2D SPACE',''
  ) );
#1622 = PCURVE('',#800,#1623);
#1623 = DEFINITIONAL_REPRESENTATION('',(#1624),#1627);
#1624 = B_SPLINE_CURVE_WITH_KNOTS('',1,(#1625,#1626),.UNSPECIFIED.,.F.,
  .F.,(2,2),(0.,1.),.PIECEWISE_BEZIER_KNOTS.);
#1625 = CARTESIAN_POINT('',(-17.605,-0.848528137424));
#1626 = CARTESIAN_POINT('',(-17.605,0.));
#1627 = ( GEOMETRIC_REPRESENTATION_CONTEXT(2) 
PARAMETRIC_REPRESENTATION_CONTEXT() REPRESENTATION_CONTEXT('2D SPACE',''
  ) );
#1628 = ORIENTED_EDGE('',*,*,#540,.T.);
#1629 = ORIENTED_EDGE('',*,*,#1630,.F.);
#1630 = EDGE_CURVE('',#1583,#543,#1631,.T.);
#1631 = SURFACE_CURVE('',#1632,(#1635,#1641),.PCURVE_S1.);
#1632 = B_SPLINE_CURVE_WITH_KNOTS('',1,(#1633,#1634),.UNSPECIFIED.,.F.,
  .F.,(2,2),(0.,1.),.PIECEWISE_BEZIER_KNOTS.);
#1633 = CARTESIAN_POINT('',(2.4,6.,17.8));
#1634 = CARTESIAN_POINT('',(1.8,6.,18.4));
#1635 = PCURVE('',#563,#1636);
#1636 = DEFINITIONAL_REPRESENTATION('',(#1637),#1640);
#1637 = B_SPLINE_CURVE_WITH_KNOTS('',1,(#1638,#1639),.UNSPECIFIED.,.F.,
  .F.,(2,2),(0.,1.),.PIECEWISE_BEZIER_KNOTS.);
#1638 = CARTESIAN_POINT('',(0.,0.));
#1639 = CARTESIAN_POINT('',(0.,0.6));
#1640 = ( GEOMETRIC_REPRESENTATION_CONTEXT(2) 
PARAMETRIC_REPRESENTATION_CONTEXT() REPRESENTATION_CONTEXT('2D SPACE',''
  ) );
#1641 = PCURVE('',#591,#1642);
#1642 = DEFINITIONAL_REPRESENTATION('',(#1643),#1646);
#1643 = B_SPLINE_CURVE_WITH_KNOTS('',1,(#1644,#1645),.UNSPECIFIED.,.F.,
  .F.,(2,2),(0.,1.),.PIECEWISE_BEZIER_KNOTS.);
#1644 = CARTESIAN_POINT('',(34.4,-0.848528137424));
#1645 = CARTESIAN_POINT('',(34.4,1.278976924368E-13));
#1646 = ( GEOMETRIC_REPRESENTATION_CONTEXT(2) 
PARAMETRIC_REPRESENTATION_CONTEXT() REPRESENTATION_CONTEXT('2D SPACE',''
  ) );
#1647 = ADVANCED_FACE('',(#1648),#800,.F.);
#1648 = FACE_BOUND('',#1649,.F.);
#1649 = EDGE_LOOP('',(#1650,#1678,#1697,#1698));
#1650 = ORIENTED_EDGE('',*,*,#1651,.T.);
#1651 = EDGE_CURVE('',#1581,#1652,#1654,.T.);
#1652 = VERTEX_POINT('',#1653);
#1653 = CARTESIAN_POINT('',(41.209999996899,2.4,17.8));
#1654 = SURFACE_CURVE('',#1655,(#1659,#1666),.PCURVE_S1.);
#1655 = LINE('',#1656,#1657);
#1656 = CARTESIAN_POINT('',(23.605,2.4,17.8));
#1657 = VECTOR('',#1658,1.);
#1658 = DIRECTION('',(1.,0.,0.));
#1659 = PCURVE('',#800,#1660);
#1660 = DEFINITIONAL_REPRESENTATION('',(#1661),#1665);
#1661 = LINE('',#1662,#1663);
#1662 = CARTESIAN_POINT('',(4.796163466381E-14,-0.848528137424));
#1663 = VECTOR('',#1664,1.);
#1664 = DIRECTION('',(1.,0.));
#1665 = ( GEOMETRIC_REPRESENTATION_CONTEXT(2) 
PARAMETRIC_REPRESENTATION_CONTEXT() REPRESENTATION_CONTEXT('2D SPACE',''
  ) );
#1666 = PCURVE('',#1667,#1672);
#1667 = PLANE('',#1668);
#1668 = AXIS2_PLACEMENT_3D('',#1669,#1670,#1671);
#1669 = CARTESIAN_POINT('',(6.,2.4,1.4));
#1670 = DIRECTION('',(0.,1.,0.));
#1671 = DIRECTION('',(1.,0.,0.));
#1672 = DEFINITIONAL_REPRESENTATION('',(#1673),#1677);
#1673 = LINE('',#1674,#1675);
#1674 = CARTESIAN_POINT('',(17.605,-16.4));
#1675 = VECTOR('',#1676,1.);
#1676 = DIRECTION('',(1.,0.));
#1677 = ( GEOMETRIC_REPRESENTATION_CONTEXT(2) 
PARAMETRIC_REPRESENTATION_CONTEXT() REPRESENTATION_CONTEXT('2D SPACE',''
  ) );
#1678 = ORIENTED_EDGE('',*,*,#1679,.T.);
#1679 = EDGE_CURVE('',#1652,#740,#1680,.T.);
#1680 = SURFACE_CURVE('',#1681,(#1684,#1690),.PCURVE_S1.);
#1681 = B_SPLINE_CURVE_WITH_KNOTS('',1,(#1682,#1683),.UNSPECIFIED.,.F.,
  .F.,(2,2),(0.,1.),.PIECEWISE_BEZIER_KNOTS.);
#1682 = CARTESIAN_POINT('',(41.209999996899,2.4,17.8));
#1683 = CARTESIAN_POINT('',(41.209999997245,1.8,18.4));
#1684 = PCURVE('',#800,#1685);
#1685 = DEFINITIONAL_REPRESENTATION('',(#1686),#1689);
#1686 = B_SPLINE_CURVE_WITH_KNOTS('',1,(#1687,#1688),.UNSPECIFIED.,.F.,
  .F.,(2,2),(0.,1.),.PIECEWISE_BEZIER_KNOTS.);
#1687 = CARTESIAN_POINT('',(17.604999996899,-0.848528137424));
#1688 = CARTESIAN_POINT('',(17.604999997244,0.));
#1689 = ( GEOMETRIC_REPRESENTATION_CONTEXT(2) 
PARAMETRIC_REPRESENTATION_CONTEXT() REPRESENTATION_CONTEXT('2D SPACE',''
  ) );
#1690 = PCURVE('',#760,#1691);
#1691 = DEFINITIONAL_REPRESENTATION('',(#1692),#1696);
#1692 = LINE('',#1693,#1694);
#1693 = CARTESIAN_POINT('',(1.570796326795,0.));
#1694 = VECTOR('',#1695,1.);
#1695 = DIRECTION('',(0.,1.));
#1696 = ( GEOMETRIC_REPRESENTATION_CONTEXT(2) 
PARAMETRIC_REPRESENTATION_CONTEXT() REPRESENTATION_CONTEXT('2D SPACE',''
  ) );
#1697 = ORIENTED_EDGE('',*,*,#786,.F.);
#1698 = ORIENTED_EDGE('',*,*,#1611,.F.);
#1699 = ADVANCED_FACE('',(#1700),#760,.F.);
#1700 = FACE_BOUND('',#1701,.F.);
#1701 = EDGE_LOOP('',(#1702,#1731,#1750,#1751));
#1702 = ORIENTED_EDGE('',*,*,#1703,.F.);
#1703 = EDGE_CURVE('',#1704,#1652,#1706,.T.);
#1704 = VERTEX_POINT('',#1705);
#1705 = CARTESIAN_POINT('',(44.809999998449,6.,17.8));
#1706 = SURFACE_CURVE('',#1707,(#1712,#1719),.PCURVE_S1.);
#1707 = CIRCLE('',#1708,3.6);
#1708 = AXIS2_PLACEMENT_3D('',#1709,#1710,#1711);
#1709 = CARTESIAN_POINT('',(41.209999996899,6.,17.8));
#1710 = DIRECTION('',(0.,0.,-1.));
#1711 = DIRECTION('',(-1.,0.,0.));
#1712 = PCURVE('',#760,#1713);
#1713 = DEFINITIONAL_REPRESENTATION('',(#1714),#1718);
#1714 = LINE('',#1715,#1716);
#1715 = CARTESIAN_POINT('',(6.28318530718,0.));
#1716 = VECTOR('',#1717,1.);
#1717 = DIRECTION('',(-1.,0.));
#1718 = ( GEOMETRIC_REPRESENTATION_CONTEXT(2) 
PARAMETRIC_REPRESENTATION_CONTEXT() REPRESENTATION_CONTEXT('2D SPACE',''
  ) );
#1719 = PCURVE('',#1720,#1725);
#1720 = CYLINDRICAL_SURFACE('',#1721,3.6);
#1721 = AXIS2_PLACEMENT_3D('',#1722,#1723,#1724);
#1722 = CARTESIAN_POINT('',(41.209999996899,6.,1.4));
#1723 = DIRECTION('',(0.,0.,-1.));
#1724 = DIRECTION('',(-1.,0.,0.));
#1725 = DEFINITIONAL_REPRESENTATION('',(#1726),#1730);
#1726 = LINE('',#1727,#1728);
#1727 = CARTESIAN_POINT('',(0.,-16.4));
#1728 = VECTOR('',#1729,1.);
#1729 = DIRECTION('',(1.,0.));
#1730 = ( GEOMETRIC_REPRESENTATION_CONTEXT(2) 
PARAMETRIC_REPRESENTATION_CONTEXT() REPRESENTATION_CONTEXT('2D SPACE',''
  ) );
#1731 = ORIENTED_EDGE('',*,*,#1732,.T.);
#1732 = EDGE_CURVE('',#1704,#712,#1733,.T.);
#1733 = SURFACE_CURVE('',#1734,(#1737,#1744),.PCURVE_S1.);
#1734 = B_SPLINE_CURVE_WITH_KNOTS('',1,(#1735,#1736),.UNSPECIFIED.,.F.,
  .F.,(2,2),(0.,1.),.PIECEWISE_BEZIER_KNOTS.);
#1735 = CARTESIAN_POINT('',(44.809999996899,6.,17.8));
#1736 = CARTESIAN_POINT('',(45.409999997245,6.,18.4));
#1737 = PCURVE('',#760,#1738);
#1738 = DEFINITIONAL_REPRESENTATION('',(#1739),#1743);
#1739 = LINE('',#1740,#1741);
#1740 = CARTESIAN_POINT('',(3.14159265359,0.));
#1741 = VECTOR('',#1742,1.);
#1742 = DIRECTION('',(0.,1.));
#1743 = ( GEOMETRIC_REPRESENTATION_CONTEXT(2) 
PARAMETRIC_REPRESENTATION_CONTEXT() REPRESENTATION_CONTEXT('2D SPACE',''
  ) );
#1744 = PCURVE('',#727,#1745);
#1745 = DEFINITIONAL_REPRESENTATION('',(#1746),#1749);
#1746 = B_SPLINE_CURVE_WITH_KNOTS('',1,(#1747,#1748),.UNSPECIFIED.,.F.,
  .F.,(2,2),(0.,1.),.PIECEWISE_BEZIER_KNOTS.);
#1747 = CARTESIAN_POINT('',(-34.4,-0.848528139617));
#1748 = CARTESIAN_POINT('',(-34.4,-1.948485817138E-09));
#1749 = ( GEOMETRIC_REPRESENTATION_CONTEXT(2) 
PARAMETRIC_REPRESENTATION_CONTEXT() REPRESENTATION_CONTEXT('2D SPACE',''
  ) );
#1750 = ORIENTED_EDGE('',*,*,#739,.T.);
#1751 = ORIENTED_EDGE('',*,*,#1679,.F.);
#1752 = ADVANCED_FACE('',(#1753),#727,.F.);
#1753 = FACE_BOUND('',#1754,.F.);
#1754 = EDGE_LOOP('',(#1755,#1783,#1802,#1803));
#1755 = ORIENTED_EDGE('',*,*,#1756,.T.);
#1756 = EDGE_CURVE('',#1704,#1757,#1759,.T.);
#1757 = VERTEX_POINT('',#1758);
#1758 = CARTESIAN_POINT('',(44.809999998449,74.8,17.8));
#1759 = SURFACE_CURVE('',#1760,(#1764,#1771),.PCURVE_S1.);
#1760 = LINE('',#1761,#1762);
#1761 = CARTESIAN_POINT('',(44.81,40.4,17.8));
#1762 = VECTOR('',#1763,1.);
#1763 = DIRECTION('',(0.,1.,0.));
#1764 = PCURVE('',#727,#1765);
#1765 = DEFINITIONAL_REPRESENTATION('',(#1766),#1770);
#1766 = LINE('',#1767,#1768);
#1767 = CARTESIAN_POINT('',(-3.552713678801E-15,-0.848528137424));
#1768 = VECTOR('',#1769,1.);
#1769 = DIRECTION('',(1.,0.));
#1770 = ( GEOMETRIC_REPRESENTATION_CONTEXT(2) 
PARAMETRIC_REPRESENTATION_CONTEXT() REPRESENTATION_CONTEXT('2D SPACE',''
  ) );
#1771 = PCURVE('',#1772,#1777);
#1772 = PLANE('',#1773);
#1773 = AXIS2_PLACEMENT_3D('',#1774,#1775,#1776);
#1774 = CARTESIAN_POINT('',(44.81,6.,1.4));
#1775 = DIRECTION('',(-1.,0.,0.));
#1776 = DIRECTION('',(0.,1.,0.));
#1777 = DEFINITIONAL_REPRESENTATION('',(#1778),#1782);
#1778 = LINE('',#1779,#1780);
#1779 = CARTESIAN_POINT('',(34.4,-16.4));
#1780 = VECTOR('',#1781,1.);
#1781 = DIRECTION('',(1.,0.));
#1782 = ( GEOMETRIC_REPRESENTATION_CONTEXT(2) 
PARAMETRIC_REPRESENTATION_CONTEXT() REPRESENTATION_CONTEXT('2D SPACE',''
  ) );
#1783 = ORIENTED_EDGE('',*,*,#1784,.T.);
#1784 = EDGE_CURVE('',#1757,#665,#1785,.T.);
#1785 = SURFACE_CURVE('',#1786,(#1789,#1795),.PCURVE_S1.);
#1786 = B_SPLINE_CURVE_WITH_KNOTS('',1,(#1787,#1788),.UNSPECIFIED.,.F.,
  .F.,(2,2),(0.,1.),.PIECEWISE_BEZIER_KNOTS.);
#1787 = CARTESIAN_POINT('',(44.809999998449,74.8,17.8));
#1788 = CARTESIAN_POINT('',(45.409999998622,74.8,18.4));
#1789 = PCURVE('',#727,#1790);
#1790 = DEFINITIONAL_REPRESENTATION('',(#1791),#1794);
#1791 = B_SPLINE_CURVE_WITH_KNOTS('',1,(#1792,#1793),.UNSPECIFIED.,.F.,
  .F.,(2,2),(0.,1.),.PIECEWISE_BEZIER_KNOTS.);
#1792 = CARTESIAN_POINT('',(34.4,-0.84852813852));
#1793 = CARTESIAN_POINT('',(34.4,-9.742393558554E-10));
#1794 = ( GEOMETRIC_REPRESENTATION_CONTEXT(2) 
PARAMETRIC_REPRESENTATION_CONTEXT() REPRESENTATION_CONTEXT('2D SPACE',''
  ) );
#1795 = PCURVE('',#685,#1796);
#1796 = DEFINITIONAL_REPRESENTATION('',(#1797),#1801);
#1797 = LINE('',#1798,#1799);
#1798 = CARTESIAN_POINT('',(3.14159265359,0.));
#1799 = VECTOR('',#1800,1.);
#1800 = DIRECTION('',(0.,1.));
#1801 = ( GEOMETRIC_REPRESENTATION_CONTEXT(2) 
PARAMETRIC_REPRESENTATION_CONTEXT() REPRESENTATION_CONTEXT('2D SPACE',''
  ) );
#1802 = ORIENTED_EDGE('',*,*,#711,.F.);
#1803 = ORIENTED_EDGE('',*,*,#1732,.F.);
#1804 = ADVANCED_FACE('',(#1805),#685,.F.);
#1805 = FACE_BOUND('',#1806,.F.);
#1806 = EDGE_LOOP('',(#1807,#1836,#1856,#1857));
#1807 = ORIENTED_EDGE('',*,*,#1808,.F.);
#1808 = EDGE_CURVE('',#1809,#1757,#1811,.T.);
#1809 = VERTEX_POINT('',#1810);
#1810 = CARTESIAN_POINT('',(41.209999996899,78.4,17.8));
#1811 = SURFACE_CURVE('',#1812,(#1817,#1824),.PCURVE_S1.);
#1812 = CIRCLE('',#1813,3.6);
#1813 = AXIS2_PLACEMENT_3D('',#1814,#1815,#1816);
#1814 = CARTESIAN_POINT('',(41.209999996899,74.8,17.8));
#1815 = DIRECTION('',(0.,0.,-1.));
#1816 = DIRECTION('',(-1.,0.,0.));
#1817 = PCURVE('',#685,#1818);
#1818 = DEFINITIONAL_REPRESENTATION('',(#1819),#1823);
#1819 = LINE('',#1820,#1821);
#1820 = CARTESIAN_POINT('',(6.28318530718,0.));
#1821 = VECTOR('',#1822,1.);
#1822 = DIRECTION('',(-1.,0.));
#1823 = ( GEOMETRIC_REPRESENTATION_CONTEXT(2) 
PARAMETRIC_REPRESENTATION_CONTEXT() REPRESENTATION_CONTEXT('2D SPACE',''
  ) );
#1824 = PCURVE('',#1825,#1830);
#1825 = CYLINDRICAL_SURFACE('',#1826,3.6);
#1826 = AXIS2_PLACEMENT_3D('',#1827,#1828,#1829);
#1827 = CARTESIAN_POINT('',(41.209999996899,74.8,1.4));
#1828 = DIRECTION('',(0.,0.,-1.));
#1829 = DIRECTION('',(-1.,0.,0.));
#1830 = DEFINITIONAL_REPRESENTATION('',(#1831),#1835);
#1831 = LINE('',#1832,#1833);
#1832 = CARTESIAN_POINT('',(0.,-16.4));
#1833 = VECTOR('',#1834,1.);
#1834 = DIRECTION('',(1.,0.));
#1835 = ( GEOMETRIC_REPRESENTATION_CONTEXT(2) 
PARAMETRIC_REPRESENTATION_CONTEXT() REPRESENTATION_CONTEXT('2D SPACE',''
  ) );
#1836 = ORIENTED_EDGE('',*,*,#1837,.T.);
#1837 = EDGE_CURVE('',#1809,#637,#1838,.T.);
#1838 = SURFACE_CURVE('',#1839,(#1842,#1849),.PCURVE_S1.);
#1839 = B_SPLINE_CURVE_WITH_KNOTS('',1,(#1840,#1841),.UNSPECIFIED.,.F.,
  .F.,(2,2),(0.,1.),.PIECEWISE_BEZIER_KNOTS.);
#1840 = CARTESIAN_POINT('',(41.209999996899,78.4,17.8));
#1841 = CARTESIAN_POINT('',(41.209999997245,79.,18.4));
#1842 = PCURVE('',#685,#1843);
#1843 = DEFINITIONAL_REPRESENTATION('',(#1844),#1848);
#1844 = LINE('',#1845,#1846);
#1845 = CARTESIAN_POINT('',(4.712388980385,0.));
#1846 = VECTOR('',#1847,1.);
#1847 = DIRECTION('',(0.,1.));
#1848 = ( GEOMETRIC_REPRESENTATION_CONTEXT(2) 
PARAMETRIC_REPRESENTATION_CONTEXT() REPRESENTATION_CONTEXT('2D SPACE',''
  ) );
#1849 = PCURVE('',#652,#1850);
#1850 = DEFINITIONAL_REPRESENTATION('',(#1851),#1855);
#1851 = LINE('',#1852,#1853);
#1852 = CARTESIAN_POINT('',(-17.60499999724,0.));
#1853 = VECTOR('',#1854,1.);
#1854 = DIRECTION('',(0.,1.));
#1855 = ( GEOMETRIC_REPRESENTATION_CONTEXT(2) 
PARAMETRIC_REPRESENTATION_CONTEXT() REPRESENTATION_CONTEXT('2D SPACE',''
  ) );
#1856 = ORIENTED_EDGE('',*,*,#664,.T.);
#1857 = ORIENTED_EDGE('',*,*,#1784,.F.);
#1858 = ADVANCED_FACE('',(#1859),#652,.F.);
#1859 = FACE_BOUND('',#1860,.F.);
#1860 = EDGE_LOOP('',(#1861,#1889,#1908,#1909));
#1861 = ORIENTED_EDGE('',*,*,#1862,.F.);
#1862 = EDGE_CURVE('',#1863,#1809,#1865,.T.);
#1863 = VERTEX_POINT('',#1864);
#1864 = CARTESIAN_POINT('',(6.,78.4,17.8));
#1865 = SURFACE_CURVE('',#1866,(#1870,#1877),.PCURVE_S1.);
#1866 = LINE('',#1867,#1868);
#1867 = CARTESIAN_POINT('',(23.605,78.4,17.8));
#1868 = VECTOR('',#1869,1.);
#1869 = DIRECTION('',(1.,0.,0.));
#1870 = PCURVE('',#652,#1871);
#1871 = DEFINITIONAL_REPRESENTATION('',(#1872),#1876);
#1872 = LINE('',#1873,#1874);
#1873 = CARTESIAN_POINT('',(0.,0.));
#1874 = VECTOR('',#1875,1.);
#1875 = DIRECTION('',(-1.,0.));
#1876 = ( GEOMETRIC_REPRESENTATION_CONTEXT(2) 
PARAMETRIC_REPRESENTATION_CONTEXT() REPRESENTATION_CONTEXT('2D SPACE',''
  ) );
#1877 = PCURVE('',#1878,#1883);
#1878 = PLANE('',#1879);
#1879 = AXIS2_PLACEMENT_3D('',#1880,#1881,#1882);
#1880 = CARTESIAN_POINT('',(6.,78.4,1.4));
#1881 = DIRECTION('',(0.,1.,0.));
#1882 = DIRECTION('',(1.,0.,0.));
#1883 = DEFINITIONAL_REPRESENTATION('',(#1884),#1888);
#1884 = LINE('',#1885,#1886);
#1885 = CARTESIAN_POINT('',(17.605,-16.4));
#1886 = VECTOR('',#1887,1.);
#1887 = DIRECTION('',(1.,0.));
#1888 = ( GEOMETRIC_REPRESENTATION_CONTEXT(2) 
PARAMETRIC_REPRESENTATION_CONTEXT() REPRESENTATION_CONTEXT('2D SPACE',''
  ) );
#1889 = ORIENTED_EDGE('',*,*,#1890,.T.);
#1890 = EDGE_CURVE('',#1863,#604,#1891,.T.);
#1891 = SURFACE_CURVE('',#1892,(#1895,#1902),.PCURVE_S1.);
#1892 = B_SPLINE_CURVE_WITH_KNOTS('',1,(#1893,#1894),.UNSPECIFIED.,.F.,
  .F.,(2,2),(0.,1.),.PIECEWISE_BEZIER_KNOTS.);
#1893 = CARTESIAN_POINT('',(6.,78.4,17.8));
#1894 = CARTESIAN_POINT('',(6.,79.,18.4));
#1895 = PCURVE('',#652,#1896);
#1896 = DEFINITIONAL_REPRESENTATION('',(#1897),#1901);
#1897 = LINE('',#1898,#1899);
#1898 = CARTESIAN_POINT('',(17.605,0.));
#1899 = VECTOR('',#1900,1.);
#1900 = DIRECTION('',(0.,1.));
#1901 = ( GEOMETRIC_REPRESENTATION_CONTEXT(2) 
PARAMETRIC_REPRESENTATION_CONTEXT() REPRESENTATION_CONTEXT('2D SPACE',''
  ) );
#1902 = PCURVE('',#624,#1903);
#1903 = DEFINITIONAL_REPRESENTATION('',(#1904),#1907);
#1904 = B_SPLINE_CURVE_WITH_KNOTS('',1,(#1905,#1906),.UNSPECIFIED.,.F.,
  .F.,(2,2),(0.,1.),.PIECEWISE_BEZIER_KNOTS.);
#1905 = CARTESIAN_POINT('',(4.712388980385,0.));
#1906 = CARTESIAN_POINT('',(4.712388980385,0.6));
#1907 = ( GEOMETRIC_REPRESENTATION_CONTEXT(2) 
PARAMETRIC_REPRESENTATION_CONTEXT() REPRESENTATION_CONTEXT('2D SPACE',''
  ) );
#1908 = ORIENTED_EDGE('',*,*,#636,.T.);
#1909 = ORIENTED_EDGE('',*,*,#1837,.F.);
#1910 = ADVANCED_FACE('',(#1911),#624,.F.);
#1911 = FACE_BOUND('',#1912,.F.);
#1912 = EDGE_LOOP('',(#1913,#1942,#1960,#1961));
#1913 = ORIENTED_EDGE('',*,*,#1914,.F.);
#1914 = EDGE_CURVE('',#1915,#1863,#1917,.T.);
#1915 = VERTEX_POINT('',#1916);
#1916 = CARTESIAN_POINT('',(2.4,74.8,17.8));
#1917 = SURFACE_CURVE('',#1918,(#1923,#1930),.PCURVE_S1.);
#1918 = CIRCLE('',#1919,3.6);
#1919 = AXIS2_PLACEMENT_3D('',#1920,#1921,#1922);
#1920 = CARTESIAN_POINT('',(6.,74.8,17.8));
#1921 = DIRECTION('',(0.,0.,-1.));
#1922 = DIRECTION('',(-1.,0.,0.));
#1923 = PCURVE('',#624,#1924);
#1924 = DEFINITIONAL_REPRESENTATION('',(#1925),#1929);
#1925 = LINE('',#1926,#1927);
#1926 = CARTESIAN_POINT('',(6.28318530718,0.));
#1927 = VECTOR('',#1928,1.);
#1928 = DIRECTION('',(-1.,0.));
#1929 = ( GEOMETRIC_REPRESENTATION_CONTEXT(2) 
PARAMETRIC_REPRESENTATION_CONTEXT() REPRESENTATION_CONTEXT('2D SPACE',''
  ) );
#1930 = PCURVE('',#1931,#1936);
#1931 = CYLINDRICAL_SURFACE('',#1932,3.6);
#1932 = AXIS2_PLACEMENT_3D('',#1933,#1934,#1935);
#1933 = CARTESIAN_POINT('',(6.,74.8,1.4));
#1934 = DIRECTION('',(0.,0.,-1.));
#1935 = DIRECTION('',(-1.,0.,0.));
#1936 = DEFINITIONAL_REPRESENTATION('',(#1937),#1941);
#1937 = LINE('',#1938,#1939);
#1938 = CARTESIAN_POINT('',(0.,-16.4));
#1939 = VECTOR('',#1940,1.);
#1940 = DIRECTION('',(1.,0.));
#1941 = ( GEOMETRIC_REPRESENTATION_CONTEXT(2) 
PARAMETRIC_REPRESENTATION_CONTEXT() REPRESENTATION_CONTEXT('2D SPACE',''
  ) );
#1942 = ORIENTED_EDGE('',*,*,#1943,.T.);
#1943 = EDGE_CURVE('',#1915,#576,#1944,.T.);
#1944 = SURFACE_CURVE('',#1945,(#1948,#1954),.PCURVE_S1.);
#1945 = B_SPLINE_CURVE_WITH_KNOTS('',1,(#1946,#1947),.UNSPECIFIED.,.F.,
  .F.,(2,2),(0.,1.),.PIECEWISE_BEZIER_KNOTS.);
#1946 = CARTESIAN_POINT('',(2.4,74.8,17.8));
#1947 = CARTESIAN_POINT('',(1.8,74.8,18.4));
#1948 = PCURVE('',#624,#1949);
#1949 = DEFINITIONAL_REPRESENTATION('',(#1950),#1953);
#1950 = B_SPLINE_CURVE_WITH_KNOTS('',1,(#1951,#1952),.UNSPECIFIED.,.F.,
  .F.,(2,2),(0.,1.),.PIECEWISE_BEZIER_KNOTS.);
#1951 = CARTESIAN_POINT('',(6.28318530718,0.));
#1952 = CARTESIAN_POINT('',(6.28318530718,0.6));
#1953 = ( GEOMETRIC_REPRESENTATION_CONTEXT(2) 
PARAMETRIC_REPRESENTATION_CONTEXT() REPRESENTATION_CONTEXT('2D SPACE',''
  ) );
#1954 = PCURVE('',#591,#1955);
#1955 = DEFINITIONAL_REPRESENTATION('',(#1956),#1959);
#1956 = B_SPLINE_CURVE_WITH_KNOTS('',1,(#1957,#1958),.UNSPECIFIED.,.F.,
  .F.,(2,2),(0.,1.),.PIECEWISE_BEZIER_KNOTS.);
#1957 = CARTESIAN_POINT('',(-34.4,-0.848528137424));
#1958 = CARTESIAN_POINT('',(-34.4,1.278976924368E-13));
#1959 = ( GEOMETRIC_REPRESENTATION_CONTEXT(2) 
PARAMETRIC_REPRESENTATION_CONTEXT() REPRESENTATION_CONTEXT('2D SPACE',''
  ) );
#1960 = ORIENTED_EDGE('',*,*,#603,.T.);
#1961 = ORIENTED_EDGE('',*,*,#1890,.F.);
#1962 = ADVANCED_FACE('',(#1963),#591,.F.);
#1963 = FACE_BOUND('',#1964,.F.);
#1964 = EDGE_LOOP('',(#1965,#1991,#1992,#1993));
#1965 = ORIENTED_EDGE('',*,*,#1966,.F.);
#1966 = EDGE_CURVE('',#1583,#1915,#1967,.T.);
#1967 = SURFACE_CURVE('',#1968,(#1972,#1979),.PCURVE_S1.);
#1968 = LINE('',#1969,#1970);
#1969 = CARTESIAN_POINT('',(2.4,40.4,17.8));
#1970 = VECTOR('',#1971,1.);
#1971 = DIRECTION('',(0.,1.,0.));
#1972 = PCURVE('',#591,#1973);
#1973 = DEFINITIONAL_REPRESENTATION('',(#1974),#1978);
#1974 = LINE('',#1975,#1976);
#1975 = CARTESIAN_POINT('',(3.552713678801E-15,-0.848528137424));
#1976 = VECTOR('',#1977,1.);
#1977 = DIRECTION('',(-1.,0.));
#1978 = ( GEOMETRIC_REPRESENTATION_CONTEXT(2) 
PARAMETRIC_REPRESENTATION_CONTEXT() REPRESENTATION_CONTEXT('2D SPACE',''
  ) );
#1979 = PCURVE('',#1980,#1985);
#1980 = PLANE('',#1981);
#1981 = AXIS2_PLACEMENT_3D('',#1982,#1983,#1984);
#1982 = CARTESIAN_POINT('',(2.4,6.,1.4));
#1983 = DIRECTION('',(-1.,0.,0.));
#1984 = DIRECTION('',(0.,1.,0.));
#1985 = DEFINITIONAL_REPRESENTATION('',(#1986),#1990);
#1986 = LINE('',#1987,#1988);
#1987 = CARTESIAN_POINT('',(34.4,-16.4));
#1988 = VECTOR('',#1989,1.);
#1989 = DIRECTION('',(1.,0.));
#1990 = ( GEOMETRIC_REPRESENTATION_CONTEXT(2) 
PARAMETRIC_REPRESENTATION_CONTEXT() REPRESENTATION_CONTEXT('2D SPACE',''
  ) );
#1991 = ORIENTED_EDGE('',*,*,#1630,.T.);
#1992 = ORIENTED_EDGE('',*,*,#575,.T.);
#1993 = ORIENTED_EDGE('',*,*,#1943,.F.);
#1994 = ADVANCED_FACE('',(#1995),#854,.T.);
#1995 = FACE_BOUND('',#1996,.T.);
#1996 = EDGE_LOOP('',(#1997,#1998,#2017,#2018));
#1997 = ORIENTED_EDGE('',*,*,#1019,.T.);
#1998 = ORIENTED_EDGE('',*,*,#1999,.T.);
#1999 = EDGE_CURVE('',#1020,#818,#2000,.T.);
#2000 = SURFACE_CURVE('',#2001,(#2004,#2010),.PCURVE_S1.);
#2001 = B_SPLINE_CURVE_WITH_KNOTS('',1,(#2002,#2003),.UNSPECIFIED.,.F.,
  .F.,(2,2),(0.,1.),.PIECEWISE_BEZIER_KNOTS.);
#2002 = CARTESIAN_POINT('',(41.209999997831,0.4,2.4));
#2003 = CARTESIAN_POINT('',(41.20999999796,0.,2.8));
#2004 = PCURVE('',#854,#2005);
#2005 = DEFINITIONAL_REPRESENTATION('',(#2006),#2009);
#2006 = B_SPLINE_CURVE_WITH_KNOTS('',1,(#2007,#2008),.UNSPECIFIED.,.F.,
  .F.,(2,2),(0.,1.),.PIECEWISE_BEZIER_KNOTS.);
#2007 = CARTESIAN_POINT('',(17.604999997831,-0.565685424949));
#2008 = CARTESIAN_POINT('',(17.60499999796,0.));
#2009 = ( GEOMETRIC_REPRESENTATION_CONTEXT(2) 
PARAMETRIC_REPRESENTATION_CONTEXT() REPRESENTATION_CONTEXT('2D SPACE',''
  ) );
#2010 = PCURVE('',#1059,#2011);
#2011 = DEFINITIONAL_REPRESENTATION('',(#2012),#2016);
#2012 = LINE('',#2013,#2014);
#2013 = CARTESIAN_POINT('',(4.712388980385,0.));
#2014 = VECTOR('',#2015,1.);
#2015 = DIRECTION('',(0.,1.));
#2016 = ( GEOMETRIC_REPRESENTATION_CONTEXT(2) 
PARAMETRIC_REPRESENTATION_CONTEXT() REPRESENTATION_CONTEXT('2D SPACE',''
  ) );
#2017 = ORIENTED_EDGE('',*,*,#840,.F.);
#2018 = ORIENTED_EDGE('',*,*,#893,.F.);
#2019 = ADVANCED_FACE('',(#2020),#955,.T.);
#2020 = FACE_BOUND('',#2021,.T.);
#2021 = EDGE_LOOP('',(#2022,#2023,#2024,#2025));
#2022 = ORIENTED_EDGE('',*,*,#1156,.F.);
#2023 = ORIENTED_EDGE('',*,*,#995,.T.);
#2024 = ORIENTED_EDGE('',*,*,#941,.T.);
#2025 = ORIENTED_EDGE('',*,*,#2026,.F.);
#2026 = EDGE_CURVE('',#1114,#919,#2027,.T.);
#2027 = SURFACE_CURVE('',#2028,(#2031,#2038),.PCURVE_S1.);
#2028 = B_SPLINE_CURVE_WITH_KNOTS('',1,(#2029,#2030),.UNSPECIFIED.,.F.,
  .F.,(2,2),(0.,1.),.PIECEWISE_BEZIER_KNOTS.);
#2029 = CARTESIAN_POINT('',(41.209999997831,80.4,2.4));
#2030 = CARTESIAN_POINT('',(41.20999999796,80.8,2.8));
#2031 = PCURVE('',#955,#2032);
#2032 = DEFINITIONAL_REPRESENTATION('',(#2033),#2037);
#2033 = LINE('',#2034,#2035);
#2034 = CARTESIAN_POINT('',(-17.60499999796,0.));
#2035 = VECTOR('',#2036,1.);
#2036 = DIRECTION('',(0.,1.));
#2037 = ( GEOMETRIC_REPRESENTATION_CONTEXT(2) 
PARAMETRIC_REPRESENTATION_CONTEXT() REPRESENTATION_CONTEXT('2D SPACE',''
  ) );
#2038 = PCURVE('',#1130,#2039);
#2039 = DEFINITIONAL_REPRESENTATION('',(#2040),#2044);
#2040 = LINE('',#2041,#2042);
#2041 = CARTESIAN_POINT('',(1.570796326795,0.));
#2042 = VECTOR('',#2043,1.);
#2043 = DIRECTION('',(0.,1.));
#2044 = ( GEOMETRIC_REPRESENTATION_CONTEXT(2) 
PARAMETRIC_REPRESENTATION_CONTEXT() REPRESENTATION_CONTEXT('2D SPACE',''
  ) );
#2045 = ADVANCED_FACE('',(#2046),#1059,.T.);
#2046 = FACE_BOUND('',#2047,.T.);
#2047 = EDGE_LOOP('',(#2048,#2049,#2068,#2069));
#2048 = ORIENTED_EDGE('',*,*,#1042,.T.);
#2049 = ORIENTED_EDGE('',*,*,#2050,.T.);
#2050 = EDGE_CURVE('',#1043,#1458,#2051,.T.);
#2051 = SURFACE_CURVE('',#2052,(#2055,#2062),.PCURVE_S1.);
#2052 = B_SPLINE_CURVE_WITH_KNOTS('',1,(#2053,#2054),.UNSPECIFIED.,.F.,
  .F.,(2,2),(0.,1.),.PIECEWISE_BEZIER_KNOTS.);
#2053 = CARTESIAN_POINT('',(46.809999997831,6.,2.4));
#2054 = CARTESIAN_POINT('',(47.20999999796,6.,2.8));
#2055 = PCURVE('',#1059,#2056);
#2056 = DEFINITIONAL_REPRESENTATION('',(#2057),#2061);
#2057 = LINE('',#2058,#2059);
#2058 = CARTESIAN_POINT('',(6.28318530718,0.));
#2059 = VECTOR('',#2060,1.);
#2060 = DIRECTION('',(0.,1.));
#2061 = ( GEOMETRIC_REPRESENTATION_CONTEXT(2) 
PARAMETRIC_REPRESENTATION_CONTEXT() REPRESENTATION_CONTEXT('2D SPACE',''
  ) );
#2062 = PCURVE('',#1101,#2063);
#2063 = DEFINITIONAL_REPRESENTATION('',(#2064),#2067);
#2064 = B_SPLINE_CURVE_WITH_KNOTS('',1,(#2065,#2066),.UNSPECIFIED.,.F.,
  .F.,(2,2),(0.,1.),.PIECEWISE_BEZIER_KNOTS.);
#2065 = CARTESIAN_POINT('',(-34.4,-0.565685426483));
#2066 = CARTESIAN_POINT('',(-34.4,-1.442781893957E-09));
#2067 = ( GEOMETRIC_REPRESENTATION_CONTEXT(2) 
PARAMETRIC_REPRESENTATION_CONTEXT() REPRESENTATION_CONTEXT('2D SPACE',''
  ) );
#2068 = ORIENTED_EDGE('',*,*,#1480,.F.);
#2069 = ORIENTED_EDGE('',*,*,#1999,.F.);
#2070 = ADVANCED_FACE('',(#2071),#1130,.T.);
#2071 = FACE_BOUND('',#2072,.T.);
#2072 = EDGE_LOOP('',(#2073,#2074,#2075,#2076));
#2073 = ORIENTED_EDGE('',*,*,#1113,.T.);
#2074 = ORIENTED_EDGE('',*,*,#2026,.T.);
#2075 = ORIENTED_EDGE('',*,*,#1529,.F.);
#2076 = ORIENTED_EDGE('',*,*,#2077,.F.);
#2077 = EDGE_CURVE('',#1086,#1505,#2078,.T.);
#2078 = SURFACE_CURVE('',#2079,(#2082,#2089),.PCURVE_S1.);
#2079 = B_SPLINE_CURVE_WITH_KNOTS('',1,(#2080,#2081),.UNSPECIFIED.,.F.,
  .F.,(2,2),(0.,1.),.PIECEWISE_BEZIER_KNOTS.);
#2080 = CARTESIAN_POINT('',(46.809999998916,74.8,2.4));
#2081 = CARTESIAN_POINT('',(47.20999999898,74.8,2.8));
#2082 = PCURVE('',#1130,#2083);
#2083 = DEFINITIONAL_REPRESENTATION('',(#2084),#2088);
#2084 = LINE('',#2085,#2086);
#2085 = CARTESIAN_POINT('',(0.,0.));
#2086 = VECTOR('',#2087,1.);
#2087 = DIRECTION('',(0.,1.));
#2088 = ( GEOMETRIC_REPRESENTATION_CONTEXT(2) 
PARAMETRIC_REPRESENTATION_CONTEXT() REPRESENTATION_CONTEXT('2D SPACE',''
  ) );
#2089 = PCURVE('',#1101,#2090);
#2090 = DEFINITIONAL_REPRESENTATION('',(#2091),#2094);
#2091 = B_SPLINE_CURVE_WITH_KNOTS('',1,(#2092,#2093),.UNSPECIFIED.,.F.,
  .F.,(2,2),(0.,1.),.PIECEWISE_BEZIER_KNOTS.);
#2092 = CARTESIAN_POINT('',(34.4,-0.565685425716));
#2093 = CARTESIAN_POINT('',(34.4,-7.213891706215E-10));
#2094 = ( GEOMETRIC_REPRESENTATION_CONTEXT(2) 
PARAMETRIC_REPRESENTATION_CONTEXT() REPRESENTATION_CONTEXT('2D SPACE',''
  ) );
#2095 = ADVANCED_FACE('',(#2096),#1101,.T.);
#2096 = FACE_BOUND('',#2097,.T.);
#2097 = EDGE_LOOP('',(#2098,#2099,#2100,#2101));
#2098 = ORIENTED_EDGE('',*,*,#1085,.T.);
#2099 = ORIENTED_EDGE('',*,*,#2077,.T.);
#2100 = ORIENTED_EDGE('',*,*,#1556,.F.);
#2101 = ORIENTED_EDGE('',*,*,#2050,.F.);
#2102 = ADVANCED_FACE('',(#2103),#1203,.F.);
#2103 = FACE_BOUND('',#2104,.F.);
#2104 = EDGE_LOOP('',(#2105,#2106,#2126,#2150));
#2105 = ORIENTED_EDGE('',*,*,#1180,.F.);
#2106 = ORIENTED_EDGE('',*,*,#2107,.T.);
#2107 = EDGE_CURVE('',#1181,#2108,#2110,.T.);
#2108 = VERTEX_POINT('',#2109);
#2109 = CARTESIAN_POINT('',(6.,2.4,3.));
#2110 = SURFACE_CURVE('',#2111,(#2114,#2120),.PCURVE_S1.);
#2111 = B_SPLINE_CURVE_WITH_KNOTS('',1,(#2112,#2113),.UNSPECIFIED.,.F.,
  .F.,(2,2),(0.,1.),.PIECEWISE_BEZIER_KNOTS.);
#2112 = CARTESIAN_POINT('',(6.,1.8,2.4));
#2113 = CARTESIAN_POINT('',(6.,2.4,3.));
#2114 = PCURVE('',#1203,#2115);
#2115 = DEFINITIONAL_REPRESENTATION('',(#2116),#2119);
#2116 = B_SPLINE_CURVE_WITH_KNOTS('',1,(#2117,#2118),.UNSPECIFIED.,.F.,
  .F.,(2,2),(0.,1.),.PIECEWISE_BEZIER_KNOTS.);
#2117 = CARTESIAN_POINT('',(-1.570796326795,0.));
#2118 = CARTESIAN_POINT('',(-1.570796326795,-0.6));
#2119 = ( GEOMETRIC_REPRESENTATION_CONTEXT(2) 
PARAMETRIC_REPRESENTATION_CONTEXT() REPRESENTATION_CONTEXT('2D SPACE',''
  ) );
#2120 = PCURVE('',#1440,#2121);
#2121 = DEFINITIONAL_REPRESENTATION('',(#2122),#2125);
#2122 = B_SPLINE_CURVE_WITH_KNOTS('',1,(#2123,#2124),.UNSPECIFIED.,.F.,
  .F.,(2,2),(0.,1.),.PIECEWISE_BEZIER_KNOTS.);
#2123 = CARTESIAN_POINT('',(-17.605,-0.848528137424));
#2124 = CARTESIAN_POINT('',(-17.605,0.));
#2125 = ( GEOMETRIC_REPRESENTATION_CONTEXT(2) 
PARAMETRIC_REPRESENTATION_CONTEXT() REPRESENTATION_CONTEXT('2D SPACE',''
  ) );
#2126 = ORIENTED_EDGE('',*,*,#2127,.T.);
#2127 = EDGE_CURVE('',#2108,#2128,#2130,.T.);
#2128 = VERTEX_POINT('',#2129);
#2129 = CARTESIAN_POINT('',(2.4,6.,3.));
#2130 = SURFACE_CURVE('',#2131,(#2136,#2143),.PCURVE_S1.);
#2131 = CIRCLE('',#2132,3.6);
#2132 = AXIS2_PLACEMENT_3D('',#2133,#2134,#2135);
#2133 = CARTESIAN_POINT('',(6.,6.,3.));
#2134 = DIRECTION('',(0.,0.,-1.));
#2135 = DIRECTION('',(-1.,0.,0.));
#2136 = PCURVE('',#1203,#2137);
#2137 = DEFINITIONAL_REPRESENTATION('',(#2138),#2142);
#2138 = LINE('',#2139,#2140);
#2139 = CARTESIAN_POINT('',(-6.28318530718,-0.6));
#2140 = VECTOR('',#2141,1.);
#2141 = DIRECTION('',(1.,-0.));
#2142 = ( GEOMETRIC_REPRESENTATION_CONTEXT(2) 
PARAMETRIC_REPRESENTATION_CONTEXT() REPRESENTATION_CONTEXT('2D SPACE',''
  ) );
#2143 = PCURVE('',#1599,#2144);
#2144 = DEFINITIONAL_REPRESENTATION('',(#2145),#2149);
#2145 = LINE('',#2146,#2147);
#2146 = CARTESIAN_POINT('',(0.,-1.6));
#2147 = VECTOR('',#2148,1.);
#2148 = DIRECTION('',(1.,0.));
#2149 = ( GEOMETRIC_REPRESENTATION_CONTEXT(2) 
PARAMETRIC_REPRESENTATION_CONTEXT() REPRESENTATION_CONTEXT('2D SPACE',''
  ) );
#2150 = ORIENTED_EDGE('',*,*,#2151,.F.);
#2151 = EDGE_CURVE('',#1183,#2128,#2152,.T.);
#2152 = SURFACE_CURVE('',#2153,(#2156,#2162),.PCURVE_S1.);
#2153 = B_SPLINE_CURVE_WITH_KNOTS('',1,(#2154,#2155),.UNSPECIFIED.,.F.,
  .F.,(2,2),(0.,1.),.PIECEWISE_BEZIER_KNOTS.);
#2154 = CARTESIAN_POINT('',(1.8,6.,2.4));
#2155 = CARTESIAN_POINT('',(2.4,6.,3.));
#2156 = PCURVE('',#1203,#2157);
#2157 = DEFINITIONAL_REPRESENTATION('',(#2158),#2161);
#2158 = B_SPLINE_CURVE_WITH_KNOTS('',1,(#2159,#2160),.UNSPECIFIED.,.F.,
  .F.,(2,2),(0.,1.),.PIECEWISE_BEZIER_KNOTS.);
#2159 = CARTESIAN_POINT('',(0.,0.));
#2160 = CARTESIAN_POINT('',(0.,-0.6));
#2161 = ( GEOMETRIC_REPRESENTATION_CONTEXT(2) 
PARAMETRIC_REPRESENTATION_CONTEXT() REPRESENTATION_CONTEXT('2D SPACE',''
  ) );
#2162 = PCURVE('',#1231,#2163);
#2163 = DEFINITIONAL_REPRESENTATION('',(#2164),#2167);
#2164 = B_SPLINE_CURVE_WITH_KNOTS('',1,(#2165,#2166),.UNSPECIFIED.,.F.,
  .F.,(2,2),(0.,1.),.PIECEWISE_BEZIER_KNOTS.);
#2165 = CARTESIAN_POINT('',(34.4,-0.848528137424));
#2166 = CARTESIAN_POINT('',(34.4,-1.634248292248E-13));
#2167 = ( GEOMETRIC_REPRESENTATION_CONTEXT(2) 
PARAMETRIC_REPRESENTATION_CONTEXT() REPRESENTATION_CONTEXT('2D SPACE',''
  ) );
#2168 = ADVANCED_FACE('',(#2169),#1440,.F.);
#2169 = FACE_BOUND('',#2170,.F.);
#2170 = EDGE_LOOP('',(#2171,#2172,#2193,#2214));
#2171 = ORIENTED_EDGE('',*,*,#1426,.T.);
#2172 = ORIENTED_EDGE('',*,*,#2173,.T.);
#2173 = EDGE_CURVE('',#1380,#2174,#2176,.T.);
#2174 = VERTEX_POINT('',#2175);
#2175 = CARTESIAN_POINT('',(41.209999996899,2.4,3.));
#2176 = SURFACE_CURVE('',#2177,(#2180,#2186),.PCURVE_S1.);
#2177 = B_SPLINE_CURVE_WITH_KNOTS('',1,(#2178,#2179),.UNSPECIFIED.,.F.,
  .F.,(2,2),(0.,1.),.PIECEWISE_BEZIER_KNOTS.);
#2178 = CARTESIAN_POINT('',(41.209999997245,1.8,2.4));
#2179 = CARTESIAN_POINT('',(41.209999996899,2.4,3.));
#2180 = PCURVE('',#1440,#2181);
#2181 = DEFINITIONAL_REPRESENTATION('',(#2182),#2185);
#2182 = B_SPLINE_CURVE_WITH_KNOTS('',1,(#2183,#2184),.UNSPECIFIED.,.F.,
  .F.,(2,2),(0.,1.),.PIECEWISE_BEZIER_KNOTS.);
#2183 = CARTESIAN_POINT('',(17.604999997244,-0.848528137424));
#2184 = CARTESIAN_POINT('',(17.604999996898,0.));
#2185 = ( GEOMETRIC_REPRESENTATION_CONTEXT(2) 
PARAMETRIC_REPRESENTATION_CONTEXT() REPRESENTATION_CONTEXT('2D SPACE',''
  ) );
#2186 = PCURVE('',#1400,#2187);
#2187 = DEFINITIONAL_REPRESENTATION('',(#2188),#2192);
#2188 = LINE('',#2189,#2190);
#2189 = CARTESIAN_POINT('',(1.570796326795,0.));
#2190 = VECTOR('',#2191,1.);
#2191 = DIRECTION('',(0.,1.));
#2192 = ( GEOMETRIC_REPRESENTATION_CONTEXT(2) 
PARAMETRIC_REPRESENTATION_CONTEXT() REPRESENTATION_CONTEXT('2D SPACE',''
  ) );
#2193 = ORIENTED_EDGE('',*,*,#2194,.F.);
#2194 = EDGE_CURVE('',#2108,#2174,#2195,.T.);
#2195 = SURFACE_CURVE('',#2196,(#2200,#2207),.PCURVE_S1.);
#2196 = LINE('',#2197,#2198);
#2197 = CARTESIAN_POINT('',(23.605,2.4,3.));
#2198 = VECTOR('',#2199,1.);
#2199 = DIRECTION('',(1.,0.,0.));
#2200 = PCURVE('',#1440,#2201);
#2201 = DEFINITIONAL_REPRESENTATION('',(#2202),#2206);
#2202 = LINE('',#2203,#2204);
#2203 = CARTESIAN_POINT('',(0.,0.));
#2204 = VECTOR('',#2205,1.);
#2205 = DIRECTION('',(1.,0.));
#2206 = ( GEOMETRIC_REPRESENTATION_CONTEXT(2) 
PARAMETRIC_REPRESENTATION_CONTEXT() REPRESENTATION_CONTEXT('2D SPACE',''
  ) );
#2207 = PCURVE('',#1667,#2208);
#2208 = DEFINITIONAL_REPRESENTATION('',(#2209),#2213);
#2209 = LINE('',#2210,#2211);
#2210 = CARTESIAN_POINT('',(17.605,-1.6));
#2211 = VECTOR('',#2212,1.);
#2212 = DIRECTION('',(1.,0.));
#2213 = ( GEOMETRIC_REPRESENTATION_CONTEXT(2) 
PARAMETRIC_REPRESENTATION_CONTEXT() REPRESENTATION_CONTEXT('2D SPACE',''
  ) );
#2214 = ORIENTED_EDGE('',*,*,#2107,.F.);
#2215 = ADVANCED_FACE('',(#2216),#1400,.F.);
#2216 = FACE_BOUND('',#2217,.F.);
#2217 = EDGE_LOOP('',(#2218,#2219,#2240,#2262));
#2218 = ORIENTED_EDGE('',*,*,#1379,.F.);
#2219 = ORIENTED_EDGE('',*,*,#2220,.T.);
#2220 = EDGE_CURVE('',#1352,#2221,#2223,.T.);
#2221 = VERTEX_POINT('',#2222);
#2222 = CARTESIAN_POINT('',(44.809999998449,6.,3.));
#2223 = SURFACE_CURVE('',#2224,(#2227,#2234),.PCURVE_S1.);
#2224 = B_SPLINE_CURVE_WITH_KNOTS('',1,(#2225,#2226),.UNSPECIFIED.,.F.,
  .F.,(2,2),(0.,1.),.PIECEWISE_BEZIER_KNOTS.);
#2225 = CARTESIAN_POINT('',(45.409999997245,6.,2.4));
#2226 = CARTESIAN_POINT('',(44.809999996899,6.,3.));
#2227 = PCURVE('',#1400,#2228);
#2228 = DEFINITIONAL_REPRESENTATION('',(#2229),#2233);
#2229 = LINE('',#2230,#2231);
#2230 = CARTESIAN_POINT('',(3.14159265359,0.));
#2231 = VECTOR('',#2232,1.);
#2232 = DIRECTION('',(0.,1.));
#2233 = ( GEOMETRIC_REPRESENTATION_CONTEXT(2) 
PARAMETRIC_REPRESENTATION_CONTEXT() REPRESENTATION_CONTEXT('2D SPACE',''
  ) );
#2234 = PCURVE('',#1367,#2235);
#2235 = DEFINITIONAL_REPRESENTATION('',(#2236),#2239);
#2236 = B_SPLINE_CURVE_WITH_KNOTS('',1,(#2237,#2238),.UNSPECIFIED.,.F.,
  .F.,(2,2),(0.,1.),.PIECEWISE_BEZIER_KNOTS.);
#2237 = CARTESIAN_POINT('',(-34.4,-0.848528135475));
#2238 = CARTESIAN_POINT('',(-34.4,2.193109693849E-09));
#2239 = ( GEOMETRIC_REPRESENTATION_CONTEXT(2) 
PARAMETRIC_REPRESENTATION_CONTEXT() REPRESENTATION_CONTEXT('2D SPACE',''
  ) );
#2240 = ORIENTED_EDGE('',*,*,#2241,.T.);
#2241 = EDGE_CURVE('',#2221,#2174,#2242,.T.);
#2242 = SURFACE_CURVE('',#2243,(#2248,#2255),.PCURVE_S1.);
#2243 = CIRCLE('',#2244,3.6);
#2244 = AXIS2_PLACEMENT_3D('',#2245,#2246,#2247);
#2245 = CARTESIAN_POINT('',(41.209999996899,6.,3.));
#2246 = DIRECTION('',(0.,0.,-1.));
#2247 = DIRECTION('',(-1.,0.,0.));
#2248 = PCURVE('',#1400,#2249);
#2249 = DEFINITIONAL_REPRESENTATION('',(#2250),#2254);
#2250 = LINE('',#2251,#2252);
#2251 = CARTESIAN_POINT('',(6.28318530718,1.));
#2252 = VECTOR('',#2253,1.);
#2253 = DIRECTION('',(-1.,0.));
#2254 = ( GEOMETRIC_REPRESENTATION_CONTEXT(2) 
PARAMETRIC_REPRESENTATION_CONTEXT() REPRESENTATION_CONTEXT('2D SPACE',''
  ) );
#2255 = PCURVE('',#1720,#2256);
#2256 = DEFINITIONAL_REPRESENTATION('',(#2257),#2261);
#2257 = LINE('',#2258,#2259);
#2258 = CARTESIAN_POINT('',(0.,-1.6));
#2259 = VECTOR('',#2260,1.);
#2260 = DIRECTION('',(1.,0.));
#2261 = ( GEOMETRIC_REPRESENTATION_CONTEXT(2) 
PARAMETRIC_REPRESENTATION_CONTEXT() REPRESENTATION_CONTEXT('2D SPACE',''
  ) );
#2262 = ORIENTED_EDGE('',*,*,#2173,.F.);
#2263 = ADVANCED_FACE('',(#2264),#1367,.F.);
#2264 = FACE_BOUND('',#2265,.F.);
#2265 = EDGE_LOOP('',(#2266,#2267,#2288,#2309));
#2266 = ORIENTED_EDGE('',*,*,#1351,.T.);
#2267 = ORIENTED_EDGE('',*,*,#2268,.T.);
#2268 = EDGE_CURVE('',#1305,#2269,#2271,.T.);
#2269 = VERTEX_POINT('',#2270);
#2270 = CARTESIAN_POINT('',(44.809999998449,74.8,3.));
#2271 = SURFACE_CURVE('',#2272,(#2275,#2281),.PCURVE_S1.);
#2272 = B_SPLINE_CURVE_WITH_KNOTS('',1,(#2273,#2274),.UNSPECIFIED.,.F.,
  .F.,(2,2),(0.,1.),.PIECEWISE_BEZIER_KNOTS.);
#2273 = CARTESIAN_POINT('',(45.409999998622,74.8,2.4));
#2274 = CARTESIAN_POINT('',(44.809999998449,74.8,3.));
#2275 = PCURVE('',#1367,#2276);
#2276 = DEFINITIONAL_REPRESENTATION('',(#2277),#2280);
#2277 = B_SPLINE_CURVE_WITH_KNOTS('',1,(#2278,#2279),.UNSPECIFIED.,.F.,
  .F.,(2,2),(0.,1.),.PIECEWISE_BEZIER_KNOTS.);
#2278 = CARTESIAN_POINT('',(34.4,-0.84852813645));
#2279 = CARTESIAN_POINT('',(34.4,1.096552182389E-09));
#2280 = ( GEOMETRIC_REPRESENTATION_CONTEXT(2) 
PARAMETRIC_REPRESENTATION_CONTEXT() REPRESENTATION_CONTEXT('2D SPACE',''
  ) );
#2281 = PCURVE('',#1325,#2282);
#2282 = DEFINITIONAL_REPRESENTATION('',(#2283),#2287);
#2283 = LINE('',#2284,#2285);
#2284 = CARTESIAN_POINT('',(3.14159265359,0.));
#2285 = VECTOR('',#2286,1.);
#2286 = DIRECTION('',(0.,1.));
#2287 = ( GEOMETRIC_REPRESENTATION_CONTEXT(2) 
PARAMETRIC_REPRESENTATION_CONTEXT() REPRESENTATION_CONTEXT('2D SPACE',''
  ) );
#2288 = ORIENTED_EDGE('',*,*,#2289,.F.);
#2289 = EDGE_CURVE('',#2221,#2269,#2290,.T.);
#2290 = SURFACE_CURVE('',#2291,(#2295,#2302),.PCURVE_S1.);
#2291 = LINE('',#2292,#2293);
#2292 = CARTESIAN_POINT('',(44.81,40.4,3.));
#2293 = VECTOR('',#2294,1.);
#2294 = DIRECTION('',(0.,1.,0.));
#2295 = PCURVE('',#1367,#2296);
#2296 = DEFINITIONAL_REPRESENTATION('',(#2297),#2301);
#2297 = LINE('',#2298,#2299);
#2298 = CARTESIAN_POINT('',(0.,0.));
#2299 = VECTOR('',#2300,1.);
#2300 = DIRECTION('',(1.,0.));
#2301 = ( GEOMETRIC_REPRESENTATION_CONTEXT(2) 
PARAMETRIC_REPRESENTATION_CONTEXT() REPRESENTATION_CONTEXT('2D SPACE',''
  ) );
#2302 = PCURVE('',#1772,#2303);
#2303 = DEFINITIONAL_REPRESENTATION('',(#2304),#2308);
#2304 = LINE('',#2305,#2306);
#2305 = CARTESIAN_POINT('',(34.4,-1.6));
#2306 = VECTOR('',#2307,1.);
#2307 = DIRECTION('',(1.,0.));
#2308 = ( GEOMETRIC_REPRESENTATION_CONTEXT(2) 
PARAMETRIC_REPRESENTATION_CONTEXT() REPRESENTATION_CONTEXT('2D SPACE',''
  ) );
#2309 = ORIENTED_EDGE('',*,*,#2220,.F.);
#2310 = ADVANCED_FACE('',(#2311),#1325,.F.);
#2311 = FACE_BOUND('',#2312,.F.);
#2312 = EDGE_LOOP('',(#2313,#2314,#2336,#2358));
#2313 = ORIENTED_EDGE('',*,*,#1304,.F.);
#2314 = ORIENTED_EDGE('',*,*,#2315,.T.);
#2315 = EDGE_CURVE('',#1277,#2316,#2318,.T.);
#2316 = VERTEX_POINT('',#2317);
#2317 = CARTESIAN_POINT('',(41.209999996899,78.4,3.));
#2318 = SURFACE_CURVE('',#2319,(#2322,#2329),.PCURVE_S1.);
#2319 = B_SPLINE_CURVE_WITH_KNOTS('',1,(#2320,#2321),.UNSPECIFIED.,.F.,
  .F.,(2,2),(0.,1.),.PIECEWISE_BEZIER_KNOTS.);
#2320 = CARTESIAN_POINT('',(41.209999997245,79.,2.4));
#2321 = CARTESIAN_POINT('',(41.209999996899,78.4,3.));
#2322 = PCURVE('',#1325,#2323);
#2323 = DEFINITIONAL_REPRESENTATION('',(#2324),#2328);
#2324 = LINE('',#2325,#2326);
#2325 = CARTESIAN_POINT('',(4.712388980385,0.));
#2326 = VECTOR('',#2327,1.);
#2327 = DIRECTION('',(0.,1.));
#2328 = ( GEOMETRIC_REPRESENTATION_CONTEXT(2) 
PARAMETRIC_REPRESENTATION_CONTEXT() REPRESENTATION_CONTEXT('2D SPACE',''
  ) );
#2329 = PCURVE('',#1292,#2330);
#2330 = DEFINITIONAL_REPRESENTATION('',(#2331),#2335);
#2331 = LINE('',#2332,#2333);
#2332 = CARTESIAN_POINT('',(-17.60499999724,0.));
#2333 = VECTOR('',#2334,1.);
#2334 = DIRECTION('',(0.,1.));
#2335 = ( GEOMETRIC_REPRESENTATION_CONTEXT(2) 
PARAMETRIC_REPRESENTATION_CONTEXT() REPRESENTATION_CONTEXT('2D SPACE',''
  ) );
#2336 = ORIENTED_EDGE('',*,*,#2337,.T.);
#2337 = EDGE_CURVE('',#2316,#2269,#2338,.T.);
#2338 = SURFACE_CURVE('',#2339,(#2344,#2351),.PCURVE_S1.);
#2339 = CIRCLE('',#2340,3.6);
#2340 = AXIS2_PLACEMENT_3D('',#2341,#2342,#2343);
#2341 = CARTESIAN_POINT('',(41.209999996899,74.8,3.));
#2342 = DIRECTION('',(0.,0.,-1.));
#2343 = DIRECTION('',(-1.,0.,0.));
#2344 = PCURVE('',#1325,#2345);
#2345 = DEFINITIONAL_REPRESENTATION('',(#2346),#2350);
#2346 = LINE('',#2347,#2348);
#2347 = CARTESIAN_POINT('',(6.28318530718,1.));
#2348 = VECTOR('',#2349,1.);
#2349 = DIRECTION('',(-1.,0.));
#2350 = ( GEOMETRIC_REPRESENTATION_CONTEXT(2) 
PARAMETRIC_REPRESENTATION_CONTEXT() REPRESENTATION_CONTEXT('2D SPACE',''
  ) );
#2351 = PCURVE('',#1825,#2352);
#2352 = DEFINITIONAL_REPRESENTATION('',(#2353),#2357);
#2353 = LINE('',#2354,#2355);
#2354 = CARTESIAN_POINT('',(0.,-1.6));
#2355 = VECTOR('',#2356,1.);
#2356 = DIRECTION('',(1.,0.));
#2357 = ( GEOMETRIC_REPRESENTATION_CONTEXT(2) 
PARAMETRIC_REPRESENTATION_CONTEXT() REPRESENTATION_CONTEXT('2D SPACE',''
  ) );
#2358 = ORIENTED_EDGE('',*,*,#2268,.F.);
#2359 = ADVANCED_FACE('',(#2360),#1292,.F.);
#2360 = FACE_BOUND('',#2361,.F.);
#2361 = EDGE_LOOP('',(#2362,#2363,#2384,#2405));
#2362 = ORIENTED_EDGE('',*,*,#1276,.F.);
#2363 = ORIENTED_EDGE('',*,*,#2364,.T.);
#2364 = EDGE_CURVE('',#1244,#2365,#2367,.T.);
#2365 = VERTEX_POINT('',#2366);
#2366 = CARTESIAN_POINT('',(6.,78.4,3.));
#2367 = SURFACE_CURVE('',#2368,(#2371,#2378),.PCURVE_S1.);
#2368 = B_SPLINE_CURVE_WITH_KNOTS('',1,(#2369,#2370),.UNSPECIFIED.,.F.,
  .F.,(2,2),(0.,1.),.PIECEWISE_BEZIER_KNOTS.);
#2369 = CARTESIAN_POINT('',(6.,79.,2.4));
#2370 = CARTESIAN_POINT('',(6.,78.4,3.));
#2371 = PCURVE('',#1292,#2372);
#2372 = DEFINITIONAL_REPRESENTATION('',(#2373),#2377);
#2373 = LINE('',#2374,#2375);
#2374 = CARTESIAN_POINT('',(17.605,0.));
#2375 = VECTOR('',#2376,1.);
#2376 = DIRECTION('',(0.,1.));
#2377 = ( GEOMETRIC_REPRESENTATION_CONTEXT(2) 
PARAMETRIC_REPRESENTATION_CONTEXT() REPRESENTATION_CONTEXT('2D SPACE',''
  ) );
#2378 = PCURVE('',#1264,#2379);
#2379 = DEFINITIONAL_REPRESENTATION('',(#2380),#2383);
#2380 = B_SPLINE_CURVE_WITH_KNOTS('',1,(#2381,#2382),.UNSPECIFIED.,.F.,
  .F.,(2,2),(0.,1.),.PIECEWISE_BEZIER_KNOTS.);
#2381 = CARTESIAN_POINT('',(-4.712388980385,0.));
#2382 = CARTESIAN_POINT('',(-4.712388980385,-0.6));
#2383 = ( GEOMETRIC_REPRESENTATION_CONTEXT(2) 
PARAMETRIC_REPRESENTATION_CONTEXT() REPRESENTATION_CONTEXT('2D SPACE',''
  ) );
#2384 = ORIENTED_EDGE('',*,*,#2385,.T.);
#2385 = EDGE_CURVE('',#2365,#2316,#2386,.T.);
#2386 = SURFACE_CURVE('',#2387,(#2391,#2398),.PCURVE_S1.);
#2387 = LINE('',#2388,#2389);
#2388 = CARTESIAN_POINT('',(23.605,78.4,3.));
#2389 = VECTOR('',#2390,1.);
#2390 = DIRECTION('',(1.,0.,0.));
#2391 = PCURVE('',#1292,#2392);
#2392 = DEFINITIONAL_REPRESENTATION('',(#2393),#2397);
#2393 = LINE('',#2394,#2395);
#2394 = CARTESIAN_POINT('',(0.,1.));
#2395 = VECTOR('',#2396,1.);
#2396 = DIRECTION('',(-1.,0.));
#2397 = ( GEOMETRIC_REPRESENTATION_CONTEXT(2) 
PARAMETRIC_REPRESENTATION_CONTEXT() REPRESENTATION_CONTEXT('2D SPACE',''
  ) );
#2398 = PCURVE('',#1878,#2399);
#2399 = DEFINITIONAL_REPRESENTATION('',(#2400),#2404);
#2400 = LINE('',#2401,#2402);
#2401 = CARTESIAN_POINT('',(17.605,-1.6));
#2402 = VECTOR('',#2403,1.);
#2403 = DIRECTION('',(1.,0.));
#2404 = ( GEOMETRIC_REPRESENTATION_CONTEXT(2) 
PARAMETRIC_REPRESENTATION_CONTEXT() REPRESENTATION_CONTEXT('2D SPACE',''
  ) );
#2405 = ORIENTED_EDGE('',*,*,#2315,.F.);
#2406 = ADVANCED_FACE('',(#2407),#1264,.F.);
#2407 = FACE_BOUND('',#2408,.F.);
#2408 = EDGE_LOOP('',(#2409,#2410,#2430,#2452));
#2409 = ORIENTED_EDGE('',*,*,#1243,.F.);
#2410 = ORIENTED_EDGE('',*,*,#2411,.T.);
#2411 = EDGE_CURVE('',#1216,#2412,#2414,.T.);
#2412 = VERTEX_POINT('',#2413);
#2413 = CARTESIAN_POINT('',(2.4,74.8,3.));
#2414 = SURFACE_CURVE('',#2415,(#2418,#2424),.PCURVE_S1.);
#2415 = B_SPLINE_CURVE_WITH_KNOTS('',1,(#2416,#2417),.UNSPECIFIED.,.F.,
  .F.,(2,2),(0.,1.),.PIECEWISE_BEZIER_KNOTS.);
#2416 = CARTESIAN_POINT('',(1.8,74.8,2.4));
#2417 = CARTESIAN_POINT('',(2.4,74.8,3.));
#2418 = PCURVE('',#1264,#2419);
#2419 = DEFINITIONAL_REPRESENTATION('',(#2420),#2423);
#2420 = B_SPLINE_CURVE_WITH_KNOTS('',1,(#2421,#2422),.UNSPECIFIED.,.F.,
  .F.,(2,2),(0.,1.),.PIECEWISE_BEZIER_KNOTS.);
#2421 = CARTESIAN_POINT('',(-6.28318530718,0.));
#2422 = CARTESIAN_POINT('',(-6.28318530718,-0.6));
#2423 = ( GEOMETRIC_REPRESENTATION_CONTEXT(2) 
PARAMETRIC_REPRESENTATION_CONTEXT() REPRESENTATION_CONTEXT('2D SPACE',''
  ) );
#2424 = PCURVE('',#1231,#2425);
#2425 = DEFINITIONAL_REPRESENTATION('',(#2426),#2429);
#2426 = B_SPLINE_CURVE_WITH_KNOTS('',1,(#2427,#2428),.UNSPECIFIED.,.F.,
  .F.,(2,2),(0.,1.),.PIECEWISE_BEZIER_KNOTS.);
#2427 = CARTESIAN_POINT('',(-34.4,-0.848528137424));
#2428 = CARTESIAN_POINT('',(-34.4,-1.634248292248E-13));
#2429 = ( GEOMETRIC_REPRESENTATION_CONTEXT(2) 
PARAMETRIC_REPRESENTATION_CONTEXT() REPRESENTATION_CONTEXT('2D SPACE',''
  ) );
#2430 = ORIENTED_EDGE('',*,*,#2431,.T.);
#2431 = EDGE_CURVE('',#2412,#2365,#2432,.T.);
#2432 = SURFACE_CURVE('',#2433,(#2438,#2445),.PCURVE_S1.);
#2433 = CIRCLE('',#2434,3.6);
#2434 = AXIS2_PLACEMENT_3D('',#2435,#2436,#2437);
#2435 = CARTESIAN_POINT('',(6.,74.8,3.));
#2436 = DIRECTION('',(0.,0.,-1.));
#2437 = DIRECTION('',(-1.,0.,0.));
#2438 = PCURVE('',#1264,#2439);
#2439 = DEFINITIONAL_REPRESENTATION('',(#2440),#2444);
#2440 = LINE('',#2441,#2442);
#2441 = CARTESIAN_POINT('',(-6.28318530718,-0.6));
#2442 = VECTOR('',#2443,1.);
#2443 = DIRECTION('',(1.,-0.));
#2444 = ( GEOMETRIC_REPRESENTATION_CONTEXT(2) 
PARAMETRIC_REPRESENTATION_CONTEXT() REPRESENTATION_CONTEXT('2D SPACE',''
  ) );
#2445 = PCURVE('',#1931,#2446);
#2446 = DEFINITIONAL_REPRESENTATION('',(#2447),#2451);
#2447 = LINE('',#2448,#2449);
#2448 = CARTESIAN_POINT('',(0.,-1.6));
#2449 = VECTOR('',#2450,1.);
#2450 = DIRECTION('',(1.,0.));
#2451 = ( GEOMETRIC_REPRESENTATION_CONTEXT(2) 
PARAMETRIC_REPRESENTATION_CONTEXT() REPRESENTATION_CONTEXT('2D SPACE',''
  ) );
#2452 = ORIENTED_EDGE('',*,*,#2364,.F.);
#2453 = ADVANCED_FACE('',(#2454),#1231,.F.);
#2454 = FACE_BOUND('',#2455,.F.);
#2455 = EDGE_LOOP('',(#2456,#2457,#2458,#2479));
#2456 = ORIENTED_EDGE('',*,*,#1215,.F.);
#2457 = ORIENTED_EDGE('',*,*,#2151,.T.);
#2458 = ORIENTED_EDGE('',*,*,#2459,.T.);
#2459 = EDGE_CURVE('',#2128,#2412,#2460,.T.);
#2460 = SURFACE_CURVE('',#2461,(#2465,#2472),.PCURVE_S1.);
#2461 = LINE('',#2462,#2463);
#2462 = CARTESIAN_POINT('',(2.4,40.4,3.));
#2463 = VECTOR('',#2464,1.);
#2464 = DIRECTION('',(0.,1.,0.));
#2465 = PCURVE('',#1231,#2466);
#2466 = DEFINITIONAL_REPRESENTATION('',(#2467),#2471);
#2467 = LINE('',#2468,#2469);
#2468 = CARTESIAN_POINT('',(0.,0.));
#2469 = VECTOR('',#2470,1.);
#2470 = DIRECTION('',(-1.,0.));
#2471 = ( GEOMETRIC_REPRESENTATION_CONTEXT(2) 
PARAMETRIC_REPRESENTATION_CONTEXT() REPRESENTATION_CONTEXT('2D SPACE',''
  ) );
#2472 = PCURVE('',#1980,#2473);
#2473 = DEFINITIONAL_REPRESENTATION('',(#2474),#2478);
#2474 = LINE('',#2475,#2476);
#2475 = CARTESIAN_POINT('',(34.4,-1.6));
#2476 = VECTOR('',#2477,1.);
#2477 = DIRECTION('',(1.,0.));
#2478 = ( GEOMETRIC_REPRESENTATION_CONTEXT(2) 
PARAMETRIC_REPRESENTATION_CONTEXT() REPRESENTATION_CONTEXT('2D SPACE',''
  ) );
#2479 = ORIENTED_EDGE('',*,*,#2411,.F.);
#2480 = ADVANCED_FACE('',(#2481),#1599,.F.);
#2481 = FACE_BOUND('',#2482,.F.);
#2482 = EDGE_LOOP('',(#2483,#2484,#2505,#2506));
#2483 = ORIENTED_EDGE('',*,*,#2127,.F.);
#2484 = ORIENTED_EDGE('',*,*,#2485,.T.);
#2485 = EDGE_CURVE('',#2108,#1581,#2486,.T.);
#2486 = SURFACE_CURVE('',#2487,(#2491,#2498),.PCURVE_S1.);
#2487 = LINE('',#2488,#2489);
#2488 = CARTESIAN_POINT('',(6.,2.4,1.4));
#2489 = VECTOR('',#2490,1.);
#2490 = DIRECTION('',(0.,0.,1.));
#2491 = PCURVE('',#1599,#2492);
#2492 = DEFINITIONAL_REPRESENTATION('',(#2493),#2497);
#2493 = LINE('',#2494,#2495);
#2494 = CARTESIAN_POINT('',(4.712388980385,0.));
#2495 = VECTOR('',#2496,1.);
#2496 = DIRECTION('',(0.,-1.));
#2497 = ( GEOMETRIC_REPRESENTATION_CONTEXT(2) 
PARAMETRIC_REPRESENTATION_CONTEXT() REPRESENTATION_CONTEXT('2D SPACE',''
  ) );
#2498 = PCURVE('',#1667,#2499);
#2499 = DEFINITIONAL_REPRESENTATION('',(#2500),#2504);
#2500 = LINE('',#2501,#2502);
#2501 = CARTESIAN_POINT('',(3.552713678801E-15,0.));
#2502 = VECTOR('',#2503,1.);
#2503 = DIRECTION('',(0.,-1.));
#2504 = ( GEOMETRIC_REPRESENTATION_CONTEXT(2) 
PARAMETRIC_REPRESENTATION_CONTEXT() REPRESENTATION_CONTEXT('2D SPACE',''
  ) );
#2505 = ORIENTED_EDGE('',*,*,#1580,.T.);
#2506 = ORIENTED_EDGE('',*,*,#2507,.F.);
#2507 = EDGE_CURVE('',#2128,#1583,#2508,.T.);
#2508 = SURFACE_CURVE('',#2509,(#2513,#2520),.PCURVE_S1.);
#2509 = LINE('',#2510,#2511);
#2510 = CARTESIAN_POINT('',(2.4,6.,1.4));
#2511 = VECTOR('',#2512,1.);
#2512 = DIRECTION('',(0.,0.,1.));
#2513 = PCURVE('',#1599,#2514);
#2514 = DEFINITIONAL_REPRESENTATION('',(#2515),#2519);
#2515 = LINE('',#2516,#2517);
#2516 = CARTESIAN_POINT('',(6.28318530718,0.));
#2517 = VECTOR('',#2518,1.);
#2518 = DIRECTION('',(0.,-1.));
#2519 = ( GEOMETRIC_REPRESENTATION_CONTEXT(2) 
PARAMETRIC_REPRESENTATION_CONTEXT() REPRESENTATION_CONTEXT('2D SPACE',''
  ) );
#2520 = PCURVE('',#1980,#2521);
#2521 = DEFINITIONAL_REPRESENTATION('',(#2522),#2526);
#2522 = LINE('',#2523,#2524);
#2523 = CARTESIAN_POINT('',(0.,0.));
#2524 = VECTOR('',#2525,1.);
#2525 = DIRECTION('',(0.,-1.));
#2526 = ( GEOMETRIC_REPRESENTATION_CONTEXT(2) 
PARAMETRIC_REPRESENTATION_CONTEXT() REPRESENTATION_CONTEXT('2D SPACE',''
  ) );
#2527 = ADVANCED_FACE('',(#2528),#1667,.T.);
#2528 = FACE_BOUND('',#2529,.T.);
#2529 = EDGE_LOOP('',(#2530,#2551,#2552,#2553));
#2530 = ORIENTED_EDGE('',*,*,#2531,.F.);
#2531 = EDGE_CURVE('',#2174,#1652,#2532,.T.);
#2532 = SURFACE_CURVE('',#2533,(#2537,#2544),.PCURVE_S1.);
#2533 = LINE('',#2534,#2535);
#2534 = CARTESIAN_POINT('',(41.209999996899,2.4,1.4));
#2535 = VECTOR('',#2536,1.);
#2536 = DIRECTION('',(0.,0.,1.));
#2537 = PCURVE('',#1667,#2538);
#2538 = DEFINITIONAL_REPRESENTATION('',(#2539),#2543);
#2539 = LINE('',#2540,#2541);
#2540 = CARTESIAN_POINT('',(35.209999996899,0.));
#2541 = VECTOR('',#2542,1.);
#2542 = DIRECTION('',(0.,-1.));
#2543 = ( GEOMETRIC_REPRESENTATION_CONTEXT(2) 
PARAMETRIC_REPRESENTATION_CONTEXT() REPRESENTATION_CONTEXT('2D SPACE',''
  ) );
#2544 = PCURVE('',#1720,#2545);
#2545 = DEFINITIONAL_REPRESENTATION('',(#2546),#2550);
#2546 = LINE('',#2547,#2548);
#2547 = CARTESIAN_POINT('',(4.712388980385,0.));
#2548 = VECTOR('',#2549,1.);
#2549 = DIRECTION('',(0.,-1.));
#2550 = ( GEOMETRIC_REPRESENTATION_CONTEXT(2) 
PARAMETRIC_REPRESENTATION_CONTEXT() REPRESENTATION_CONTEXT('2D SPACE',''
  ) );
#2551 = ORIENTED_EDGE('',*,*,#2194,.F.);
#2552 = ORIENTED_EDGE('',*,*,#2485,.T.);
#2553 = ORIENTED_EDGE('',*,*,#1651,.T.);
#2554 = ADVANCED_FACE('',(#2555),#1720,.F.);
#2555 = FACE_BOUND('',#2556,.F.);
#2556 = EDGE_LOOP('',(#2557,#2558,#2579,#2580));
#2557 = ORIENTED_EDGE('',*,*,#2241,.F.);
#2558 = ORIENTED_EDGE('',*,*,#2559,.T.);
#2559 = EDGE_CURVE('',#2221,#1704,#2560,.T.);
#2560 = SURFACE_CURVE('',#2561,(#2565,#2572),.PCURVE_S1.);
#2561 = LINE('',#2562,#2563);
#2562 = CARTESIAN_POINT('',(44.809999998449,6.,1.4));
#2563 = VECTOR('',#2564,1.);
#2564 = DIRECTION('',(0.,0.,1.));
#2565 = PCURVE('',#1720,#2566);
#2566 = DEFINITIONAL_REPRESENTATION('',(#2567),#2571);
#2567 = LINE('',#2568,#2569);
#2568 = CARTESIAN_POINT('',(3.14159265359,0.));
#2569 = VECTOR('',#2570,1.);
#2570 = DIRECTION('',(0.,-1.));
#2571 = ( GEOMETRIC_REPRESENTATION_CONTEXT(2) 
PARAMETRIC_REPRESENTATION_CONTEXT() REPRESENTATION_CONTEXT('2D SPACE',''
  ) );
#2572 = PCURVE('',#1772,#2573);
#2573 = DEFINITIONAL_REPRESENTATION('',(#2574),#2578);
#2574 = LINE('',#2575,#2576);
#2575 = CARTESIAN_POINT('',(0.,0.));
#2576 = VECTOR('',#2577,1.);
#2577 = DIRECTION('',(0.,-1.));
#2578 = ( GEOMETRIC_REPRESENTATION_CONTEXT(2) 
PARAMETRIC_REPRESENTATION_CONTEXT() REPRESENTATION_CONTEXT('2D SPACE',''
  ) );
#2579 = ORIENTED_EDGE('',*,*,#1703,.T.);
#2580 = ORIENTED_EDGE('',*,*,#2531,.F.);
#2581 = ADVANCED_FACE('',(#2582),#1772,.T.);
#2582 = FACE_BOUND('',#2583,.T.);
#2583 = EDGE_LOOP('',(#2584,#2605,#2606,#2607));
#2584 = ORIENTED_EDGE('',*,*,#2585,.F.);
#2585 = EDGE_CURVE('',#2269,#1757,#2586,.T.);
#2586 = SURFACE_CURVE('',#2587,(#2591,#2598),.PCURVE_S1.);
#2587 = LINE('',#2588,#2589);
#2588 = CARTESIAN_POINT('',(44.809999998449,74.8,1.4));
#2589 = VECTOR('',#2590,1.);
#2590 = DIRECTION('',(0.,0.,1.));
#2591 = PCURVE('',#1772,#2592);
#2592 = DEFINITIONAL_REPRESENTATION('',(#2593),#2597);
#2593 = LINE('',#2594,#2595);
#2594 = CARTESIAN_POINT('',(68.8,0.));
#2595 = VECTOR('',#2596,1.);
#2596 = DIRECTION('',(0.,-1.));
#2597 = ( GEOMETRIC_REPRESENTATION_CONTEXT(2) 
PARAMETRIC_REPRESENTATION_CONTEXT() REPRESENTATION_CONTEXT('2D SPACE',''
  ) );
#2598 = PCURVE('',#1825,#2599);
#2599 = DEFINITIONAL_REPRESENTATION('',(#2600),#2604);
#2600 = LINE('',#2601,#2602);
#2601 = CARTESIAN_POINT('',(3.14159265359,0.));
#2602 = VECTOR('',#2603,1.);
#2603 = DIRECTION('',(0.,-1.));
#2604 = ( GEOMETRIC_REPRESENTATION_CONTEXT(2) 
PARAMETRIC_REPRESENTATION_CONTEXT() REPRESENTATION_CONTEXT('2D SPACE',''
  ) );
#2605 = ORIENTED_EDGE('',*,*,#2289,.F.);
#2606 = ORIENTED_EDGE('',*,*,#2559,.T.);
#2607 = ORIENTED_EDGE('',*,*,#1756,.T.);
#2608 = ADVANCED_FACE('',(#2609),#1825,.F.);
#2609 = FACE_BOUND('',#2610,.F.);
#2610 = EDGE_LOOP('',(#2611,#2612,#2633,#2634));
#2611 = ORIENTED_EDGE('',*,*,#2337,.F.);
#2612 = ORIENTED_EDGE('',*,*,#2613,.T.);
#2613 = EDGE_CURVE('',#2316,#1809,#2614,.T.);
#2614 = SURFACE_CURVE('',#2615,(#2619,#2626),.PCURVE_S1.);
#2615 = LINE('',#2616,#2617);
#2616 = CARTESIAN_POINT('',(41.209999996899,78.4,1.4));
#2617 = VECTOR('',#2618,1.);
#2618 = DIRECTION('',(0.,0.,1.));
#2619 = PCURVE('',#1825,#2620);
#2620 = DEFINITIONAL_REPRESENTATION('',(#2621),#2625);
#2621 = LINE('',#2622,#2623);
#2622 = CARTESIAN_POINT('',(1.570796326795,0.));
#2623 = VECTOR('',#2624,1.);
#2624 = DIRECTION('',(0.,-1.));
#2625 = ( GEOMETRIC_REPRESENTATION_CONTEXT(2) 
PARAMETRIC_REPRESENTATION_CONTEXT() REPRESENTATION_CONTEXT('2D SPACE',''
  ) );
#2626 = PCURVE('',#1878,#2627);
#2627 = DEFINITIONAL_REPRESENTATION('',(#2628),#2632);
#2628 = LINE('',#2629,#2630);
#2629 = CARTESIAN_POINT('',(35.209999996899,0.));
#2630 = VECTOR('',#2631,1.);
#2631 = DIRECTION('',(0.,-1.));
#2632 = ( GEOMETRIC_REPRESENTATION_CONTEXT(2) 
PARAMETRIC_REPRESENTATION_CONTEXT() REPRESENTATION_CONTEXT('2D SPACE',''
  ) );
#2633 = ORIENTED_EDGE('',*,*,#1808,.T.);
#2634 = ORIENTED_EDGE('',*,*,#2585,.F.);
#2635 = ADVANCED_FACE('',(#2636),#1878,.F.);
#2636 = FACE_BOUND('',#2637,.F.);
#2637 = EDGE_LOOP('',(#2638,#2639,#2640,#2661));
#2638 = ORIENTED_EDGE('',*,*,#2613,.F.);
#2639 = ORIENTED_EDGE('',*,*,#2385,.F.);
#2640 = ORIENTED_EDGE('',*,*,#2641,.T.);
#2641 = EDGE_CURVE('',#2365,#1863,#2642,.T.);
#2642 = SURFACE_CURVE('',#2643,(#2647,#2654),.PCURVE_S1.);
#2643 = LINE('',#2644,#2645);
#2644 = CARTESIAN_POINT('',(6.,78.4,1.4));
#2645 = VECTOR('',#2646,1.);
#2646 = DIRECTION('',(0.,0.,1.));
#2647 = PCURVE('',#1878,#2648);
#2648 = DEFINITIONAL_REPRESENTATION('',(#2649),#2653);
#2649 = LINE('',#2650,#2651);
#2650 = CARTESIAN_POINT('',(3.552713678801E-15,0.));
#2651 = VECTOR('',#2652,1.);
#2652 = DIRECTION('',(0.,-1.));
#2653 = ( GEOMETRIC_REPRESENTATION_CONTEXT(2) 
PARAMETRIC_REPRESENTATION_CONTEXT() REPRESENTATION_CONTEXT('2D SPACE',''
  ) );
#2654 = PCURVE('',#1931,#2655);
#2655 = DEFINITIONAL_REPRESENTATION('',(#2656),#2660);
#2656 = LINE('',#2657,#2658);
#2657 = CARTESIAN_POINT('',(1.570796326795,0.));
#2658 = VECTOR('',#2659,1.);
#2659 = DIRECTION('',(0.,-1.));
#2660 = ( GEOMETRIC_REPRESENTATION_CONTEXT(2) 
PARAMETRIC_REPRESENTATION_CONTEXT() REPRESENTATION_CONTEXT('2D SPACE',''
  ) );
#2661 = ORIENTED_EDGE('',*,*,#1862,.T.);
#2662 = ADVANCED_FACE('',(#2663),#1931,.F.);
#2663 = FACE_BOUND('',#2664,.F.);
#2664 = EDGE_LOOP('',(#2665,#2666,#2687,#2688));
#2665 = ORIENTED_EDGE('',*,*,#2431,.F.);
#2666 = ORIENTED_EDGE('',*,*,#2667,.T.);
#2667 = EDGE_CURVE('',#2412,#1915,#2668,.T.);
#2668 = SURFACE_CURVE('',#2669,(#2673,#2680),.PCURVE_S1.);
#2669 = LINE('',#2670,#2671);
#2670 = CARTESIAN_POINT('',(2.4,74.8,1.4));
#2671 = VECTOR('',#2672,1.);
#2672 = DIRECTION('',(0.,0.,1.));
#2673 = PCURVE('',#1931,#2674);
#2674 = DEFINITIONAL_REPRESENTATION('',(#2675),#2679);
#2675 = LINE('',#2676,#2677);
#2676 = CARTESIAN_POINT('',(0.,0.));
#2677 = VECTOR('',#2678,1.);
#2678 = DIRECTION('',(0.,-1.));
#2679 = ( GEOMETRIC_REPRESENTATION_CONTEXT(2) 
PARAMETRIC_REPRESENTATION_CONTEXT() REPRESENTATION_CONTEXT('2D SPACE',''
  ) );
#2680 = PCURVE('',#1980,#2681);
#2681 = DEFINITIONAL_REPRESENTATION('',(#2682),#2686);
#2682 = LINE('',#2683,#2684);
#2683 = CARTESIAN_POINT('',(68.8,0.));
#2684 = VECTOR('',#2685,1.);
#2685 = DIRECTION('',(0.,-1.));
#2686 = ( GEOMETRIC_REPRESENTATION_CONTEXT(2) 
PARAMETRIC_REPRESENTATION_CONTEXT() REPRESENTATION_CONTEXT('2D SPACE',''
  ) );
#2687 = ORIENTED_EDGE('',*,*,#1914,.T.);
#2688 = ORIENTED_EDGE('',*,*,#2641,.F.);
#2689 = ADVANCED_FACE('',(#2690),#1980,.F.);
#2690 = FACE_BOUND('',#2691,.F.);
#2691 = EDGE_LOOP('',(#2692,#2693,#2694,#2695));
#2692 = ORIENTED_EDGE('',*,*,#2667,.F.);
#2693 = ORIENTED_EDGE('',*,*,#2459,.F.);
#2694 = ORIENTED_EDGE('',*,*,#2507,.T.);
#2695 = ORIENTED_EDGE('',*,*,#1966,.T.);
#2696 = ( GEOMETRIC_REPRESENTATION_CONTEXT(3) 
GLOBAL_UNCERTAINTY_ASSIGNED_CONTEXT((#2700)) 
GLOBAL_UNIT_ASSIGNED_CONTEXT((#2697,#2698,#2699)) REPRESENTATION_CONTEXT
('Context #1','3D Context with UNIT and UNCERTAINTY') );
#2697 = ( LENGTH_UNIT() NAMED_UNIT(*) SI_UNIT(.MILLI.,.METRE.) );
#2698 = ( NAMED_UNIT(*) PLANE_ANGLE_UNIT() SI_UNIT($,.RADIAN.) );
#2699 = ( NAMED_UNIT(*) SI_UNIT($,.STERADIAN.) SOLID_ANGLE_UNIT() );
#2700 = UNCERTAINTY_MEASURE_WITH_UNIT(LENGTH_MEASURE(1.E-07),#2697,
  'distance_accuracy_value','confusion accuracy');
#2701 = CONTEXT_DEPENDENT_SHAPE_REPRESENTATION(#2702,#2704);
#2702 = ( REPRESENTATION_RELATIONSHIP('','',#44,#10) 
REPRESENTATION_RELATIONSHIP_WITH_TRANSFORMATION(#2703) 
SHAPE_REPRESENTATION_RELATIONSHIP() );
#2703 = ITEM_DEFINED_TRANSFORMATION('','',#11,#15);
#2704 = PRODUCT_DEFINITION_SHAPE('Placement','Placement of an item',
  #2705);
#2705 = NEXT_ASSEMBLY_USAGE_OCCURRENCE('2','tube','',#5,#39,$);
#2706 = PRODUCT_RELATED_PRODUCT_CATEGORY('part',$,(#41));
#2707 = SHAPE_DEFINITION_REPRESENTATION(#2708,#2714);
#2708 = PRODUCT_DEFINITION_SHAPE('','',#2709);
#2709 = PRODUCT_DEFINITION('design','',#2710,#2713);
#2710 = PRODUCT_DEFINITION_FORMATION('','',#2711);
#2711 = PRODUCT('front_plate','front_plate','',(#2712));
#2712 = PRODUCT_CONTEXT('',#2,'mechanical');
#2713 = PRODUCT_DEFINITION_CONTEXT('part definition',#2,'design');
#2714 = ADVANCED_BREP_SHAPE_REPRESENTATION('',(#11,#2715),#7427);
#2715 = MANIFOLD_SOLID_BREP('',#2716);
#2716 = CLOSED_SHELL('',(#2717,#2837,#2919,#3001,#3071,#4095,#4149,#4196
    ,#4249,#4297,#4461,#4510,#4559,#4586,#4735,#4784,#4833,#4860,#4928,
    #5128,#5177,#5226,#5253,#5302,#5351,#5378,#5446,#5572,#5621,#5670,
    #5697,#5751,#5951,#6000,#6049,#6076,#6125,#6174,#6201,#6233,#6258,
    #6284,#6309,#6334,#6341,#6348,#6419,#6467,#6474,#6481,#6528,#6577,
    #6584,#6631,#6678,#6685,#6692,#6738,#6766,#6999,#7075,#7129,#7178,
    #7232,#7281,#7335,#7384,#7416));
#2717 = ADVANCED_FACE('',(#2718),#2732,.T.);
#2718 = FACE_BOUND('',#2719,.T.);
#2719 = EDGE_LOOP('',(#2720,#2755,#2783,#2811));
#2720 = ORIENTED_EDGE('',*,*,#2721,.T.);
#2721 = EDGE_CURVE('',#2722,#2724,#2726,.T.);
#2722 = VERTEX_POINT('',#2723);
#2723 = CARTESIAN_POINT('',(-3.552713678801E-15,6.,0.4));
#2724 = VERTEX_POINT('',#2725);
#2725 = CARTESIAN_POINT('',(-3.552713678801E-15,6.,2.4));
#2726 = SURFACE_CURVE('',#2727,(#2731,#2743),.PCURVE_S1.);
#2727 = LINE('',#2728,#2729);
#2728 = CARTESIAN_POINT('',(-3.552713678801E-15,6.,0.4));
#2729 = VECTOR('',#2730,1.);
#2730 = DIRECTION('',(0.,0.,1.));
#2731 = PCURVE('',#2732,#2737);
#2732 = PLANE('',#2733);
#2733 = AXIS2_PLACEMENT_3D('',#2734,#2735,#2736);
#2734 = CARTESIAN_POINT('',(8.881784197001E-14,6.,0.4));
#2735 = DIRECTION('',(-1.,0.,0.));
#2736 = DIRECTION('',(0.,1.,0.));
#2737 = DEFINITIONAL_REPRESENTATION('',(#2738),#2742);
#2738 = LINE('',#2739,#2740);
#2739 = CARTESIAN_POINT('',(0.,0.));
#2740 = VECTOR('',#2741,1.);
#2741 = DIRECTION('',(0.,-1.));
#2742 = ( GEOMETRIC_REPRESENTATION_CONTEXT(2) 
PARAMETRIC_REPRESENTATION_CONTEXT() REPRESENTATION_CONTEXT('2D SPACE',''
  ) );
#2743 = PCURVE('',#2744,#2749);
#2744 = CYLINDRICAL_SURFACE('',#2745,6.);
#2745 = AXIS2_PLACEMENT_3D('',#2746,#2747,#2748);
#2746 = CARTESIAN_POINT('',(6.,6.,0.4));
#2747 = DIRECTION('',(-0.,-0.,-1.));
#2748 = DIRECTION('',(1.,0.,0.));
#2749 = DEFINITIONAL_REPRESENTATION('',(#2750),#2754);
#2750 = LINE('',#2751,#2752);
#2751 = CARTESIAN_POINT('',(-3.14159265359,0.));
#2752 = VECTOR('',#2753,1.);
#2753 = DIRECTION('',(-0.,-1.));
#2754 = ( GEOMETRIC_REPRESENTATION_CONTEXT(2) 
PARAMETRIC_REPRESENTATION_CONTEXT() REPRESENTATION_CONTEXT('2D SPACE',''
  ) );
#2755 = ORIENTED_EDGE('',*,*,#2756,.T.);
#2756 = EDGE_CURVE('',#2724,#2757,#2759,.T.);
#2757 = VERTEX_POINT('',#2758);
#2758 = CARTESIAN_POINT('',(-3.552713678801E-15,74.8,2.4));
#2759 = SURFACE_CURVE('',#2760,(#2764,#2771),.PCURVE_S1.);
#2760 = LINE('',#2761,#2762);
#2761 = CARTESIAN_POINT('',(8.881784197001E-14,40.4,2.4));
#2762 = VECTOR('',#2763,1.);
#2763 = DIRECTION('',(0.,1.,0.));
#2764 = PCURVE('',#2732,#2765);
#2765 = DEFINITIONAL_REPRESENTATION('',(#2766),#2770);
#2766 = LINE('',#2767,#2768);
#2767 = CARTESIAN_POINT('',(34.4,-2.));
#2768 = VECTOR('',#2769,1.);
#2769 = DIRECTION('',(1.,0.));
#2770 = ( GEOMETRIC_REPRESENTATION_CONTEXT(2) 
PARAMETRIC_REPRESENTATION_CONTEXT() REPRESENTATION_CONTEXT('2D SPACE',''
  ) );
#2771 = PCURVE('',#2772,#2777);
#2772 = PLANE('',#2773);
#2773 = AXIS2_PLACEMENT_3D('',#2774,#2775,#2776);
#2774 = CARTESIAN_POINT('',(23.604999999552,40.4,2.4));
#2775 = DIRECTION('',(0.,0.,1.));
#2776 = DIRECTION('',(1.,0.,0.));
#2777 = DEFINITIONAL_REPRESENTATION('',(#2778),#2782);
#2778 = LINE('',#2779,#2780);
#2779 = CARTESIAN_POINT('',(-23.60499999955,-5.214143357781E-16));
#2780 = VECTOR('',#2781,1.);
#2781 = DIRECTION('',(0.,1.));
#2782 = ( GEOMETRIC_REPRESENTATION_CONTEXT(2) 
PARAMETRIC_REPRESENTATION_CONTEXT() REPRESENTATION_CONTEXT('2D SPACE',''
  ) );
#2783 = ORIENTED_EDGE('',*,*,#2784,.F.);
#2784 = EDGE_CURVE('',#2785,#2757,#2787,.T.);
#2785 = VERTEX_POINT('',#2786);
#2786 = CARTESIAN_POINT('',(-3.552713678801E-15,74.8,0.4));
#2787 = SURFACE_CURVE('',#2788,(#2792,#2799),.PCURVE_S1.);
#2788 = LINE('',#2789,#2790);
#2789 = CARTESIAN_POINT('',(-3.552713678801E-15,74.8,0.4));
#2790 = VECTOR('',#2791,1.);
#2791 = DIRECTION('',(0.,0.,1.));
#2792 = PCURVE('',#2732,#2793);
#2793 = DEFINITIONAL_REPRESENTATION('',(#2794),#2798);
#2794 = LINE('',#2795,#2796);
#2795 = CARTESIAN_POINT('',(68.8,0.));
#2796 = VECTOR('',#2797,1.);
#2797 = DIRECTION('',(0.,-1.));
#2798 = ( GEOMETRIC_REPRESENTATION_CONTEXT(2) 
PARAMETRIC_REPRESENTATION_CONTEXT() REPRESENTATION_CONTEXT('2D SPACE',''
  ) );
#2799 = PCURVE('',#2800,#2805);
#2800 = CYLINDRICAL_SURFACE('',#2801,6.);
#2801 = AXIS2_PLACEMENT_3D('',#2802,#2803,#2804);
#2802 = CARTESIAN_POINT('',(6.,74.8,0.4));
#2803 = DIRECTION('',(-0.,-0.,-1.));
#2804 = DIRECTION('',(1.,0.,0.));
#2805 = DEFINITIONAL_REPRESENTATION('',(#2806),#2810);
#2806 = LINE('',#2807,#2808);
#2807 = CARTESIAN_POINT('',(-3.14159265359,0.));
#2808 = VECTOR('',#2809,1.);
#2809 = DIRECTION('',(-0.,-1.));
#2810 = ( GEOMETRIC_REPRESENTATION_CONTEXT(2) 
PARAMETRIC_REPRESENTATION_CONTEXT() REPRESENTATION_CONTEXT('2D SPACE',''
  ) );
#2811 = ORIENTED_EDGE('',*,*,#2812,.F.);
#2812 = EDGE_CURVE('',#2722,#2785,#2813,.T.);
#2813 = SURFACE_CURVE('',#2814,(#2818,#2825),.PCURVE_S1.);
#2814 = LINE('',#2815,#2816);
#2815 = CARTESIAN_POINT('',(8.881784197001E-14,40.4,0.4));
#2816 = VECTOR('',#2817,1.);
#2817 = DIRECTION('',(0.,1.,0.));
#2818 = PCURVE('',#2732,#2819);
#2819 = DEFINITIONAL_REPRESENTATION('',(#2820),#2824);
#2820 = LINE('',#2821,#2822);
#2821 = CARTESIAN_POINT('',(34.4,0.));
#2822 = VECTOR('',#2823,1.);
#2823 = DIRECTION('',(1.,0.));
#2824 = ( GEOMETRIC_REPRESENTATION_CONTEXT(2) 
PARAMETRIC_REPRESENTATION_CONTEXT() REPRESENTATION_CONTEXT('2D SPACE',''
  ) );
#2825 = PCURVE('',#2826,#2831);
#2826 = PLANE('',#2827);
#2827 = AXIS2_PLACEMENT_3D('',#2828,#2829,#2830);
#2828 = CARTESIAN_POINT('',(8.881784197001E-14,40.4,0.4));
#2829 = DIRECTION('',(-0.707106781187,0.,-0.707106781187));
#2830 = DIRECTION('',(0.,-1.,-0.));
#2831 = DEFINITIONAL_REPRESENTATION('',(#2832),#2836);
#2832 = LINE('',#2833,#2834);
#2833 = CARTESIAN_POINT('',(0.,0.));
#2834 = VECTOR('',#2835,1.);
#2835 = DIRECTION('',(-1.,0.));
#2836 = ( GEOMETRIC_REPRESENTATION_CONTEXT(2) 
PARAMETRIC_REPRESENTATION_CONTEXT() REPRESENTATION_CONTEXT('2D SPACE',''
  ) );
#2837 = ADVANCED_FACE('',(#2838),#2744,.T.);
#2838 = FACE_BOUND('',#2839,.F.);
#2839 = EDGE_LOOP('',(#2840,#2841,#2865,#2893));
#2840 = ORIENTED_EDGE('',*,*,#2721,.T.);
#2841 = ORIENTED_EDGE('',*,*,#2842,.T.);
#2842 = EDGE_CURVE('',#2724,#2843,#2845,.T.);
#2843 = VERTEX_POINT('',#2844);
#2844 = CARTESIAN_POINT('',(6.,0.,2.4));
#2845 = SURFACE_CURVE('',#2846,(#2851,#2858),.PCURVE_S1.);
#2846 = CIRCLE('',#2847,6.);
#2847 = AXIS2_PLACEMENT_3D('',#2848,#2849,#2850);
#2848 = CARTESIAN_POINT('',(6.,6.,2.4));
#2849 = DIRECTION('',(0.,0.,1.));
#2850 = DIRECTION('',(1.,0.,0.));
#2851 = PCURVE('',#2744,#2852);
#2852 = DEFINITIONAL_REPRESENTATION('',(#2853),#2857);
#2853 = LINE('',#2854,#2855);
#2854 = CARTESIAN_POINT('',(-0.,-2.));
#2855 = VECTOR('',#2856,1.);
#2856 = DIRECTION('',(-1.,0.));
#2857 = ( GEOMETRIC_REPRESENTATION_CONTEXT(2) 
PARAMETRIC_REPRESENTATION_CONTEXT() REPRESENTATION_CONTEXT('2D SPACE',''
  ) );
#2858 = PCURVE('',#2772,#2859);
#2859 = DEFINITIONAL_REPRESENTATION('',(#2860),#2864);
#2860 = CIRCLE('',#2861,6.);
#2861 = AXIS2_PLACEMENT_2D('',#2862,#2863);
#2862 = CARTESIAN_POINT('',(-17.60499999955,-34.4));
#2863 = DIRECTION('',(1.,0.));
#2864 = ( GEOMETRIC_REPRESENTATION_CONTEXT(2) 
PARAMETRIC_REPRESENTATION_CONTEXT() REPRESENTATION_CONTEXT('2D SPACE',''
  ) );
#2865 = ORIENTED_EDGE('',*,*,#2866,.F.);
#2866 = EDGE_CURVE('',#2867,#2843,#2869,.T.);
#2867 = VERTEX_POINT('',#2868);
#2868 = CARTESIAN_POINT('',(6.,0.,0.4));
#2869 = SURFACE_CURVE('',#2870,(#2874,#2881),.PCURVE_S1.);
#2870 = LINE('',#2871,#2872);
#2871 = CARTESIAN_POINT('',(6.,0.,0.4));
#2872 = VECTOR('',#2873,1.);
#2873 = DIRECTION('',(0.,0.,1.));
#2874 = PCURVE('',#2744,#2875);
#2875 = DEFINITIONAL_REPRESENTATION('',(#2876),#2880);
#2876 = LINE('',#2877,#2878);
#2877 = CARTESIAN_POINT('',(-4.712388980385,0.));
#2878 = VECTOR('',#2879,1.);
#2879 = DIRECTION('',(-0.,-1.));
#2880 = ( GEOMETRIC_REPRESENTATION_CONTEXT(2) 
PARAMETRIC_REPRESENTATION_CONTEXT() REPRESENTATION_CONTEXT('2D SPACE',''
  ) );
#2881 = PCURVE('',#2882,#2887);
#2882 = PLANE('',#2883);
#2883 = AXIS2_PLACEMENT_3D('',#2884,#2885,#2886);
#2884 = CARTESIAN_POINT('',(6.,0.,0.4));
#2885 = DIRECTION('',(0.,1.,0.));
#2886 = DIRECTION('',(1.,0.,0.));
#2887 = DEFINITIONAL_REPRESENTATION('',(#2888),#2892);
#2888 = LINE('',#2889,#2890);
#2889 = CARTESIAN_POINT('',(0.,0.));
#2890 = VECTOR('',#2891,1.);
#2891 = DIRECTION('',(0.,-1.));
#2892 = ( GEOMETRIC_REPRESENTATION_CONTEXT(2) 
PARAMETRIC_REPRESENTATION_CONTEXT() REPRESENTATION_CONTEXT('2D SPACE',''
  ) );
#2893 = ORIENTED_EDGE('',*,*,#2894,.F.);
#2894 = EDGE_CURVE('',#2722,#2867,#2895,.T.);
#2895 = SURFACE_CURVE('',#2896,(#2901,#2908),.PCURVE_S1.);
#2896 = CIRCLE('',#2897,6.);
#2897 = AXIS2_PLACEMENT_3D('',#2898,#2899,#2900);
#2898 = CARTESIAN_POINT('',(6.,6.,0.4));
#2899 = DIRECTION('',(0.,0.,1.));
#2900 = DIRECTION('',(1.,0.,0.));
#2901 = PCURVE('',#2744,#2902);
#2902 = DEFINITIONAL_REPRESENTATION('',(#2903),#2907);
#2903 = LINE('',#2904,#2905);
#2904 = CARTESIAN_POINT('',(-0.,0.));
#2905 = VECTOR('',#2906,1.);
#2906 = DIRECTION('',(-1.,0.));
#2907 = ( GEOMETRIC_REPRESENTATION_CONTEXT(2) 
PARAMETRIC_REPRESENTATION_CONTEXT() REPRESENTATION_CONTEXT('2D SPACE',''
  ) );
#2908 = PCURVE('',#2909,#2914);
#2909 = CONICAL_SURFACE('',#2910,5.6,0.785398163397);
#2910 = AXIS2_PLACEMENT_3D('',#2911,#2912,#2913);
#2911 = CARTESIAN_POINT('',(6.,6.,0.));
#2912 = DIRECTION('',(0.,0.,1.));
#2913 = DIRECTION('',(1.,0.,0.));
#2914 = DEFINITIONAL_REPRESENTATION('',(#2915),#2918);
#2915 = B_SPLINE_CURVE_WITH_KNOTS('',1,(#2916,#2917),.UNSPECIFIED.,.F.,
  .F.,(2,2),(3.14159265359,4.712388980385),.PIECEWISE_BEZIER_KNOTS.);
#2916 = CARTESIAN_POINT('',(3.14159265359,0.4));
#2917 = CARTESIAN_POINT('',(4.712388980385,0.4));
#2918 = ( GEOMETRIC_REPRESENTATION_CONTEXT(2) 
PARAMETRIC_REPRESENTATION_CONTEXT() REPRESENTATION_CONTEXT('2D SPACE',''
  ) );
#2919 = ADVANCED_FACE('',(#2920),#2800,.T.);
#2920 = FACE_BOUND('',#2921,.F.);
#2921 = EDGE_LOOP('',(#2922,#2952,#2974,#2975));
#2922 = ORIENTED_EDGE('',*,*,#2923,.T.);
#2923 = EDGE_CURVE('',#2924,#2926,#2928,.T.);
#2924 = VERTEX_POINT('',#2925);
#2925 = CARTESIAN_POINT('',(6.,80.8,0.4));
#2926 = VERTEX_POINT('',#2927);
#2927 = CARTESIAN_POINT('',(6.,80.8,2.4));
#2928 = SURFACE_CURVE('',#2929,(#2933,#2940),.PCURVE_S1.);
#2929 = LINE('',#2930,#2931);
#2930 = CARTESIAN_POINT('',(6.,80.8,0.4));
#2931 = VECTOR('',#2932,1.);
#2932 = DIRECTION('',(0.,0.,1.));
#2933 = PCURVE('',#2800,#2934);
#2934 = DEFINITIONAL_REPRESENTATION('',(#2935),#2939);
#2935 = LINE('',#2936,#2937);
#2936 = CARTESIAN_POINT('',(-1.570796326795,0.));
#2937 = VECTOR('',#2938,1.);
#2938 = DIRECTION('',(-0.,-1.));
#2939 = ( GEOMETRIC_REPRESENTATION_CONTEXT(2) 
PARAMETRIC_REPRESENTATION_CONTEXT() REPRESENTATION_CONTEXT('2D SPACE',''
  ) );
#2940 = PCURVE('',#2941,#2946);
#2941 = PLANE('',#2942);
#2942 = AXIS2_PLACEMENT_3D('',#2943,#2944,#2945);
#2943 = CARTESIAN_POINT('',(6.,80.8,0.4));
#2944 = DIRECTION('',(0.,1.,0.));
#2945 = DIRECTION('',(1.,0.,0.));
#2946 = DEFINITIONAL_REPRESENTATION('',(#2947),#2951);
#2947 = LINE('',#2948,#2949);
#2948 = CARTESIAN_POINT('',(0.,0.));
#2949 = VECTOR('',#2950,1.);
#2950 = DIRECTION('',(0.,-1.));
#2951 = ( GEOMETRIC_REPRESENTATION_CONTEXT(2) 
PARAMETRIC_REPRESENTATION_CONTEXT() REPRESENTATION_CONTEXT('2D SPACE',''
  ) );
#2952 = ORIENTED_EDGE('',*,*,#2953,.T.);
#2953 = EDGE_CURVE('',#2926,#2757,#2954,.T.);
#2954 = SURFACE_CURVE('',#2955,(#2960,#2967),.PCURVE_S1.);
#2955 = CIRCLE('',#2956,6.);
#2956 = AXIS2_PLACEMENT_3D('',#2957,#2958,#2959);
#2957 = CARTESIAN_POINT('',(6.,74.8,2.4));
#2958 = DIRECTION('',(0.,0.,1.));
#2959 = DIRECTION('',(1.,0.,0.));
#2960 = PCURVE('',#2800,#2961);
#2961 = DEFINITIONAL_REPRESENTATION('',(#2962),#2966);
#2962 = LINE('',#2963,#2964);
#2963 = CARTESIAN_POINT('',(-0.,-2.));
#2964 = VECTOR('',#2965,1.);
#2965 = DIRECTION('',(-1.,0.));
#2966 = ( GEOMETRIC_REPRESENTATION_CONTEXT(2) 
PARAMETRIC_REPRESENTATION_CONTEXT() REPRESENTATION_CONTEXT('2D SPACE',''
  ) );
#2967 = PCURVE('',#2772,#2968);
#2968 = DEFINITIONAL_REPRESENTATION('',(#2969),#2973);
#2969 = CIRCLE('',#2970,6.);
#2970 = AXIS2_PLACEMENT_2D('',#2971,#2972);
#2971 = CARTESIAN_POINT('',(-17.60499999955,34.4));
#2972 = DIRECTION('',(1.,0.));
#2973 = ( GEOMETRIC_REPRESENTATION_CONTEXT(2) 
PARAMETRIC_REPRESENTATION_CONTEXT() REPRESENTATION_CONTEXT('2D SPACE',''
  ) );
#2974 = ORIENTED_EDGE('',*,*,#2784,.F.);
#2975 = ORIENTED_EDGE('',*,*,#2976,.F.);
#2976 = EDGE_CURVE('',#2924,#2785,#2977,.T.);
#2977 = SURFACE_CURVE('',#2978,(#2983,#2990),.PCURVE_S1.);
#2978 = CIRCLE('',#2979,6.);
#2979 = AXIS2_PLACEMENT_3D('',#2980,#2981,#2982);
#2980 = CARTESIAN_POINT('',(6.,74.8,0.4));
#2981 = DIRECTION('',(0.,0.,1.));
#2982 = DIRECTION('',(1.,0.,0.));
#2983 = PCURVE('',#2800,#2984);
#2984 = DEFINITIONAL_REPRESENTATION('',(#2985),#2989);
#2985 = LINE('',#2986,#2987);
#2986 = CARTESIAN_POINT('',(-0.,0.));
#2987 = VECTOR('',#2988,1.);
#2988 = DIRECTION('',(-1.,0.));
#2989 = ( GEOMETRIC_REPRESENTATION_CONTEXT(2) 
PARAMETRIC_REPRESENTATION_CONTEXT() REPRESENTATION_CONTEXT('2D SPACE',''
  ) );
#2990 = PCURVE('',#2991,#2996);
#2991 = CONICAL_SURFACE('',#2992,5.6,0.785398163397);
#2992 = AXIS2_PLACEMENT_3D('',#2993,#2994,#2995);
#2993 = CARTESIAN_POINT('',(6.,74.8,0.));
#2994 = DIRECTION('',(0.,0.,1.));
#2995 = DIRECTION('',(1.,0.,0.));
#2996 = DEFINITIONAL_REPRESENTATION('',(#2997),#3000);
#2997 = B_SPLINE_CURVE_WITH_KNOTS('',1,(#2998,#2999),.UNSPECIFIED.,.F.,
  .F.,(2,2),(1.570796326795,3.14159265359),.PIECEWISE_BEZIER_KNOTS.);
#2998 = CARTESIAN_POINT('',(1.570796326795,0.4));
#2999 = CARTESIAN_POINT('',(3.14159265359,0.4));
#3000 = ( GEOMETRIC_REPRESENTATION_CONTEXT(2) 
PARAMETRIC_REPRESENTATION_CONTEXT() REPRESENTATION_CONTEXT('2D SPACE',''
  ) );
#3001 = ADVANCED_FACE('',(#3002),#2826,.T.);
#3002 = FACE_BOUND('',#3003,.T.);
#3003 = EDGE_LOOP('',(#3004,#3034,#3052,#3053));
#3004 = ORIENTED_EDGE('',*,*,#3005,.F.);
#3005 = EDGE_CURVE('',#3006,#3008,#3010,.T.);
#3006 = VERTEX_POINT('',#3007);
#3007 = CARTESIAN_POINT('',(0.4,6.,0.));
#3008 = VERTEX_POINT('',#3009);
#3009 = CARTESIAN_POINT('',(0.4,74.8,0.));
#3010 = SURFACE_CURVE('',#3011,(#3015,#3022),.PCURVE_S1.);
#3011 = LINE('',#3012,#3013);
#3012 = CARTESIAN_POINT('',(0.4,40.4,0.));
#3013 = VECTOR('',#3014,1.);
#3014 = DIRECTION('',(0.,1.,0.));
#3015 = PCURVE('',#2826,#3016);
#3016 = DEFINITIONAL_REPRESENTATION('',(#3017),#3021);
#3017 = LINE('',#3018,#3019);
#3018 = CARTESIAN_POINT('',(3.552713678801E-15,-0.565685424949));
#3019 = VECTOR('',#3020,1.);
#3020 = DIRECTION('',(-1.,0.));
#3021 = ( GEOMETRIC_REPRESENTATION_CONTEXT(2) 
PARAMETRIC_REPRESENTATION_CONTEXT() REPRESENTATION_CONTEXT('2D SPACE',''
  ) );
#3022 = PCURVE('',#3023,#3028);
#3023 = PLANE('',#3024);
#3024 = AXIS2_PLACEMENT_3D('',#3025,#3026,#3027);
#3025 = CARTESIAN_POINT('',(6.,6.,0.));
#3026 = DIRECTION('',(0.,0.,1.));
#3027 = DIRECTION('',(1.,0.,0.));
#3028 = DEFINITIONAL_REPRESENTATION('',(#3029),#3033);
#3029 = LINE('',#3030,#3031);
#3030 = CARTESIAN_POINT('',(-5.6,34.4));
#3031 = VECTOR('',#3032,1.);
#3032 = DIRECTION('',(0.,1.));
#3033 = ( GEOMETRIC_REPRESENTATION_CONTEXT(2) 
PARAMETRIC_REPRESENTATION_CONTEXT() REPRESENTATION_CONTEXT('2D SPACE',''
  ) );
#3034 = ORIENTED_EDGE('',*,*,#3035,.T.);
#3035 = EDGE_CURVE('',#3006,#2722,#3036,.T.);
#3036 = SURFACE_CURVE('',#3037,(#3040,#3046),.PCURVE_S1.);
#3037 = B_SPLINE_CURVE_WITH_KNOTS('',1,(#3038,#3039),.UNSPECIFIED.,.F.,
  .F.,(2,2),(0.,1.),.PIECEWISE_BEZIER_KNOTS.);
#3038 = CARTESIAN_POINT('',(0.4,6.,0.));
#3039 = CARTESIAN_POINT('',(-3.552713678801E-15,6.,0.4));
#3040 = PCURVE('',#2826,#3041);
#3041 = DEFINITIONAL_REPRESENTATION('',(#3042),#3045);
#3042 = B_SPLINE_CURVE_WITH_KNOTS('',1,(#3043,#3044),.UNSPECIFIED.,.F.,
  .F.,(2,2),(0.,1.),.PIECEWISE_BEZIER_KNOTS.);
#3043 = CARTESIAN_POINT('',(34.4,-0.565685424949));
#3044 = CARTESIAN_POINT('',(34.4,6.750155989721E-14));
#3045 = ( GEOMETRIC_REPRESENTATION_CONTEXT(2) 
PARAMETRIC_REPRESENTATION_CONTEXT() REPRESENTATION_CONTEXT('2D SPACE',''
  ) );
#3046 = PCURVE('',#2909,#3047);
#3047 = DEFINITIONAL_REPRESENTATION('',(#3048),#3051);
#3048 = B_SPLINE_CURVE_WITH_KNOTS('',1,(#3049,#3050),.UNSPECIFIED.,.F.,
  .F.,(2,2),(0.,1.),.PIECEWISE_BEZIER_KNOTS.);
#3049 = CARTESIAN_POINT('',(3.14159265359,0.));
#3050 = CARTESIAN_POINT('',(3.14159265359,0.4));
#3051 = ( GEOMETRIC_REPRESENTATION_CONTEXT(2) 
PARAMETRIC_REPRESENTATION_CONTEXT() REPRESENTATION_CONTEXT('2D SPACE',''
  ) );
#3052 = ORIENTED_EDGE('',*,*,#2812,.T.);
#3053 = ORIENTED_EDGE('',*,*,#3054,.F.);
#3054 = EDGE_CURVE('',#3008,#2785,#3055,.T.);
#3055 = SURFACE_CURVE('',#3056,(#3059,#3065),.PCURVE_S1.);
#3056 = B_SPLINE_CURVE_WITH_KNOTS('',1,(#3057,#3058),.UNSPECIFIED.,.F.,
  .F.,(2,2),(0.,1.),.PIECEWISE_BEZIER_KNOTS.);
#3057 = CARTESIAN_POINT('',(0.4,74.8,0.));
#3058 = CARTESIAN_POINT('',(-3.552713678801E-15,74.8,0.4));
#3059 = PCURVE('',#2826,#3060);
#3060 = DEFINITIONAL_REPRESENTATION('',(#3061),#3064);
#3061 = B_SPLINE_CURVE_WITH_KNOTS('',1,(#3062,#3063),.UNSPECIFIED.,.F.,
  .F.,(2,2),(0.,1.),.PIECEWISE_BEZIER_KNOTS.);
#3062 = CARTESIAN_POINT('',(-34.4,-0.565685424949));
#3063 = CARTESIAN_POINT('',(-34.4,6.750155989721E-14));
#3064 = ( GEOMETRIC_REPRESENTATION_CONTEXT(2) 
PARAMETRIC_REPRESENTATION_CONTEXT() REPRESENTATION_CONTEXT('2D SPACE',''
  ) );
#3065 = PCURVE('',#2991,#3066);
#3066 = DEFINITIONAL_REPRESENTATION('',(#3067),#3070);
#3067 = B_SPLINE_CURVE_WITH_KNOTS('',1,(#3068,#3069),.UNSPECIFIED.,.F.,
  .F.,(2,2),(0.,1.),.PIECEWISE_BEZIER_KNOTS.);
#3068 = CARTESIAN_POINT('',(3.14159265359,0.));
#3069 = CARTESIAN_POINT('',(3.14159265359,0.4));
#3070 = ( GEOMETRIC_REPRESENTATION_CONTEXT(2) 
PARAMETRIC_REPRESENTATION_CONTEXT() REPRESENTATION_CONTEXT('2D SPACE',''
  ) );
#3071 = ADVANCED_FACE('',(#3072,#3207),#2772,.T.);
#3072 = FACE_BOUND('',#3073,.T.);
#3073 = EDGE_LOOP('',(#3074,#3075,#3076,#3099,#3128,#3156,#3185,#3206));
#3074 = ORIENTED_EDGE('',*,*,#2756,.F.);
#3075 = ORIENTED_EDGE('',*,*,#2842,.T.);
#3076 = ORIENTED_EDGE('',*,*,#3077,.T.);
#3077 = EDGE_CURVE('',#2843,#3078,#3080,.T.);
#3078 = VERTEX_POINT('',#3079);
#3079 = CARTESIAN_POINT('',(41.20999999796,0.,2.4));
#3080 = SURFACE_CURVE('',#3081,(#3085,#3092),.PCURVE_S1.);
#3081 = LINE('',#3082,#3083);
#3082 = CARTESIAN_POINT('',(23.605,0.,2.4));
#3083 = VECTOR('',#3084,1.);
#3084 = DIRECTION('',(1.,0.,0.));
#3085 = PCURVE('',#2772,#3086);
#3086 = DEFINITIONAL_REPRESENTATION('',(#3087),#3091);
#3087 = LINE('',#3088,#3089);
#3088 = CARTESIAN_POINT('',(4.479401616107E-10,-40.4));
#3089 = VECTOR('',#3090,1.);
#3090 = DIRECTION('',(1.,0.));
#3091 = ( GEOMETRIC_REPRESENTATION_CONTEXT(2) 
PARAMETRIC_REPRESENTATION_CONTEXT() REPRESENTATION_CONTEXT('2D SPACE',''
  ) );
#3092 = PCURVE('',#2882,#3093);
#3093 = DEFINITIONAL_REPRESENTATION('',(#3094),#3098);
#3094 = LINE('',#3095,#3096);
#3095 = CARTESIAN_POINT('',(17.605,-2.));
#3096 = VECTOR('',#3097,1.);
#3097 = DIRECTION('',(1.,0.));
#3098 = ( GEOMETRIC_REPRESENTATION_CONTEXT(2) 
PARAMETRIC_REPRESENTATION_CONTEXT() REPRESENTATION_CONTEXT('2D SPACE',''
  ) );
#3099 = ORIENTED_EDGE('',*,*,#3100,.T.);
#3100 = EDGE_CURVE('',#3078,#3101,#3103,.T.);
#3101 = VERTEX_POINT('',#3102);
#3102 = CARTESIAN_POINT('',(47.20999999898,6.,2.4));
#3103 = SURFACE_CURVE('',#3104,(#3109,#3116),.PCURVE_S1.);
#3104 = CIRCLE('',#3105,6.);
#3105 = AXIS2_PLACEMENT_3D('',#3106,#3107,#3108);
#3106 = CARTESIAN_POINT('',(41.20999999796,6.,2.4));
#3107 = DIRECTION('',(0.,0.,1.));
#3108 = DIRECTION('',(1.,0.,0.));
#3109 = PCURVE('',#2772,#3110);
#3110 = DEFINITIONAL_REPRESENTATION('',(#3111),#3115);
#3111 = CIRCLE('',#3112,6.);
#3112 = AXIS2_PLACEMENT_2D('',#3113,#3114);
#3113 = CARTESIAN_POINT('',(17.604999998408,-34.4));
#3114 = DIRECTION('',(1.,0.));
#3115 = ( GEOMETRIC_REPRESENTATION_CONTEXT(2) 
PARAMETRIC_REPRESENTATION_CONTEXT() REPRESENTATION_CONTEXT('2D SPACE',''
  ) );
#3116 = PCURVE('',#3117,#3122);
#3117 = CYLINDRICAL_SURFACE('',#3118,6.);
#3118 = AXIS2_PLACEMENT_3D('',#3119,#3120,#3121);
#3119 = CARTESIAN_POINT('',(41.20999999796,6.,0.4));
#3120 = DIRECTION('',(-0.,-0.,-1.));
#3121 = DIRECTION('',(1.,0.,0.));
#3122 = DEFINITIONAL_REPRESENTATION('',(#3123),#3127);
#3123 = LINE('',#3124,#3125);
#3124 = CARTESIAN_POINT('',(-0.,-2.));
#3125 = VECTOR('',#3126,1.);
#3126 = DIRECTION('',(-1.,0.));
#3127 = ( GEOMETRIC_REPRESENTATION_CONTEXT(2) 
PARAMETRIC_REPRESENTATION_CONTEXT() REPRESENTATION_CONTEXT('2D SPACE',''
  ) );
#3128 = ORIENTED_EDGE('',*,*,#3129,.T.);
#3129 = EDGE_CURVE('',#3101,#3130,#3132,.T.);
#3130 = VERTEX_POINT('',#3131);
#3131 = CARTESIAN_POINT('',(47.20999999898,74.8,2.4));
#3132 = SURFACE_CURVE('',#3133,(#3137,#3144),.PCURVE_S1.);
#3133 = LINE('',#3134,#3135);
#3134 = CARTESIAN_POINT('',(47.21,40.4,2.4));
#3135 = VECTOR('',#3136,1.);
#3136 = DIRECTION('',(0.,1.,0.));
#3137 = PCURVE('',#2772,#3138);
#3138 = DEFINITIONAL_REPRESENTATION('',(#3139),#3143);
#3139 = LINE('',#3140,#3141);
#3140 = CARTESIAN_POINT('',(23.605000000448,-5.214143357781E-16));
#3141 = VECTOR('',#3142,1.);
#3142 = DIRECTION('',(0.,1.));
#3143 = ( GEOMETRIC_REPRESENTATION_CONTEXT(2) 
PARAMETRIC_REPRESENTATION_CONTEXT() REPRESENTATION_CONTEXT('2D SPACE',''
  ) );
#3144 = PCURVE('',#3145,#3150);
#3145 = PLANE('',#3146);
#3146 = AXIS2_PLACEMENT_3D('',#3147,#3148,#3149);
#3147 = CARTESIAN_POINT('',(47.21,6.,0.4));
#3148 = DIRECTION('',(-1.,0.,0.));
#3149 = DIRECTION('',(0.,1.,0.));
#3150 = DEFINITIONAL_REPRESENTATION('',(#3151),#3155);
#3151 = LINE('',#3152,#3153);
#3152 = CARTESIAN_POINT('',(34.4,-2.));
#3153 = VECTOR('',#3154,1.);
#3154 = DIRECTION('',(1.,0.));
#3155 = ( GEOMETRIC_REPRESENTATION_CONTEXT(2) 
PARAMETRIC_REPRESENTATION_CONTEXT() REPRESENTATION_CONTEXT('2D SPACE',''
  ) );
#3156 = ORIENTED_EDGE('',*,*,#3157,.T.);
#3157 = EDGE_CURVE('',#3130,#3158,#3160,.T.);
#3158 = VERTEX_POINT('',#3159);
#3159 = CARTESIAN_POINT('',(41.20999999796,80.8,2.4));
#3160 = SURFACE_CURVE('',#3161,(#3166,#3173),.PCURVE_S1.);
#3161 = CIRCLE('',#3162,6.);
#3162 = AXIS2_PLACEMENT_3D('',#3163,#3164,#3165);
#3163 = CARTESIAN_POINT('',(41.20999999796,74.8,2.4));
#3164 = DIRECTION('',(0.,0.,1.));
#3165 = DIRECTION('',(1.,0.,0.));
#3166 = PCURVE('',#2772,#3167);
#3167 = DEFINITIONAL_REPRESENTATION('',(#3168),#3172);
#3168 = CIRCLE('',#3169,6.);
#3169 = AXIS2_PLACEMENT_2D('',#3170,#3171);
#3170 = CARTESIAN_POINT('',(17.604999998408,34.4));
#3171 = DIRECTION('',(1.,0.));
#3172 = ( GEOMETRIC_REPRESENTATION_CONTEXT(2) 
PARAMETRIC_REPRESENTATION_CONTEXT() REPRESENTATION_CONTEXT('2D SPACE',''
  ) );
#3173 = PCURVE('',#3174,#3179);
#3174 = CYLINDRICAL_SURFACE('',#3175,6.);
#3175 = AXIS2_PLACEMENT_3D('',#3176,#3177,#3178);
#3176 = CARTESIAN_POINT('',(41.20999999796,74.8,0.4));
#3177 = DIRECTION('',(-0.,-0.,-1.));
#3178 = DIRECTION('',(1.,0.,0.));
#3179 = DEFINITIONAL_REPRESENTATION('',(#3180),#3184);
#3180 = LINE('',#3181,#3182);
#3181 = CARTESIAN_POINT('',(-0.,-2.));
#3182 = VECTOR('',#3183,1.);
#3183 = DIRECTION('',(-1.,0.));
#3184 = ( GEOMETRIC_REPRESENTATION_CONTEXT(2) 
PARAMETRIC_REPRESENTATION_CONTEXT() REPRESENTATION_CONTEXT('2D SPACE',''
  ) );
#3185 = ORIENTED_EDGE('',*,*,#3186,.F.);
#3186 = EDGE_CURVE('',#2926,#3158,#3187,.T.);
#3187 = SURFACE_CURVE('',#3188,(#3192,#3199),.PCURVE_S1.);
#3188 = LINE('',#3189,#3190);
#3189 = CARTESIAN_POINT('',(23.605,80.8,2.4));
#3190 = VECTOR('',#3191,1.);
#3191 = DIRECTION('',(1.,0.,0.));
#3192 = PCURVE('',#2772,#3193);
#3193 = DEFINITIONAL_REPRESENTATION('',(#3194),#3198);
#3194 = LINE('',#3195,#3196);
#3195 = CARTESIAN_POINT('',(4.479401616107E-10,40.4));
#3196 = VECTOR('',#3197,1.);
#3197 = DIRECTION('',(1.,0.));
#3198 = ( GEOMETRIC_REPRESENTATION_CONTEXT(2) 
PARAMETRIC_REPRESENTATION_CONTEXT() REPRESENTATION_CONTEXT('2D SPACE',''
  ) );
#3199 = PCURVE('',#2941,#3200);
#3200 = DEFINITIONAL_REPRESENTATION('',(#3201),#3205);
#3201 = LINE('',#3202,#3203);
#3202 = CARTESIAN_POINT('',(17.605,-2.));
#3203 = VECTOR('',#3204,1.);
#3204 = DIRECTION('',(1.,0.));
#3205 = ( GEOMETRIC_REPRESENTATION_CONTEXT(2) 
PARAMETRIC_REPRESENTATION_CONTEXT() REPRESENTATION_CONTEXT('2D SPACE',''
  ) );
#3206 = ORIENTED_EDGE('',*,*,#2953,.T.);
#3207 = FACE_BOUND('',#3208,.T.);
#3208 = EDGE_LOOP('',(#3209,#3239,#3272,#3300,#3328,#3356,#3384,#3407,
    #3435,#3463,#3491,#3514,#3547,#3575,#3603,#3631,#3659,#3682,#3715,
    #3743,#3771,#3799,#3827,#3850,#3878,#3906,#3934,#3957,#3990,#4013,
    #4041,#4069));
#3209 = ORIENTED_EDGE('',*,*,#3210,.F.);
#3210 = EDGE_CURVE('',#3211,#3213,#3215,.T.);
#3211 = VERTEX_POINT('',#3212);
#3212 = CARTESIAN_POINT('',(6.,2.55,2.4));
#3213 = VERTEX_POINT('',#3214);
#3214 = CARTESIAN_POINT('',(20.605,2.55,2.4));
#3215 = SURFACE_CURVE('',#3216,(#3220,#3227),.PCURVE_S1.);
#3216 = LINE('',#3217,#3218);
#3217 = CARTESIAN_POINT('',(23.605,2.55,2.4));
#3218 = VECTOR('',#3219,1.);
#3219 = DIRECTION('',(1.,0.,0.));
#3220 = PCURVE('',#2772,#3221);
#3221 = DEFINITIONAL_REPRESENTATION('',(#3222),#3226);
#3222 = LINE('',#3223,#3224);
#3223 = CARTESIAN_POINT('',(4.480947046557E-10,-37.85));
#3224 = VECTOR('',#3225,1.);
#3225 = DIRECTION('',(1.,0.));
#3226 = ( GEOMETRIC_REPRESENTATION_CONTEXT(2) 
PARAMETRIC_REPRESENTATION_CONTEXT() REPRESENTATION_CONTEXT('2D SPACE',''
  ) );
#3227 = PCURVE('',#3228,#3233);
#3228 = PLANE('',#3229);
#3229 = AXIS2_PLACEMENT_3D('',#3230,#3231,#3232);
#3230 = CARTESIAN_POINT('',(6.,2.55,2.4));
#3231 = DIRECTION('',(0.,1.,0.));
#3232 = DIRECTION('',(1.,0.,0.));
#3233 = DEFINITIONAL_REPRESENTATION('',(#3234),#3238);
#3234 = LINE('',#3235,#3236);
#3235 = CARTESIAN_POINT('',(17.605,0.));
#3236 = VECTOR('',#3237,1.);
#3237 = DIRECTION('',(1.,0.));
#3238 = ( GEOMETRIC_REPRESENTATION_CONTEXT(2) 
PARAMETRIC_REPRESENTATION_CONTEXT() REPRESENTATION_CONTEXT('2D SPACE',''
  ) );
#3239 = ORIENTED_EDGE('',*,*,#3240,.T.);
#3240 = EDGE_CURVE('',#3211,#3241,#3243,.T.);
#3241 = VERTEX_POINT('',#3242);
#3242 = CARTESIAN_POINT('',(2.55,6.,2.4));
#3243 = SURFACE_CURVE('',#3244,(#3249,#3260),.PCURVE_S1.);
#3244 = CIRCLE('',#3245,3.45);
#3245 = AXIS2_PLACEMENT_3D('',#3246,#3247,#3248);
#3246 = CARTESIAN_POINT('',(6.,6.,2.4));
#3247 = DIRECTION('',(0.,0.,-1.));
#3248 = DIRECTION('',(-1.,0.,0.));
#3249 = PCURVE('',#2772,#3250);
#3250 = DEFINITIONAL_REPRESENTATION('',(#3251),#3259);
#3251 = ( BOUNDED_CURVE() B_SPLINE_CURVE(2,(#3252,#3253,#3254,#3255,
#3256,#3257,#3258),.UNSPECIFIED.,.T.,.F.) B_SPLINE_CURVE_WITH_KNOTS((1,2
    ,2,2,2,1),(-2.094395102393,0.,2.094395102393,4.188790204786,
6.28318530718,8.377580409573),.UNSPECIFIED.) CURVE() 
GEOMETRIC_REPRESENTATION_ITEM() RATIONAL_B_SPLINE_CURVE((1.,0.5,1.,0.5,
1.,0.5,1.)) REPRESENTATION_ITEM('') );
#3252 = CARTESIAN_POINT('',(-21.05499999955,-34.4));
#3253 = CARTESIAN_POINT('',(-21.05499999955,-28.42442471388));
#3254 = CARTESIAN_POINT('',(-15.87999999955,-31.41221235694));
#3255 = CARTESIAN_POINT('',(-10.70499999955,-34.4));
#3256 = CARTESIAN_POINT('',(-15.87999999955,-37.38778764305));
#3257 = CARTESIAN_POINT('',(-21.05499999955,-40.37557528611));
#3258 = CARTESIAN_POINT('',(-21.05499999955,-34.4));
#3259 = ( GEOMETRIC_REPRESENTATION_CONTEXT(2) 
PARAMETRIC_REPRESENTATION_CONTEXT() REPRESENTATION_CONTEXT('2D SPACE',''
  ) );
#3260 = PCURVE('',#3261,#3266);
#3261 = CYLINDRICAL_SURFACE('',#3262,3.45);
#3262 = AXIS2_PLACEMENT_3D('',#3263,#3264,#3265);
#3263 = CARTESIAN_POINT('',(6.,6.,2.4));
#3264 = DIRECTION('',(0.,0.,-1.));
#3265 = DIRECTION('',(-1.,0.,0.));
#3266 = DEFINITIONAL_REPRESENTATION('',(#3267),#3271);
#3267 = LINE('',#3268,#3269);
#3268 = CARTESIAN_POINT('',(0.,0.));
#3269 = VECTOR('',#3270,1.);
#3270 = DIRECTION('',(1.,0.));
#3271 = ( GEOMETRIC_REPRESENTATION_CONTEXT(2) 
PARAMETRIC_REPRESENTATION_CONTEXT() REPRESENTATION_CONTEXT('2D SPACE',''
  ) );
#3272 = ORIENTED_EDGE('',*,*,#3273,.T.);
#3273 = EDGE_CURVE('',#3241,#3274,#3276,.T.);
#3274 = VERTEX_POINT('',#3275);
#3275 = CARTESIAN_POINT('',(2.55,22.4,2.4));
#3276 = SURFACE_CURVE('',#3277,(#3281,#3288),.PCURVE_S1.);
#3277 = LINE('',#3278,#3279);
#3278 = CARTESIAN_POINT('',(2.55,40.4,2.4));
#3279 = VECTOR('',#3280,1.);
#3280 = DIRECTION('',(0.,1.,0.));
#3281 = PCURVE('',#2772,#3282);
#3282 = DEFINITIONAL_REPRESENTATION('',(#3283),#3287);
#3283 = LINE('',#3284,#3285);
#3284 = CARTESIAN_POINT('',(-21.05499999955,-7.626841693379E-15));
#3285 = VECTOR('',#3286,1.);
#3286 = DIRECTION('',(0.,1.));
#3287 = ( GEOMETRIC_REPRESENTATION_CONTEXT(2) 
PARAMETRIC_REPRESENTATION_CONTEXT() REPRESENTATION_CONTEXT('2D SPACE',''
  ) );
#3288 = PCURVE('',#3289,#3294);
#3289 = PLANE('',#3290);
#3290 = AXIS2_PLACEMENT_3D('',#3291,#3292,#3293);
#3291 = CARTESIAN_POINT('',(2.55,6.,2.4));
#3292 = DIRECTION('',(-1.,0.,0.));
#3293 = DIRECTION('',(0.,1.,0.));
#3294 = DEFINITIONAL_REPRESENTATION('',(#3295),#3299);
#3295 = LINE('',#3296,#3297);
#3296 = CARTESIAN_POINT('',(34.4,0.));
#3297 = VECTOR('',#3298,1.);
#3298 = DIRECTION('',(1.,0.));
#3299 = ( GEOMETRIC_REPRESENTATION_CONTEXT(2) 
PARAMETRIC_REPRESENTATION_CONTEXT() REPRESENTATION_CONTEXT('2D SPACE',''
  ) );
#3300 = ORIENTED_EDGE('',*,*,#3301,.F.);
#3301 = EDGE_CURVE('',#3302,#3274,#3304,.T.);
#3302 = VERTEX_POINT('',#3303);
#3303 = CARTESIAN_POINT('',(2.3,23.4,2.4));
#3304 = SURFACE_CURVE('',#3305,(#3309,#3316),.PCURVE_S1.);
#3305 = LINE('',#3306,#3307);
#3306 = CARTESIAN_POINT('',(2.3,23.4,2.4));
#3307 = VECTOR('',#3308,1.);
#3308 = DIRECTION('',(0.242535625036,-0.970142500145,0.));
#3309 = PCURVE('',#2772,#3310);
#3310 = DEFINITIONAL_REPRESENTATION('',(#3311),#3315);
#3311 = LINE('',#3312,#3313);
#3312 = CARTESIAN_POINT('',(-21.30499999955,-17.));
#3313 = VECTOR('',#3314,1.);
#3314 = DIRECTION('',(0.242535625036,-0.970142500145));
#3315 = ( GEOMETRIC_REPRESENTATION_CONTEXT(2) 
PARAMETRIC_REPRESENTATION_CONTEXT() REPRESENTATION_CONTEXT('2D SPACE',''
  ) );
#3316 = PCURVE('',#3317,#3322);
#3317 = PLANE('',#3318);
#3318 = AXIS2_PLACEMENT_3D('',#3319,#3320,#3321);
#3319 = CARTESIAN_POINT('',(2.3,23.4,2.4));
#3320 = DIRECTION('',(0.970142500145,0.242535625036,0.));
#3321 = DIRECTION('',(0.242535625036,-0.970142500145,0.));
#3322 = DEFINITIONAL_REPRESENTATION('',(#3323),#3327);
#3323 = LINE('',#3324,#3325);
#3324 = CARTESIAN_POINT('',(0.,0.));
#3325 = VECTOR('',#3326,1.);
#3326 = DIRECTION('',(1.,0.));
#3327 = ( GEOMETRIC_REPRESENTATION_CONTEXT(2) 
PARAMETRIC_REPRESENTATION_CONTEXT() REPRESENTATION_CONTEXT('2D SPACE',''
  ) );
#3328 = ORIENTED_EDGE('',*,*,#3329,.F.);
#3329 = EDGE_CURVE('',#3330,#3302,#3332,.T.);
#3330 = VERTEX_POINT('',#3331);
#3331 = CARTESIAN_POINT('',(2.3,27.4,2.4));
#3332 = SURFACE_CURVE('',#3333,(#3337,#3344),.PCURVE_S1.);
#3333 = LINE('',#3334,#3335);
#3334 = CARTESIAN_POINT('',(2.3,27.4,2.4));
#3335 = VECTOR('',#3336,1.);
#3336 = DIRECTION('',(-2.22044604925E-16,-1.,0.));
#3337 = PCURVE('',#2772,#3338);
#3338 = DEFINITIONAL_REPRESENTATION('',(#3339),#3343);
#3339 = LINE('',#3340,#3341);
#3340 = CARTESIAN_POINT('',(-21.30499999955,-13.));
#3341 = VECTOR('',#3342,1.);
#3342 = DIRECTION('',(-2.22044604925E-16,-1.));
#3343 = ( GEOMETRIC_REPRESENTATION_CONTEXT(2) 
PARAMETRIC_REPRESENTATION_CONTEXT() REPRESENTATION_CONTEXT('2D SPACE',''
  ) );
#3344 = PCURVE('',#3345,#3350);
#3345 = PLANE('',#3346);
#3346 = AXIS2_PLACEMENT_3D('',#3347,#3348,#3349);
#3347 = CARTESIAN_POINT('',(2.3,27.4,2.4));
#3348 = DIRECTION('',(1.,-2.22044604925E-16,0.));
#3349 = DIRECTION('',(-2.22044604925E-16,-1.,0.));
#3350 = DEFINITIONAL_REPRESENTATION('',(#3351),#3355);
#3351 = LINE('',#3352,#3353);
#3352 = CARTESIAN_POINT('',(0.,-0.));
#3353 = VECTOR('',#3354,1.);
#3354 = DIRECTION('',(1.,0.));
#3355 = ( GEOMETRIC_REPRESENTATION_CONTEXT(2) 
PARAMETRIC_REPRESENTATION_CONTEXT() REPRESENTATION_CONTEXT('2D SPACE',''
  ) );
#3356 = ORIENTED_EDGE('',*,*,#3357,.F.);
#3357 = EDGE_CURVE('',#3358,#3330,#3360,.T.);
#3358 = VERTEX_POINT('',#3359);
#3359 = CARTESIAN_POINT('',(2.55,28.4,2.4));
#3360 = SURFACE_CURVE('',#3361,(#3365,#3372),.PCURVE_S1.);
#3361 = LINE('',#3362,#3363);
#3362 = CARTESIAN_POINT('',(2.55,28.4,2.4));
#3363 = VECTOR('',#3364,1.);
#3364 = DIRECTION('',(-0.242535625036,-0.970142500145,0.));
#3365 = PCURVE('',#2772,#3366);
#3366 = DEFINITIONAL_REPRESENTATION('',(#3367),#3371);
#3367 = LINE('',#3368,#3369);
#3368 = CARTESIAN_POINT('',(-21.05499999955,-12.));
#3369 = VECTOR('',#3370,1.);
#3370 = DIRECTION('',(-0.242535625036,-0.970142500145));
#3371 = ( GEOMETRIC_REPRESENTATION_CONTEXT(2) 
PARAMETRIC_REPRESENTATION_CONTEXT() REPRESENTATION_CONTEXT('2D SPACE',''
  ) );
#3372 = PCURVE('',#3373,#3378);
#3373 = PLANE('',#3374);
#3374 = AXIS2_PLACEMENT_3D('',#3375,#3376,#3377);
#3375 = CARTESIAN_POINT('',(2.55,28.4,2.4));
#3376 = DIRECTION('',(0.970142500145,-0.242535625036,0.));
#3377 = DIRECTION('',(-0.242535625036,-0.970142500145,0.));
#3378 = DEFINITIONAL_REPRESENTATION('',(#3379),#3383);
#3379 = LINE('',#3380,#3381);
#3380 = CARTESIAN_POINT('',(0.,0.));
#3381 = VECTOR('',#3382,1.);
#3382 = DIRECTION('',(1.,0.));
#3383 = ( GEOMETRIC_REPRESENTATION_CONTEXT(2) 
PARAMETRIC_REPRESENTATION_CONTEXT() REPRESENTATION_CONTEXT('2D SPACE',''
  ) );
#3384 = ORIENTED_EDGE('',*,*,#3385,.T.);
#3385 = EDGE_CURVE('',#3358,#3386,#3388,.T.);
#3386 = VERTEX_POINT('',#3387);
#3387 = CARTESIAN_POINT('',(2.55,52.4,2.4));
#3388 = SURFACE_CURVE('',#3389,(#3393,#3400),.PCURVE_S1.);
#3389 = LINE('',#3390,#3391);
#3390 = CARTESIAN_POINT('',(2.55,40.4,2.4));
#3391 = VECTOR('',#3392,1.);
#3392 = DIRECTION('',(0.,1.,0.));
#3393 = PCURVE('',#2772,#3394);
#3394 = DEFINITIONAL_REPRESENTATION('',(#3395),#3399);
#3395 = LINE('',#3396,#3397);
#3396 = CARTESIAN_POINT('',(-21.05499999955,-7.626841693379E-15));
#3397 = VECTOR('',#3398,1.);
#3398 = DIRECTION('',(0.,1.));
#3399 = ( GEOMETRIC_REPRESENTATION_CONTEXT(2) 
PARAMETRIC_REPRESENTATION_CONTEXT() REPRESENTATION_CONTEXT('2D SPACE',''
  ) );
#3400 = PCURVE('',#3289,#3401);
#3401 = DEFINITIONAL_REPRESENTATION('',(#3402),#3406);
#3402 = LINE('',#3403,#3404);
#3403 = CARTESIAN_POINT('',(34.4,0.));
#3404 = VECTOR('',#3405,1.);
#3405 = DIRECTION('',(1.,0.));
#3406 = ( GEOMETRIC_REPRESENTATION_CONTEXT(2) 
PARAMETRIC_REPRESENTATION_CONTEXT() REPRESENTATION_CONTEXT('2D SPACE',''
  ) );
#3407 = ORIENTED_EDGE('',*,*,#3408,.F.);
#3408 = EDGE_CURVE('',#3409,#3386,#3411,.T.);
#3409 = VERTEX_POINT('',#3410);
#3410 = CARTESIAN_POINT('',(2.3,53.4,2.4));
#3411 = SURFACE_CURVE('',#3412,(#3416,#3423),.PCURVE_S1.);
#3412 = LINE('',#3413,#3414);
#3413 = CARTESIAN_POINT('',(2.3,53.4,2.4));
#3414 = VECTOR('',#3415,1.);
#3415 = DIRECTION('',(0.242535625036,-0.970142500145,0.));
#3416 = PCURVE('',#2772,#3417);
#3417 = DEFINITIONAL_REPRESENTATION('',(#3418),#3422);
#3418 = LINE('',#3419,#3420);
#3419 = CARTESIAN_POINT('',(-21.30499999955,13.));
#3420 = VECTOR('',#3421,1.);
#3421 = DIRECTION('',(0.242535625036,-0.970142500145));
#3422 = ( GEOMETRIC_REPRESENTATION_CONTEXT(2) 
PARAMETRIC_REPRESENTATION_CONTEXT() REPRESENTATION_CONTEXT('2D SPACE',''
  ) );
#3423 = PCURVE('',#3424,#3429);
#3424 = PLANE('',#3425);
#3425 = AXIS2_PLACEMENT_3D('',#3426,#3427,#3428);
#3426 = CARTESIAN_POINT('',(2.3,53.4,2.4));
#3427 = DIRECTION('',(0.970142500145,0.242535625036,0.));
#3428 = DIRECTION('',(0.242535625036,-0.970142500145,0.));
#3429 = DEFINITIONAL_REPRESENTATION('',(#3430),#3434);
#3430 = LINE('',#3431,#3432);
#3431 = CARTESIAN_POINT('',(0.,0.));
#3432 = VECTOR('',#3433,1.);
#3433 = DIRECTION('',(1.,0.));
#3434 = ( GEOMETRIC_REPRESENTATION_CONTEXT(2) 
PARAMETRIC_REPRESENTATION_CONTEXT() REPRESENTATION_CONTEXT('2D SPACE',''
  ) );
#3435 = ORIENTED_EDGE('',*,*,#3436,.F.);
#3436 = EDGE_CURVE('',#3437,#3409,#3439,.T.);
#3437 = VERTEX_POINT('',#3438);
#3438 = CARTESIAN_POINT('',(2.3,57.4,2.4));
#3439 = SURFACE_CURVE('',#3440,(#3444,#3451),.PCURVE_S1.);
#3440 = LINE('',#3441,#3442);
#3441 = CARTESIAN_POINT('',(2.3,57.4,2.4));
#3442 = VECTOR('',#3443,1.);
#3443 = DIRECTION('',(-2.22044604925E-16,-1.,0.));
#3444 = PCURVE('',#2772,#3445);
#3445 = DEFINITIONAL_REPRESENTATION('',(#3446),#3450);
#3446 = LINE('',#3447,#3448);
#3447 = CARTESIAN_POINT('',(-21.30499999955,17.));
#3448 = VECTOR('',#3449,1.);
#3449 = DIRECTION('',(-2.22044604925E-16,-1.));
#3450 = ( GEOMETRIC_REPRESENTATION_CONTEXT(2) 
PARAMETRIC_REPRESENTATION_CONTEXT() REPRESENTATION_CONTEXT('2D SPACE',''
  ) );
#3451 = PCURVE('',#3452,#3457);
#3452 = PLANE('',#3453);
#3453 = AXIS2_PLACEMENT_3D('',#3454,#3455,#3456);
#3454 = CARTESIAN_POINT('',(2.3,57.4,2.4));
#3455 = DIRECTION('',(1.,-2.22044604925E-16,0.));
#3456 = DIRECTION('',(-2.22044604925E-16,-1.,0.));
#3457 = DEFINITIONAL_REPRESENTATION('',(#3458),#3462);
#3458 = LINE('',#3459,#3460);
#3459 = CARTESIAN_POINT('',(0.,-0.));
#3460 = VECTOR('',#3461,1.);
#3461 = DIRECTION('',(1.,0.));
#3462 = ( GEOMETRIC_REPRESENTATION_CONTEXT(2) 
PARAMETRIC_REPRESENTATION_CONTEXT() REPRESENTATION_CONTEXT('2D SPACE',''
  ) );
#3463 = ORIENTED_EDGE('',*,*,#3464,.F.);
#3464 = EDGE_CURVE('',#3465,#3437,#3467,.T.);
#3465 = VERTEX_POINT('',#3466);
#3466 = CARTESIAN_POINT('',(2.55,58.4,2.4));
#3467 = SURFACE_CURVE('',#3468,(#3472,#3479),.PCURVE_S1.);
#3468 = LINE('',#3469,#3470);
#3469 = CARTESIAN_POINT('',(2.55,58.4,2.4));
#3470 = VECTOR('',#3471,1.);
#3471 = DIRECTION('',(-0.242535625036,-0.970142500145,0.));
#3472 = PCURVE('',#2772,#3473);
#3473 = DEFINITIONAL_REPRESENTATION('',(#3474),#3478);
#3474 = LINE('',#3475,#3476);
#3475 = CARTESIAN_POINT('',(-21.05499999955,18.));
#3476 = VECTOR('',#3477,1.);
#3477 = DIRECTION('',(-0.242535625036,-0.970142500145));
#3478 = ( GEOMETRIC_REPRESENTATION_CONTEXT(2) 
PARAMETRIC_REPRESENTATION_CONTEXT() REPRESENTATION_CONTEXT('2D SPACE',''
  ) );
#3479 = PCURVE('',#3480,#3485);
#3480 = PLANE('',#3481);
#3481 = AXIS2_PLACEMENT_3D('',#3482,#3483,#3484);
#3482 = CARTESIAN_POINT('',(2.55,58.4,2.4));
#3483 = DIRECTION('',(0.970142500145,-0.242535625036,0.));
#3484 = DIRECTION('',(-0.242535625036,-0.970142500145,0.));
#3485 = DEFINITIONAL_REPRESENTATION('',(#3486),#3490);
#3486 = LINE('',#3487,#3488);
#3487 = CARTESIAN_POINT('',(0.,0.));
#3488 = VECTOR('',#3489,1.);
#3489 = DIRECTION('',(1.,0.));
#3490 = ( GEOMETRIC_REPRESENTATION_CONTEXT(2) 
PARAMETRIC_REPRESENTATION_CONTEXT() REPRESENTATION_CONTEXT('2D SPACE',''
  ) );
#3491 = ORIENTED_EDGE('',*,*,#3492,.T.);
#3492 = EDGE_CURVE('',#3465,#3493,#3495,.T.);
#3493 = VERTEX_POINT('',#3494);
#3494 = CARTESIAN_POINT('',(2.55,74.8,2.4));
#3495 = SURFACE_CURVE('',#3496,(#3500,#3507),.PCURVE_S1.);
#3496 = LINE('',#3497,#3498);
#3497 = CARTESIAN_POINT('',(2.55,40.4,2.4));
#3498 = VECTOR('',#3499,1.);
#3499 = DIRECTION('',(0.,1.,0.));
#3500 = PCURVE('',#2772,#3501);
#3501 = DEFINITIONAL_REPRESENTATION('',(#3502),#3506);
#3502 = LINE('',#3503,#3504);
#3503 = CARTESIAN_POINT('',(-21.05499999955,-7.626841693379E-15));
#3504 = VECTOR('',#3505,1.);
#3505 = DIRECTION('',(0.,1.));
#3506 = ( GEOMETRIC_REPRESENTATION_CONTEXT(2) 
PARAMETRIC_REPRESENTATION_CONTEXT() REPRESENTATION_CONTEXT('2D SPACE',''
  ) );
#3507 = PCURVE('',#3289,#3508);
#3508 = DEFINITIONAL_REPRESENTATION('',(#3509),#3513);
#3509 = LINE('',#3510,#3511);
#3510 = CARTESIAN_POINT('',(34.4,0.));
#3511 = VECTOR('',#3512,1.);
#3512 = DIRECTION('',(1.,0.));
#3513 = ( GEOMETRIC_REPRESENTATION_CONTEXT(2) 
PARAMETRIC_REPRESENTATION_CONTEXT() REPRESENTATION_CONTEXT('2D SPACE',''
  ) );
#3514 = ORIENTED_EDGE('',*,*,#3515,.T.);
#3515 = EDGE_CURVE('',#3493,#3516,#3518,.T.);
#3516 = VERTEX_POINT('',#3517);
#3517 = CARTESIAN_POINT('',(6.,78.25,2.4));
#3518 = SURFACE_CURVE('',#3519,(#3524,#3535),.PCURVE_S1.);
#3519 = CIRCLE('',#3520,3.45);
#3520 = AXIS2_PLACEMENT_3D('',#3521,#3522,#3523);
#3521 = CARTESIAN_POINT('',(6.,74.8,2.4));
#3522 = DIRECTION('',(0.,0.,-1.));
#3523 = DIRECTION('',(-1.,0.,0.));
#3524 = PCURVE('',#2772,#3525);
#3525 = DEFINITIONAL_REPRESENTATION('',(#3526),#3534);
#3526 = ( BOUNDED_CURVE() B_SPLINE_CURVE(2,(#3527,#3528,#3529,#3530,
#3531,#3532,#3533),.UNSPECIFIED.,.T.,.F.) B_SPLINE_CURVE_WITH_KNOTS((1,2
    ,2,2,2,1),(-2.094395102393,0.,2.094395102393,4.188790204786,
6.28318530718,8.377580409573),.UNSPECIFIED.) CURVE() 
GEOMETRIC_REPRESENTATION_ITEM() RATIONAL_B_SPLINE_CURVE((1.,0.5,1.,0.5,
1.,0.5,1.)) REPRESENTATION_ITEM('') );
#3527 = CARTESIAN_POINT('',(-21.05499999955,34.4));
#3528 = CARTESIAN_POINT('',(-21.05499999955,40.375575286113));
#3529 = CARTESIAN_POINT('',(-15.87999999955,37.387787643056));
#3530 = CARTESIAN_POINT('',(-10.70499999955,34.4));
#3531 = CARTESIAN_POINT('',(-15.87999999955,31.412212356944));
#3532 = CARTESIAN_POINT('',(-21.05499999955,28.424424713887));
#3533 = CARTESIAN_POINT('',(-21.05499999955,34.4));
#3534 = ( GEOMETRIC_REPRESENTATION_CONTEXT(2) 
PARAMETRIC_REPRESENTATION_CONTEXT() REPRESENTATION_CONTEXT('2D SPACE',''
  ) );
#3535 = PCURVE('',#3536,#3541);
#3536 = CYLINDRICAL_SURFACE('',#3537,3.45);
#3537 = AXIS2_PLACEMENT_3D('',#3538,#3539,#3540);
#3538 = CARTESIAN_POINT('',(6.,74.8,2.4));
#3539 = DIRECTION('',(0.,0.,-1.));
#3540 = DIRECTION('',(-1.,0.,0.));
#3541 = DEFINITIONAL_REPRESENTATION('',(#3542),#3546);
#3542 = LINE('',#3543,#3544);
#3543 = CARTESIAN_POINT('',(0.,0.));
#3544 = VECTOR('',#3545,1.);
#3545 = DIRECTION('',(1.,0.));
#3546 = ( GEOMETRIC_REPRESENTATION_CONTEXT(2) 
PARAMETRIC_REPRESENTATION_CONTEXT() REPRESENTATION_CONTEXT('2D SPACE',''
  ) );
#3547 = ORIENTED_EDGE('',*,*,#3548,.T.);
#3548 = EDGE_CURVE('',#3516,#3549,#3551,.T.);
#3549 = VERTEX_POINT('',#3550);
#3550 = CARTESIAN_POINT('',(20.605,78.25,2.4));
#3551 = SURFACE_CURVE('',#3552,(#3556,#3563),.PCURVE_S1.);
#3552 = LINE('',#3553,#3554);
#3553 = CARTESIAN_POINT('',(23.605,78.25,2.4));
#3554 = VECTOR('',#3555,1.);
#3555 = DIRECTION('',(1.,0.,0.));
#3556 = PCURVE('',#2772,#3557);
#3557 = DEFINITIONAL_REPRESENTATION('',(#3558),#3562);
#3558 = LINE('',#3559,#3560);
#3559 = CARTESIAN_POINT('',(4.480947046557E-10,37.85));
#3560 = VECTOR('',#3561,1.);
#3561 = DIRECTION('',(1.,0.));
#3562 = ( GEOMETRIC_REPRESENTATION_CONTEXT(2) 
PARAMETRIC_REPRESENTATION_CONTEXT() REPRESENTATION_CONTEXT('2D SPACE',''
  ) );
#3563 = PCURVE('',#3564,#3569);
#3564 = PLANE('',#3565);
#3565 = AXIS2_PLACEMENT_3D('',#3566,#3567,#3568);
#3566 = CARTESIAN_POINT('',(6.,78.25,2.4));
#3567 = DIRECTION('',(0.,1.,0.));
#3568 = DIRECTION('',(1.,0.,0.));
#3569 = DEFINITIONAL_REPRESENTATION('',(#3570),#3574);
#3570 = LINE('',#3571,#3572);
#3571 = CARTESIAN_POINT('',(17.605,0.));
#3572 = VECTOR('',#3573,1.);
#3573 = DIRECTION('',(1.,0.));
#3574 = ( GEOMETRIC_REPRESENTATION_CONTEXT(2) 
PARAMETRIC_REPRESENTATION_CONTEXT() REPRESENTATION_CONTEXT('2D SPACE',''
  ) );
#3575 = ORIENTED_EDGE('',*,*,#3576,.F.);
#3576 = EDGE_CURVE('',#3577,#3549,#3579,.T.);
#3577 = VERTEX_POINT('',#3578);
#3578 = CARTESIAN_POINT('',(21.605,78.5,2.4));
#3579 = SURFACE_CURVE('',#3580,(#3584,#3591),.PCURVE_S1.);
#3580 = LINE('',#3581,#3582);
#3581 = CARTESIAN_POINT('',(21.605,78.5,2.4));
#3582 = VECTOR('',#3583,1.);
#3583 = DIRECTION('',(-0.970142500145,-0.242535625036,0.));
#3584 = PCURVE('',#2772,#3585);
#3585 = DEFINITIONAL_REPRESENTATION('',(#3586),#3590);
#3586 = LINE('',#3587,#3588);
#3587 = CARTESIAN_POINT('',(-1.999999999552,38.1));
#3588 = VECTOR('',#3589,1.);
#3589 = DIRECTION('',(-0.970142500145,-0.242535625036));
#3590 = ( GEOMETRIC_REPRESENTATION_CONTEXT(2) 
PARAMETRIC_REPRESENTATION_CONTEXT() REPRESENTATION_CONTEXT('2D SPACE',''
  ) );
#3591 = PCURVE('',#3592,#3597);
#3592 = PLANE('',#3593);
#3593 = AXIS2_PLACEMENT_3D('',#3594,#3595,#3596);
#3594 = CARTESIAN_POINT('',(21.605,78.5,2.4));
#3595 = DIRECTION('',(0.242535625036,-0.970142500145,0.));
#3596 = DIRECTION('',(-0.970142500145,-0.242535625036,0.));
#3597 = DEFINITIONAL_REPRESENTATION('',(#3598),#3602);
#3598 = LINE('',#3599,#3600);
#3599 = CARTESIAN_POINT('',(0.,0.));
#3600 = VECTOR('',#3601,1.);
#3601 = DIRECTION('',(1.,0.));
#3602 = ( GEOMETRIC_REPRESENTATION_CONTEXT(2) 
PARAMETRIC_REPRESENTATION_CONTEXT() REPRESENTATION_CONTEXT('2D SPACE',''
  ) );
#3603 = ORIENTED_EDGE('',*,*,#3604,.F.);
#3604 = EDGE_CURVE('',#3605,#3577,#3607,.T.);
#3605 = VERTEX_POINT('',#3606);
#3606 = CARTESIAN_POINT('',(25.605,78.5,2.4));
#3607 = SURFACE_CURVE('',#3608,(#3612,#3619),.PCURVE_S1.);
#3608 = LINE('',#3609,#3610);
#3609 = CARTESIAN_POINT('',(25.605,78.5,2.4));
#3610 = VECTOR('',#3611,1.);
#3611 = DIRECTION('',(-1.,0.,0.));
#3612 = PCURVE('',#2772,#3613);
#3613 = DEFINITIONAL_REPRESENTATION('',(#3614),#3618);
#3614 = LINE('',#3615,#3616);
#3615 = CARTESIAN_POINT('',(2.000000000448,38.1));
#3616 = VECTOR('',#3617,1.);
#3617 = DIRECTION('',(-1.,0.));
#3618 = ( GEOMETRIC_REPRESENTATION_CONTEXT(2) 
PARAMETRIC_REPRESENTATION_CONTEXT() REPRESENTATION_CONTEXT('2D SPACE',''
  ) );
#3619 = PCURVE('',#3620,#3625);
#3620 = PLANE('',#3621);
#3621 = AXIS2_PLACEMENT_3D('',#3622,#3623,#3624);
#3622 = CARTESIAN_POINT('',(25.605,78.5,2.4));
#3623 = DIRECTION('',(0.,-1.,0.));
#3624 = DIRECTION('',(-1.,0.,0.));
#3625 = DEFINITIONAL_REPRESENTATION('',(#3626),#3630);
#3626 = LINE('',#3627,#3628);
#3627 = CARTESIAN_POINT('',(0.,-0.));
#3628 = VECTOR('',#3629,1.);
#3629 = DIRECTION('',(1.,0.));
#3630 = ( GEOMETRIC_REPRESENTATION_CONTEXT(2) 
PARAMETRIC_REPRESENTATION_CONTEXT() REPRESENTATION_CONTEXT('2D SPACE',''
  ) );
#3631 = ORIENTED_EDGE('',*,*,#3632,.F.);
#3632 = EDGE_CURVE('',#3633,#3605,#3635,.T.);
#3633 = VERTEX_POINT('',#3634);
#3634 = CARTESIAN_POINT('',(26.605,78.25,2.4));
#3635 = SURFACE_CURVE('',#3636,(#3640,#3647),.PCURVE_S1.);
#3636 = LINE('',#3637,#3638);
#3637 = CARTESIAN_POINT('',(26.605,78.25,2.4));
#3638 = VECTOR('',#3639,1.);
#3639 = DIRECTION('',(-0.970142500145,0.242535625036,0.));
#3640 = PCURVE('',#2772,#3641);
#3641 = DEFINITIONAL_REPRESENTATION('',(#3642),#3646);
#3642 = LINE('',#3643,#3644);
#3643 = CARTESIAN_POINT('',(3.000000000448,37.85));
#3644 = VECTOR('',#3645,1.);
#3645 = DIRECTION('',(-0.970142500145,0.242535625036));
#3646 = ( GEOMETRIC_REPRESENTATION_CONTEXT(2) 
PARAMETRIC_REPRESENTATION_CONTEXT() REPRESENTATION_CONTEXT('2D SPACE',''
  ) );
#3647 = PCURVE('',#3648,#3653);
#3648 = PLANE('',#3649);
#3649 = AXIS2_PLACEMENT_3D('',#3650,#3651,#3652);
#3650 = CARTESIAN_POINT('',(26.605,78.25,2.4));
#3651 = DIRECTION('',(-0.242535625036,-0.970142500145,0.));
#3652 = DIRECTION('',(-0.970142500145,0.242535625036,0.));
#3653 = DEFINITIONAL_REPRESENTATION('',(#3654),#3658);
#3654 = LINE('',#3655,#3656);
#3655 = CARTESIAN_POINT('',(0.,0.));
#3656 = VECTOR('',#3657,1.);
#3657 = DIRECTION('',(1.,0.));
#3658 = ( GEOMETRIC_REPRESENTATION_CONTEXT(2) 
PARAMETRIC_REPRESENTATION_CONTEXT() REPRESENTATION_CONTEXT('2D SPACE',''
  ) );
#3659 = ORIENTED_EDGE('',*,*,#3660,.T.);
#3660 = EDGE_CURVE('',#3633,#3661,#3663,.T.);
#3661 = VERTEX_POINT('',#3662);
#3662 = CARTESIAN_POINT('',(41.2099999968,78.25,2.4));
#3663 = SURFACE_CURVE('',#3664,(#3668,#3675),.PCURVE_S1.);
#3664 = LINE('',#3665,#3666);
#3665 = CARTESIAN_POINT('',(23.605,78.25,2.4));
#3666 = VECTOR('',#3667,1.);
#3667 = DIRECTION('',(1.,0.,0.));
#3668 = PCURVE('',#2772,#3669);
#3669 = DEFINITIONAL_REPRESENTATION('',(#3670),#3674);
#3670 = LINE('',#3671,#3672);
#3671 = CARTESIAN_POINT('',(4.480947046557E-10,37.85));
#3672 = VECTOR('',#3673,1.);
#3673 = DIRECTION('',(1.,0.));
#3674 = ( GEOMETRIC_REPRESENTATION_CONTEXT(2) 
PARAMETRIC_REPRESENTATION_CONTEXT() REPRESENTATION_CONTEXT('2D SPACE',''
  ) );
#3675 = PCURVE('',#3564,#3676);
#3676 = DEFINITIONAL_REPRESENTATION('',(#3677),#3681);
#3677 = LINE('',#3678,#3679);
#3678 = CARTESIAN_POINT('',(17.605,0.));
#3679 = VECTOR('',#3680,1.);
#3680 = DIRECTION('',(1.,0.));
#3681 = ( GEOMETRIC_REPRESENTATION_CONTEXT(2) 
PARAMETRIC_REPRESENTATION_CONTEXT() REPRESENTATION_CONTEXT('2D SPACE',''
  ) );
#3682 = ORIENTED_EDGE('',*,*,#3683,.T.);
#3683 = EDGE_CURVE('',#3661,#3684,#3686,.T.);
#3684 = VERTEX_POINT('',#3685);
#3685 = CARTESIAN_POINT('',(44.6599999984,74.8,2.4));
#3686 = SURFACE_CURVE('',#3687,(#3692,#3703),.PCURVE_S1.);
#3687 = CIRCLE('',#3688,3.45);
#3688 = AXIS2_PLACEMENT_3D('',#3689,#3690,#3691);
#3689 = CARTESIAN_POINT('',(41.2099999968,74.8,2.4));
#3690 = DIRECTION('',(0.,0.,-1.));
#3691 = DIRECTION('',(-1.,0.,0.));
#3692 = PCURVE('',#2772,#3693);
#3693 = DEFINITIONAL_REPRESENTATION('',(#3694),#3702);
#3694 = ( BOUNDED_CURVE() B_SPLINE_CURVE(2,(#3695,#3696,#3697,#3698,
#3699,#3700,#3701),.UNSPECIFIED.,.T.,.F.) B_SPLINE_CURVE_WITH_KNOTS((1,2
    ,2,2,2,1),(-2.094395102393,0.,2.094395102393,4.188790204786,
6.28318530718,8.377580409573),.UNSPECIFIED.) CURVE() 
GEOMETRIC_REPRESENTATION_ITEM() RATIONAL_B_SPLINE_CURVE((1.,0.5,1.,0.5,
1.,0.5,1.)) REPRESENTATION_ITEM('') );
#3695 = CARTESIAN_POINT('',(14.154999997248,34.4));
#3696 = CARTESIAN_POINT('',(14.154999997248,40.375575286113));
#3697 = CARTESIAN_POINT('',(19.329999997248,37.387787643056));
#3698 = CARTESIAN_POINT('',(24.504999997248,34.4));
#3699 = CARTESIAN_POINT('',(19.329999997248,31.412212356944));
#3700 = CARTESIAN_POINT('',(14.154999997248,28.424424713887));
#3701 = CARTESIAN_POINT('',(14.154999997248,34.4));
#3702 = ( GEOMETRIC_REPRESENTATION_CONTEXT(2) 
PARAMETRIC_REPRESENTATION_CONTEXT() REPRESENTATION_CONTEXT('2D SPACE',''
  ) );
#3703 = PCURVE('',#3704,#3709);
#3704 = CYLINDRICAL_SURFACE('',#3705,3.45);
#3705 = AXIS2_PLACEMENT_3D('',#3706,#3707,#3708);
#3706 = CARTESIAN_POINT('',(41.2099999968,74.8,2.4));
#3707 = DIRECTION('',(0.,0.,-1.));
#3708 = DIRECTION('',(-1.,0.,0.));
#3709 = DEFINITIONAL_REPRESENTATION('',(#3710),#3714);
#3710 = LINE('',#3711,#3712);
#3711 = CARTESIAN_POINT('',(0.,0.));
#3712 = VECTOR('',#3713,1.);
#3713 = DIRECTION('',(1.,0.));
#3714 = ( GEOMETRIC_REPRESENTATION_CONTEXT(2) 
PARAMETRIC_REPRESENTATION_CONTEXT() REPRESENTATION_CONTEXT('2D SPACE',''
  ) );
#3715 = ORIENTED_EDGE('',*,*,#3716,.F.);
#3716 = EDGE_CURVE('',#3717,#3684,#3719,.T.);
#3717 = VERTEX_POINT('',#3718);
#3718 = CARTESIAN_POINT('',(44.66,58.4,2.4));
#3719 = SURFACE_CURVE('',#3720,(#3724,#3731),.PCURVE_S1.);
#3720 = LINE('',#3721,#3722);
#3721 = CARTESIAN_POINT('',(44.66,40.4,2.4));
#3722 = VECTOR('',#3723,1.);
#3723 = DIRECTION('',(0.,1.,0.));
#3724 = PCURVE('',#2772,#3725);
#3725 = DEFINITIONAL_REPRESENTATION('',(#3726),#3730);
#3726 = LINE('',#3727,#3728);
#3727 = CARTESIAN_POINT('',(21.055000000448,-7.626841693379E-15));
#3728 = VECTOR('',#3729,1.);
#3729 = DIRECTION('',(0.,1.));
#3730 = ( GEOMETRIC_REPRESENTATION_CONTEXT(2) 
PARAMETRIC_REPRESENTATION_CONTEXT() REPRESENTATION_CONTEXT('2D SPACE',''
  ) );
#3731 = PCURVE('',#3732,#3737);
#3732 = PLANE('',#3733);
#3733 = AXIS2_PLACEMENT_3D('',#3734,#3735,#3736);
#3734 = CARTESIAN_POINT('',(44.66,6.,2.4));
#3735 = DIRECTION('',(-1.,0.,0.));
#3736 = DIRECTION('',(0.,1.,0.));
#3737 = DEFINITIONAL_REPRESENTATION('',(#3738),#3742);
#3738 = LINE('',#3739,#3740);
#3739 = CARTESIAN_POINT('',(34.4,0.));
#3740 = VECTOR('',#3741,1.);
#3741 = DIRECTION('',(1.,0.));
#3742 = ( GEOMETRIC_REPRESENTATION_CONTEXT(2) 
PARAMETRIC_REPRESENTATION_CONTEXT() REPRESENTATION_CONTEXT('2D SPACE',''
  ) );
#3743 = ORIENTED_EDGE('',*,*,#3744,.F.);
#3744 = EDGE_CURVE('',#3745,#3717,#3747,.T.);
#3745 = VERTEX_POINT('',#3746);
#3746 = CARTESIAN_POINT('',(44.91,57.4,2.4));
#3747 = SURFACE_CURVE('',#3748,(#3752,#3759),.PCURVE_S1.);
#3748 = LINE('',#3749,#3750);
#3749 = CARTESIAN_POINT('',(44.91,57.4,2.4));
#3750 = VECTOR('',#3751,1.);
#3751 = DIRECTION('',(-0.242535625036,0.970142500145,0.));
#3752 = PCURVE('',#2772,#3753);
#3753 = DEFINITIONAL_REPRESENTATION('',(#3754),#3758);
#3754 = LINE('',#3755,#3756);
#3755 = CARTESIAN_POINT('',(21.305000000448,17.));
#3756 = VECTOR('',#3757,1.);
#3757 = DIRECTION('',(-0.242535625036,0.970142500145));
#3758 = ( GEOMETRIC_REPRESENTATION_CONTEXT(2) 
PARAMETRIC_REPRESENTATION_CONTEXT() REPRESENTATION_CONTEXT('2D SPACE',''
  ) );
#3759 = PCURVE('',#3760,#3765);
#3760 = PLANE('',#3761);
#3761 = AXIS2_PLACEMENT_3D('',#3762,#3763,#3764);
#3762 = CARTESIAN_POINT('',(44.91,57.4,2.4));
#3763 = DIRECTION('',(-0.970142500145,-0.242535625036,0.));
#3764 = DIRECTION('',(-0.242535625036,0.970142500145,0.));
#3765 = DEFINITIONAL_REPRESENTATION('',(#3766),#3770);
#3766 = LINE('',#3767,#3768);
#3767 = CARTESIAN_POINT('',(0.,0.));
#3768 = VECTOR('',#3769,1.);
#3769 = DIRECTION('',(1.,0.));
#3770 = ( GEOMETRIC_REPRESENTATION_CONTEXT(2) 
PARAMETRIC_REPRESENTATION_CONTEXT() REPRESENTATION_CONTEXT('2D SPACE',''
  ) );
#3771 = ORIENTED_EDGE('',*,*,#3772,.F.);
#3772 = EDGE_CURVE('',#3773,#3745,#3775,.T.);
#3773 = VERTEX_POINT('',#3774);
#3774 = CARTESIAN_POINT('',(44.91,53.4,2.4));
#3775 = SURFACE_CURVE('',#3776,(#3780,#3787),.PCURVE_S1.);
#3776 = LINE('',#3777,#3778);
#3777 = CARTESIAN_POINT('',(44.91,53.4,2.4));
#3778 = VECTOR('',#3779,1.);
#3779 = DIRECTION('',(-2.22044604925E-16,1.,0.));
#3780 = PCURVE('',#2772,#3781);
#3781 = DEFINITIONAL_REPRESENTATION('',(#3782),#3786);
#3782 = LINE('',#3783,#3784);
#3783 = CARTESIAN_POINT('',(21.305000000448,13.));
#3784 = VECTOR('',#3785,1.);
#3785 = DIRECTION('',(-2.22044604925E-16,1.));
#3786 = ( GEOMETRIC_REPRESENTATION_CONTEXT(2) 
PARAMETRIC_REPRESENTATION_CONTEXT() REPRESENTATION_CONTEXT('2D SPACE',''
  ) );
#3787 = PCURVE('',#3788,#3793);
#3788 = PLANE('',#3789);
#3789 = AXIS2_PLACEMENT_3D('',#3790,#3791,#3792);
#3790 = CARTESIAN_POINT('',(44.91,53.4,2.4));
#3791 = DIRECTION('',(-1.,-2.22044604925E-16,0.));
#3792 = DIRECTION('',(-2.22044604925E-16,1.,0.));
#3793 = DEFINITIONAL_REPRESENTATION('',(#3794),#3798);
#3794 = LINE('',#3795,#3796);
#3795 = CARTESIAN_POINT('',(0.,-0.));
#3796 = VECTOR('',#3797,1.);
#3797 = DIRECTION('',(1.,0.));
#3798 = ( GEOMETRIC_REPRESENTATION_CONTEXT(2) 
PARAMETRIC_REPRESENTATION_CONTEXT() REPRESENTATION_CONTEXT('2D SPACE',''
  ) );
#3799 = ORIENTED_EDGE('',*,*,#3800,.F.);
#3800 = EDGE_CURVE('',#3801,#3773,#3803,.T.);
#3801 = VERTEX_POINT('',#3802);
#3802 = CARTESIAN_POINT('',(44.66,52.4,2.4));
#3803 = SURFACE_CURVE('',#3804,(#3808,#3815),.PCURVE_S1.);
#3804 = LINE('',#3805,#3806);
#3805 = CARTESIAN_POINT('',(44.66,52.4,2.4));
#3806 = VECTOR('',#3807,1.);
#3807 = DIRECTION('',(0.242535625036,0.970142500145,0.));
#3808 = PCURVE('',#2772,#3809);
#3809 = DEFINITIONAL_REPRESENTATION('',(#3810),#3814);
#3810 = LINE('',#3811,#3812);
#3811 = CARTESIAN_POINT('',(21.055000000448,12.));
#3812 = VECTOR('',#3813,1.);
#3813 = DIRECTION('',(0.242535625036,0.970142500145));
#3814 = ( GEOMETRIC_REPRESENTATION_CONTEXT(2) 
PARAMETRIC_REPRESENTATION_CONTEXT() REPRESENTATION_CONTEXT('2D SPACE',''
  ) );
#3815 = PCURVE('',#3816,#3821);
#3816 = PLANE('',#3817);
#3817 = AXIS2_PLACEMENT_3D('',#3818,#3819,#3820);
#3818 = CARTESIAN_POINT('',(44.66,52.4,2.4));
#3819 = DIRECTION('',(-0.970142500145,0.242535625036,0.));
#3820 = DIRECTION('',(0.242535625036,0.970142500145,0.));
#3821 = DEFINITIONAL_REPRESENTATION('',(#3822),#3826);
#3822 = LINE('',#3823,#3824);
#3823 = CARTESIAN_POINT('',(0.,0.));
#3824 = VECTOR('',#3825,1.);
#3825 = DIRECTION('',(1.,0.));
#3826 = ( GEOMETRIC_REPRESENTATION_CONTEXT(2) 
PARAMETRIC_REPRESENTATION_CONTEXT() REPRESENTATION_CONTEXT('2D SPACE',''
  ) );
#3827 = ORIENTED_EDGE('',*,*,#3828,.F.);
#3828 = EDGE_CURVE('',#3829,#3801,#3831,.T.);
#3829 = VERTEX_POINT('',#3830);
#3830 = CARTESIAN_POINT('',(44.66,28.4,2.4));
#3831 = SURFACE_CURVE('',#3832,(#3836,#3843),.PCURVE_S1.);
#3832 = LINE('',#3833,#3834);
#3833 = CARTESIAN_POINT('',(44.66,40.4,2.4));
#3834 = VECTOR('',#3835,1.);
#3835 = DIRECTION('',(0.,1.,0.));
#3836 = PCURVE('',#2772,#3837);
#3837 = DEFINITIONAL_REPRESENTATION('',(#3838),#3842);
#3838 = LINE('',#3839,#3840);
#3839 = CARTESIAN_POINT('',(21.055000000448,-7.626841693379E-15));
#3840 = VECTOR('',#3841,1.);
#3841 = DIRECTION('',(0.,1.));
#3842 = ( GEOMETRIC_REPRESENTATION_CONTEXT(2) 
PARAMETRIC_REPRESENTATION_CONTEXT() REPRESENTATION_CONTEXT('2D SPACE',''
  ) );
#3843 = PCURVE('',#3732,#3844);
#3844 = DEFINITIONAL_REPRESENTATION('',(#3845),#3849);
#3845 = LINE('',#3846,#3847);
#3846 = CARTESIAN_POINT('',(34.4,0.));
#3847 = VECTOR('',#3848,1.);
#3848 = DIRECTION('',(1.,0.));
#3849 = ( GEOMETRIC_REPRESENTATION_CONTEXT(2) 
PARAMETRIC_REPRESENTATION_CONTEXT() REPRESENTATION_CONTEXT('2D SPACE',''
  ) );
#3850 = ORIENTED_EDGE('',*,*,#3851,.F.);
#3851 = EDGE_CURVE('',#3852,#3829,#3854,.T.);
#3852 = VERTEX_POINT('',#3853);
#3853 = CARTESIAN_POINT('',(44.91,27.4,2.4));
#3854 = SURFACE_CURVE('',#3855,(#3859,#3866),.PCURVE_S1.);
#3855 = LINE('',#3856,#3857);
#3856 = CARTESIAN_POINT('',(44.91,27.4,2.4));
#3857 = VECTOR('',#3858,1.);
#3858 = DIRECTION('',(-0.242535625036,0.970142500145,0.));
#3859 = PCURVE('',#2772,#3860);
#3860 = DEFINITIONAL_REPRESENTATION('',(#3861),#3865);
#3861 = LINE('',#3862,#3863);
#3862 = CARTESIAN_POINT('',(21.305000000448,-13.));
#3863 = VECTOR('',#3864,1.);
#3864 = DIRECTION('',(-0.242535625036,0.970142500145));
#3865 = ( GEOMETRIC_REPRESENTATION_CONTEXT(2) 
PARAMETRIC_REPRESENTATION_CONTEXT() REPRESENTATION_CONTEXT('2D SPACE',''
  ) );
#3866 = PCURVE('',#3867,#3872);
#3867 = PLANE('',#3868);
#3868 = AXIS2_PLACEMENT_3D('',#3869,#3870,#3871);
#3869 = CARTESIAN_POINT('',(44.91,27.4,2.4));
#3870 = DIRECTION('',(-0.970142500145,-0.242535625036,0.));
#3871 = DIRECTION('',(-0.242535625036,0.970142500145,0.));
#3872 = DEFINITIONAL_REPRESENTATION('',(#3873),#3877);
#3873 = LINE('',#3874,#3875);
#3874 = CARTESIAN_POINT('',(0.,0.));
#3875 = VECTOR('',#3876,1.);
#3876 = DIRECTION('',(1.,0.));
#3877 = ( GEOMETRIC_REPRESENTATION_CONTEXT(2) 
PARAMETRIC_REPRESENTATION_CONTEXT() REPRESENTATION_CONTEXT('2D SPACE',''
  ) );
#3878 = ORIENTED_EDGE('',*,*,#3879,.F.);
#3879 = EDGE_CURVE('',#3880,#3852,#3882,.T.);
#3880 = VERTEX_POINT('',#3881);
#3881 = CARTESIAN_POINT('',(44.91,23.4,2.4));
#3882 = SURFACE_CURVE('',#3883,(#3887,#3894),.PCURVE_S1.);
#3883 = LINE('',#3884,#3885);
#3884 = CARTESIAN_POINT('',(44.91,23.4,2.4));
#3885 = VECTOR('',#3886,1.);
#3886 = DIRECTION('',(-2.22044604925E-16,1.,0.));
#3887 = PCURVE('',#2772,#3888);
#3888 = DEFINITIONAL_REPRESENTATION('',(#3889),#3893);
#3889 = LINE('',#3890,#3891);
#3890 = CARTESIAN_POINT('',(21.305000000448,-17.));
#3891 = VECTOR('',#3892,1.);
#3892 = DIRECTION('',(-2.22044604925E-16,1.));
#3893 = ( GEOMETRIC_REPRESENTATION_CONTEXT(2) 
PARAMETRIC_REPRESENTATION_CONTEXT() REPRESENTATION_CONTEXT('2D SPACE',''
  ) );
#3894 = PCURVE('',#3895,#3900);
#3895 = PLANE('',#3896);
#3896 = AXIS2_PLACEMENT_3D('',#3897,#3898,#3899);
#3897 = CARTESIAN_POINT('',(44.91,23.4,2.4));
#3898 = DIRECTION('',(-1.,-2.22044604925E-16,0.));
#3899 = DIRECTION('',(-2.22044604925E-16,1.,0.));
#3900 = DEFINITIONAL_REPRESENTATION('',(#3901),#3905);
#3901 = LINE('',#3902,#3903);
#3902 = CARTESIAN_POINT('',(0.,-0.));
#3903 = VECTOR('',#3904,1.);
#3904 = DIRECTION('',(1.,0.));
#3905 = ( GEOMETRIC_REPRESENTATION_CONTEXT(2) 
PARAMETRIC_REPRESENTATION_CONTEXT() REPRESENTATION_CONTEXT('2D SPACE',''
  ) );
#3906 = ORIENTED_EDGE('',*,*,#3907,.F.);
#3907 = EDGE_CURVE('',#3908,#3880,#3910,.T.);
#3908 = VERTEX_POINT('',#3909);
#3909 = CARTESIAN_POINT('',(44.66,22.4,2.4));
#3910 = SURFACE_CURVE('',#3911,(#3915,#3922),.PCURVE_S1.);
#3911 = LINE('',#3912,#3913);
#3912 = CARTESIAN_POINT('',(44.66,22.4,2.4));
#3913 = VECTOR('',#3914,1.);
#3914 = DIRECTION('',(0.242535625036,0.970142500145,0.));
#3915 = PCURVE('',#2772,#3916);
#3916 = DEFINITIONAL_REPRESENTATION('',(#3917),#3921);
#3917 = LINE('',#3918,#3919);
#3918 = CARTESIAN_POINT('',(21.055000000448,-18.));
#3919 = VECTOR('',#3920,1.);
#3920 = DIRECTION('',(0.242535625036,0.970142500145));
#3921 = ( GEOMETRIC_REPRESENTATION_CONTEXT(2) 
PARAMETRIC_REPRESENTATION_CONTEXT() REPRESENTATION_CONTEXT('2D SPACE',''
  ) );
#3922 = PCURVE('',#3923,#3928);
#3923 = PLANE('',#3924);
#3924 = AXIS2_PLACEMENT_3D('',#3925,#3926,#3927);
#3925 = CARTESIAN_POINT('',(44.66,22.4,2.4));
#3926 = DIRECTION('',(-0.970142500145,0.242535625036,0.));
#3927 = DIRECTION('',(0.242535625036,0.970142500145,0.));
#3928 = DEFINITIONAL_REPRESENTATION('',(#3929),#3933);
#3929 = LINE('',#3930,#3931);
#3930 = CARTESIAN_POINT('',(0.,0.));
#3931 = VECTOR('',#3932,1.);
#3932 = DIRECTION('',(1.,0.));
#3933 = ( GEOMETRIC_REPRESENTATION_CONTEXT(2) 
PARAMETRIC_REPRESENTATION_CONTEXT() REPRESENTATION_CONTEXT('2D SPACE',''
  ) );
#3934 = ORIENTED_EDGE('',*,*,#3935,.F.);
#3935 = EDGE_CURVE('',#3936,#3908,#3938,.T.);
#3936 = VERTEX_POINT('',#3937);
#3937 = CARTESIAN_POINT('',(44.6599999984,6.,2.4));
#3938 = SURFACE_CURVE('',#3939,(#3943,#3950),.PCURVE_S1.);
#3939 = LINE('',#3940,#3941);
#3940 = CARTESIAN_POINT('',(44.66,40.4,2.4));
#3941 = VECTOR('',#3942,1.);
#3942 = DIRECTION('',(0.,1.,0.));
#3943 = PCURVE('',#2772,#3944);
#3944 = DEFINITIONAL_REPRESENTATION('',(#3945),#3949);
#3945 = LINE('',#3946,#3947);
#3946 = CARTESIAN_POINT('',(21.055000000448,-7.626841693379E-15));
#3947 = VECTOR('',#3948,1.);
#3948 = DIRECTION('',(0.,1.));
#3949 = ( GEOMETRIC_REPRESENTATION_CONTEXT(2) 
PARAMETRIC_REPRESENTATION_CONTEXT() REPRESENTATION_CONTEXT('2D SPACE',''
  ) );
#3950 = PCURVE('',#3732,#3951);
#3951 = DEFINITIONAL_REPRESENTATION('',(#3952),#3956);
#3952 = LINE('',#3953,#3954);
#3953 = CARTESIAN_POINT('',(34.4,0.));
#3954 = VECTOR('',#3955,1.);
#3955 = DIRECTION('',(1.,0.));
#3956 = ( GEOMETRIC_REPRESENTATION_CONTEXT(2) 
PARAMETRIC_REPRESENTATION_CONTEXT() REPRESENTATION_CONTEXT('2D SPACE',''
  ) );
#3957 = ORIENTED_EDGE('',*,*,#3958,.T.);
#3958 = EDGE_CURVE('',#3936,#3959,#3961,.T.);
#3959 = VERTEX_POINT('',#3960);
#3960 = CARTESIAN_POINT('',(41.2099999968,2.55,2.4));
#3961 = SURFACE_CURVE('',#3962,(#3967,#3978),.PCURVE_S1.);
#3962 = CIRCLE('',#3963,3.45);
#3963 = AXIS2_PLACEMENT_3D('',#3964,#3965,#3966);
#3964 = CARTESIAN_POINT('',(41.2099999968,6.,2.4));
#3965 = DIRECTION('',(0.,0.,-1.));
#3966 = DIRECTION('',(-1.,0.,0.));
#3967 = PCURVE('',#2772,#3968);
#3968 = DEFINITIONAL_REPRESENTATION('',(#3969),#3977);
#3969 = ( BOUNDED_CURVE() B_SPLINE_CURVE(2,(#3970,#3971,#3972,#3973,
#3974,#3975,#3976),.UNSPECIFIED.,.T.,.F.) B_SPLINE_CURVE_WITH_KNOTS((1,2
    ,2,2,2,1),(-2.094395102393,0.,2.094395102393,4.188790204786,
6.28318530718,8.377580409573),.UNSPECIFIED.) CURVE() 
GEOMETRIC_REPRESENTATION_ITEM() RATIONAL_B_SPLINE_CURVE((1.,0.5,1.,0.5,
1.,0.5,1.)) REPRESENTATION_ITEM('') );
#3970 = CARTESIAN_POINT('',(14.154999997248,-34.4));
#3971 = CARTESIAN_POINT('',(14.154999997248,-28.42442471388));
#3972 = CARTESIAN_POINT('',(19.329999997248,-31.41221235694));
#3973 = CARTESIAN_POINT('',(24.504999997248,-34.4));
#3974 = CARTESIAN_POINT('',(19.329999997248,-37.38778764305));
#3975 = CARTESIAN_POINT('',(14.154999997248,-40.37557528611));
#3976 = CARTESIAN_POINT('',(14.154999997248,-34.4));
#3977 = ( GEOMETRIC_REPRESENTATION_CONTEXT(2) 
PARAMETRIC_REPRESENTATION_CONTEXT() REPRESENTATION_CONTEXT('2D SPACE',''
  ) );
#3978 = PCURVE('',#3979,#3984);
#3979 = CYLINDRICAL_SURFACE('',#3980,3.45);
#3980 = AXIS2_PLACEMENT_3D('',#3981,#3982,#3983);
#3981 = CARTESIAN_POINT('',(41.2099999968,6.,2.4));
#3982 = DIRECTION('',(0.,0.,-1.));
#3983 = DIRECTION('',(-1.,0.,0.));
#3984 = DEFINITIONAL_REPRESENTATION('',(#3985),#3989);
#3985 = LINE('',#3986,#3987);
#3986 = CARTESIAN_POINT('',(0.,0.));
#3987 = VECTOR('',#3988,1.);
#3988 = DIRECTION('',(1.,0.));
#3989 = ( GEOMETRIC_REPRESENTATION_CONTEXT(2) 
PARAMETRIC_REPRESENTATION_CONTEXT() REPRESENTATION_CONTEXT('2D SPACE',''
  ) );
#3990 = ORIENTED_EDGE('',*,*,#3991,.F.);
#3991 = EDGE_CURVE('',#3992,#3959,#3994,.T.);
#3992 = VERTEX_POINT('',#3993);
#3993 = CARTESIAN_POINT('',(26.605,2.55,2.4));
#3994 = SURFACE_CURVE('',#3995,(#3999,#4006),.PCURVE_S1.);
#3995 = LINE('',#3996,#3997);
#3996 = CARTESIAN_POINT('',(23.605,2.55,2.4));
#3997 = VECTOR('',#3998,1.);
#3998 = DIRECTION('',(1.,0.,0.));
#3999 = PCURVE('',#2772,#4000);
#4000 = DEFINITIONAL_REPRESENTATION('',(#4001),#4005);
#4001 = LINE('',#4002,#4003);
#4002 = CARTESIAN_POINT('',(4.480947046557E-10,-37.85));
#4003 = VECTOR('',#4004,1.);
#4004 = DIRECTION('',(1.,0.));
#4005 = ( GEOMETRIC_REPRESENTATION_CONTEXT(2) 
PARAMETRIC_REPRESENTATION_CONTEXT() REPRESENTATION_CONTEXT('2D SPACE',''
  ) );
#4006 = PCURVE('',#3228,#4007);
#4007 = DEFINITIONAL_REPRESENTATION('',(#4008),#4012);
#4008 = LINE('',#4009,#4010);
#4009 = CARTESIAN_POINT('',(17.605,0.));
#4010 = VECTOR('',#4011,1.);
#4011 = DIRECTION('',(1.,0.));
#4012 = ( GEOMETRIC_REPRESENTATION_CONTEXT(2) 
PARAMETRIC_REPRESENTATION_CONTEXT() REPRESENTATION_CONTEXT('2D SPACE',''
  ) );
#4013 = ORIENTED_EDGE('',*,*,#4014,.F.);
#4014 = EDGE_CURVE('',#4015,#3992,#4017,.T.);
#4015 = VERTEX_POINT('',#4016);
#4016 = CARTESIAN_POINT('',(25.605,2.3,2.4));
#4017 = SURFACE_CURVE('',#4018,(#4022,#4029),.PCURVE_S1.);
#4018 = LINE('',#4019,#4020);
#4019 = CARTESIAN_POINT('',(25.605,2.3,2.4));
#4020 = VECTOR('',#4021,1.);
#4021 = DIRECTION('',(0.970142500145,0.242535625036,0.));
#4022 = PCURVE('',#2772,#4023);
#4023 = DEFINITIONAL_REPRESENTATION('',(#4024),#4028);
#4024 = LINE('',#4025,#4026);
#4025 = CARTESIAN_POINT('',(2.000000000448,-38.1));
#4026 = VECTOR('',#4027,1.);
#4027 = DIRECTION('',(0.970142500145,0.242535625036));
#4028 = ( GEOMETRIC_REPRESENTATION_CONTEXT(2) 
PARAMETRIC_REPRESENTATION_CONTEXT() REPRESENTATION_CONTEXT('2D SPACE',''
  ) );
#4029 = PCURVE('',#4030,#4035);
#4030 = PLANE('',#4031);
#4031 = AXIS2_PLACEMENT_3D('',#4032,#4033,#4034);
#4032 = CARTESIAN_POINT('',(25.605,2.3,2.4));
#4033 = DIRECTION('',(-0.242535625036,0.970142500145,0.));
#4034 = DIRECTION('',(0.970142500145,0.242535625036,0.));
#4035 = DEFINITIONAL_REPRESENTATION('',(#4036),#4040);
#4036 = LINE('',#4037,#4038);
#4037 = CARTESIAN_POINT('',(0.,0.));
#4038 = VECTOR('',#4039,1.);
#4039 = DIRECTION('',(1.,0.));
#4040 = ( GEOMETRIC_REPRESENTATION_CONTEXT(2) 
PARAMETRIC_REPRESENTATION_CONTEXT() REPRESENTATION_CONTEXT('2D SPACE',''
  ) );
#4041 = ORIENTED_EDGE('',*,*,#4042,.F.);
#4042 = EDGE_CURVE('',#4043,#4015,#4045,.T.);
#4043 = VERTEX_POINT('',#4044);
#4044 = CARTESIAN_POINT('',(21.605,2.3,2.4));
#4045 = SURFACE_CURVE('',#4046,(#4050,#4057),.PCURVE_S1.);
#4046 = LINE('',#4047,#4048);
#4047 = CARTESIAN_POINT('',(21.605,2.3,2.4));
#4048 = VECTOR('',#4049,1.);
#4049 = DIRECTION('',(1.,-1.224646799147E-16,0.));
#4050 = PCURVE('',#2772,#4051);
#4051 = DEFINITIONAL_REPRESENTATION('',(#4052),#4056);
#4052 = LINE('',#4053,#4054);
#4053 = CARTESIAN_POINT('',(-1.999999999552,-38.1));
#4054 = VECTOR('',#4055,1.);
#4055 = DIRECTION('',(1.,-1.224646799147E-16));
#4056 = ( GEOMETRIC_REPRESENTATION_CONTEXT(2) 
PARAMETRIC_REPRESENTATION_CONTEXT() REPRESENTATION_CONTEXT('2D SPACE',''
  ) );
#4057 = PCURVE('',#4058,#4063);
#4058 = PLANE('',#4059);
#4059 = AXIS2_PLACEMENT_3D('',#4060,#4061,#4062);
#4060 = CARTESIAN_POINT('',(21.605,2.3,2.4));
#4061 = DIRECTION('',(1.224646799147E-16,1.,0.));
#4062 = DIRECTION('',(1.,-1.224646799147E-16,0.));
#4063 = DEFINITIONAL_REPRESENTATION('',(#4064),#4068);
#4064 = LINE('',#4065,#4066);
#4065 = CARTESIAN_POINT('',(0.,-0.));
#4066 = VECTOR('',#4067,1.);
#4067 = DIRECTION('',(1.,0.));
#4068 = ( GEOMETRIC_REPRESENTATION_CONTEXT(2) 
PARAMETRIC_REPRESENTATION_CONTEXT() REPRESENTATION_CONTEXT('2D SPACE',''
  ) );
#4069 = ORIENTED_EDGE('',*,*,#4070,.F.);
#4070 = EDGE_CURVE('',#3213,#4043,#4071,.T.);
#4071 = SURFACE_CURVE('',#4072,(#4076,#4083),.PCURVE_S1.);
#4072 = LINE('',#4073,#4074);
#4073 = CARTESIAN_POINT('',(20.605,2.55,2.4));
#4074 = VECTOR('',#4075,1.);
#4075 = DIRECTION('',(0.970142500145,-0.242535625036,0.));
#4076 = PCURVE('',#2772,#4077);
#4077 = DEFINITIONAL_REPRESENTATION('',(#4078),#4082);
#4078 = LINE('',#4079,#4080);
#4079 = CARTESIAN_POINT('',(-2.999999999552,-37.85));
#4080 = VECTOR('',#4081,1.);
#4081 = DIRECTION('',(0.970142500145,-0.242535625036));
#4082 = ( GEOMETRIC_REPRESENTATION_CONTEXT(2) 
PARAMETRIC_REPRESENTATION_CONTEXT() REPRESENTATION_CONTEXT('2D SPACE',''
  ) );
#4083 = PCURVE('',#4084,#4089);
#4084 = PLANE('',#4085);
#4085 = AXIS2_PLACEMENT_3D('',#4086,#4087,#4088);
#4086 = CARTESIAN_POINT('',(20.605,2.55,2.4));
#4087 = DIRECTION('',(0.242535625036,0.970142500145,0.));
#4088 = DIRECTION('',(0.970142500145,-0.242535625036,0.));
#4089 = DEFINITIONAL_REPRESENTATION('',(#4090),#4094);
#4090 = LINE('',#4091,#4092);
#4091 = CARTESIAN_POINT('',(0.,0.));
#4092 = VECTOR('',#4093,1.);
#4093 = DIRECTION('',(1.,0.));
#4094 = ( GEOMETRIC_REPRESENTATION_CONTEXT(2) 
PARAMETRIC_REPRESENTATION_CONTEXT() REPRESENTATION_CONTEXT('2D SPACE',''
  ) );
#4095 = ADVANCED_FACE('',(#4096),#2882,.F.);
#4096 = FACE_BOUND('',#4097,.F.);
#4097 = EDGE_LOOP('',(#4098,#4099,#4100,#4123));
#4098 = ORIENTED_EDGE('',*,*,#2866,.T.);
#4099 = ORIENTED_EDGE('',*,*,#3077,.T.);
#4100 = ORIENTED_EDGE('',*,*,#4101,.F.);
#4101 = EDGE_CURVE('',#4102,#3078,#4104,.T.);
#4102 = VERTEX_POINT('',#4103);
#4103 = CARTESIAN_POINT('',(41.20999999796,0.,0.4));
#4104 = SURFACE_CURVE('',#4105,(#4109,#4116),.PCURVE_S1.);
#4105 = LINE('',#4106,#4107);
#4106 = CARTESIAN_POINT('',(41.20999999796,0.,0.4));
#4107 = VECTOR('',#4108,1.);
#4108 = DIRECTION('',(0.,0.,1.));
#4109 = PCURVE('',#2882,#4110);
#4110 = DEFINITIONAL_REPRESENTATION('',(#4111),#4115);
#4111 = LINE('',#4112,#4113);
#4112 = CARTESIAN_POINT('',(35.20999999796,0.));
#4113 = VECTOR('',#4114,1.);
#4114 = DIRECTION('',(0.,-1.));
#4115 = ( GEOMETRIC_REPRESENTATION_CONTEXT(2) 
PARAMETRIC_REPRESENTATION_CONTEXT() REPRESENTATION_CONTEXT('2D SPACE',''
  ) );
#4116 = PCURVE('',#3117,#4117);
#4117 = DEFINITIONAL_REPRESENTATION('',(#4118),#4122);
#4118 = LINE('',#4119,#4120);
#4119 = CARTESIAN_POINT('',(-4.712388980385,0.));
#4120 = VECTOR('',#4121,1.);
#4121 = DIRECTION('',(-0.,-1.));
#4122 = ( GEOMETRIC_REPRESENTATION_CONTEXT(2) 
PARAMETRIC_REPRESENTATION_CONTEXT() REPRESENTATION_CONTEXT('2D SPACE',''
  ) );
#4123 = ORIENTED_EDGE('',*,*,#4124,.F.);
#4124 = EDGE_CURVE('',#2867,#4102,#4125,.T.);
#4125 = SURFACE_CURVE('',#4126,(#4130,#4137),.PCURVE_S1.);
#4126 = LINE('',#4127,#4128);
#4127 = CARTESIAN_POINT('',(23.605,0.,0.4));
#4128 = VECTOR('',#4129,1.);
#4129 = DIRECTION('',(1.,0.,0.));
#4130 = PCURVE('',#2882,#4131);
#4131 = DEFINITIONAL_REPRESENTATION('',(#4132),#4136);
#4132 = LINE('',#4133,#4134);
#4133 = CARTESIAN_POINT('',(17.605,0.));
#4134 = VECTOR('',#4135,1.);
#4135 = DIRECTION('',(1.,0.));
#4136 = ( GEOMETRIC_REPRESENTATION_CONTEXT(2) 
PARAMETRIC_REPRESENTATION_CONTEXT() REPRESENTATION_CONTEXT('2D SPACE',''
  ) );
#4137 = PCURVE('',#4138,#4143);
#4138 = PLANE('',#4139);
#4139 = AXIS2_PLACEMENT_3D('',#4140,#4141,#4142);
#4140 = CARTESIAN_POINT('',(23.605,0.,0.4));
#4141 = DIRECTION('',(0.,-0.707106781187,-0.707106781187));
#4142 = DIRECTION('',(1.,0.,0.));
#4143 = DEFINITIONAL_REPRESENTATION('',(#4144),#4148);
#4144 = LINE('',#4145,#4146);
#4145 = CARTESIAN_POINT('',(0.,0.));
#4146 = VECTOR('',#4147,1.);
#4147 = DIRECTION('',(1.,0.));
#4148 = ( GEOMETRIC_REPRESENTATION_CONTEXT(2) 
PARAMETRIC_REPRESENTATION_CONTEXT() REPRESENTATION_CONTEXT('2D SPACE',''
  ) );
#4149 = ADVANCED_FACE('',(#4150),#2909,.T.);
#4150 = FACE_BOUND('',#4151,.T.);
#4151 = EDGE_LOOP('',(#4152,#4176,#4194,#4195));
#4152 = ORIENTED_EDGE('',*,*,#4153,.T.);
#4153 = EDGE_CURVE('',#3006,#4154,#4156,.T.);
#4154 = VERTEX_POINT('',#4155);
#4155 = CARTESIAN_POINT('',(6.,0.4,0.));
#4156 = SURFACE_CURVE('',#4157,(#4162,#4169),.PCURVE_S1.);
#4157 = CIRCLE('',#4158,5.6);
#4158 = AXIS2_PLACEMENT_3D('',#4159,#4160,#4161);
#4159 = CARTESIAN_POINT('',(6.,6.,0.));
#4160 = DIRECTION('',(0.,0.,1.));
#4161 = DIRECTION('',(1.,0.,0.));
#4162 = PCURVE('',#2909,#4163);
#4163 = DEFINITIONAL_REPRESENTATION('',(#4164),#4168);
#4164 = LINE('',#4165,#4166);
#4165 = CARTESIAN_POINT('',(0.,0.));
#4166 = VECTOR('',#4167,1.);
#4167 = DIRECTION('',(1.,0.));
#4168 = ( GEOMETRIC_REPRESENTATION_CONTEXT(2) 
PARAMETRIC_REPRESENTATION_CONTEXT() REPRESENTATION_CONTEXT('2D SPACE',''
  ) );
#4169 = PCURVE('',#3023,#4170);
#4170 = DEFINITIONAL_REPRESENTATION('',(#4171),#4175);
#4171 = CIRCLE('',#4172,5.6);
#4172 = AXIS2_PLACEMENT_2D('',#4173,#4174);
#4173 = CARTESIAN_POINT('',(0.,0.));
#4174 = DIRECTION('',(1.,0.));
#4175 = ( GEOMETRIC_REPRESENTATION_CONTEXT(2) 
PARAMETRIC_REPRESENTATION_CONTEXT() REPRESENTATION_CONTEXT('2D SPACE',''
  ) );
#4176 = ORIENTED_EDGE('',*,*,#4177,.T.);
#4177 = EDGE_CURVE('',#4154,#2867,#4178,.T.);
#4178 = SURFACE_CURVE('',#4179,(#4182,#4188),.PCURVE_S1.);
#4179 = B_SPLINE_CURVE_WITH_KNOTS('',1,(#4180,#4181),.UNSPECIFIED.,.F.,
  .F.,(2,2),(0.,1.),.PIECEWISE_BEZIER_KNOTS.);
#4180 = CARTESIAN_POINT('',(6.,0.4,0.));
#4181 = CARTESIAN_POINT('',(6.,0.,0.4));
#4182 = PCURVE('',#2909,#4183);
#4183 = DEFINITIONAL_REPRESENTATION('',(#4184),#4187);
#4184 = B_SPLINE_CURVE_WITH_KNOTS('',1,(#4185,#4186),.UNSPECIFIED.,.F.,
  .F.,(2,2),(0.,1.),.PIECEWISE_BEZIER_KNOTS.);
#4185 = CARTESIAN_POINT('',(4.712388980385,0.));
#4186 = CARTESIAN_POINT('',(4.712388980385,0.4));
#4187 = ( GEOMETRIC_REPRESENTATION_CONTEXT(2) 
PARAMETRIC_REPRESENTATION_CONTEXT() REPRESENTATION_CONTEXT('2D SPACE',''
  ) );
#4188 = PCURVE('',#4138,#4189);
#4189 = DEFINITIONAL_REPRESENTATION('',(#4190),#4193);
#4190 = B_SPLINE_CURVE_WITH_KNOTS('',1,(#4191,#4192),.UNSPECIFIED.,.F.,
  .F.,(2,2),(0.,1.),.PIECEWISE_BEZIER_KNOTS.);
#4191 = CARTESIAN_POINT('',(-17.605,-0.565685424949));
#4192 = CARTESIAN_POINT('',(-17.605,0.));
#4193 = ( GEOMETRIC_REPRESENTATION_CONTEXT(2) 
PARAMETRIC_REPRESENTATION_CONTEXT() REPRESENTATION_CONTEXT('2D SPACE',''
  ) );
#4194 = ORIENTED_EDGE('',*,*,#2894,.F.);
#4195 = ORIENTED_EDGE('',*,*,#3035,.F.);
#4196 = ADVANCED_FACE('',(#4197),#2941,.T.);
#4197 = FACE_BOUND('',#4198,.T.);
#4198 = EDGE_LOOP('',(#4199,#4200,#4201,#4224));
#4199 = ORIENTED_EDGE('',*,*,#2923,.T.);
#4200 = ORIENTED_EDGE('',*,*,#3186,.T.);
#4201 = ORIENTED_EDGE('',*,*,#4202,.F.);
#4202 = EDGE_CURVE('',#4203,#3158,#4205,.T.);
#4203 = VERTEX_POINT('',#4204);
#4204 = CARTESIAN_POINT('',(41.20999999796,80.8,0.4));
#4205 = SURFACE_CURVE('',#4206,(#4210,#4217),.PCURVE_S1.);
#4206 = LINE('',#4207,#4208);
#4207 = CARTESIAN_POINT('',(41.20999999796,80.8,0.4));
#4208 = VECTOR('',#4209,1.);
#4209 = DIRECTION('',(0.,0.,1.));
#4210 = PCURVE('',#2941,#4211);
#4211 = DEFINITIONAL_REPRESENTATION('',(#4212),#4216);
#4212 = LINE('',#4213,#4214);
#4213 = CARTESIAN_POINT('',(35.20999999796,0.));
#4214 = VECTOR('',#4215,1.);
#4215 = DIRECTION('',(0.,-1.));
#4216 = ( GEOMETRIC_REPRESENTATION_CONTEXT(2) 
PARAMETRIC_REPRESENTATION_CONTEXT() REPRESENTATION_CONTEXT('2D SPACE',''
  ) );
#4217 = PCURVE('',#3174,#4218);
#4218 = DEFINITIONAL_REPRESENTATION('',(#4219),#4223);
#4219 = LINE('',#4220,#4221);
#4220 = CARTESIAN_POINT('',(-1.570796326795,0.));
#4221 = VECTOR('',#4222,1.);
#4222 = DIRECTION('',(-0.,-1.));
#4223 = ( GEOMETRIC_REPRESENTATION_CONTEXT(2) 
PARAMETRIC_REPRESENTATION_CONTEXT() REPRESENTATION_CONTEXT('2D SPACE',''
  ) );
#4224 = ORIENTED_EDGE('',*,*,#4225,.F.);
#4225 = EDGE_CURVE('',#2924,#4203,#4226,.T.);
#4226 = SURFACE_CURVE('',#4227,(#4231,#4238),.PCURVE_S1.);
#4227 = LINE('',#4228,#4229);
#4228 = CARTESIAN_POINT('',(23.605,80.8,0.4));
#4229 = VECTOR('',#4230,1.);
#4230 = DIRECTION('',(1.,0.,0.));
#4231 = PCURVE('',#2941,#4232);
#4232 = DEFINITIONAL_REPRESENTATION('',(#4233),#4237);
#4233 = LINE('',#4234,#4235);
#4234 = CARTESIAN_POINT('',(17.605,0.));
#4235 = VECTOR('',#4236,1.);
#4236 = DIRECTION('',(1.,0.));
#4237 = ( GEOMETRIC_REPRESENTATION_CONTEXT(2) 
PARAMETRIC_REPRESENTATION_CONTEXT() REPRESENTATION_CONTEXT('2D SPACE',''
  ) );
#4238 = PCURVE('',#4239,#4244);
#4239 = B_SPLINE_SURFACE_WITH_KNOTS('',1,1,(
    (#4240,#4241)
    ,(#4242,#4243
    )),.UNSPECIFIED.,.F.,.F.,.F.,(2,2),(2,2),(-17.60499999796,17.605),(
    0.,1.),.PIECEWISE_BEZIER_KNOTS.);
#4240 = CARTESIAN_POINT('',(41.209999997831,80.4,0.));
#4241 = CARTESIAN_POINT('',(41.20999999796,80.8,0.4));
#4242 = CARTESIAN_POINT('',(6.,80.4,0.));
#4243 = CARTESIAN_POINT('',(6.,80.8,0.4));
#4244 = DEFINITIONAL_REPRESENTATION('',(#4245),#4248);
#4245 = B_SPLINE_CURVE_WITH_KNOTS('',1,(#4246,#4247),.UNSPECIFIED.,.F.,
  .F.,(2,2),(-17.605,17.60499999796),.PIECEWISE_BEZIER_KNOTS.);
#4246 = CARTESIAN_POINT('',(17.605,1.));
#4247 = CARTESIAN_POINT('',(-17.60499999796,1.));
#4248 = ( GEOMETRIC_REPRESENTATION_CONTEXT(2) 
PARAMETRIC_REPRESENTATION_CONTEXT() REPRESENTATION_CONTEXT('2D SPACE',''
  ) );
#4249 = ADVANCED_FACE('',(#4250),#2991,.T.);
#4250 = FACE_BOUND('',#4251,.T.);
#4251 = EDGE_LOOP('',(#4252,#4276,#4277,#4278));
#4252 = ORIENTED_EDGE('',*,*,#4253,.T.);
#4253 = EDGE_CURVE('',#4254,#3008,#4256,.T.);
#4254 = VERTEX_POINT('',#4255);
#4255 = CARTESIAN_POINT('',(6.,80.4,0.));
#4256 = SURFACE_CURVE('',#4257,(#4262,#4269),.PCURVE_S1.);
#4257 = CIRCLE('',#4258,5.6);
#4258 = AXIS2_PLACEMENT_3D('',#4259,#4260,#4261);
#4259 = CARTESIAN_POINT('',(6.,74.8,0.));
#4260 = DIRECTION('',(0.,0.,1.));
#4261 = DIRECTION('',(1.,0.,0.));
#4262 = PCURVE('',#2991,#4263);
#4263 = DEFINITIONAL_REPRESENTATION('',(#4264),#4268);
#4264 = LINE('',#4265,#4266);
#4265 = CARTESIAN_POINT('',(0.,0.));
#4266 = VECTOR('',#4267,1.);
#4267 = DIRECTION('',(1.,0.));
#4268 = ( GEOMETRIC_REPRESENTATION_CONTEXT(2) 
PARAMETRIC_REPRESENTATION_CONTEXT() REPRESENTATION_CONTEXT('2D SPACE',''
  ) );
#4269 = PCURVE('',#3023,#4270);
#4270 = DEFINITIONAL_REPRESENTATION('',(#4271),#4275);
#4271 = CIRCLE('',#4272,5.6);
#4272 = AXIS2_PLACEMENT_2D('',#4273,#4274);
#4273 = CARTESIAN_POINT('',(0.,68.8));
#4274 = DIRECTION('',(1.,0.));
#4275 = ( GEOMETRIC_REPRESENTATION_CONTEXT(2) 
PARAMETRIC_REPRESENTATION_CONTEXT() REPRESENTATION_CONTEXT('2D SPACE',''
  ) );
#4276 = ORIENTED_EDGE('',*,*,#3054,.T.);
#4277 = ORIENTED_EDGE('',*,*,#2976,.F.);
#4278 = ORIENTED_EDGE('',*,*,#4279,.F.);
#4279 = EDGE_CURVE('',#4254,#2924,#4280,.T.);
#4280 = SURFACE_CURVE('',#4281,(#4284,#4290),.PCURVE_S1.);
#4281 = B_SPLINE_CURVE_WITH_KNOTS('',1,(#4282,#4283),.UNSPECIFIED.,.F.,
  .F.,(2,2),(0.,1.),.PIECEWISE_BEZIER_KNOTS.);
#4282 = CARTESIAN_POINT('',(6.,80.4,0.));
#4283 = CARTESIAN_POINT('',(6.,80.8,0.4));
#4284 = PCURVE('',#2991,#4285);
#4285 = DEFINITIONAL_REPRESENTATION('',(#4286),#4289);
#4286 = B_SPLINE_CURVE_WITH_KNOTS('',1,(#4287,#4288),.UNSPECIFIED.,.F.,
  .F.,(2,2),(0.,1.),.PIECEWISE_BEZIER_KNOTS.);
#4287 = CARTESIAN_POINT('',(1.570796326795,0.));
#4288 = CARTESIAN_POINT('',(1.570796326795,0.4));
#4289 = ( GEOMETRIC_REPRESENTATION_CONTEXT(2) 
PARAMETRIC_REPRESENTATION_CONTEXT() REPRESENTATION_CONTEXT('2D SPACE',''
  ) );
#4290 = PCURVE('',#4239,#4291);
#4291 = DEFINITIONAL_REPRESENTATION('',(#4292),#4296);
#4292 = LINE('',#4293,#4294);
#4293 = CARTESIAN_POINT('',(17.605,0.));
#4294 = VECTOR('',#4295,1.);
#4295 = DIRECTION('',(0.,1.));
#4296 = ( GEOMETRIC_REPRESENTATION_CONTEXT(2) 
PARAMETRIC_REPRESENTATION_CONTEXT() REPRESENTATION_CONTEXT('2D SPACE',''
  ) );
#4297 = ADVANCED_FACE('',(#4298),#3023,.F.);
#4298 = FACE_BOUND('',#4299,.F.);
#4299 = EDGE_LOOP('',(#4300,#4301,#4302,#4325,#4368,#4396,#4439,#4460));
#4300 = ORIENTED_EDGE('',*,*,#3005,.F.);
#4301 = ORIENTED_EDGE('',*,*,#4153,.T.);
#4302 = ORIENTED_EDGE('',*,*,#4303,.T.);
#4303 = EDGE_CURVE('',#4154,#4304,#4306,.T.);
#4304 = VERTEX_POINT('',#4305);
#4305 = CARTESIAN_POINT('',(41.209999997831,0.4,0.));
#4306 = SURFACE_CURVE('',#4307,(#4311,#4318),.PCURVE_S1.);
#4307 = LINE('',#4308,#4309);
#4308 = CARTESIAN_POINT('',(23.605,0.4,0.));
#4309 = VECTOR('',#4310,1.);
#4310 = DIRECTION('',(1.,0.,0.));
#4311 = PCURVE('',#3023,#4312);
#4312 = DEFINITIONAL_REPRESENTATION('',(#4313),#4317);
#4313 = LINE('',#4314,#4315);
#4314 = CARTESIAN_POINT('',(17.605,-5.6));
#4315 = VECTOR('',#4316,1.);
#4316 = DIRECTION('',(1.,0.));
#4317 = ( GEOMETRIC_REPRESENTATION_CONTEXT(2) 
PARAMETRIC_REPRESENTATION_CONTEXT() REPRESENTATION_CONTEXT('2D SPACE',''
  ) );
#4318 = PCURVE('',#4138,#4319);
#4319 = DEFINITIONAL_REPRESENTATION('',(#4320),#4324);
#4320 = LINE('',#4321,#4322);
#4321 = CARTESIAN_POINT('',(8.881784197001E-15,-0.565685424949));
#4322 = VECTOR('',#4323,1.);
#4323 = DIRECTION('',(1.,0.));
#4324 = ( GEOMETRIC_REPRESENTATION_CONTEXT(2) 
PARAMETRIC_REPRESENTATION_CONTEXT() REPRESENTATION_CONTEXT('2D SPACE',''
  ) );
#4325 = ORIENTED_EDGE('',*,*,#4326,.T.);
#4326 = EDGE_CURVE('',#4304,#4327,#4329,.T.);
#4327 = VERTEX_POINT('',#4328);
#4328 = CARTESIAN_POINT('',(46.809999998916,6.,0.));
#4329 = SURFACE_CURVE('',#4330,(#4335,#4342),.PCURVE_S1.);
#4330 = CIRCLE('',#4331,5.6);
#4331 = AXIS2_PLACEMENT_3D('',#4332,#4333,#4334);
#4332 = CARTESIAN_POINT('',(41.209999997831,6.,0.));
#4333 = DIRECTION('',(0.,0.,1.));
#4334 = DIRECTION('',(1.,0.,0.));
#4335 = PCURVE('',#3023,#4336);
#4336 = DEFINITIONAL_REPRESENTATION('',(#4337),#4341);
#4337 = CIRCLE('',#4338,5.6);
#4338 = AXIS2_PLACEMENT_2D('',#4339,#4340);
#4339 = CARTESIAN_POINT('',(35.209999997831,0.));
#4340 = DIRECTION('',(1.,0.));
#4341 = ( GEOMETRIC_REPRESENTATION_CONTEXT(2) 
PARAMETRIC_REPRESENTATION_CONTEXT() REPRESENTATION_CONTEXT('2D SPACE',''
  ) );
#4342 = PCURVE('',#4343,#4362);
#4343 = B_SPLINE_SURFACE_WITH_KNOTS('',8,1,(
    (#4344,#4345)
    ,(#4346,#4347)
    ,(#4348,#4349)
    ,(#4350,#4351)
    ,(#4352,#4353)
    ,(#4354,#4355)
    ,(#4356,#4357)
    ,(#4358,#4359)
    ,(#4360,#4361
    )),.UNSPECIFIED.,.F.,.F.,.F.,(9,9),(2,2),(4.712388980385,
    6.28318530718),(0.,1.),.PIECEWISE_BEZIER_KNOTS.);
#4344 = CARTESIAN_POINT('',(41.209999997831,0.4,0.));
#4345 = CARTESIAN_POINT('',(41.20999999796,2.13162820728E-14,0.4));
#4346 = CARTESIAN_POINT('',(42.309557426587,0.4,0.));
#4347 = CARTESIAN_POINT('',(42.388097243056,3.410605131648E-13,0.4));
#4348 = CARTESIAN_POINT('',(43.409115201456,0.646740418181,0.));
#4349 = CARTESIAN_POINT('',(43.566194858986,0.264364733766,0.4));
#4350 = CARTESIAN_POINT('',(44.444074110106,1.140218831123,0.));
#4351 = CARTESIAN_POINT('',(44.675079403969,0.793091604774,0.4));
#4352 = CARTESIAN_POINT('',(45.3498490302,1.86015096763,0.));
#4353 = CARTESIAN_POINT('',(45.64555253264,1.564447465318,0.4));
#4354 = CARTESIAN_POINT('',(46.06978116671,2.765925887726,0.));
#4355 = CARTESIAN_POINT('',(46.416908393188,2.534920593991,0.4));
#4356 = CARTESIAN_POINT('',(46.563259579649,3.800884796375,0.));
#4357 = CARTESIAN_POINT('',(46.945635264193,3.643805138974,0.4));
#4358 = CARTESIAN_POINT('',(46.809999997831,4.900442571244,0.));
#4359 = CARTESIAN_POINT('',(47.20999999796,4.821902754904,0.4));
#4360 = CARTESIAN_POINT('',(46.809999997831,6.,0.));
#4361 = CARTESIAN_POINT('',(47.20999999796,6.,0.4));
#4362 = DEFINITIONAL_REPRESENTATION('',(#4363),#4367);
#4363 = LINE('',#4364,#4365);
#4364 = CARTESIAN_POINT('',(0.,0.));
#4365 = VECTOR('',#4366,1.);
#4366 = DIRECTION('',(1.,0.));
#4367 = ( GEOMETRIC_REPRESENTATION_CONTEXT(2) 
PARAMETRIC_REPRESENTATION_CONTEXT() REPRESENTATION_CONTEXT('2D SPACE',''
  ) );
#4368 = ORIENTED_EDGE('',*,*,#4369,.T.);
#4369 = EDGE_CURVE('',#4327,#4370,#4372,.T.);
#4370 = VERTEX_POINT('',#4371);
#4371 = CARTESIAN_POINT('',(46.809999998916,74.8,0.));
#4372 = SURFACE_CURVE('',#4373,(#4377,#4384),.PCURVE_S1.);
#4373 = LINE('',#4374,#4375);
#4374 = CARTESIAN_POINT('',(46.81,40.4,0.));
#4375 = VECTOR('',#4376,1.);
#4376 = DIRECTION('',(0.,1.,0.));
#4377 = PCURVE('',#3023,#4378);
#4378 = DEFINITIONAL_REPRESENTATION('',(#4379),#4383);
#4379 = LINE('',#4380,#4381);
#4380 = CARTESIAN_POINT('',(40.81,34.4));
#4381 = VECTOR('',#4382,1.);
#4382 = DIRECTION('',(0.,1.));
#4383 = ( GEOMETRIC_REPRESENTATION_CONTEXT(2) 
PARAMETRIC_REPRESENTATION_CONTEXT() REPRESENTATION_CONTEXT('2D SPACE',''
  ) );
#4384 = PCURVE('',#4385,#4390);
#4385 = PLANE('',#4386);
#4386 = AXIS2_PLACEMENT_3D('',#4387,#4388,#4389);
#4387 = CARTESIAN_POINT('',(47.21,40.4,0.4));
#4388 = DIRECTION('',(0.707106781187,0.,-0.707106781187));
#4389 = DIRECTION('',(0.,1.,0.));
#4390 = DEFINITIONAL_REPRESENTATION('',(#4391),#4395);
#4391 = LINE('',#4392,#4393);
#4392 = CARTESIAN_POINT('',(-3.552713678801E-15,-0.565685424949));
#4393 = VECTOR('',#4394,1.);
#4394 = DIRECTION('',(1.,0.));
#4395 = ( GEOMETRIC_REPRESENTATION_CONTEXT(2) 
PARAMETRIC_REPRESENTATION_CONTEXT() REPRESENTATION_CONTEXT('2D SPACE',''
  ) );
#4396 = ORIENTED_EDGE('',*,*,#4397,.T.);
#4397 = EDGE_CURVE('',#4370,#4398,#4400,.T.);
#4398 = VERTEX_POINT('',#4399);
#4399 = CARTESIAN_POINT('',(41.209999997831,80.4,0.));
#4400 = SURFACE_CURVE('',#4401,(#4406,#4413),.PCURVE_S1.);
#4401 = CIRCLE('',#4402,5.6);
#4402 = AXIS2_PLACEMENT_3D('',#4403,#4404,#4405);
#4403 = CARTESIAN_POINT('',(41.209999997831,74.8,0.));
#4404 = DIRECTION('',(0.,0.,1.));
#4405 = DIRECTION('',(1.,0.,0.));
#4406 = PCURVE('',#3023,#4407);
#4407 = DEFINITIONAL_REPRESENTATION('',(#4408),#4412);
#4408 = CIRCLE('',#4409,5.6);
#4409 = AXIS2_PLACEMENT_2D('',#4410,#4411);
#4410 = CARTESIAN_POINT('',(35.209999997831,68.8));
#4411 = DIRECTION('',(1.,0.));
#4412 = ( GEOMETRIC_REPRESENTATION_CONTEXT(2) 
PARAMETRIC_REPRESENTATION_CONTEXT() REPRESENTATION_CONTEXT('2D SPACE',''
  ) );
#4413 = PCURVE('',#4414,#4433);
#4414 = B_SPLINE_SURFACE_WITH_KNOTS('',8,1,(
    (#4415,#4416)
    ,(#4417,#4418)
    ,(#4419,#4420)
    ,(#4421,#4422)
    ,(#4423,#4424)
    ,(#4425,#4426)
    ,(#4427,#4428)
    ,(#4429,#4430)
    ,(#4431,#4432
    )),.UNSPECIFIED.,.F.,.F.,.F.,(9,9),(2,2),(0.,1.570796326795),(0.,1.)
  ,.PIECEWISE_BEZIER_KNOTS.);
#4415 = CARTESIAN_POINT('',(46.809999997831,74.8,0.));
#4416 = CARTESIAN_POINT('',(47.20999999796,74.8,0.4));
#4417 = CARTESIAN_POINT('',(46.809999997831,75.899557428756,0.));
#4418 = CARTESIAN_POINT('',(47.20999999796,75.978097245096,0.4));
#4419 = CARTESIAN_POINT('',(46.563259579648,76.999115203624,0.));
#4420 = CARTESIAN_POINT('',(46.945635264193,77.156194861026,0.4));
#4421 = CARTESIAN_POINT('',(46.069781166711,78.034074112276,0.));
#4422 = CARTESIAN_POINT('',(46.416908393188,78.26507940601,0.4));
#4423 = CARTESIAN_POINT('',(45.349849030198,78.939849032368,0.));
#4424 = CARTESIAN_POINT('',(45.645552532639,79.23555253468,0.4));
#4425 = CARTESIAN_POINT('',(44.444074110108,79.65978116888,0.));
#4426 = CARTESIAN_POINT('',(44.67507940397,80.006908395228,0.4));
#4427 = CARTESIAN_POINT('',(43.409115201455,80.153259581817,0.));
#4428 = CARTESIAN_POINT('',(43.566194858985,80.535635266233,0.4));
#4429 = CARTESIAN_POINT('',(42.309557426588,80.4,0.));
#4430 = CARTESIAN_POINT('',(42.388097243056,80.8,0.4));
#4431 = CARTESIAN_POINT('',(41.209999997831,80.4,0.));
#4432 = CARTESIAN_POINT('',(41.20999999796,80.8,0.4));
#4433 = DEFINITIONAL_REPRESENTATION('',(#4434),#4438);
#4434 = LINE('',#4435,#4436);
#4435 = CARTESIAN_POINT('',(0.,0.));
#4436 = VECTOR('',#4437,1.);
#4437 = DIRECTION('',(1.,0.));
#4438 = ( GEOMETRIC_REPRESENTATION_CONTEXT(2) 
PARAMETRIC_REPRESENTATION_CONTEXT() REPRESENTATION_CONTEXT('2D SPACE',''
  ) );
#4439 = ORIENTED_EDGE('',*,*,#4440,.F.);
#4440 = EDGE_CURVE('',#4254,#4398,#4441,.T.);
#4441 = SURFACE_CURVE('',#4442,(#4446,#4453),.PCURVE_S1.);
#4442 = LINE('',#4443,#4444);
#4443 = CARTESIAN_POINT('',(23.605,80.4,0.));
#4444 = VECTOR('',#4445,1.);
#4445 = DIRECTION('',(1.,0.,0.));
#4446 = PCURVE('',#3023,#4447);
#4447 = DEFINITIONAL_REPRESENTATION('',(#4448),#4452);
#4448 = LINE('',#4449,#4450);
#4449 = CARTESIAN_POINT('',(17.605,74.4));
#4450 = VECTOR('',#4451,1.);
#4451 = DIRECTION('',(1.,0.));
#4452 = ( GEOMETRIC_REPRESENTATION_CONTEXT(2) 
PARAMETRIC_REPRESENTATION_CONTEXT() REPRESENTATION_CONTEXT('2D SPACE',''
  ) );
#4453 = PCURVE('',#4239,#4454);
#4454 = DEFINITIONAL_REPRESENTATION('',(#4455),#4459);
#4455 = LINE('',#4456,#4457);
#4456 = CARTESIAN_POINT('',(0.,0.));
#4457 = VECTOR('',#4458,1.);
#4458 = DIRECTION('',(-1.,0.));
#4459 = ( GEOMETRIC_REPRESENTATION_CONTEXT(2) 
PARAMETRIC_REPRESENTATION_CONTEXT() REPRESENTATION_CONTEXT('2D SPACE',''
  ) );
#4460 = ORIENTED_EDGE('',*,*,#4253,.T.);
#4461 = ADVANCED_FACE('',(#4462),#3117,.T.);
#4462 = FACE_BOUND('',#4463,.F.);
#4463 = EDGE_LOOP('',(#4464,#4465,#4466,#4489));
#4464 = ORIENTED_EDGE('',*,*,#4101,.T.);
#4465 = ORIENTED_EDGE('',*,*,#3100,.T.);
#4466 = ORIENTED_EDGE('',*,*,#4467,.F.);
#4467 = EDGE_CURVE('',#4468,#3101,#4470,.T.);
#4468 = VERTEX_POINT('',#4469);
#4469 = CARTESIAN_POINT('',(47.20999999898,6.,0.4));
#4470 = SURFACE_CURVE('',#4471,(#4475,#4482),.PCURVE_S1.);
#4471 = LINE('',#4472,#4473);
#4472 = CARTESIAN_POINT('',(47.20999999898,6.,0.4));
#4473 = VECTOR('',#4474,1.);
#4474 = DIRECTION('',(0.,0.,1.));
#4475 = PCURVE('',#3117,#4476);
#4476 = DEFINITIONAL_REPRESENTATION('',(#4477),#4481);
#4477 = LINE('',#4478,#4479);
#4478 = CARTESIAN_POINT('',(-6.28318530718,0.));
#4479 = VECTOR('',#4480,1.);
#4480 = DIRECTION('',(-0.,-1.));
#4481 = ( GEOMETRIC_REPRESENTATION_CONTEXT(2) 
PARAMETRIC_REPRESENTATION_CONTEXT() REPRESENTATION_CONTEXT('2D SPACE',''
  ) );
#4482 = PCURVE('',#3145,#4483);
#4483 = DEFINITIONAL_REPRESENTATION('',(#4484),#4488);
#4484 = LINE('',#4485,#4486);
#4485 = CARTESIAN_POINT('',(0.,0.));
#4486 = VECTOR('',#4487,1.);
#4487 = DIRECTION('',(0.,-1.));
#4488 = ( GEOMETRIC_REPRESENTATION_CONTEXT(2) 
PARAMETRIC_REPRESENTATION_CONTEXT() REPRESENTATION_CONTEXT('2D SPACE',''
  ) );
#4489 = ORIENTED_EDGE('',*,*,#4490,.F.);
#4490 = EDGE_CURVE('',#4102,#4468,#4491,.T.);
#4491 = SURFACE_CURVE('',#4492,(#4497,#4504),.PCURVE_S1.);
#4492 = CIRCLE('',#4493,6.);
#4493 = AXIS2_PLACEMENT_3D('',#4494,#4495,#4496);
#4494 = CARTESIAN_POINT('',(41.20999999796,6.,0.4));
#4495 = DIRECTION('',(0.,0.,1.));
#4496 = DIRECTION('',(1.,0.,0.));
#4497 = PCURVE('',#3117,#4498);
#4498 = DEFINITIONAL_REPRESENTATION('',(#4499),#4503);
#4499 = LINE('',#4500,#4501);
#4500 = CARTESIAN_POINT('',(-0.,0.));
#4501 = VECTOR('',#4502,1.);
#4502 = DIRECTION('',(-1.,0.));
#4503 = ( GEOMETRIC_REPRESENTATION_CONTEXT(2) 
PARAMETRIC_REPRESENTATION_CONTEXT() REPRESENTATION_CONTEXT('2D SPACE',''
  ) );
#4504 = PCURVE('',#4343,#4505);
#4505 = DEFINITIONAL_REPRESENTATION('',(#4506),#4509);
#4506 = B_SPLINE_CURVE_WITH_KNOTS('',1,(#4507,#4508),.UNSPECIFIED.,.F.,
  .F.,(2,2),(4.712388980385,6.28318530718),.PIECEWISE_BEZIER_KNOTS.);
#4507 = CARTESIAN_POINT('',(4.712388980385,1.));
#4508 = CARTESIAN_POINT('',(6.28318530718,1.));
#4509 = ( GEOMETRIC_REPRESENTATION_CONTEXT(2) 
PARAMETRIC_REPRESENTATION_CONTEXT() REPRESENTATION_CONTEXT('2D SPACE',''
  ) );
#4510 = ADVANCED_FACE('',(#4511),#3174,.T.);
#4511 = FACE_BOUND('',#4512,.F.);
#4512 = EDGE_LOOP('',(#4513,#4536,#4537,#4538));
#4513 = ORIENTED_EDGE('',*,*,#4514,.T.);
#4514 = EDGE_CURVE('',#4515,#3130,#4517,.T.);
#4515 = VERTEX_POINT('',#4516);
#4516 = CARTESIAN_POINT('',(47.20999999898,74.8,0.4));
#4517 = SURFACE_CURVE('',#4518,(#4522,#4529),.PCURVE_S1.);
#4518 = LINE('',#4519,#4520);
#4519 = CARTESIAN_POINT('',(47.20999999898,74.8,0.4));
#4520 = VECTOR('',#4521,1.);
#4521 = DIRECTION('',(0.,0.,1.));
#4522 = PCURVE('',#3174,#4523);
#4523 = DEFINITIONAL_REPRESENTATION('',(#4524),#4528);
#4524 = LINE('',#4525,#4526);
#4525 = CARTESIAN_POINT('',(-0.,0.));
#4526 = VECTOR('',#4527,1.);
#4527 = DIRECTION('',(-0.,-1.));
#4528 = ( GEOMETRIC_REPRESENTATION_CONTEXT(2) 
PARAMETRIC_REPRESENTATION_CONTEXT() REPRESENTATION_CONTEXT('2D SPACE',''
  ) );
#4529 = PCURVE('',#3145,#4530);
#4530 = DEFINITIONAL_REPRESENTATION('',(#4531),#4535);
#4531 = LINE('',#4532,#4533);
#4532 = CARTESIAN_POINT('',(68.8,0.));
#4533 = VECTOR('',#4534,1.);
#4534 = DIRECTION('',(0.,-1.));
#4535 = ( GEOMETRIC_REPRESENTATION_CONTEXT(2) 
PARAMETRIC_REPRESENTATION_CONTEXT() REPRESENTATION_CONTEXT('2D SPACE',''
  ) );
#4536 = ORIENTED_EDGE('',*,*,#3157,.T.);
#4537 = ORIENTED_EDGE('',*,*,#4202,.F.);
#4538 = ORIENTED_EDGE('',*,*,#4539,.F.);
#4539 = EDGE_CURVE('',#4515,#4203,#4540,.T.);
#4540 = SURFACE_CURVE('',#4541,(#4546,#4553),.PCURVE_S1.);
#4541 = CIRCLE('',#4542,6.);
#4542 = AXIS2_PLACEMENT_3D('',#4543,#4544,#4545);
#4543 = CARTESIAN_POINT('',(41.20999999796,74.8,0.4));
#4544 = DIRECTION('',(0.,0.,1.));
#4545 = DIRECTION('',(1.,0.,0.));
#4546 = PCURVE('',#3174,#4547);
#4547 = DEFINITIONAL_REPRESENTATION('',(#4548),#4552);
#4548 = LINE('',#4549,#4550);
#4549 = CARTESIAN_POINT('',(-0.,0.));
#4550 = VECTOR('',#4551,1.);
#4551 = DIRECTION('',(-1.,0.));
#4552 = ( GEOMETRIC_REPRESENTATION_CONTEXT(2) 
PARAMETRIC_REPRESENTATION_CONTEXT() REPRESENTATION_CONTEXT('2D SPACE',''
  ) );
#4553 = PCURVE('',#4414,#4554);
#4554 = DEFINITIONAL_REPRESENTATION('',(#4555),#4558);
#4555 = B_SPLINE_CURVE_WITH_KNOTS('',1,(#4556,#4557),.UNSPECIFIED.,.F.,
  .F.,(2,2),(0.,1.570796326795),.PIECEWISE_BEZIER_KNOTS.);
#4556 = CARTESIAN_POINT('',(0.,1.));
#4557 = CARTESIAN_POINT('',(1.570796326795,1.));
#4558 = ( GEOMETRIC_REPRESENTATION_CONTEXT(2) 
PARAMETRIC_REPRESENTATION_CONTEXT() REPRESENTATION_CONTEXT('2D SPACE',''
  ) );
#4559 = ADVANCED_FACE('',(#4560),#3145,.F.);
#4560 = FACE_BOUND('',#4561,.F.);
#4561 = EDGE_LOOP('',(#4562,#4563,#4564,#4565));
#4562 = ORIENTED_EDGE('',*,*,#4467,.T.);
#4563 = ORIENTED_EDGE('',*,*,#3129,.T.);
#4564 = ORIENTED_EDGE('',*,*,#4514,.F.);
#4565 = ORIENTED_EDGE('',*,*,#4566,.F.);
#4566 = EDGE_CURVE('',#4468,#4515,#4567,.T.);
#4567 = SURFACE_CURVE('',#4568,(#4572,#4579),.PCURVE_S1.);
#4568 = LINE('',#4569,#4570);
#4569 = CARTESIAN_POINT('',(47.21,40.4,0.4));
#4570 = VECTOR('',#4571,1.);
#4571 = DIRECTION('',(0.,1.,0.));
#4572 = PCURVE('',#3145,#4573);
#4573 = DEFINITIONAL_REPRESENTATION('',(#4574),#4578);
#4574 = LINE('',#4575,#4576);
#4575 = CARTESIAN_POINT('',(34.4,0.));
#4576 = VECTOR('',#4577,1.);
#4577 = DIRECTION('',(1.,0.));
#4578 = ( GEOMETRIC_REPRESENTATION_CONTEXT(2) 
PARAMETRIC_REPRESENTATION_CONTEXT() REPRESENTATION_CONTEXT('2D SPACE',''
  ) );
#4579 = PCURVE('',#4385,#4580);
#4580 = DEFINITIONAL_REPRESENTATION('',(#4581),#4585);
#4581 = LINE('',#4582,#4583);
#4582 = CARTESIAN_POINT('',(0.,0.));
#4583 = VECTOR('',#4584,1.);
#4584 = DIRECTION('',(1.,0.));
#4585 = ( GEOMETRIC_REPRESENTATION_CONTEXT(2) 
PARAMETRIC_REPRESENTATION_CONTEXT() REPRESENTATION_CONTEXT('2D SPACE',''
  ) );
#4586 = ADVANCED_FACE('',(#4587),#3228,.F.);
#4587 = FACE_BOUND('',#4588,.F.);
#4588 = EDGE_LOOP('',(#4589,#4590,#4613,#4641,#4662,#4663,#4686,#4714));
#4589 = ORIENTED_EDGE('',*,*,#3210,.F.);
#4590 = ORIENTED_EDGE('',*,*,#4591,.T.);
#4591 = EDGE_CURVE('',#3211,#4592,#4594,.T.);
#4592 = VERTEX_POINT('',#4593);
#4593 = CARTESIAN_POINT('',(6.,2.55,9.3));
#4594 = SURFACE_CURVE('',#4595,(#4599,#4606),.PCURVE_S1.);
#4595 = LINE('',#4596,#4597);
#4596 = CARTESIAN_POINT('',(6.,2.55,2.4));
#4597 = VECTOR('',#4598,1.);
#4598 = DIRECTION('',(0.,0.,1.));
#4599 = PCURVE('',#3228,#4600);
#4600 = DEFINITIONAL_REPRESENTATION('',(#4601),#4605);
#4601 = LINE('',#4602,#4603);
#4602 = CARTESIAN_POINT('',(0.,0.));
#4603 = VECTOR('',#4604,1.);
#4604 = DIRECTION('',(0.,-1.));
#4605 = ( GEOMETRIC_REPRESENTATION_CONTEXT(2) 
PARAMETRIC_REPRESENTATION_CONTEXT() REPRESENTATION_CONTEXT('2D SPACE',''
  ) );
#4606 = PCURVE('',#3261,#4607);
#4607 = DEFINITIONAL_REPRESENTATION('',(#4608),#4612);
#4608 = LINE('',#4609,#4610);
#4609 = CARTESIAN_POINT('',(4.712388980385,0.));
#4610 = VECTOR('',#4611,1.);
#4611 = DIRECTION('',(0.,-1.));
#4612 = ( GEOMETRIC_REPRESENTATION_CONTEXT(2) 
PARAMETRIC_REPRESENTATION_CONTEXT() REPRESENTATION_CONTEXT('2D SPACE',''
  ) );
#4613 = ORIENTED_EDGE('',*,*,#4614,.T.);
#4614 = EDGE_CURVE('',#4592,#4615,#4617,.T.);
#4615 = VERTEX_POINT('',#4616);
#4616 = CARTESIAN_POINT('',(41.2099999968,2.55,9.3));
#4617 = SURFACE_CURVE('',#4618,(#4622,#4629),.PCURVE_S1.);
#4618 = LINE('',#4619,#4620);
#4619 = CARTESIAN_POINT('',(23.605,2.55,9.3));
#4620 = VECTOR('',#4621,1.);
#4621 = DIRECTION('',(1.,0.,0.));
#4622 = PCURVE('',#3228,#4623);
#4623 = DEFINITIONAL_REPRESENTATION('',(#4624),#4628);
#4624 = LINE('',#4625,#4626);
#4625 = CARTESIAN_POINT('',(17.605,-6.9));
#4626 = VECTOR('',#4627,1.);
#4627 = DIRECTION('',(1.,0.));
#4628 = ( GEOMETRIC_REPRESENTATION_CONTEXT(2) 
PARAMETRIC_REPRESENTATION_CONTEXT() REPRESENTATION_CONTEXT('2D SPACE',''
  ) );
#4629 = PCURVE('',#4630,#4635);
#4630 = PLANE('',#4631);
#4631 = AXIS2_PLACEMENT_3D('',#4632,#4633,#4634);
#4632 = CARTESIAN_POINT('',(23.605,3.15,9.9));
#4633 = DIRECTION('',(0.,-0.707106781187,0.707106781187));
#4634 = DIRECTION('',(1.,0.,0.));
#4635 = DEFINITIONAL_REPRESENTATION('',(#4636),#4640);
#4636 = LINE('',#4637,#4638);
#4637 = CARTESIAN_POINT('',(-9.769962616701E-14,-0.848528137424));
#4638 = VECTOR('',#4639,1.);
#4639 = DIRECTION('',(1.,0.));
#4640 = ( GEOMETRIC_REPRESENTATION_CONTEXT(2) 
PARAMETRIC_REPRESENTATION_CONTEXT() REPRESENTATION_CONTEXT('2D SPACE',''
  ) );
#4641 = ORIENTED_EDGE('',*,*,#4642,.F.);
#4642 = EDGE_CURVE('',#3959,#4615,#4643,.T.);
#4643 = SURFACE_CURVE('',#4644,(#4648,#4655),.PCURVE_S1.);
#4644 = LINE('',#4645,#4646);
#4645 = CARTESIAN_POINT('',(41.2099999968,2.55,2.4));
#4646 = VECTOR('',#4647,1.);
#4647 = DIRECTION('',(0.,0.,1.));
#4648 = PCURVE('',#3228,#4649);
#4649 = DEFINITIONAL_REPRESENTATION('',(#4650),#4654);
#4650 = LINE('',#4651,#4652);
#4651 = CARTESIAN_POINT('',(35.2099999968,0.));
#4652 = VECTOR('',#4653,1.);
#4653 = DIRECTION('',(0.,-1.));
#4654 = ( GEOMETRIC_REPRESENTATION_CONTEXT(2) 
PARAMETRIC_REPRESENTATION_CONTEXT() REPRESENTATION_CONTEXT('2D SPACE',''
  ) );
#4655 = PCURVE('',#3979,#4656);
#4656 = DEFINITIONAL_REPRESENTATION('',(#4657),#4661);
#4657 = LINE('',#4658,#4659);
#4658 = CARTESIAN_POINT('',(4.712388980385,0.));
#4659 = VECTOR('',#4660,1.);
#4660 = DIRECTION('',(0.,-1.));
#4661 = ( GEOMETRIC_REPRESENTATION_CONTEXT(2) 
PARAMETRIC_REPRESENTATION_CONTEXT() REPRESENTATION_CONTEXT('2D SPACE',''
  ) );
#4662 = ORIENTED_EDGE('',*,*,#3991,.F.);
#4663 = ORIENTED_EDGE('',*,*,#4664,.T.);
#4664 = EDGE_CURVE('',#3992,#4665,#4667,.T.);
#4665 = VERTEX_POINT('',#4666);
#4666 = CARTESIAN_POINT('',(26.605,2.55,8.8));
#4667 = SURFACE_CURVE('',#4668,(#4672,#4679),.PCURVE_S1.);
#4668 = LINE('',#4669,#4670);
#4669 = CARTESIAN_POINT('',(26.605,2.55,2.4));
#4670 = VECTOR('',#4671,1.);
#4671 = DIRECTION('',(0.,0.,1.));
#4672 = PCURVE('',#3228,#4673);
#4673 = DEFINITIONAL_REPRESENTATION('',(#4674),#4678);
#4674 = LINE('',#4675,#4676);
#4675 = CARTESIAN_POINT('',(20.605,0.));
#4676 = VECTOR('',#4677,1.);
#4677 = DIRECTION('',(0.,-1.));
#4678 = ( GEOMETRIC_REPRESENTATION_CONTEXT(2) 
PARAMETRIC_REPRESENTATION_CONTEXT() REPRESENTATION_CONTEXT('2D SPACE',''
  ) );
#4679 = PCURVE('',#4030,#4680);
#4680 = DEFINITIONAL_REPRESENTATION('',(#4681),#4685);
#4681 = LINE('',#4682,#4683);
#4682 = CARTESIAN_POINT('',(1.030776406404,0.));
#4683 = VECTOR('',#4684,1.);
#4684 = DIRECTION('',(0.,-1.));
#4685 = ( GEOMETRIC_REPRESENTATION_CONTEXT(2) 
PARAMETRIC_REPRESENTATION_CONTEXT() REPRESENTATION_CONTEXT('2D SPACE',''
  ) );
#4686 = ORIENTED_EDGE('',*,*,#4687,.T.);
#4687 = EDGE_CURVE('',#4665,#4688,#4690,.T.);
#4688 = VERTEX_POINT('',#4689);
#4689 = CARTESIAN_POINT('',(20.605,2.55,8.8));
#4690 = SURFACE_CURVE('',#4691,(#4695,#4702),.PCURVE_S1.);
#4691 = LINE('',#4692,#4693);
#4692 = CARTESIAN_POINT('',(26.605,2.55,8.8));
#4693 = VECTOR('',#4694,1.);
#4694 = DIRECTION('',(-1.,1.224646799147E-16,0.));
#4695 = PCURVE('',#3228,#4696);
#4696 = DEFINITIONAL_REPRESENTATION('',(#4697),#4701);
#4697 = LINE('',#4698,#4699);
#4698 = CARTESIAN_POINT('',(20.605,-6.4));
#4699 = VECTOR('',#4700,1.);
#4700 = DIRECTION('',(-1.,0.));
#4701 = ( GEOMETRIC_REPRESENTATION_CONTEXT(2) 
PARAMETRIC_REPRESENTATION_CONTEXT() REPRESENTATION_CONTEXT('2D SPACE',''
  ) );
#4702 = PCURVE('',#4703,#4708);
#4703 = PLANE('',#4704);
#4704 = AXIS2_PLACEMENT_3D('',#4705,#4706,#4707);
#4705 = CARTESIAN_POINT('',(23.605,2.445727016155,8.8));
#4706 = DIRECTION('',(0.,0.,1.));
#4707 = DIRECTION('',(-1.,1.224646799147E-16,0.));
#4708 = DEFINITIONAL_REPRESENTATION('',(#4709),#4713);
#4709 = LINE('',#4710,#4711);
#4710 = CARTESIAN_POINT('',(-3.,-0.104272983845));
#4711 = VECTOR('',#4712,1.);
#4712 = DIRECTION('',(1.,0.));
#4713 = ( GEOMETRIC_REPRESENTATION_CONTEXT(2) 
PARAMETRIC_REPRESENTATION_CONTEXT() REPRESENTATION_CONTEXT('2D SPACE',''
  ) );
#4714 = ORIENTED_EDGE('',*,*,#4715,.F.);
#4715 = EDGE_CURVE('',#3213,#4688,#4716,.T.);
#4716 = SURFACE_CURVE('',#4717,(#4721,#4728),.PCURVE_S1.);
#4717 = LINE('',#4718,#4719);
#4718 = CARTESIAN_POINT('',(20.605,2.55,2.4));
#4719 = VECTOR('',#4720,1.);
#4720 = DIRECTION('',(0.,0.,1.));
#4721 = PCURVE('',#3228,#4722);
#4722 = DEFINITIONAL_REPRESENTATION('',(#4723),#4727);
#4723 = LINE('',#4724,#4725);
#4724 = CARTESIAN_POINT('',(14.605,0.));
#4725 = VECTOR('',#4726,1.);
#4726 = DIRECTION('',(0.,-1.));
#4727 = ( GEOMETRIC_REPRESENTATION_CONTEXT(2) 
PARAMETRIC_REPRESENTATION_CONTEXT() REPRESENTATION_CONTEXT('2D SPACE',''
  ) );
#4728 = PCURVE('',#4084,#4729);
#4729 = DEFINITIONAL_REPRESENTATION('',(#4730),#4734);
#4730 = LINE('',#4731,#4732);
#4731 = CARTESIAN_POINT('',(0.,0.));
#4732 = VECTOR('',#4733,1.);
#4733 = DIRECTION('',(0.,-1.));
#4734 = ( GEOMETRIC_REPRESENTATION_CONTEXT(2) 
PARAMETRIC_REPRESENTATION_CONTEXT() REPRESENTATION_CONTEXT('2D SPACE',''
  ) );
#4735 = ADVANCED_FACE('',(#4736),#4084,.F.);
#4736 = FACE_BOUND('',#4737,.F.);
#4737 = EDGE_LOOP('',(#4738,#4739,#4762,#4783));
#4738 = ORIENTED_EDGE('',*,*,#4715,.T.);
#4739 = ORIENTED_EDGE('',*,*,#4740,.T.);
#4740 = EDGE_CURVE('',#4688,#4741,#4743,.T.);
#4741 = VERTEX_POINT('',#4742);
#4742 = CARTESIAN_POINT('',(21.605,2.3,8.8));
#4743 = SURFACE_CURVE('',#4744,(#4748,#4755),.PCURVE_S1.);
#4744 = LINE('',#4745,#4746);
#4745 = CARTESIAN_POINT('',(20.605,2.55,8.8));
#4746 = VECTOR('',#4747,1.);
#4747 = DIRECTION('',(0.970142500145,-0.242535625036,0.));
#4748 = PCURVE('',#4084,#4749);
#4749 = DEFINITIONAL_REPRESENTATION('',(#4750),#4754);
#4750 = LINE('',#4751,#4752);
#4751 = CARTESIAN_POINT('',(0.,-6.4));
#4752 = VECTOR('',#4753,1.);
#4753 = DIRECTION('',(1.,0.));
#4754 = ( GEOMETRIC_REPRESENTATION_CONTEXT(2) 
PARAMETRIC_REPRESENTATION_CONTEXT() REPRESENTATION_CONTEXT('2D SPACE',''
  ) );
#4755 = PCURVE('',#4703,#4756);
#4756 = DEFINITIONAL_REPRESENTATION('',(#4757),#4761);
#4757 = LINE('',#4758,#4759);
#4758 = CARTESIAN_POINT('',(3.,-0.104272983845));
#4759 = VECTOR('',#4760,1.);
#4760 = DIRECTION('',(-0.970142500145,0.242535625036));
#4761 = ( GEOMETRIC_REPRESENTATION_CONTEXT(2) 
PARAMETRIC_REPRESENTATION_CONTEXT() REPRESENTATION_CONTEXT('2D SPACE',''
  ) );
#4762 = ORIENTED_EDGE('',*,*,#4763,.F.);
#4763 = EDGE_CURVE('',#4043,#4741,#4764,.T.);
#4764 = SURFACE_CURVE('',#4765,(#4769,#4776),.PCURVE_S1.);
#4765 = LINE('',#4766,#4767);
#4766 = CARTESIAN_POINT('',(21.605,2.3,2.4));
#4767 = VECTOR('',#4768,1.);
#4768 = DIRECTION('',(0.,0.,1.));
#4769 = PCURVE('',#4084,#4770);
#4770 = DEFINITIONAL_REPRESENTATION('',(#4771),#4775);
#4771 = LINE('',#4772,#4773);
#4772 = CARTESIAN_POINT('',(1.030776406404,0.));
#4773 = VECTOR('',#4774,1.);
#4774 = DIRECTION('',(0.,-1.));
#4775 = ( GEOMETRIC_REPRESENTATION_CONTEXT(2) 
PARAMETRIC_REPRESENTATION_CONTEXT() REPRESENTATION_CONTEXT('2D SPACE',''
  ) );
#4776 = PCURVE('',#4058,#4777);
#4777 = DEFINITIONAL_REPRESENTATION('',(#4778),#4782);
#4778 = LINE('',#4779,#4780);
#4779 = CARTESIAN_POINT('',(0.,-0.));
#4780 = VECTOR('',#4781,1.);
#4781 = DIRECTION('',(0.,-1.));
#4782 = ( GEOMETRIC_REPRESENTATION_CONTEXT(2) 
PARAMETRIC_REPRESENTATION_CONTEXT() REPRESENTATION_CONTEXT('2D SPACE',''
  ) );
#4783 = ORIENTED_EDGE('',*,*,#4070,.F.);
#4784 = ADVANCED_FACE('',(#4785),#4058,.F.);
#4785 = FACE_BOUND('',#4786,.F.);
#4786 = EDGE_LOOP('',(#4787,#4788,#4811,#4832));
#4787 = ORIENTED_EDGE('',*,*,#4763,.T.);
#4788 = ORIENTED_EDGE('',*,*,#4789,.T.);
#4789 = EDGE_CURVE('',#4741,#4790,#4792,.T.);
#4790 = VERTEX_POINT('',#4791);
#4791 = CARTESIAN_POINT('',(25.605,2.3,8.8));
#4792 = SURFACE_CURVE('',#4793,(#4797,#4804),.PCURVE_S1.);
#4793 = LINE('',#4794,#4795);
#4794 = CARTESIAN_POINT('',(21.605,2.3,8.8));
#4795 = VECTOR('',#4796,1.);
#4796 = DIRECTION('',(1.,-1.224646799147E-16,0.));
#4797 = PCURVE('',#4058,#4798);
#4798 = DEFINITIONAL_REPRESENTATION('',(#4799),#4803);
#4799 = LINE('',#4800,#4801);
#4800 = CARTESIAN_POINT('',(0.,-6.4));
#4801 = VECTOR('',#4802,1.);
#4802 = DIRECTION('',(1.,0.));
#4803 = ( GEOMETRIC_REPRESENTATION_CONTEXT(2) 
PARAMETRIC_REPRESENTATION_CONTEXT() REPRESENTATION_CONTEXT('2D SPACE',''
  ) );
#4804 = PCURVE('',#4703,#4805);
#4805 = DEFINITIONAL_REPRESENTATION('',(#4806),#4810);
#4806 = LINE('',#4807,#4808);
#4807 = CARTESIAN_POINT('',(2.,0.145727016155));
#4808 = VECTOR('',#4809,1.);
#4809 = DIRECTION('',(-1.,0.));
#4810 = ( GEOMETRIC_REPRESENTATION_CONTEXT(2) 
PARAMETRIC_REPRESENTATION_CONTEXT() REPRESENTATION_CONTEXT('2D SPACE',''
  ) );
#4811 = ORIENTED_EDGE('',*,*,#4812,.F.);
#4812 = EDGE_CURVE('',#4015,#4790,#4813,.T.);
#4813 = SURFACE_CURVE('',#4814,(#4818,#4825),.PCURVE_S1.);
#4814 = LINE('',#4815,#4816);
#4815 = CARTESIAN_POINT('',(25.605,2.3,2.4));
#4816 = VECTOR('',#4817,1.);
#4817 = DIRECTION('',(0.,0.,1.));
#4818 = PCURVE('',#4058,#4819);
#4819 = DEFINITIONAL_REPRESENTATION('',(#4820),#4824);
#4820 = LINE('',#4821,#4822);
#4821 = CARTESIAN_POINT('',(4.,0.));
#4822 = VECTOR('',#4823,1.);
#4823 = DIRECTION('',(0.,-1.));
#4824 = ( GEOMETRIC_REPRESENTATION_CONTEXT(2) 
PARAMETRIC_REPRESENTATION_CONTEXT() REPRESENTATION_CONTEXT('2D SPACE',''
  ) );
#4825 = PCURVE('',#4030,#4826);
#4826 = DEFINITIONAL_REPRESENTATION('',(#4827),#4831);
#4827 = LINE('',#4828,#4829);
#4828 = CARTESIAN_POINT('',(0.,0.));
#4829 = VECTOR('',#4830,1.);
#4830 = DIRECTION('',(0.,-1.));
#4831 = ( GEOMETRIC_REPRESENTATION_CONTEXT(2) 
PARAMETRIC_REPRESENTATION_CONTEXT() REPRESENTATION_CONTEXT('2D SPACE',''
  ) );
#4832 = ORIENTED_EDGE('',*,*,#4042,.F.);
#4833 = ADVANCED_FACE('',(#4834),#4030,.F.);
#4834 = FACE_BOUND('',#4835,.F.);
#4835 = EDGE_LOOP('',(#4836,#4837,#4858,#4859));
#4836 = ORIENTED_EDGE('',*,*,#4812,.T.);
#4837 = ORIENTED_EDGE('',*,*,#4838,.T.);
#4838 = EDGE_CURVE('',#4790,#4665,#4839,.T.);
#4839 = SURFACE_CURVE('',#4840,(#4844,#4851),.PCURVE_S1.);
#4840 = LINE('',#4841,#4842);
#4841 = CARTESIAN_POINT('',(25.605,2.3,8.8));
#4842 = VECTOR('',#4843,1.);
#4843 = DIRECTION('',(0.970142500145,0.242535625036,0.));
#4844 = PCURVE('',#4030,#4845);
#4845 = DEFINITIONAL_REPRESENTATION('',(#4846),#4850);
#4846 = LINE('',#4847,#4848);
#4847 = CARTESIAN_POINT('',(0.,-6.4));
#4848 = VECTOR('',#4849,1.);
#4849 = DIRECTION('',(1.,0.));
#4850 = ( GEOMETRIC_REPRESENTATION_CONTEXT(2) 
PARAMETRIC_REPRESENTATION_CONTEXT() REPRESENTATION_CONTEXT('2D SPACE',''
  ) );
#4851 = PCURVE('',#4703,#4852);
#4852 = DEFINITIONAL_REPRESENTATION('',(#4853),#4857);
#4853 = LINE('',#4854,#4855);
#4854 = CARTESIAN_POINT('',(-2.,0.145727016155));
#4855 = VECTOR('',#4856,1.);
#4856 = DIRECTION('',(-0.970142500145,-0.242535625036));
#4857 = ( GEOMETRIC_REPRESENTATION_CONTEXT(2) 
PARAMETRIC_REPRESENTATION_CONTEXT() REPRESENTATION_CONTEXT('2D SPACE',''
  ) );
#4858 = ORIENTED_EDGE('',*,*,#4664,.F.);
#4859 = ORIENTED_EDGE('',*,*,#4014,.F.);
#4860 = ADVANCED_FACE('',(#4861),#3979,.T.);
#4861 = FACE_BOUND('',#4862,.T.);
#4862 = EDGE_LOOP('',(#4863,#4886,#4926,#4927));
#4863 = ORIENTED_EDGE('',*,*,#4864,.T.);
#4864 = EDGE_CURVE('',#3936,#4865,#4867,.T.);
#4865 = VERTEX_POINT('',#4866);
#4866 = CARTESIAN_POINT('',(44.6599999984,6.,9.3));
#4867 = SURFACE_CURVE('',#4868,(#4872,#4879),.PCURVE_S1.);
#4868 = LINE('',#4869,#4870);
#4869 = CARTESIAN_POINT('',(44.6599999984,6.,2.4));
#4870 = VECTOR('',#4871,1.);
#4871 = DIRECTION('',(0.,0.,1.));
#4872 = PCURVE('',#3979,#4873);
#4873 = DEFINITIONAL_REPRESENTATION('',(#4874),#4878);
#4874 = LINE('',#4875,#4876);
#4875 = CARTESIAN_POINT('',(3.14159265359,0.));
#4876 = VECTOR('',#4877,1.);
#4877 = DIRECTION('',(0.,-1.));
#4878 = ( GEOMETRIC_REPRESENTATION_CONTEXT(2) 
PARAMETRIC_REPRESENTATION_CONTEXT() REPRESENTATION_CONTEXT('2D SPACE',''
  ) );
#4879 = PCURVE('',#3732,#4880);
#4880 = DEFINITIONAL_REPRESENTATION('',(#4881),#4885);
#4881 = LINE('',#4882,#4883);
#4882 = CARTESIAN_POINT('',(0.,0.));
#4883 = VECTOR('',#4884,1.);
#4884 = DIRECTION('',(0.,-1.));
#4885 = ( GEOMETRIC_REPRESENTATION_CONTEXT(2) 
PARAMETRIC_REPRESENTATION_CONTEXT() REPRESENTATION_CONTEXT('2D SPACE',''
  ) );
#4886 = ORIENTED_EDGE('',*,*,#4887,.T.);
#4887 = EDGE_CURVE('',#4865,#4615,#4888,.T.);
#4888 = SURFACE_CURVE('',#4889,(#4894,#4901),.PCURVE_S1.);
#4889 = CIRCLE('',#4890,3.45);
#4890 = AXIS2_PLACEMENT_3D('',#4891,#4892,#4893);
#4891 = CARTESIAN_POINT('',(41.2099999968,6.,9.3));
#4892 = DIRECTION('',(0.,0.,-1.));
#4893 = DIRECTION('',(-1.,0.,0.));
#4894 = PCURVE('',#3979,#4895);
#4895 = DEFINITIONAL_REPRESENTATION('',(#4896),#4900);
#4896 = LINE('',#4897,#4898);
#4897 = CARTESIAN_POINT('',(0.,-6.9));
#4898 = VECTOR('',#4899,1.);
#4899 = DIRECTION('',(1.,0.));
#4900 = ( GEOMETRIC_REPRESENTATION_CONTEXT(2) 
PARAMETRIC_REPRESENTATION_CONTEXT() REPRESENTATION_CONTEXT('2D SPACE',''
  ) );
#4901 = PCURVE('',#4902,#4921);
#4902 = B_SPLINE_SURFACE_WITH_KNOTS('',8,1,(
    (#4903,#4904)
    ,(#4905,#4906)
    ,(#4907,#4908)
    ,(#4909,#4910)
    ,(#4911,#4912)
    ,(#4913,#4914)
    ,(#4915,#4916)
    ,(#4917,#4918)
    ,(#4919,#4920
    )),.UNSPECIFIED.,.F.,.F.,.F.,(9,9),(2,2),(1.570796326795,
    3.14159265359),(0.,1.),.PIECEWISE_BEZIER_KNOTS.);
#4903 = CARTESIAN_POINT('',(41.2099999968,2.55,9.3));
#4904 = CARTESIAN_POINT('',(41.209999996338,3.15,9.9));
#4905 = CARTESIAN_POINT('',(41.88740591273,2.55,9.3));
#4906 = CARTESIAN_POINT('',(41.769596187759,3.15,9.9));
#4907 = CARTESIAN_POINT('',(42.564812041889,2.702009721916,9.3));
#4908 = CARTESIAN_POINT('',(42.329192555326,3.275573248539,9.9));
#4909 = CARTESIAN_POINT('',(43.202420655256,3.006027672744,9.3));
#4910 = CARTESIAN_POINT('',(42.855912714193,3.526718512267,9.9));
#4911 = CARTESIAN_POINT('',(43.76044270424,3.449557292559,9.3));
#4912 = CARTESIAN_POINT('',(43.316887450312,3.893112546026,9.9));
#4913 = CARTESIAN_POINT('',(44.203972324056,4.007579341545,9.3));
#4914 = CARTESIAN_POINT('',(43.683281484071,4.354087282146,9.9));
#4915 = CARTESIAN_POINT('',(44.507990274883,4.64518795491,9.3));
#4916 = CARTESIAN_POINT('',(43.934426747799,4.880807441013,9.9));
#4917 = CARTESIAN_POINT('',(44.6599999968,5.32259408407,9.3));
#4918 = CARTESIAN_POINT('',(44.059999996338,5.440403808579,9.9));
#4919 = CARTESIAN_POINT('',(44.6599999968,6.,9.3));
#4920 = CARTESIAN_POINT('',(44.059999996338,6.,9.9));
#4921 = DEFINITIONAL_REPRESENTATION('',(#4922),#4925);
#4922 = B_SPLINE_CURVE_WITH_KNOTS('',1,(#4923,#4924),.UNSPECIFIED.,.F.,
  .F.,(2,2),(3.14159265359,4.712388980385),.PIECEWISE_BEZIER_KNOTS.);
#4923 = CARTESIAN_POINT('',(3.14159265359,0.));
#4924 = CARTESIAN_POINT('',(1.570796326795,0.));
#4925 = ( GEOMETRIC_REPRESENTATION_CONTEXT(2) 
PARAMETRIC_REPRESENTATION_CONTEXT() REPRESENTATION_CONTEXT('2D SPACE',''
  ) );
#4926 = ORIENTED_EDGE('',*,*,#4642,.F.);
#4927 = ORIENTED_EDGE('',*,*,#3958,.F.);
#4928 = ADVANCED_FACE('',(#4929),#3732,.F.);
#4929 = FACE_BOUND('',#4930,.F.);
#4930 = EDGE_LOOP('',(#4931,#4932,#4933,#4961,#4982,#4983,#5006,#5034,
    #5055,#5056,#5079,#5107));
#4931 = ORIENTED_EDGE('',*,*,#3935,.F.);
#4932 = ORIENTED_EDGE('',*,*,#4864,.T.);
#4933 = ORIENTED_EDGE('',*,*,#4934,.T.);
#4934 = EDGE_CURVE('',#4865,#4935,#4937,.T.);
#4935 = VERTEX_POINT('',#4936);
#4936 = CARTESIAN_POINT('',(44.6599999984,74.8,9.3));
#4937 = SURFACE_CURVE('',#4938,(#4942,#4949),.PCURVE_S1.);
#4938 = LINE('',#4939,#4940);
#4939 = CARTESIAN_POINT('',(44.66,40.4,9.3));
#4940 = VECTOR('',#4941,1.);
#4941 = DIRECTION('',(0.,1.,0.));
#4942 = PCURVE('',#3732,#4943);
#4943 = DEFINITIONAL_REPRESENTATION('',(#4944),#4948);
#4944 = LINE('',#4945,#4946);
#4945 = CARTESIAN_POINT('',(34.4,-6.9));
#4946 = VECTOR('',#4947,1.);
#4947 = DIRECTION('',(1.,0.));
#4948 = ( GEOMETRIC_REPRESENTATION_CONTEXT(2) 
PARAMETRIC_REPRESENTATION_CONTEXT() REPRESENTATION_CONTEXT('2D SPACE',''
  ) );
#4949 = PCURVE('',#4950,#4955);
#4950 = PLANE('',#4951);
#4951 = AXIS2_PLACEMENT_3D('',#4952,#4953,#4954);
#4952 = CARTESIAN_POINT('',(44.06,40.4,9.9));
#4953 = DIRECTION('',(0.707106781187,-0.,0.707106781186));
#4954 = DIRECTION('',(0.,1.,0.));
#4955 = DEFINITIONAL_REPRESENTATION('',(#4956),#4960);
#4956 = LINE('',#4957,#4958);
#4957 = CARTESIAN_POINT('',(3.552713678801E-15,-0.848528137424));
#4958 = VECTOR('',#4959,1.);
#4959 = DIRECTION('',(1.,0.));
#4960 = ( GEOMETRIC_REPRESENTATION_CONTEXT(2) 
PARAMETRIC_REPRESENTATION_CONTEXT() REPRESENTATION_CONTEXT('2D SPACE',''
  ) );
#4961 = ORIENTED_EDGE('',*,*,#4962,.F.);
#4962 = EDGE_CURVE('',#3684,#4935,#4963,.T.);
#4963 = SURFACE_CURVE('',#4964,(#4968,#4975),.PCURVE_S1.);
#4964 = LINE('',#4965,#4966);
#4965 = CARTESIAN_POINT('',(44.6599999984,74.8,2.4));
#4966 = VECTOR('',#4967,1.);
#4967 = DIRECTION('',(0.,0.,1.));
#4968 = PCURVE('',#3732,#4969);
#4969 = DEFINITIONAL_REPRESENTATION('',(#4970),#4974);
#4970 = LINE('',#4971,#4972);
#4971 = CARTESIAN_POINT('',(68.8,0.));
#4972 = VECTOR('',#4973,1.);
#4973 = DIRECTION('',(0.,-1.));
#4974 = ( GEOMETRIC_REPRESENTATION_CONTEXT(2) 
PARAMETRIC_REPRESENTATION_CONTEXT() REPRESENTATION_CONTEXT('2D SPACE',''
  ) );
#4975 = PCURVE('',#3704,#4976);
#4976 = DEFINITIONAL_REPRESENTATION('',(#4977),#4981);
#4977 = LINE('',#4978,#4979);
#4978 = CARTESIAN_POINT('',(3.14159265359,0.));
#4979 = VECTOR('',#4980,1.);
#4980 = DIRECTION('',(0.,-1.));
#4981 = ( GEOMETRIC_REPRESENTATION_CONTEXT(2) 
PARAMETRIC_REPRESENTATION_CONTEXT() REPRESENTATION_CONTEXT('2D SPACE',''
  ) );
#4982 = ORIENTED_EDGE('',*,*,#3716,.F.);
#4983 = ORIENTED_EDGE('',*,*,#4984,.T.);
#4984 = EDGE_CURVE('',#3717,#4985,#4987,.T.);
#4985 = VERTEX_POINT('',#4986);
#4986 = CARTESIAN_POINT('',(44.66,58.4,8.8));
#4987 = SURFACE_CURVE('',#4988,(#4992,#4999),.PCURVE_S1.);
#4988 = LINE('',#4989,#4990);
#4989 = CARTESIAN_POINT('',(44.66,58.4,2.4));
#4990 = VECTOR('',#4991,1.);
#4991 = DIRECTION('',(0.,0.,1.));
#4992 = PCURVE('',#3732,#4993);
#4993 = DEFINITIONAL_REPRESENTATION('',(#4994),#4998);
#4994 = LINE('',#4995,#4996);
#4995 = CARTESIAN_POINT('',(52.4,0.));
#4996 = VECTOR('',#4997,1.);
#4997 = DIRECTION('',(0.,-1.));
#4998 = ( GEOMETRIC_REPRESENTATION_CONTEXT(2) 
PARAMETRIC_REPRESENTATION_CONTEXT() REPRESENTATION_CONTEXT('2D SPACE',''
  ) );
#4999 = PCURVE('',#3760,#5000);
#5000 = DEFINITIONAL_REPRESENTATION('',(#5001),#5005);
#5001 = LINE('',#5002,#5003);
#5002 = CARTESIAN_POINT('',(1.030776406404,0.));
#5003 = VECTOR('',#5004,1.);
#5004 = DIRECTION('',(0.,-1.));
#5005 = ( GEOMETRIC_REPRESENTATION_CONTEXT(2) 
PARAMETRIC_REPRESENTATION_CONTEXT() REPRESENTATION_CONTEXT('2D SPACE',''
  ) );
#5006 = ORIENTED_EDGE('',*,*,#5007,.T.);
#5007 = EDGE_CURVE('',#4985,#5008,#5010,.T.);
#5008 = VERTEX_POINT('',#5009);
#5009 = CARTESIAN_POINT('',(44.66,52.4,8.8));
#5010 = SURFACE_CURVE('',#5011,(#5015,#5022),.PCURVE_S1.);
#5011 = LINE('',#5012,#5013);
#5012 = CARTESIAN_POINT('',(44.66,58.4,8.8));
#5013 = VECTOR('',#5014,1.);
#5014 = DIRECTION('',(2.22044604925E-16,-1.,0.));
#5015 = PCURVE('',#3732,#5016);
#5016 = DEFINITIONAL_REPRESENTATION('',(#5017),#5021);
#5017 = LINE('',#5018,#5019);
#5018 = CARTESIAN_POINT('',(52.4,-6.4));
#5019 = VECTOR('',#5020,1.);
#5020 = DIRECTION('',(-1.,0.));
#5021 = ( GEOMETRIC_REPRESENTATION_CONTEXT(2) 
PARAMETRIC_REPRESENTATION_CONTEXT() REPRESENTATION_CONTEXT('2D SPACE',''
  ) );
#5022 = PCURVE('',#5023,#5028);
#5023 = PLANE('',#5024);
#5024 = AXIS2_PLACEMENT_3D('',#5025,#5026,#5027);
#5025 = CARTESIAN_POINT('',(44.764272983845,55.4,8.8));
#5026 = DIRECTION('',(0.,0.,1.));
#5027 = DIRECTION('',(2.22044604925E-16,-1.,0.));
#5028 = DEFINITIONAL_REPRESENTATION('',(#5029),#5033);
#5029 = LINE('',#5030,#5031);
#5030 = CARTESIAN_POINT('',(-3.,-0.104272983845));
#5031 = VECTOR('',#5032,1.);
#5032 = DIRECTION('',(1.,0.));
#5033 = ( GEOMETRIC_REPRESENTATION_CONTEXT(2) 
PARAMETRIC_REPRESENTATION_CONTEXT() REPRESENTATION_CONTEXT('2D SPACE',''
  ) );
#5034 = ORIENTED_EDGE('',*,*,#5035,.F.);
#5035 = EDGE_CURVE('',#3801,#5008,#5036,.T.);
#5036 = SURFACE_CURVE('',#5037,(#5041,#5048),.PCURVE_S1.);
#5037 = LINE('',#5038,#5039);
#5038 = CARTESIAN_POINT('',(44.66,52.4,2.4));
#5039 = VECTOR('',#5040,1.);
#5040 = DIRECTION('',(0.,0.,1.));
#5041 = PCURVE('',#3732,#5042);
#5042 = DEFINITIONAL_REPRESENTATION('',(#5043),#5047);
#5043 = LINE('',#5044,#5045);
#5044 = CARTESIAN_POINT('',(46.4,0.));
#5045 = VECTOR('',#5046,1.);
#5046 = DIRECTION('',(0.,-1.));
#5047 = ( GEOMETRIC_REPRESENTATION_CONTEXT(2) 
PARAMETRIC_REPRESENTATION_CONTEXT() REPRESENTATION_CONTEXT('2D SPACE',''
  ) );
#5048 = PCURVE('',#3816,#5049);
#5049 = DEFINITIONAL_REPRESENTATION('',(#5050),#5054);
#5050 = LINE('',#5051,#5052);
#5051 = CARTESIAN_POINT('',(0.,0.));
#5052 = VECTOR('',#5053,1.);
#5053 = DIRECTION('',(0.,-1.));
#5054 = ( GEOMETRIC_REPRESENTATION_CONTEXT(2) 
PARAMETRIC_REPRESENTATION_CONTEXT() REPRESENTATION_CONTEXT('2D SPACE',''
  ) );
#5055 = ORIENTED_EDGE('',*,*,#3828,.F.);
#5056 = ORIENTED_EDGE('',*,*,#5057,.T.);
#5057 = EDGE_CURVE('',#3829,#5058,#5060,.T.);
#5058 = VERTEX_POINT('',#5059);
#5059 = CARTESIAN_POINT('',(44.66,28.4,8.8));
#5060 = SURFACE_CURVE('',#5061,(#5065,#5072),.PCURVE_S1.);
#5061 = LINE('',#5062,#5063);
#5062 = CARTESIAN_POINT('',(44.66,28.4,2.4));
#5063 = VECTOR('',#5064,1.);
#5064 = DIRECTION('',(0.,0.,1.));
#5065 = PCURVE('',#3732,#5066);
#5066 = DEFINITIONAL_REPRESENTATION('',(#5067),#5071);
#5067 = LINE('',#5068,#5069);
#5068 = CARTESIAN_POINT('',(22.4,0.));
#5069 = VECTOR('',#5070,1.);
#5070 = DIRECTION('',(0.,-1.));
#5071 = ( GEOMETRIC_REPRESENTATION_CONTEXT(2) 
PARAMETRIC_REPRESENTATION_CONTEXT() REPRESENTATION_CONTEXT('2D SPACE',''
  ) );
#5072 = PCURVE('',#3867,#5073);
#5073 = DEFINITIONAL_REPRESENTATION('',(#5074),#5078);
#5074 = LINE('',#5075,#5076);
#5075 = CARTESIAN_POINT('',(1.030776406404,0.));
#5076 = VECTOR('',#5077,1.);
#5077 = DIRECTION('',(0.,-1.));
#5078 = ( GEOMETRIC_REPRESENTATION_CONTEXT(2) 
PARAMETRIC_REPRESENTATION_CONTEXT() REPRESENTATION_CONTEXT('2D SPACE',''
  ) );
#5079 = ORIENTED_EDGE('',*,*,#5080,.T.);
#5080 = EDGE_CURVE('',#5058,#5081,#5083,.T.);
#5081 = VERTEX_POINT('',#5082);
#5082 = CARTESIAN_POINT('',(44.66,22.4,8.8));
#5083 = SURFACE_CURVE('',#5084,(#5088,#5095),.PCURVE_S1.);
#5084 = LINE('',#5085,#5086);
#5085 = CARTESIAN_POINT('',(44.66,28.4,8.8));
#5086 = VECTOR('',#5087,1.);
#5087 = DIRECTION('',(2.22044604925E-16,-1.,0.));
#5088 = PCURVE('',#3732,#5089);
#5089 = DEFINITIONAL_REPRESENTATION('',(#5090),#5094);
#5090 = LINE('',#5091,#5092);
#5091 = CARTESIAN_POINT('',(22.4,-6.4));
#5092 = VECTOR('',#5093,1.);
#5093 = DIRECTION('',(-1.,0.));
#5094 = ( GEOMETRIC_REPRESENTATION_CONTEXT(2) 
PARAMETRIC_REPRESENTATION_CONTEXT() REPRESENTATION_CONTEXT('2D SPACE',''
  ) );
#5095 = PCURVE('',#5096,#5101);
#5096 = PLANE('',#5097);
#5097 = AXIS2_PLACEMENT_3D('',#5098,#5099,#5100);
#5098 = CARTESIAN_POINT('',(44.764272983845,25.4,8.8));
#5099 = DIRECTION('',(0.,0.,1.));
#5100 = DIRECTION('',(2.22044604925E-16,-1.,0.));
#5101 = DEFINITIONAL_REPRESENTATION('',(#5102),#5106);
#5102 = LINE('',#5103,#5104);
#5103 = CARTESIAN_POINT('',(-3.,-0.104272983845));
#5104 = VECTOR('',#5105,1.);
#5105 = DIRECTION('',(1.,0.));
#5106 = ( GEOMETRIC_REPRESENTATION_CONTEXT(2) 
PARAMETRIC_REPRESENTATION_CONTEXT() REPRESENTATION_CONTEXT('2D SPACE',''
  ) );
#5107 = ORIENTED_EDGE('',*,*,#5108,.F.);
#5108 = EDGE_CURVE('',#3908,#5081,#5109,.T.);
#5109 = SURFACE_CURVE('',#5110,(#5114,#5121),.PCURVE_S1.);
#5110 = LINE('',#5111,#5112);
#5111 = CARTESIAN_POINT('',(44.66,22.4,2.4));
#5112 = VECTOR('',#5113,1.);
#5113 = DIRECTION('',(0.,0.,1.));
#5114 = PCURVE('',#3732,#5115);
#5115 = DEFINITIONAL_REPRESENTATION('',(#5116),#5120);
#5116 = LINE('',#5117,#5118);
#5117 = CARTESIAN_POINT('',(16.4,0.));
#5118 = VECTOR('',#5119,1.);
#5119 = DIRECTION('',(0.,-1.));
#5120 = ( GEOMETRIC_REPRESENTATION_CONTEXT(2) 
PARAMETRIC_REPRESENTATION_CONTEXT() REPRESENTATION_CONTEXT('2D SPACE',''
  ) );
#5121 = PCURVE('',#3923,#5122);
#5122 = DEFINITIONAL_REPRESENTATION('',(#5123),#5127);
#5123 = LINE('',#5124,#5125);
#5124 = CARTESIAN_POINT('',(0.,0.));
#5125 = VECTOR('',#5126,1.);
#5126 = DIRECTION('',(0.,-1.));
#5127 = ( GEOMETRIC_REPRESENTATION_CONTEXT(2) 
PARAMETRIC_REPRESENTATION_CONTEXT() REPRESENTATION_CONTEXT('2D SPACE',''
  ) );
#5128 = ADVANCED_FACE('',(#5129),#3923,.F.);
#5129 = FACE_BOUND('',#5130,.F.);
#5130 = EDGE_LOOP('',(#5131,#5132,#5155,#5176));
#5131 = ORIENTED_EDGE('',*,*,#5108,.T.);
#5132 = ORIENTED_EDGE('',*,*,#5133,.T.);
#5133 = EDGE_CURVE('',#5081,#5134,#5136,.T.);
#5134 = VERTEX_POINT('',#5135);
#5135 = CARTESIAN_POINT('',(44.91,23.4,8.8));
#5136 = SURFACE_CURVE('',#5137,(#5141,#5148),.PCURVE_S1.);
#5137 = LINE('',#5138,#5139);
#5138 = CARTESIAN_POINT('',(44.66,22.4,8.8));
#5139 = VECTOR('',#5140,1.);
#5140 = DIRECTION('',(0.242535625036,0.970142500145,0.));
#5141 = PCURVE('',#3923,#5142);
#5142 = DEFINITIONAL_REPRESENTATION('',(#5143),#5147);
#5143 = LINE('',#5144,#5145);
#5144 = CARTESIAN_POINT('',(0.,-6.4));
#5145 = VECTOR('',#5146,1.);
#5146 = DIRECTION('',(1.,0.));
#5147 = ( GEOMETRIC_REPRESENTATION_CONTEXT(2) 
PARAMETRIC_REPRESENTATION_CONTEXT() REPRESENTATION_CONTEXT('2D SPACE',''
  ) );
#5148 = PCURVE('',#5096,#5149);
#5149 = DEFINITIONAL_REPRESENTATION('',(#5150),#5154);
#5150 = LINE('',#5151,#5152);
#5151 = CARTESIAN_POINT('',(3.,-0.104272983845));
#5152 = VECTOR('',#5153,1.);
#5153 = DIRECTION('',(-0.970142500145,0.242535625036));
#5154 = ( GEOMETRIC_REPRESENTATION_CONTEXT(2) 
PARAMETRIC_REPRESENTATION_CONTEXT() REPRESENTATION_CONTEXT('2D SPACE',''
  ) );
#5155 = ORIENTED_EDGE('',*,*,#5156,.F.);
#5156 = EDGE_CURVE('',#3880,#5134,#5157,.T.);
#5157 = SURFACE_CURVE('',#5158,(#5162,#5169),.PCURVE_S1.);
#5158 = LINE('',#5159,#5160);
#5159 = CARTESIAN_POINT('',(44.91,23.4,2.4));
#5160 = VECTOR('',#5161,1.);
#5161 = DIRECTION('',(0.,0.,1.));
#5162 = PCURVE('',#3923,#5163);
#5163 = DEFINITIONAL_REPRESENTATION('',(#5164),#5168);
#5164 = LINE('',#5165,#5166);
#5165 = CARTESIAN_POINT('',(1.030776406404,0.));
#5166 = VECTOR('',#5167,1.);
#5167 = DIRECTION('',(0.,-1.));
#5168 = ( GEOMETRIC_REPRESENTATION_CONTEXT(2) 
PARAMETRIC_REPRESENTATION_CONTEXT() REPRESENTATION_CONTEXT('2D SPACE',''
  ) );
#5169 = PCURVE('',#3895,#5170);
#5170 = DEFINITIONAL_REPRESENTATION('',(#5171),#5175);
#5171 = LINE('',#5172,#5173);
#5172 = CARTESIAN_POINT('',(0.,-0.));
#5173 = VECTOR('',#5174,1.);
#5174 = DIRECTION('',(0.,-1.));
#5175 = ( GEOMETRIC_REPRESENTATION_CONTEXT(2) 
PARAMETRIC_REPRESENTATION_CONTEXT() REPRESENTATION_CONTEXT('2D SPACE',''
  ) );
#5176 = ORIENTED_EDGE('',*,*,#3907,.F.);
#5177 = ADVANCED_FACE('',(#5178),#3895,.F.);
#5178 = FACE_BOUND('',#5179,.F.);
#5179 = EDGE_LOOP('',(#5180,#5181,#5204,#5225));
#5180 = ORIENTED_EDGE('',*,*,#5156,.T.);
#5181 = ORIENTED_EDGE('',*,*,#5182,.T.);
#5182 = EDGE_CURVE('',#5134,#5183,#5185,.T.);
#5183 = VERTEX_POINT('',#5184);
#5184 = CARTESIAN_POINT('',(44.91,27.4,8.8));
#5185 = SURFACE_CURVE('',#5186,(#5190,#5197),.PCURVE_S1.);
#5186 = LINE('',#5187,#5188);
#5187 = CARTESIAN_POINT('',(44.91,23.4,8.8));
#5188 = VECTOR('',#5189,1.);
#5189 = DIRECTION('',(-2.22044604925E-16,1.,0.));
#5190 = PCURVE('',#3895,#5191);
#5191 = DEFINITIONAL_REPRESENTATION('',(#5192),#5196);
#5192 = LINE('',#5193,#5194);
#5193 = CARTESIAN_POINT('',(0.,-6.4));
#5194 = VECTOR('',#5195,1.);
#5195 = DIRECTION('',(1.,0.));
#5196 = ( GEOMETRIC_REPRESENTATION_CONTEXT(2) 
PARAMETRIC_REPRESENTATION_CONTEXT() REPRESENTATION_CONTEXT('2D SPACE',''
  ) );
#5197 = PCURVE('',#5096,#5198);
#5198 = DEFINITIONAL_REPRESENTATION('',(#5199),#5203);
#5199 = LINE('',#5200,#5201);
#5200 = CARTESIAN_POINT('',(2.,0.145727016155));
#5201 = VECTOR('',#5202,1.);
#5202 = DIRECTION('',(-1.,0.));
#5203 = ( GEOMETRIC_REPRESENTATION_CONTEXT(2) 
PARAMETRIC_REPRESENTATION_CONTEXT() REPRESENTATION_CONTEXT('2D SPACE',''
  ) );
#5204 = ORIENTED_EDGE('',*,*,#5205,.F.);
#5205 = EDGE_CURVE('',#3852,#5183,#5206,.T.);
#5206 = SURFACE_CURVE('',#5207,(#5211,#5218),.PCURVE_S1.);
#5207 = LINE('',#5208,#5209);
#5208 = CARTESIAN_POINT('',(44.91,27.4,2.4));
#5209 = VECTOR('',#5210,1.);
#5210 = DIRECTION('',(0.,0.,1.));
#5211 = PCURVE('',#3895,#5212);
#5212 = DEFINITIONAL_REPRESENTATION('',(#5213),#5217);
#5213 = LINE('',#5214,#5215);
#5214 = CARTESIAN_POINT('',(4.,0.));
#5215 = VECTOR('',#5216,1.);
#5216 = DIRECTION('',(0.,-1.));
#5217 = ( GEOMETRIC_REPRESENTATION_CONTEXT(2) 
PARAMETRIC_REPRESENTATION_CONTEXT() REPRESENTATION_CONTEXT('2D SPACE',''
  ) );
#5218 = PCURVE('',#3867,#5219);
#5219 = DEFINITIONAL_REPRESENTATION('',(#5220),#5224);
#5220 = LINE('',#5221,#5222);
#5221 = CARTESIAN_POINT('',(0.,0.));
#5222 = VECTOR('',#5223,1.);
#5223 = DIRECTION('',(0.,-1.));
#5224 = ( GEOMETRIC_REPRESENTATION_CONTEXT(2) 
PARAMETRIC_REPRESENTATION_CONTEXT() REPRESENTATION_CONTEXT('2D SPACE',''
  ) );
#5225 = ORIENTED_EDGE('',*,*,#3879,.F.);
#5226 = ADVANCED_FACE('',(#5227),#3867,.F.);
#5227 = FACE_BOUND('',#5228,.F.);
#5228 = EDGE_LOOP('',(#5229,#5230,#5251,#5252));
#5229 = ORIENTED_EDGE('',*,*,#5205,.T.);
#5230 = ORIENTED_EDGE('',*,*,#5231,.T.);
#5231 = EDGE_CURVE('',#5183,#5058,#5232,.T.);
#5232 = SURFACE_CURVE('',#5233,(#5237,#5244),.PCURVE_S1.);
#5233 = LINE('',#5234,#5235);
#5234 = CARTESIAN_POINT('',(44.91,27.4,8.8));
#5235 = VECTOR('',#5236,1.);
#5236 = DIRECTION('',(-0.242535625036,0.970142500145,0.));
#5237 = PCURVE('',#3867,#5238);
#5238 = DEFINITIONAL_REPRESENTATION('',(#5239),#5243);
#5239 = LINE('',#5240,#5241);
#5240 = CARTESIAN_POINT('',(0.,-6.4));
#5241 = VECTOR('',#5242,1.);
#5242 = DIRECTION('',(1.,0.));
#5243 = ( GEOMETRIC_REPRESENTATION_CONTEXT(2) 
PARAMETRIC_REPRESENTATION_CONTEXT() REPRESENTATION_CONTEXT('2D SPACE',''
  ) );
#5244 = PCURVE('',#5096,#5245);
#5245 = DEFINITIONAL_REPRESENTATION('',(#5246),#5250);
#5246 = LINE('',#5247,#5248);
#5247 = CARTESIAN_POINT('',(-2.,0.145727016155));
#5248 = VECTOR('',#5249,1.);
#5249 = DIRECTION('',(-0.970142500145,-0.242535625036));
#5250 = ( GEOMETRIC_REPRESENTATION_CONTEXT(2) 
PARAMETRIC_REPRESENTATION_CONTEXT() REPRESENTATION_CONTEXT('2D SPACE',''
  ) );
#5251 = ORIENTED_EDGE('',*,*,#5057,.F.);
#5252 = ORIENTED_EDGE('',*,*,#3851,.F.);
#5253 = ADVANCED_FACE('',(#5254),#3816,.F.);
#5254 = FACE_BOUND('',#5255,.F.);
#5255 = EDGE_LOOP('',(#5256,#5257,#5280,#5301));
#5256 = ORIENTED_EDGE('',*,*,#5035,.T.);
#5257 = ORIENTED_EDGE('',*,*,#5258,.T.);
#5258 = EDGE_CURVE('',#5008,#5259,#5261,.T.);
#5259 = VERTEX_POINT('',#5260);
#5260 = CARTESIAN_POINT('',(44.91,53.4,8.8));
#5261 = SURFACE_CURVE('',#5262,(#5266,#5273),.PCURVE_S1.);
#5262 = LINE('',#5263,#5264);
#5263 = CARTESIAN_POINT('',(44.66,52.4,8.8));
#5264 = VECTOR('',#5265,1.);
#5265 = DIRECTION('',(0.242535625036,0.970142500145,0.));
#5266 = PCURVE('',#3816,#5267);
#5267 = DEFINITIONAL_REPRESENTATION('',(#5268),#5272);
#5268 = LINE('',#5269,#5270);
#5269 = CARTESIAN_POINT('',(0.,-6.4));
#5270 = VECTOR('',#5271,1.);
#5271 = DIRECTION('',(1.,0.));
#5272 = ( GEOMETRIC_REPRESENTATION_CONTEXT(2) 
PARAMETRIC_REPRESENTATION_CONTEXT() REPRESENTATION_CONTEXT('2D SPACE',''
  ) );
#5273 = PCURVE('',#5023,#5274);
#5274 = DEFINITIONAL_REPRESENTATION('',(#5275),#5279);
#5275 = LINE('',#5276,#5277);
#5276 = CARTESIAN_POINT('',(3.,-0.104272983845));
#5277 = VECTOR('',#5278,1.);
#5278 = DIRECTION('',(-0.970142500145,0.242535625036));
#5279 = ( GEOMETRIC_REPRESENTATION_CONTEXT(2) 
PARAMETRIC_REPRESENTATION_CONTEXT() REPRESENTATION_CONTEXT('2D SPACE',''
  ) );
#5280 = ORIENTED_EDGE('',*,*,#5281,.F.);
#5281 = EDGE_CURVE('',#3773,#5259,#5282,.T.);
#5282 = SURFACE_CURVE('',#5283,(#5287,#5294),.PCURVE_S1.);
#5283 = LINE('',#5284,#5285);
#5284 = CARTESIAN_POINT('',(44.91,53.4,2.4));
#5285 = VECTOR('',#5286,1.);
#5286 = DIRECTION('',(0.,0.,1.));
#5287 = PCURVE('',#3816,#5288);
#5288 = DEFINITIONAL_REPRESENTATION('',(#5289),#5293);
#5289 = LINE('',#5290,#5291);
#5290 = CARTESIAN_POINT('',(1.030776406404,0.));
#5291 = VECTOR('',#5292,1.);
#5292 = DIRECTION('',(0.,-1.));
#5293 = ( GEOMETRIC_REPRESENTATION_CONTEXT(2) 
PARAMETRIC_REPRESENTATION_CONTEXT() REPRESENTATION_CONTEXT('2D SPACE',''
  ) );
#5294 = PCURVE('',#3788,#5295);
#5295 = DEFINITIONAL_REPRESENTATION('',(#5296),#5300);
#5296 = LINE('',#5297,#5298);
#5297 = CARTESIAN_POINT('',(0.,-0.));
#5298 = VECTOR('',#5299,1.);
#5299 = DIRECTION('',(0.,-1.));
#5300 = ( GEOMETRIC_REPRESENTATION_CONTEXT(2) 
PARAMETRIC_REPRESENTATION_CONTEXT() REPRESENTATION_CONTEXT('2D SPACE',''
  ) );
#5301 = ORIENTED_EDGE('',*,*,#3800,.F.);
#5302 = ADVANCED_FACE('',(#5303),#3788,.F.);
#5303 = FACE_BOUND('',#5304,.F.);
#5304 = EDGE_LOOP('',(#5305,#5306,#5329,#5350));
#5305 = ORIENTED_EDGE('',*,*,#5281,.T.);
#5306 = ORIENTED_EDGE('',*,*,#5307,.T.);
#5307 = EDGE_CURVE('',#5259,#5308,#5310,.T.);
#5308 = VERTEX_POINT('',#5309);
#5309 = CARTESIAN_POINT('',(44.91,57.4,8.8));
#5310 = SURFACE_CURVE('',#5311,(#5315,#5322),.PCURVE_S1.);
#5311 = LINE('',#5312,#5313);
#5312 = CARTESIAN_POINT('',(44.91,53.4,8.8));
#5313 = VECTOR('',#5314,1.);
#5314 = DIRECTION('',(-2.22044604925E-16,1.,0.));
#5315 = PCURVE('',#3788,#5316);
#5316 = DEFINITIONAL_REPRESENTATION('',(#5317),#5321);
#5317 = LINE('',#5318,#5319);
#5318 = CARTESIAN_POINT('',(0.,-6.4));
#5319 = VECTOR('',#5320,1.);
#5320 = DIRECTION('',(1.,0.));
#5321 = ( GEOMETRIC_REPRESENTATION_CONTEXT(2) 
PARAMETRIC_REPRESENTATION_CONTEXT() REPRESENTATION_CONTEXT('2D SPACE',''
  ) );
#5322 = PCURVE('',#5023,#5323);
#5323 = DEFINITIONAL_REPRESENTATION('',(#5324),#5328);
#5324 = LINE('',#5325,#5326);
#5325 = CARTESIAN_POINT('',(2.,0.145727016155));
#5326 = VECTOR('',#5327,1.);
#5327 = DIRECTION('',(-1.,0.));
#5328 = ( GEOMETRIC_REPRESENTATION_CONTEXT(2) 
PARAMETRIC_REPRESENTATION_CONTEXT() REPRESENTATION_CONTEXT('2D SPACE',''
  ) );
#5329 = ORIENTED_EDGE('',*,*,#5330,.F.);
#5330 = EDGE_CURVE('',#3745,#5308,#5331,.T.);
#5331 = SURFACE_CURVE('',#5332,(#5336,#5343),.PCURVE_S1.);
#5332 = LINE('',#5333,#5334);
#5333 = CARTESIAN_POINT('',(44.91,57.4,2.4));
#5334 = VECTOR('',#5335,1.);
#5335 = DIRECTION('',(0.,0.,1.));
#5336 = PCURVE('',#3788,#5337);
#5337 = DEFINITIONAL_REPRESENTATION('',(#5338),#5342);
#5338 = LINE('',#5339,#5340);
#5339 = CARTESIAN_POINT('',(4.,0.));
#5340 = VECTOR('',#5341,1.);
#5341 = DIRECTION('',(0.,-1.));
#5342 = ( GEOMETRIC_REPRESENTATION_CONTEXT(2) 
PARAMETRIC_REPRESENTATION_CONTEXT() REPRESENTATION_CONTEXT('2D SPACE',''
  ) );
#5343 = PCURVE('',#3760,#5344);
#5344 = DEFINITIONAL_REPRESENTATION('',(#5345),#5349);
#5345 = LINE('',#5346,#5347);
#5346 = CARTESIAN_POINT('',(0.,0.));
#5347 = VECTOR('',#5348,1.);
#5348 = DIRECTION('',(0.,-1.));
#5349 = ( GEOMETRIC_REPRESENTATION_CONTEXT(2) 
PARAMETRIC_REPRESENTATION_CONTEXT() REPRESENTATION_CONTEXT('2D SPACE',''
  ) );
#5350 = ORIENTED_EDGE('',*,*,#3772,.F.);
#5351 = ADVANCED_FACE('',(#5352),#3760,.F.);
#5352 = FACE_BOUND('',#5353,.F.);
#5353 = EDGE_LOOP('',(#5354,#5355,#5376,#5377));
#5354 = ORIENTED_EDGE('',*,*,#5330,.T.);
#5355 = ORIENTED_EDGE('',*,*,#5356,.T.);
#5356 = EDGE_CURVE('',#5308,#4985,#5357,.T.);
#5357 = SURFACE_CURVE('',#5358,(#5362,#5369),.PCURVE_S1.);
#5358 = LINE('',#5359,#5360);
#5359 = CARTESIAN_POINT('',(44.91,57.4,8.8));
#5360 = VECTOR('',#5361,1.);
#5361 = DIRECTION('',(-0.242535625036,0.970142500145,0.));
#5362 = PCURVE('',#3760,#5363);
#5363 = DEFINITIONAL_REPRESENTATION('',(#5364),#5368);
#5364 = LINE('',#5365,#5366);
#5365 = CARTESIAN_POINT('',(0.,-6.4));
#5366 = VECTOR('',#5367,1.);
#5367 = DIRECTION('',(1.,0.));
#5368 = ( GEOMETRIC_REPRESENTATION_CONTEXT(2) 
PARAMETRIC_REPRESENTATION_CONTEXT() REPRESENTATION_CONTEXT('2D SPACE',''
  ) );
#5369 = PCURVE('',#5023,#5370);
#5370 = DEFINITIONAL_REPRESENTATION('',(#5371),#5375);
#5371 = LINE('',#5372,#5373);
#5372 = CARTESIAN_POINT('',(-2.,0.145727016155));
#5373 = VECTOR('',#5374,1.);
#5374 = DIRECTION('',(-0.970142500145,-0.242535625036));
#5375 = ( GEOMETRIC_REPRESENTATION_CONTEXT(2) 
PARAMETRIC_REPRESENTATION_CONTEXT() REPRESENTATION_CONTEXT('2D SPACE',''
  ) );
#5376 = ORIENTED_EDGE('',*,*,#4984,.F.);
#5377 = ORIENTED_EDGE('',*,*,#3744,.F.);
#5378 = ADVANCED_FACE('',(#5379),#3704,.T.);
#5379 = FACE_BOUND('',#5380,.T.);
#5380 = EDGE_LOOP('',(#5381,#5404,#5444,#5445));
#5381 = ORIENTED_EDGE('',*,*,#5382,.T.);
#5382 = EDGE_CURVE('',#3661,#5383,#5385,.T.);
#5383 = VERTEX_POINT('',#5384);
#5384 = CARTESIAN_POINT('',(41.2099999968,78.25,9.3));
#5385 = SURFACE_CURVE('',#5386,(#5390,#5397),.PCURVE_S1.);
#5386 = LINE('',#5387,#5388);
#5387 = CARTESIAN_POINT('',(41.2099999968,78.25,2.4));
#5388 = VECTOR('',#5389,1.);
#5389 = DIRECTION('',(0.,0.,1.));
#5390 = PCURVE('',#3704,#5391);
#5391 = DEFINITIONAL_REPRESENTATION('',(#5392),#5396);
#5392 = LINE('',#5393,#5394);
#5393 = CARTESIAN_POINT('',(1.570796326795,0.));
#5394 = VECTOR('',#5395,1.);
#5395 = DIRECTION('',(0.,-1.));
#5396 = ( GEOMETRIC_REPRESENTATION_CONTEXT(2) 
PARAMETRIC_REPRESENTATION_CONTEXT() REPRESENTATION_CONTEXT('2D SPACE',''
  ) );
#5397 = PCURVE('',#3564,#5398);
#5398 = DEFINITIONAL_REPRESENTATION('',(#5399),#5403);
#5399 = LINE('',#5400,#5401);
#5400 = CARTESIAN_POINT('',(35.2099999968,0.));
#5401 = VECTOR('',#5402,1.);
#5402 = DIRECTION('',(0.,-1.));
#5403 = ( GEOMETRIC_REPRESENTATION_CONTEXT(2) 
PARAMETRIC_REPRESENTATION_CONTEXT() REPRESENTATION_CONTEXT('2D SPACE',''
  ) );
#5404 = ORIENTED_EDGE('',*,*,#5405,.T.);
#5405 = EDGE_CURVE('',#5383,#4935,#5406,.T.);
#5406 = SURFACE_CURVE('',#5407,(#5412,#5419),.PCURVE_S1.);
#5407 = CIRCLE('',#5408,3.45);
#5408 = AXIS2_PLACEMENT_3D('',#5409,#5410,#5411);
#5409 = CARTESIAN_POINT('',(41.2099999968,74.8,9.3));
#5410 = DIRECTION('',(0.,0.,-1.));
#5411 = DIRECTION('',(-1.,0.,0.));
#5412 = PCURVE('',#3704,#5413);
#5413 = DEFINITIONAL_REPRESENTATION('',(#5414),#5418);
#5414 = LINE('',#5415,#5416);
#5415 = CARTESIAN_POINT('',(0.,-6.9));
#5416 = VECTOR('',#5417,1.);
#5417 = DIRECTION('',(1.,0.));
#5418 = ( GEOMETRIC_REPRESENTATION_CONTEXT(2) 
PARAMETRIC_REPRESENTATION_CONTEXT() REPRESENTATION_CONTEXT('2D SPACE',''
  ) );
#5419 = PCURVE('',#5420,#5439);
#5420 = B_SPLINE_SURFACE_WITH_KNOTS('',8,1,(
    (#5421,#5422)
    ,(#5423,#5424)
    ,(#5425,#5426)
    ,(#5427,#5428)
    ,(#5429,#5430)
    ,(#5431,#5432)
    ,(#5433,#5434)
    ,(#5435,#5436)
    ,(#5437,#5438
    )),.UNSPECIFIED.,.F.,.F.,.F.,(9,9),(2,2),(3.14159265359,
    4.712388980385),(0.,1.),.PIECEWISE_BEZIER_KNOTS.);
#5421 = CARTESIAN_POINT('',(44.6599999968,74.8,9.3));
#5422 = CARTESIAN_POINT('',(44.059999996338,74.8,9.9));
#5423 = CARTESIAN_POINT('',(44.659999996799,75.47740591593,9.3));
#5424 = CARTESIAN_POINT('',(44.059999996338,75.35959619142,9.9));
#5425 = CARTESIAN_POINT('',(44.507990274884,76.154812045092,9.3));
#5426 = CARTESIAN_POINT('',(43.9344267478,75.919192558989,9.9));
#5427 = CARTESIAN_POINT('',(44.203972324055,76.792420658453,
    9.299999999999));
#5428 = CARTESIAN_POINT('',(43.683281484071,76.445912717851,
    9.899999999999));
#5429 = CARTESIAN_POINT('',(43.760442704242,77.350442707444,
    9.300000000001));
#5430 = CARTESIAN_POINT('',(43.316887450312,76.906887453977,
    9.900000000001));
#5431 = CARTESIAN_POINT('',(43.202420655255,77.793972327254,9.3));
#5432 = CARTESIAN_POINT('',(42.855912714193,77.27328148773,9.9));
#5433 = CARTESIAN_POINT('',(42.56481204189,78.097990278085,9.3));
#5434 = CARTESIAN_POINT('',(42.329192555326,77.524426751462,9.9));
#5435 = CARTESIAN_POINT('',(41.88740591273,78.25,9.3));
#5436 = CARTESIAN_POINT('',(41.769596187759,77.649999999999,9.9));
#5437 = CARTESIAN_POINT('',(41.2099999968,78.25,9.3));
#5438 = CARTESIAN_POINT('',(41.209999996338,77.65,9.9));
#5439 = DEFINITIONAL_REPRESENTATION('',(#5440),#5443);
#5440 = B_SPLINE_CURVE_WITH_KNOTS('',1,(#5441,#5442),.UNSPECIFIED.,.F.,
  .F.,(2,2),(1.570796326795,3.14159265359),.PIECEWISE_BEZIER_KNOTS.);
#5441 = CARTESIAN_POINT('',(4.712388980385,0.));
#5442 = CARTESIAN_POINT('',(3.14159265359,0.));
#5443 = ( GEOMETRIC_REPRESENTATION_CONTEXT(2) 
PARAMETRIC_REPRESENTATION_CONTEXT() REPRESENTATION_CONTEXT('2D SPACE',''
  ) );
#5444 = ORIENTED_EDGE('',*,*,#4962,.F.);
#5445 = ORIENTED_EDGE('',*,*,#3683,.F.);
#5446 = ADVANCED_FACE('',(#5447),#3564,.T.);
#5447 = FACE_BOUND('',#5448,.T.);
#5448 = EDGE_LOOP('',(#5449,#5450,#5473,#5498,#5499,#5500,#5523,#5551));
#5449 = ORIENTED_EDGE('',*,*,#3548,.F.);
#5450 = ORIENTED_EDGE('',*,*,#5451,.T.);
#5451 = EDGE_CURVE('',#3516,#5452,#5454,.T.);
#5452 = VERTEX_POINT('',#5453);
#5453 = CARTESIAN_POINT('',(6.,78.25,9.3));
#5454 = SURFACE_CURVE('',#5455,(#5459,#5466),.PCURVE_S1.);
#5455 = LINE('',#5456,#5457);
#5456 = CARTESIAN_POINT('',(6.,78.25,2.4));
#5457 = VECTOR('',#5458,1.);
#5458 = DIRECTION('',(0.,0.,1.));
#5459 = PCURVE('',#3564,#5460);
#5460 = DEFINITIONAL_REPRESENTATION('',(#5461),#5465);
#5461 = LINE('',#5462,#5463);
#5462 = CARTESIAN_POINT('',(0.,0.));
#5463 = VECTOR('',#5464,1.);
#5464 = DIRECTION('',(0.,-1.));
#5465 = ( GEOMETRIC_REPRESENTATION_CONTEXT(2) 
PARAMETRIC_REPRESENTATION_CONTEXT() REPRESENTATION_CONTEXT('2D SPACE',''
  ) );
#5466 = PCURVE('',#3536,#5467);
#5467 = DEFINITIONAL_REPRESENTATION('',(#5468),#5472);
#5468 = LINE('',#5469,#5470);
#5469 = CARTESIAN_POINT('',(1.570796326795,0.));
#5470 = VECTOR('',#5471,1.);
#5471 = DIRECTION('',(0.,-1.));
#5472 = ( GEOMETRIC_REPRESENTATION_CONTEXT(2) 
PARAMETRIC_REPRESENTATION_CONTEXT() REPRESENTATION_CONTEXT('2D SPACE',''
  ) );
#5473 = ORIENTED_EDGE('',*,*,#5474,.T.);
#5474 = EDGE_CURVE('',#5452,#5383,#5475,.T.);
#5475 = SURFACE_CURVE('',#5476,(#5480,#5487),.PCURVE_S1.);
#5476 = LINE('',#5477,#5478);
#5477 = CARTESIAN_POINT('',(23.605,78.25,9.3));
#5478 = VECTOR('',#5479,1.);
#5479 = DIRECTION('',(1.,0.,0.));
#5480 = PCURVE('',#3564,#5481);
#5481 = DEFINITIONAL_REPRESENTATION('',(#5482),#5486);
#5482 = LINE('',#5483,#5484);
#5483 = CARTESIAN_POINT('',(17.605,-6.9));
#5484 = VECTOR('',#5485,1.);
#5485 = DIRECTION('',(1.,0.));
#5486 = ( GEOMETRIC_REPRESENTATION_CONTEXT(2) 
PARAMETRIC_REPRESENTATION_CONTEXT() REPRESENTATION_CONTEXT('2D SPACE',''
  ) );
#5487 = PCURVE('',#5488,#5493);
#5488 = B_SPLINE_SURFACE_WITH_KNOTS('',1,1,(
    (#5489,#5490)
    ,(#5491,#5492
    )),.UNSPECIFIED.,.F.,.F.,.F.,(2,2),(2,2),(-17.60499999679,17.605),(
    0.,1.),.PIECEWISE_BEZIER_KNOTS.);
#5489 = CARTESIAN_POINT('',(41.2099999968,78.25,9.3));
#5490 = CARTESIAN_POINT('',(41.209999996338,77.65,9.9));
#5491 = CARTESIAN_POINT('',(6.,78.25,9.3));
#5492 = CARTESIAN_POINT('',(6.,77.65,9.9));
#5493 = DEFINITIONAL_REPRESENTATION('',(#5494),#5497);
#5494 = B_SPLINE_CURVE_WITH_KNOTS('',1,(#5495,#5496),.UNSPECIFIED.,.F.,
  .F.,(2,2),(-17.605,17.604999996799),.PIECEWISE_BEZIER_KNOTS.);
#5495 = CARTESIAN_POINT('',(17.605,0.));
#5496 = CARTESIAN_POINT('',(-17.60499999679,0.));
#5497 = ( GEOMETRIC_REPRESENTATION_CONTEXT(2) 
PARAMETRIC_REPRESENTATION_CONTEXT() REPRESENTATION_CONTEXT('2D SPACE',''
  ) );
#5498 = ORIENTED_EDGE('',*,*,#5382,.F.);
#5499 = ORIENTED_EDGE('',*,*,#3660,.F.);
#5500 = ORIENTED_EDGE('',*,*,#5501,.T.);
#5501 = EDGE_CURVE('',#3633,#5502,#5504,.T.);
#5502 = VERTEX_POINT('',#5503);
#5503 = CARTESIAN_POINT('',(26.605,78.25,8.8));
#5504 = SURFACE_CURVE('',#5505,(#5509,#5516),.PCURVE_S1.);
#5505 = LINE('',#5506,#5507);
#5506 = CARTESIAN_POINT('',(26.605,78.25,2.4));
#5507 = VECTOR('',#5508,1.);
#5508 = DIRECTION('',(0.,0.,1.));
#5509 = PCURVE('',#3564,#5510);
#5510 = DEFINITIONAL_REPRESENTATION('',(#5511),#5515);
#5511 = LINE('',#5512,#5513);
#5512 = CARTESIAN_POINT('',(20.605,0.));
#5513 = VECTOR('',#5514,1.);
#5514 = DIRECTION('',(0.,-1.));
#5515 = ( GEOMETRIC_REPRESENTATION_CONTEXT(2) 
PARAMETRIC_REPRESENTATION_CONTEXT() REPRESENTATION_CONTEXT('2D SPACE',''
  ) );
#5516 = PCURVE('',#3648,#5517);
#5517 = DEFINITIONAL_REPRESENTATION('',(#5518),#5522);
#5518 = LINE('',#5519,#5520);
#5519 = CARTESIAN_POINT('',(0.,0.));
#5520 = VECTOR('',#5521,1.);
#5521 = DIRECTION('',(0.,-1.));
#5522 = ( GEOMETRIC_REPRESENTATION_CONTEXT(2) 
PARAMETRIC_REPRESENTATION_CONTEXT() REPRESENTATION_CONTEXT('2D SPACE',''
  ) );
#5523 = ORIENTED_EDGE('',*,*,#5524,.F.);
#5524 = EDGE_CURVE('',#5525,#5502,#5527,.T.);
#5525 = VERTEX_POINT('',#5526);
#5526 = CARTESIAN_POINT('',(20.605,78.25,8.8));
#5527 = SURFACE_CURVE('',#5528,(#5532,#5539),.PCURVE_S1.);
#5528 = LINE('',#5529,#5530);
#5529 = CARTESIAN_POINT('',(20.605,78.25,8.8));
#5530 = VECTOR('',#5531,1.);
#5531 = DIRECTION('',(1.,0.,0.));
#5532 = PCURVE('',#3564,#5533);
#5533 = DEFINITIONAL_REPRESENTATION('',(#5534),#5538);
#5534 = LINE('',#5535,#5536);
#5535 = CARTESIAN_POINT('',(14.605,-6.4));
#5536 = VECTOR('',#5537,1.);
#5537 = DIRECTION('',(1.,0.));
#5538 = ( GEOMETRIC_REPRESENTATION_CONTEXT(2) 
PARAMETRIC_REPRESENTATION_CONTEXT() REPRESENTATION_CONTEXT('2D SPACE',''
  ) );
#5539 = PCURVE('',#5540,#5545);
#5540 = PLANE('',#5541);
#5541 = AXIS2_PLACEMENT_3D('',#5542,#5543,#5544);
#5542 = CARTESIAN_POINT('',(23.605,78.354272983845,8.8));
#5543 = DIRECTION('',(0.,0.,1.));
#5544 = DIRECTION('',(1.,0.,-0.));
#5545 = DEFINITIONAL_REPRESENTATION('',(#5546),#5550);
#5546 = LINE('',#5547,#5548);
#5547 = CARTESIAN_POINT('',(-3.,-0.104272983845));
#5548 = VECTOR('',#5549,1.);
#5549 = DIRECTION('',(1.,0.));
#5550 = ( GEOMETRIC_REPRESENTATION_CONTEXT(2) 
PARAMETRIC_REPRESENTATION_CONTEXT() REPRESENTATION_CONTEXT('2D SPACE',''
  ) );
#5551 = ORIENTED_EDGE('',*,*,#5552,.F.);
#5552 = EDGE_CURVE('',#3549,#5525,#5553,.T.);
#5553 = SURFACE_CURVE('',#5554,(#5558,#5565),.PCURVE_S1.);
#5554 = LINE('',#5555,#5556);
#5555 = CARTESIAN_POINT('',(20.605,78.25,2.4));
#5556 = VECTOR('',#5557,1.);
#5557 = DIRECTION('',(0.,0.,1.));
#5558 = PCURVE('',#3564,#5559);
#5559 = DEFINITIONAL_REPRESENTATION('',(#5560),#5564);
#5560 = LINE('',#5561,#5562);
#5561 = CARTESIAN_POINT('',(14.605,0.));
#5562 = VECTOR('',#5563,1.);
#5563 = DIRECTION('',(0.,-1.));
#5564 = ( GEOMETRIC_REPRESENTATION_CONTEXT(2) 
PARAMETRIC_REPRESENTATION_CONTEXT() REPRESENTATION_CONTEXT('2D SPACE',''
  ) );
#5565 = PCURVE('',#3592,#5566);
#5566 = DEFINITIONAL_REPRESENTATION('',(#5567),#5571);
#5567 = LINE('',#5568,#5569);
#5568 = CARTESIAN_POINT('',(1.030776406404,0.));
#5569 = VECTOR('',#5570,1.);
#5570 = DIRECTION('',(0.,-1.));
#5571 = ( GEOMETRIC_REPRESENTATION_CONTEXT(2) 
PARAMETRIC_REPRESENTATION_CONTEXT() REPRESENTATION_CONTEXT('2D SPACE',''
  ) );
#5572 = ADVANCED_FACE('',(#5573),#3648,.F.);
#5573 = FACE_BOUND('',#5574,.F.);
#5574 = EDGE_LOOP('',(#5575,#5576,#5599,#5620));
#5575 = ORIENTED_EDGE('',*,*,#5501,.T.);
#5576 = ORIENTED_EDGE('',*,*,#5577,.T.);
#5577 = EDGE_CURVE('',#5502,#5578,#5580,.T.);
#5578 = VERTEX_POINT('',#5579);
#5579 = CARTESIAN_POINT('',(25.605,78.5,8.8));
#5580 = SURFACE_CURVE('',#5581,(#5585,#5592),.PCURVE_S1.);
#5581 = LINE('',#5582,#5583);
#5582 = CARTESIAN_POINT('',(26.605,78.25,8.8));
#5583 = VECTOR('',#5584,1.);
#5584 = DIRECTION('',(-0.970142500145,0.242535625036,0.));
#5585 = PCURVE('',#3648,#5586);
#5586 = DEFINITIONAL_REPRESENTATION('',(#5587),#5591);
#5587 = LINE('',#5588,#5589);
#5588 = CARTESIAN_POINT('',(0.,-6.4));
#5589 = VECTOR('',#5590,1.);
#5590 = DIRECTION('',(1.,0.));
#5591 = ( GEOMETRIC_REPRESENTATION_CONTEXT(2) 
PARAMETRIC_REPRESENTATION_CONTEXT() REPRESENTATION_CONTEXT('2D SPACE',''
  ) );
#5592 = PCURVE('',#5540,#5593);
#5593 = DEFINITIONAL_REPRESENTATION('',(#5594),#5598);
#5594 = LINE('',#5595,#5596);
#5595 = CARTESIAN_POINT('',(3.,-0.104272983845));
#5596 = VECTOR('',#5597,1.);
#5597 = DIRECTION('',(-0.970142500145,0.242535625036));
#5598 = ( GEOMETRIC_REPRESENTATION_CONTEXT(2) 
PARAMETRIC_REPRESENTATION_CONTEXT() REPRESENTATION_CONTEXT('2D SPACE',''
  ) );
#5599 = ORIENTED_EDGE('',*,*,#5600,.F.);
#5600 = EDGE_CURVE('',#3605,#5578,#5601,.T.);
#5601 = SURFACE_CURVE('',#5602,(#5606,#5613),.PCURVE_S1.);
#5602 = LINE('',#5603,#5604);
#5603 = CARTESIAN_POINT('',(25.605,78.5,2.4));
#5604 = VECTOR('',#5605,1.);
#5605 = DIRECTION('',(0.,0.,1.));
#5606 = PCURVE('',#3648,#5607);
#5607 = DEFINITIONAL_REPRESENTATION('',(#5608),#5612);
#5608 = LINE('',#5609,#5610);
#5609 = CARTESIAN_POINT('',(1.030776406404,0.));
#5610 = VECTOR('',#5611,1.);
#5611 = DIRECTION('',(0.,-1.));
#5612 = ( GEOMETRIC_REPRESENTATION_CONTEXT(2) 
PARAMETRIC_REPRESENTATION_CONTEXT() REPRESENTATION_CONTEXT('2D SPACE',''
  ) );
#5613 = PCURVE('',#3620,#5614);
#5614 = DEFINITIONAL_REPRESENTATION('',(#5615),#5619);
#5615 = LINE('',#5616,#5617);
#5616 = CARTESIAN_POINT('',(0.,-0.));
#5617 = VECTOR('',#5618,1.);
#5618 = DIRECTION('',(0.,-1.));
#5619 = ( GEOMETRIC_REPRESENTATION_CONTEXT(2) 
PARAMETRIC_REPRESENTATION_CONTEXT() REPRESENTATION_CONTEXT('2D SPACE',''
  ) );
#5620 = ORIENTED_EDGE('',*,*,#3632,.F.);
#5621 = ADVANCED_FACE('',(#5622),#3620,.F.);
#5622 = FACE_BOUND('',#5623,.F.);
#5623 = EDGE_LOOP('',(#5624,#5625,#5648,#5669));
#5624 = ORIENTED_EDGE('',*,*,#5600,.T.);
#5625 = ORIENTED_EDGE('',*,*,#5626,.T.);
#5626 = EDGE_CURVE('',#5578,#5627,#5629,.T.);
#5627 = VERTEX_POINT('',#5628);
#5628 = CARTESIAN_POINT('',(21.605,78.5,8.8));
#5629 = SURFACE_CURVE('',#5630,(#5634,#5641),.PCURVE_S1.);
#5630 = LINE('',#5631,#5632);
#5631 = CARTESIAN_POINT('',(25.605,78.5,8.8));
#5632 = VECTOR('',#5633,1.);
#5633 = DIRECTION('',(-1.,0.,0.));
#5634 = PCURVE('',#3620,#5635);
#5635 = DEFINITIONAL_REPRESENTATION('',(#5636),#5640);
#5636 = LINE('',#5637,#5638);
#5637 = CARTESIAN_POINT('',(0.,-6.4));
#5638 = VECTOR('',#5639,1.);
#5639 = DIRECTION('',(1.,0.));
#5640 = ( GEOMETRIC_REPRESENTATION_CONTEXT(2) 
PARAMETRIC_REPRESENTATION_CONTEXT() REPRESENTATION_CONTEXT('2D SPACE',''
  ) );
#5641 = PCURVE('',#5540,#5642);
#5642 = DEFINITIONAL_REPRESENTATION('',(#5643),#5647);
#5643 = LINE('',#5644,#5645);
#5644 = CARTESIAN_POINT('',(2.,0.145727016155));
#5645 = VECTOR('',#5646,1.);
#5646 = DIRECTION('',(-1.,0.));
#5647 = ( GEOMETRIC_REPRESENTATION_CONTEXT(2) 
PARAMETRIC_REPRESENTATION_CONTEXT() REPRESENTATION_CONTEXT('2D SPACE',''
  ) );
#5648 = ORIENTED_EDGE('',*,*,#5649,.F.);
#5649 = EDGE_CURVE('',#3577,#5627,#5650,.T.);
#5650 = SURFACE_CURVE('',#5651,(#5655,#5662),.PCURVE_S1.);
#5651 = LINE('',#5652,#5653);
#5652 = CARTESIAN_POINT('',(21.605,78.5,2.4));
#5653 = VECTOR('',#5654,1.);
#5654 = DIRECTION('',(0.,0.,1.));
#5655 = PCURVE('',#3620,#5656);
#5656 = DEFINITIONAL_REPRESENTATION('',(#5657),#5661);
#5657 = LINE('',#5658,#5659);
#5658 = CARTESIAN_POINT('',(4.,0.));
#5659 = VECTOR('',#5660,1.);
#5660 = DIRECTION('',(0.,-1.));
#5661 = ( GEOMETRIC_REPRESENTATION_CONTEXT(2) 
PARAMETRIC_REPRESENTATION_CONTEXT() REPRESENTATION_CONTEXT('2D SPACE',''
  ) );
#5662 = PCURVE('',#3592,#5663);
#5663 = DEFINITIONAL_REPRESENTATION('',(#5664),#5668);
#5664 = LINE('',#5665,#5666);
#5665 = CARTESIAN_POINT('',(0.,0.));
#5666 = VECTOR('',#5667,1.);
#5667 = DIRECTION('',(0.,-1.));
#5668 = ( GEOMETRIC_REPRESENTATION_CONTEXT(2) 
PARAMETRIC_REPRESENTATION_CONTEXT() REPRESENTATION_CONTEXT('2D SPACE',''
  ) );
#5669 = ORIENTED_EDGE('',*,*,#3604,.F.);
#5670 = ADVANCED_FACE('',(#5671),#3592,.F.);
#5671 = FACE_BOUND('',#5672,.F.);
#5672 = EDGE_LOOP('',(#5673,#5674,#5695,#5696));
#5673 = ORIENTED_EDGE('',*,*,#5649,.T.);
#5674 = ORIENTED_EDGE('',*,*,#5675,.T.);
#5675 = EDGE_CURVE('',#5627,#5525,#5676,.T.);
#5676 = SURFACE_CURVE('',#5677,(#5681,#5688),.PCURVE_S1.);
#5677 = LINE('',#5678,#5679);
#5678 = CARTESIAN_POINT('',(21.605,78.5,8.8));
#5679 = VECTOR('',#5680,1.);
#5680 = DIRECTION('',(-0.970142500145,-0.242535625036,0.));
#5681 = PCURVE('',#3592,#5682);
#5682 = DEFINITIONAL_REPRESENTATION('',(#5683),#5687);
#5683 = LINE('',#5684,#5685);
#5684 = CARTESIAN_POINT('',(0.,-6.4));
#5685 = VECTOR('',#5686,1.);
#5686 = DIRECTION('',(1.,0.));
#5687 = ( GEOMETRIC_REPRESENTATION_CONTEXT(2) 
PARAMETRIC_REPRESENTATION_CONTEXT() REPRESENTATION_CONTEXT('2D SPACE',''
  ) );
#5688 = PCURVE('',#5540,#5689);
#5689 = DEFINITIONAL_REPRESENTATION('',(#5690),#5694);
#5690 = LINE('',#5691,#5692);
#5691 = CARTESIAN_POINT('',(-2.,0.145727016155));
#5692 = VECTOR('',#5693,1.);
#5693 = DIRECTION('',(-0.970142500145,-0.242535625036));
#5694 = ( GEOMETRIC_REPRESENTATION_CONTEXT(2) 
PARAMETRIC_REPRESENTATION_CONTEXT() REPRESENTATION_CONTEXT('2D SPACE',''
  ) );
#5695 = ORIENTED_EDGE('',*,*,#5552,.F.);
#5696 = ORIENTED_EDGE('',*,*,#3576,.F.);
#5697 = ADVANCED_FACE('',(#5698),#3536,.T.);
#5698 = FACE_BOUND('',#5699,.T.);
#5699 = EDGE_LOOP('',(#5700,#5723,#5749,#5750));
#5700 = ORIENTED_EDGE('',*,*,#5701,.T.);
#5701 = EDGE_CURVE('',#3493,#5702,#5704,.T.);
#5702 = VERTEX_POINT('',#5703);
#5703 = CARTESIAN_POINT('',(2.55,74.8,9.3));
#5704 = SURFACE_CURVE('',#5705,(#5709,#5716),.PCURVE_S1.);
#5705 = LINE('',#5706,#5707);
#5706 = CARTESIAN_POINT('',(2.55,74.8,2.4));
#5707 = VECTOR('',#5708,1.);
#5708 = DIRECTION('',(0.,0.,1.));
#5709 = PCURVE('',#3536,#5710);
#5710 = DEFINITIONAL_REPRESENTATION('',(#5711),#5715);
#5711 = LINE('',#5712,#5713);
#5712 = CARTESIAN_POINT('',(0.,0.));
#5713 = VECTOR('',#5714,1.);
#5714 = DIRECTION('',(0.,-1.));
#5715 = ( GEOMETRIC_REPRESENTATION_CONTEXT(2) 
PARAMETRIC_REPRESENTATION_CONTEXT() REPRESENTATION_CONTEXT('2D SPACE',''
  ) );
#5716 = PCURVE('',#3289,#5717);
#5717 = DEFINITIONAL_REPRESENTATION('',(#5718),#5722);
#5718 = LINE('',#5719,#5720);
#5719 = CARTESIAN_POINT('',(68.8,0.));
#5720 = VECTOR('',#5721,1.);
#5721 = DIRECTION('',(0.,-1.));
#5722 = ( GEOMETRIC_REPRESENTATION_CONTEXT(2) 
PARAMETRIC_REPRESENTATION_CONTEXT() REPRESENTATION_CONTEXT('2D SPACE',''
  ) );
#5723 = ORIENTED_EDGE('',*,*,#5724,.T.);
#5724 = EDGE_CURVE('',#5702,#5452,#5725,.T.);
#5725 = SURFACE_CURVE('',#5726,(#5731,#5738),.PCURVE_S1.);
#5726 = CIRCLE('',#5727,3.45);
#5727 = AXIS2_PLACEMENT_3D('',#5728,#5729,#5730);
#5728 = CARTESIAN_POINT('',(6.,74.8,9.3));
#5729 = DIRECTION('',(0.,0.,-1.));
#5730 = DIRECTION('',(-1.,0.,0.));
#5731 = PCURVE('',#3536,#5732);
#5732 = DEFINITIONAL_REPRESENTATION('',(#5733),#5737);
#5733 = LINE('',#5734,#5735);
#5734 = CARTESIAN_POINT('',(0.,-6.9));
#5735 = VECTOR('',#5736,1.);
#5736 = DIRECTION('',(1.,0.));
#5737 = ( GEOMETRIC_REPRESENTATION_CONTEXT(2) 
PARAMETRIC_REPRESENTATION_CONTEXT() REPRESENTATION_CONTEXT('2D SPACE',''
  ) );
#5738 = PCURVE('',#5739,#5744);
#5739 = CONICAL_SURFACE('',#5740,3.45,0.785398163397);
#5740 = AXIS2_PLACEMENT_3D('',#5741,#5742,#5743);
#5741 = CARTESIAN_POINT('',(6.,74.8,9.3));
#5742 = DIRECTION('',(0.,0.,-1.));
#5743 = DIRECTION('',(-1.,0.,0.));
#5744 = DEFINITIONAL_REPRESENTATION('',(#5745),#5748);
#5745 = B_SPLINE_CURVE_WITH_KNOTS('',1,(#5746,#5747),.UNSPECIFIED.,.F.,
  .F.,(2,2),(0.,1.570796326795),.PIECEWISE_BEZIER_KNOTS.);
#5746 = CARTESIAN_POINT('',(-6.28318530718,0.));
#5747 = CARTESIAN_POINT('',(-4.712388980385,0.));
#5748 = ( GEOMETRIC_REPRESENTATION_CONTEXT(2) 
PARAMETRIC_REPRESENTATION_CONTEXT() REPRESENTATION_CONTEXT('2D SPACE',''
  ) );
#5749 = ORIENTED_EDGE('',*,*,#5451,.F.);
#5750 = ORIENTED_EDGE('',*,*,#3515,.F.);
#5751 = ADVANCED_FACE('',(#5752),#3289,.T.);
#5752 = FACE_BOUND('',#5753,.T.);
#5753 = EDGE_LOOP('',(#5754,#5755,#5778,#5804,#5805,#5806,#5829,#5857,
    #5878,#5879,#5902,#5930));
#5754 = ORIENTED_EDGE('',*,*,#3273,.F.);
#5755 = ORIENTED_EDGE('',*,*,#5756,.T.);
#5756 = EDGE_CURVE('',#3241,#5757,#5759,.T.);
#5757 = VERTEX_POINT('',#5758);
#5758 = CARTESIAN_POINT('',(2.55,6.,9.3));
#5759 = SURFACE_CURVE('',#5760,(#5764,#5771),.PCURVE_S1.);
#5760 = LINE('',#5761,#5762);
#5761 = CARTESIAN_POINT('',(2.55,6.,2.4));
#5762 = VECTOR('',#5763,1.);
#5763 = DIRECTION('',(0.,0.,1.));
#5764 = PCURVE('',#3289,#5765);
#5765 = DEFINITIONAL_REPRESENTATION('',(#5766),#5770);
#5766 = LINE('',#5767,#5768);
#5767 = CARTESIAN_POINT('',(0.,0.));
#5768 = VECTOR('',#5769,1.);
#5769 = DIRECTION('',(0.,-1.));
#5770 = ( GEOMETRIC_REPRESENTATION_CONTEXT(2) 
PARAMETRIC_REPRESENTATION_CONTEXT() REPRESENTATION_CONTEXT('2D SPACE',''
  ) );
#5771 = PCURVE('',#3261,#5772);
#5772 = DEFINITIONAL_REPRESENTATION('',(#5773),#5777);
#5773 = LINE('',#5774,#5775);
#5774 = CARTESIAN_POINT('',(6.28318530718,0.));
#5775 = VECTOR('',#5776,1.);
#5776 = DIRECTION('',(0.,-1.));
#5777 = ( GEOMETRIC_REPRESENTATION_CONTEXT(2) 
PARAMETRIC_REPRESENTATION_CONTEXT() REPRESENTATION_CONTEXT('2D SPACE',''
  ) );
#5778 = ORIENTED_EDGE('',*,*,#5779,.T.);
#5779 = EDGE_CURVE('',#5757,#5702,#5780,.T.);
#5780 = SURFACE_CURVE('',#5781,(#5785,#5792),.PCURVE_S1.);
#5781 = LINE('',#5782,#5783);
#5782 = CARTESIAN_POINT('',(2.55,40.4,9.3));
#5783 = VECTOR('',#5784,1.);
#5784 = DIRECTION('',(0.,1.,0.));
#5785 = PCURVE('',#3289,#5786);
#5786 = DEFINITIONAL_REPRESENTATION('',(#5787),#5791);
#5787 = LINE('',#5788,#5789);
#5788 = CARTESIAN_POINT('',(34.4,-6.9));
#5789 = VECTOR('',#5790,1.);
#5790 = DIRECTION('',(1.,0.));
#5791 = ( GEOMETRIC_REPRESENTATION_CONTEXT(2) 
PARAMETRIC_REPRESENTATION_CONTEXT() REPRESENTATION_CONTEXT('2D SPACE',''
  ) );
#5792 = PCURVE('',#5793,#5798);
#5793 = PLANE('',#5794);
#5794 = AXIS2_PLACEMENT_3D('',#5795,#5796,#5797);
#5795 = CARTESIAN_POINT('',(3.15,40.4,9.9));
#5796 = DIRECTION('',(-0.707106781186,0.,0.707106781187));
#5797 = DIRECTION('',(-0.,-1.,0.));
#5798 = DEFINITIONAL_REPRESENTATION('',(#5799),#5803);
#5799 = LINE('',#5800,#5801);
#5800 = CARTESIAN_POINT('',(-3.552713678801E-15,-0.848528137424));
#5801 = VECTOR('',#5802,1.);
#5802 = DIRECTION('',(-1.,0.));
#5803 = ( GEOMETRIC_REPRESENTATION_CONTEXT(2) 
PARAMETRIC_REPRESENTATION_CONTEXT() REPRESENTATION_CONTEXT('2D SPACE',''
  ) );
#5804 = ORIENTED_EDGE('',*,*,#5701,.F.);
#5805 = ORIENTED_EDGE('',*,*,#3492,.F.);
#5806 = ORIENTED_EDGE('',*,*,#5807,.T.);
#5807 = EDGE_CURVE('',#3465,#5808,#5810,.T.);
#5808 = VERTEX_POINT('',#5809);
#5809 = CARTESIAN_POINT('',(2.55,58.4,8.8));
#5810 = SURFACE_CURVE('',#5811,(#5815,#5822),.PCURVE_S1.);
#5811 = LINE('',#5812,#5813);
#5812 = CARTESIAN_POINT('',(2.55,58.4,2.4));
#5813 = VECTOR('',#5814,1.);
#5814 = DIRECTION('',(0.,0.,1.));
#5815 = PCURVE('',#3289,#5816);
#5816 = DEFINITIONAL_REPRESENTATION('',(#5817),#5821);
#5817 = LINE('',#5818,#5819);
#5818 = CARTESIAN_POINT('',(52.4,0.));
#5819 = VECTOR('',#5820,1.);
#5820 = DIRECTION('',(0.,-1.));
#5821 = ( GEOMETRIC_REPRESENTATION_CONTEXT(2) 
PARAMETRIC_REPRESENTATION_CONTEXT() REPRESENTATION_CONTEXT('2D SPACE',''
  ) );
#5822 = PCURVE('',#3480,#5823);
#5823 = DEFINITIONAL_REPRESENTATION('',(#5824),#5828);
#5824 = LINE('',#5825,#5826);
#5825 = CARTESIAN_POINT('',(0.,0.));
#5826 = VECTOR('',#5827,1.);
#5827 = DIRECTION('',(0.,-1.));
#5828 = ( GEOMETRIC_REPRESENTATION_CONTEXT(2) 
PARAMETRIC_REPRESENTATION_CONTEXT() REPRESENTATION_CONTEXT('2D SPACE',''
  ) );
#5829 = ORIENTED_EDGE('',*,*,#5830,.F.);
#5830 = EDGE_CURVE('',#5831,#5808,#5833,.T.);
#5831 = VERTEX_POINT('',#5832);
#5832 = CARTESIAN_POINT('',(2.55,52.4,8.8));
#5833 = SURFACE_CURVE('',#5834,(#5838,#5845),.PCURVE_S1.);
#5834 = LINE('',#5835,#5836);
#5835 = CARTESIAN_POINT('',(2.55,52.4,8.8));
#5836 = VECTOR('',#5837,1.);
#5837 = DIRECTION('',(2.22044604925E-16,1.,0.));
#5838 = PCURVE('',#3289,#5839);
#5839 = DEFINITIONAL_REPRESENTATION('',(#5840),#5844);
#5840 = LINE('',#5841,#5842);
#5841 = CARTESIAN_POINT('',(46.4,-6.4));
#5842 = VECTOR('',#5843,1.);
#5843 = DIRECTION('',(1.,0.));
#5844 = ( GEOMETRIC_REPRESENTATION_CONTEXT(2) 
PARAMETRIC_REPRESENTATION_CONTEXT() REPRESENTATION_CONTEXT('2D SPACE',''
  ) );
#5845 = PCURVE('',#5846,#5851);
#5846 = PLANE('',#5847);
#5847 = AXIS2_PLACEMENT_3D('',#5848,#5849,#5850);
#5848 = CARTESIAN_POINT('',(2.445727016155,55.4,8.8));
#5849 = DIRECTION('',(0.,0.,1.));
#5850 = DIRECTION('',(2.22044604925E-16,1.,0.));
#5851 = DEFINITIONAL_REPRESENTATION('',(#5852),#5856);
#5852 = LINE('',#5853,#5854);
#5853 = CARTESIAN_POINT('',(-3.,-0.104272983845));
#5854 = VECTOR('',#5855,1.);
#5855 = DIRECTION('',(1.,0.));
#5856 = ( GEOMETRIC_REPRESENTATION_CONTEXT(2) 
PARAMETRIC_REPRESENTATION_CONTEXT() REPRESENTATION_CONTEXT('2D SPACE',''
  ) );
#5857 = ORIENTED_EDGE('',*,*,#5858,.F.);
#5858 = EDGE_CURVE('',#3386,#5831,#5859,.T.);
#5859 = SURFACE_CURVE('',#5860,(#5864,#5871),.PCURVE_S1.);
#5860 = LINE('',#5861,#5862);
#5861 = CARTESIAN_POINT('',(2.55,52.4,2.4));
#5862 = VECTOR('',#5863,1.);
#5863 = DIRECTION('',(0.,0.,1.));
#5864 = PCURVE('',#3289,#5865);
#5865 = DEFINITIONAL_REPRESENTATION('',(#5866),#5870);
#5866 = LINE('',#5867,#5868);
#5867 = CARTESIAN_POINT('',(46.4,0.));
#5868 = VECTOR('',#5869,1.);
#5869 = DIRECTION('',(0.,-1.));
#5870 = ( GEOMETRIC_REPRESENTATION_CONTEXT(2) 
PARAMETRIC_REPRESENTATION_CONTEXT() REPRESENTATION_CONTEXT('2D SPACE',''
  ) );
#5871 = PCURVE('',#3424,#5872);
#5872 = DEFINITIONAL_REPRESENTATION('',(#5873),#5877);
#5873 = LINE('',#5874,#5875);
#5874 = CARTESIAN_POINT('',(1.030776406404,0.));
#5875 = VECTOR('',#5876,1.);
#5876 = DIRECTION('',(0.,-1.));
#5877 = ( GEOMETRIC_REPRESENTATION_CONTEXT(2) 
PARAMETRIC_REPRESENTATION_CONTEXT() REPRESENTATION_CONTEXT('2D SPACE',''
  ) );
#5878 = ORIENTED_EDGE('',*,*,#3385,.F.);
#5879 = ORIENTED_EDGE('',*,*,#5880,.T.);
#5880 = EDGE_CURVE('',#3358,#5881,#5883,.T.);
#5881 = VERTEX_POINT('',#5882);
#5882 = CARTESIAN_POINT('',(2.55,28.4,8.8));
#5883 = SURFACE_CURVE('',#5884,(#5888,#5895),.PCURVE_S1.);
#5884 = LINE('',#5885,#5886);
#5885 = CARTESIAN_POINT('',(2.55,28.4,2.4));
#5886 = VECTOR('',#5887,1.);
#5887 = DIRECTION('',(0.,0.,1.));
#5888 = PCURVE('',#3289,#5889);
#5889 = DEFINITIONAL_REPRESENTATION('',(#5890),#5894);
#5890 = LINE('',#5891,#5892);
#5891 = CARTESIAN_POINT('',(22.4,0.));
#5892 = VECTOR('',#5893,1.);
#5893 = DIRECTION('',(0.,-1.));
#5894 = ( GEOMETRIC_REPRESENTATION_CONTEXT(2) 
PARAMETRIC_REPRESENTATION_CONTEXT() REPRESENTATION_CONTEXT('2D SPACE',''
  ) );
#5895 = PCURVE('',#3373,#5896);
#5896 = DEFINITIONAL_REPRESENTATION('',(#5897),#5901);
#5897 = LINE('',#5898,#5899);
#5898 = CARTESIAN_POINT('',(0.,0.));
#5899 = VECTOR('',#5900,1.);
#5900 = DIRECTION('',(0.,-1.));
#5901 = ( GEOMETRIC_REPRESENTATION_CONTEXT(2) 
PARAMETRIC_REPRESENTATION_CONTEXT() REPRESENTATION_CONTEXT('2D SPACE',''
  ) );
#5902 = ORIENTED_EDGE('',*,*,#5903,.F.);
#5903 = EDGE_CURVE('',#5904,#5881,#5906,.T.);
#5904 = VERTEX_POINT('',#5905);
#5905 = CARTESIAN_POINT('',(2.55,22.4,8.8));
#5906 = SURFACE_CURVE('',#5907,(#5911,#5918),.PCURVE_S1.);
#5907 = LINE('',#5908,#5909);
#5908 = CARTESIAN_POINT('',(2.55,22.4,8.8));
#5909 = VECTOR('',#5910,1.);
#5910 = DIRECTION('',(2.22044604925E-16,1.,0.));
#5911 = PCURVE('',#3289,#5912);
#5912 = DEFINITIONAL_REPRESENTATION('',(#5913),#5917);
#5913 = LINE('',#5914,#5915);
#5914 = CARTESIAN_POINT('',(16.4,-6.4));
#5915 = VECTOR('',#5916,1.);
#5916 = DIRECTION('',(1.,0.));
#5917 = ( GEOMETRIC_REPRESENTATION_CONTEXT(2) 
PARAMETRIC_REPRESENTATION_CONTEXT() REPRESENTATION_CONTEXT('2D SPACE',''
  ) );
#5918 = PCURVE('',#5919,#5924);
#5919 = PLANE('',#5920);
#5920 = AXIS2_PLACEMENT_3D('',#5921,#5922,#5923);
#5921 = CARTESIAN_POINT('',(2.445727016155,25.4,8.8));
#5922 = DIRECTION('',(0.,0.,1.));
#5923 = DIRECTION('',(2.22044604925E-16,1.,0.));
#5924 = DEFINITIONAL_REPRESENTATION('',(#5925),#5929);
#5925 = LINE('',#5926,#5927);
#5926 = CARTESIAN_POINT('',(-3.,-0.104272983845));
#5927 = VECTOR('',#5928,1.);
#5928 = DIRECTION('',(1.,0.));
#5929 = ( GEOMETRIC_REPRESENTATION_CONTEXT(2) 
PARAMETRIC_REPRESENTATION_CONTEXT() REPRESENTATION_CONTEXT('2D SPACE',''
  ) );
#5930 = ORIENTED_EDGE('',*,*,#5931,.F.);
#5931 = EDGE_CURVE('',#3274,#5904,#5932,.T.);
#5932 = SURFACE_CURVE('',#5933,(#5937,#5944),.PCURVE_S1.);
#5933 = LINE('',#5934,#5935);
#5934 = CARTESIAN_POINT('',(2.55,22.4,2.4));
#5935 = VECTOR('',#5936,1.);
#5936 = DIRECTION('',(0.,0.,1.));
#5937 = PCURVE('',#3289,#5938);
#5938 = DEFINITIONAL_REPRESENTATION('',(#5939),#5943);
#5939 = LINE('',#5940,#5941);
#5940 = CARTESIAN_POINT('',(16.4,0.));
#5941 = VECTOR('',#5942,1.);
#5942 = DIRECTION('',(0.,-1.));
#5943 = ( GEOMETRIC_REPRESENTATION_CONTEXT(2) 
PARAMETRIC_REPRESENTATION_CONTEXT() REPRESENTATION_CONTEXT('2D SPACE',''
  ) );
#5944 = PCURVE('',#3317,#5945);
#5945 = DEFINITIONAL_REPRESENTATION('',(#5946),#5950);
#5946 = LINE('',#5947,#5948);
#5947 = CARTESIAN_POINT('',(1.030776406404,0.));
#5948 = VECTOR('',#5949,1.);
#5949 = DIRECTION('',(0.,-1.));
#5950 = ( GEOMETRIC_REPRESENTATION_CONTEXT(2) 
PARAMETRIC_REPRESENTATION_CONTEXT() REPRESENTATION_CONTEXT('2D SPACE',''
  ) );
#5951 = ADVANCED_FACE('',(#5952),#3480,.F.);
#5952 = FACE_BOUND('',#5953,.F.);
#5953 = EDGE_LOOP('',(#5954,#5955,#5978,#5999));
#5954 = ORIENTED_EDGE('',*,*,#5807,.T.);
#5955 = ORIENTED_EDGE('',*,*,#5956,.T.);
#5956 = EDGE_CURVE('',#5808,#5957,#5959,.T.);
#5957 = VERTEX_POINT('',#5958);
#5958 = CARTESIAN_POINT('',(2.3,57.4,8.8));
#5959 = SURFACE_CURVE('',#5960,(#5964,#5971),.PCURVE_S1.);
#5960 = LINE('',#5961,#5962);
#5961 = CARTESIAN_POINT('',(2.55,58.4,8.8));
#5962 = VECTOR('',#5963,1.);
#5963 = DIRECTION('',(-0.242535625036,-0.970142500145,0.));
#5964 = PCURVE('',#3480,#5965);
#5965 = DEFINITIONAL_REPRESENTATION('',(#5966),#5970);
#5966 = LINE('',#5967,#5968);
#5967 = CARTESIAN_POINT('',(0.,-6.4));
#5968 = VECTOR('',#5969,1.);
#5969 = DIRECTION('',(1.,0.));
#5970 = ( GEOMETRIC_REPRESENTATION_CONTEXT(2) 
PARAMETRIC_REPRESENTATION_CONTEXT() REPRESENTATION_CONTEXT('2D SPACE',''
  ) );
#5971 = PCURVE('',#5846,#5972);
#5972 = DEFINITIONAL_REPRESENTATION('',(#5973),#5977);
#5973 = LINE('',#5974,#5975);
#5974 = CARTESIAN_POINT('',(3.,-0.104272983845));
#5975 = VECTOR('',#5976,1.);
#5976 = DIRECTION('',(-0.970142500145,0.242535625036));
#5977 = ( GEOMETRIC_REPRESENTATION_CONTEXT(2) 
PARAMETRIC_REPRESENTATION_CONTEXT() REPRESENTATION_CONTEXT('2D SPACE',''
  ) );
#5978 = ORIENTED_EDGE('',*,*,#5979,.F.);
#5979 = EDGE_CURVE('',#3437,#5957,#5980,.T.);
#5980 = SURFACE_CURVE('',#5981,(#5985,#5992),.PCURVE_S1.);
#5981 = LINE('',#5982,#5983);
#5982 = CARTESIAN_POINT('',(2.3,57.4,2.4));
#5983 = VECTOR('',#5984,1.);
#5984 = DIRECTION('',(0.,0.,1.));
#5985 = PCURVE('',#3480,#5986);
#5986 = DEFINITIONAL_REPRESENTATION('',(#5987),#5991);
#5987 = LINE('',#5988,#5989);
#5988 = CARTESIAN_POINT('',(1.030776406404,0.));
#5989 = VECTOR('',#5990,1.);
#5990 = DIRECTION('',(0.,-1.));
#5991 = ( GEOMETRIC_REPRESENTATION_CONTEXT(2) 
PARAMETRIC_REPRESENTATION_CONTEXT() REPRESENTATION_CONTEXT('2D SPACE',''
  ) );
#5992 = PCURVE('',#3452,#5993);
#5993 = DEFINITIONAL_REPRESENTATION('',(#5994),#5998);
#5994 = LINE('',#5995,#5996);
#5995 = CARTESIAN_POINT('',(0.,-0.));
#5996 = VECTOR('',#5997,1.);
#5997 = DIRECTION('',(0.,-1.));
#5998 = ( GEOMETRIC_REPRESENTATION_CONTEXT(2) 
PARAMETRIC_REPRESENTATION_CONTEXT() REPRESENTATION_CONTEXT('2D SPACE',''
  ) );
#5999 = ORIENTED_EDGE('',*,*,#3464,.F.);
#6000 = ADVANCED_FACE('',(#6001),#3452,.F.);
#6001 = FACE_BOUND('',#6002,.F.);
#6002 = EDGE_LOOP('',(#6003,#6004,#6027,#6048));
#6003 = ORIENTED_EDGE('',*,*,#5979,.T.);
#6004 = ORIENTED_EDGE('',*,*,#6005,.T.);
#6005 = EDGE_CURVE('',#5957,#6006,#6008,.T.);
#6006 = VERTEX_POINT('',#6007);
#6007 = CARTESIAN_POINT('',(2.3,53.4,8.8));
#6008 = SURFACE_CURVE('',#6009,(#6013,#6020),.PCURVE_S1.);
#6009 = LINE('',#6010,#6011);
#6010 = CARTESIAN_POINT('',(2.3,57.4,8.8));
#6011 = VECTOR('',#6012,1.);
#6012 = DIRECTION('',(-2.22044604925E-16,-1.,0.));
#6013 = PCURVE('',#3452,#6014);
#6014 = DEFINITIONAL_REPRESENTATION('',(#6015),#6019);
#6015 = LINE('',#6016,#6017);
#6016 = CARTESIAN_POINT('',(0.,-6.4));
#6017 = VECTOR('',#6018,1.);
#6018 = DIRECTION('',(1.,0.));
#6019 = ( GEOMETRIC_REPRESENTATION_CONTEXT(2) 
PARAMETRIC_REPRESENTATION_CONTEXT() REPRESENTATION_CONTEXT('2D SPACE',''
  ) );
#6020 = PCURVE('',#5846,#6021);
#6021 = DEFINITIONAL_REPRESENTATION('',(#6022),#6026);
#6022 = LINE('',#6023,#6024);
#6023 = CARTESIAN_POINT('',(2.,0.145727016155));
#6024 = VECTOR('',#6025,1.);
#6025 = DIRECTION('',(-1.,0.));
#6026 = ( GEOMETRIC_REPRESENTATION_CONTEXT(2) 
PARAMETRIC_REPRESENTATION_CONTEXT() REPRESENTATION_CONTEXT('2D SPACE',''
  ) );
#6027 = ORIENTED_EDGE('',*,*,#6028,.F.);
#6028 = EDGE_CURVE('',#3409,#6006,#6029,.T.);
#6029 = SURFACE_CURVE('',#6030,(#6034,#6041),.PCURVE_S1.);
#6030 = LINE('',#6031,#6032);
#6031 = CARTESIAN_POINT('',(2.3,53.4,2.4));
#6032 = VECTOR('',#6033,1.);
#6033 = DIRECTION('',(0.,0.,1.));
#6034 = PCURVE('',#3452,#6035);
#6035 = DEFINITIONAL_REPRESENTATION('',(#6036),#6040);
#6036 = LINE('',#6037,#6038);
#6037 = CARTESIAN_POINT('',(4.,0.));
#6038 = VECTOR('',#6039,1.);
#6039 = DIRECTION('',(0.,-1.));
#6040 = ( GEOMETRIC_REPRESENTATION_CONTEXT(2) 
PARAMETRIC_REPRESENTATION_CONTEXT() REPRESENTATION_CONTEXT('2D SPACE',''
  ) );
#6041 = PCURVE('',#3424,#6042);
#6042 = DEFINITIONAL_REPRESENTATION('',(#6043),#6047);
#6043 = LINE('',#6044,#6045);
#6044 = CARTESIAN_POINT('',(0.,0.));
#6045 = VECTOR('',#6046,1.);
#6046 = DIRECTION('',(0.,-1.));
#6047 = ( GEOMETRIC_REPRESENTATION_CONTEXT(2) 
PARAMETRIC_REPRESENTATION_CONTEXT() REPRESENTATION_CONTEXT('2D SPACE',''
  ) );
#6048 = ORIENTED_EDGE('',*,*,#3436,.F.);
#6049 = ADVANCED_FACE('',(#6050),#3424,.F.);
#6050 = FACE_BOUND('',#6051,.F.);
#6051 = EDGE_LOOP('',(#6052,#6053,#6074,#6075));
#6052 = ORIENTED_EDGE('',*,*,#6028,.T.);
#6053 = ORIENTED_EDGE('',*,*,#6054,.T.);
#6054 = EDGE_CURVE('',#6006,#5831,#6055,.T.);
#6055 = SURFACE_CURVE('',#6056,(#6060,#6067),.PCURVE_S1.);
#6056 = LINE('',#6057,#6058);
#6057 = CARTESIAN_POINT('',(2.3,53.4,8.8));
#6058 = VECTOR('',#6059,1.);
#6059 = DIRECTION('',(0.242535625036,-0.970142500145,0.));
#6060 = PCURVE('',#3424,#6061);
#6061 = DEFINITIONAL_REPRESENTATION('',(#6062),#6066);
#6062 = LINE('',#6063,#6064);
#6063 = CARTESIAN_POINT('',(0.,-6.4));
#6064 = VECTOR('',#6065,1.);
#6065 = DIRECTION('',(1.,0.));
#6066 = ( GEOMETRIC_REPRESENTATION_CONTEXT(2) 
PARAMETRIC_REPRESENTATION_CONTEXT() REPRESENTATION_CONTEXT('2D SPACE',''
  ) );
#6067 = PCURVE('',#5846,#6068);
#6068 = DEFINITIONAL_REPRESENTATION('',(#6069),#6073);
#6069 = LINE('',#6070,#6071);
#6070 = CARTESIAN_POINT('',(-2.,0.145727016155));
#6071 = VECTOR('',#6072,1.);
#6072 = DIRECTION('',(-0.970142500145,-0.242535625036));
#6073 = ( GEOMETRIC_REPRESENTATION_CONTEXT(2) 
PARAMETRIC_REPRESENTATION_CONTEXT() REPRESENTATION_CONTEXT('2D SPACE',''
  ) );
#6074 = ORIENTED_EDGE('',*,*,#5858,.F.);
#6075 = ORIENTED_EDGE('',*,*,#3408,.F.);
#6076 = ADVANCED_FACE('',(#6077),#3373,.F.);
#6077 = FACE_BOUND('',#6078,.F.);
#6078 = EDGE_LOOP('',(#6079,#6080,#6103,#6124));
#6079 = ORIENTED_EDGE('',*,*,#5880,.T.);
#6080 = ORIENTED_EDGE('',*,*,#6081,.T.);
#6081 = EDGE_CURVE('',#5881,#6082,#6084,.T.);
#6082 = VERTEX_POINT('',#6083);
#6083 = CARTESIAN_POINT('',(2.3,27.4,8.8));
#6084 = SURFACE_CURVE('',#6085,(#6089,#6096),.PCURVE_S1.);
#6085 = LINE('',#6086,#6087);
#6086 = CARTESIAN_POINT('',(2.55,28.4,8.8));
#6087 = VECTOR('',#6088,1.);
#6088 = DIRECTION('',(-0.242535625036,-0.970142500145,0.));
#6089 = PCURVE('',#3373,#6090);
#6090 = DEFINITIONAL_REPRESENTATION('',(#6091),#6095);
#6091 = LINE('',#6092,#6093);
#6092 = CARTESIAN_POINT('',(0.,-6.4));
#6093 = VECTOR('',#6094,1.);
#6094 = DIRECTION('',(1.,0.));
#6095 = ( GEOMETRIC_REPRESENTATION_CONTEXT(2) 
PARAMETRIC_REPRESENTATION_CONTEXT() REPRESENTATION_CONTEXT('2D SPACE',''
  ) );
#6096 = PCURVE('',#5919,#6097);
#6097 = DEFINITIONAL_REPRESENTATION('',(#6098),#6102);
#6098 = LINE('',#6099,#6100);
#6099 = CARTESIAN_POINT('',(3.,-0.104272983845));
#6100 = VECTOR('',#6101,1.);
#6101 = DIRECTION('',(-0.970142500145,0.242535625036));
#6102 = ( GEOMETRIC_REPRESENTATION_CONTEXT(2) 
PARAMETRIC_REPRESENTATION_CONTEXT() REPRESENTATION_CONTEXT('2D SPACE',''
  ) );
#6103 = ORIENTED_EDGE('',*,*,#6104,.F.);
#6104 = EDGE_CURVE('',#3330,#6082,#6105,.T.);
#6105 = SURFACE_CURVE('',#6106,(#6110,#6117),.PCURVE_S1.);
#6106 = LINE('',#6107,#6108);
#6107 = CARTESIAN_POINT('',(2.3,27.4,2.4));
#6108 = VECTOR('',#6109,1.);
#6109 = DIRECTION('',(0.,0.,1.));
#6110 = PCURVE('',#3373,#6111);
#6111 = DEFINITIONAL_REPRESENTATION('',(#6112),#6116);
#6112 = LINE('',#6113,#6114);
#6113 = CARTESIAN_POINT('',(1.030776406404,0.));
#6114 = VECTOR('',#6115,1.);
#6115 = DIRECTION('',(0.,-1.));
#6116 = ( GEOMETRIC_REPRESENTATION_CONTEXT(2) 
PARAMETRIC_REPRESENTATION_CONTEXT() REPRESENTATION_CONTEXT('2D SPACE',''
  ) );
#6117 = PCURVE('',#3345,#6118);
#6118 = DEFINITIONAL_REPRESENTATION('',(#6119),#6123);
#6119 = LINE('',#6120,#6121);
#6120 = CARTESIAN_POINT('',(0.,-0.));
#6121 = VECTOR('',#6122,1.);
#6122 = DIRECTION('',(0.,-1.));
#6123 = ( GEOMETRIC_REPRESENTATION_CONTEXT(2) 
PARAMETRIC_REPRESENTATION_CONTEXT() REPRESENTATION_CONTEXT('2D SPACE',''
  ) );
#6124 = ORIENTED_EDGE('',*,*,#3357,.F.);
#6125 = ADVANCED_FACE('',(#6126),#3345,.F.);
#6126 = FACE_BOUND('',#6127,.F.);
#6127 = EDGE_LOOP('',(#6128,#6129,#6152,#6173));
#6128 = ORIENTED_EDGE('',*,*,#6104,.T.);
#6129 = ORIENTED_EDGE('',*,*,#6130,.T.);
#6130 = EDGE_CURVE('',#6082,#6131,#6133,.T.);
#6131 = VERTEX_POINT('',#6132);
#6132 = CARTESIAN_POINT('',(2.3,23.4,8.8));
#6133 = SURFACE_CURVE('',#6134,(#6138,#6145),.PCURVE_S1.);
#6134 = LINE('',#6135,#6136);
#6135 = CARTESIAN_POINT('',(2.3,27.4,8.8));
#6136 = VECTOR('',#6137,1.);
#6137 = DIRECTION('',(-2.22044604925E-16,-1.,0.));
#6138 = PCURVE('',#3345,#6139);
#6139 = DEFINITIONAL_REPRESENTATION('',(#6140),#6144);
#6140 = LINE('',#6141,#6142);
#6141 = CARTESIAN_POINT('',(0.,-6.4));
#6142 = VECTOR('',#6143,1.);
#6143 = DIRECTION('',(1.,0.));
#6144 = ( GEOMETRIC_REPRESENTATION_CONTEXT(2) 
PARAMETRIC_REPRESENTATION_CONTEXT() REPRESENTATION_CONTEXT('2D SPACE',''
  ) );
#6145 = PCURVE('',#5919,#6146);
#6146 = DEFINITIONAL_REPRESENTATION('',(#6147),#6151);
#6147 = LINE('',#6148,#6149);
#6148 = CARTESIAN_POINT('',(2.,0.145727016155));
#6149 = VECTOR('',#6150,1.);
#6150 = DIRECTION('',(-1.,0.));
#6151 = ( GEOMETRIC_REPRESENTATION_CONTEXT(2) 
PARAMETRIC_REPRESENTATION_CONTEXT() REPRESENTATION_CONTEXT('2D SPACE',''
  ) );
#6152 = ORIENTED_EDGE('',*,*,#6153,.F.);
#6153 = EDGE_CURVE('',#3302,#6131,#6154,.T.);
#6154 = SURFACE_CURVE('',#6155,(#6159,#6166),.PCURVE_S1.);
#6155 = LINE('',#6156,#6157);
#6156 = CARTESIAN_POINT('',(2.3,23.4,2.4));
#6157 = VECTOR('',#6158,1.);
#6158 = DIRECTION('',(0.,0.,1.));
#6159 = PCURVE('',#3345,#6160);
#6160 = DEFINITIONAL_REPRESENTATION('',(#6161),#6165);
#6161 = LINE('',#6162,#6163);
#6162 = CARTESIAN_POINT('',(4.,0.));
#6163 = VECTOR('',#6164,1.);
#6164 = DIRECTION('',(0.,-1.));
#6165 = ( GEOMETRIC_REPRESENTATION_CONTEXT(2) 
PARAMETRIC_REPRESENTATION_CONTEXT() REPRESENTATION_CONTEXT('2D SPACE',''
  ) );
#6166 = PCURVE('',#3317,#6167);
#6167 = DEFINITIONAL_REPRESENTATION('',(#6168),#6172);
#6168 = LINE('',#6169,#6170);
#6169 = CARTESIAN_POINT('',(0.,0.));
#6170 = VECTOR('',#6171,1.);
#6171 = DIRECTION('',(0.,-1.));
#6172 = ( GEOMETRIC_REPRESENTATION_CONTEXT(2) 
PARAMETRIC_REPRESENTATION_CONTEXT() REPRESENTATION_CONTEXT('2D SPACE',''
  ) );
#6173 = ORIENTED_EDGE('',*,*,#3329,.F.);
#6174 = ADVANCED_FACE('',(#6175),#3317,.F.);
#6175 = FACE_BOUND('',#6176,.F.);
#6176 = EDGE_LOOP('',(#6177,#6178,#6199,#6200));
#6177 = ORIENTED_EDGE('',*,*,#6153,.T.);
#6178 = ORIENTED_EDGE('',*,*,#6179,.T.);
#6179 = EDGE_CURVE('',#6131,#5904,#6180,.T.);
#6180 = SURFACE_CURVE('',#6181,(#6185,#6192),.PCURVE_S1.);
#6181 = LINE('',#6182,#6183);
#6182 = CARTESIAN_POINT('',(2.3,23.4,8.8));
#6183 = VECTOR('',#6184,1.);
#6184 = DIRECTION('',(0.242535625036,-0.970142500145,0.));
#6185 = PCURVE('',#3317,#6186);
#6186 = DEFINITIONAL_REPRESENTATION('',(#6187),#6191);
#6187 = LINE('',#6188,#6189);
#6188 = CARTESIAN_POINT('',(0.,-6.4));
#6189 = VECTOR('',#6190,1.);
#6190 = DIRECTION('',(1.,0.));
#6191 = ( GEOMETRIC_REPRESENTATION_CONTEXT(2) 
PARAMETRIC_REPRESENTATION_CONTEXT() REPRESENTATION_CONTEXT('2D SPACE',''
  ) );
#6192 = PCURVE('',#5919,#6193);
#6193 = DEFINITIONAL_REPRESENTATION('',(#6194),#6198);
#6194 = LINE('',#6195,#6196);
#6195 = CARTESIAN_POINT('',(-2.,0.145727016155));
#6196 = VECTOR('',#6197,1.);
#6197 = DIRECTION('',(-0.970142500145,-0.242535625036));
#6198 = ( GEOMETRIC_REPRESENTATION_CONTEXT(2) 
PARAMETRIC_REPRESENTATION_CONTEXT() REPRESENTATION_CONTEXT('2D SPACE',''
  ) );
#6199 = ORIENTED_EDGE('',*,*,#5931,.F.);
#6200 = ORIENTED_EDGE('',*,*,#3301,.F.);
#6201 = ADVANCED_FACE('',(#6202),#3261,.T.);
#6202 = FACE_BOUND('',#6203,.T.);
#6203 = EDGE_LOOP('',(#6204,#6205,#6231,#6232));
#6204 = ORIENTED_EDGE('',*,*,#4591,.T.);
#6205 = ORIENTED_EDGE('',*,*,#6206,.T.);
#6206 = EDGE_CURVE('',#4592,#5757,#6207,.T.);
#6207 = SURFACE_CURVE('',#6208,(#6213,#6220),.PCURVE_S1.);
#6208 = CIRCLE('',#6209,3.45);
#6209 = AXIS2_PLACEMENT_3D('',#6210,#6211,#6212);
#6210 = CARTESIAN_POINT('',(6.,6.,9.3));
#6211 = DIRECTION('',(0.,0.,-1.));
#6212 = DIRECTION('',(-1.,0.,0.));
#6213 = PCURVE('',#3261,#6214);
#6214 = DEFINITIONAL_REPRESENTATION('',(#6215),#6219);
#6215 = LINE('',#6216,#6217);
#6216 = CARTESIAN_POINT('',(0.,-6.9));
#6217 = VECTOR('',#6218,1.);
#6218 = DIRECTION('',(1.,0.));
#6219 = ( GEOMETRIC_REPRESENTATION_CONTEXT(2) 
PARAMETRIC_REPRESENTATION_CONTEXT() REPRESENTATION_CONTEXT('2D SPACE',''
  ) );
#6220 = PCURVE('',#6221,#6226);
#6221 = CONICAL_SURFACE('',#6222,3.45,0.785398163397);
#6222 = AXIS2_PLACEMENT_3D('',#6223,#6224,#6225);
#6223 = CARTESIAN_POINT('',(6.,6.,9.3));
#6224 = DIRECTION('',(0.,0.,-1.));
#6225 = DIRECTION('',(-1.,0.,0.));
#6226 = DEFINITIONAL_REPRESENTATION('',(#6227),#6230);
#6227 = B_SPLINE_CURVE_WITH_KNOTS('',1,(#6228,#6229),.UNSPECIFIED.,.F.,
  .F.,(2,2),(4.712388980385,6.28318530718),.PIECEWISE_BEZIER_KNOTS.);
#6228 = CARTESIAN_POINT('',(-1.570796326795,0.));
#6229 = CARTESIAN_POINT('',(0.,0.));
#6230 = ( GEOMETRIC_REPRESENTATION_CONTEXT(2) 
PARAMETRIC_REPRESENTATION_CONTEXT() REPRESENTATION_CONTEXT('2D SPACE',''
  ) );
#6231 = ORIENTED_EDGE('',*,*,#5756,.F.);
#6232 = ORIENTED_EDGE('',*,*,#3240,.F.);
#6233 = ADVANCED_FACE('',(#6234),#4138,.T.);
#6234 = FACE_BOUND('',#6235,.T.);
#6235 = EDGE_LOOP('',(#6236,#6237,#6256,#6257));
#6236 = ORIENTED_EDGE('',*,*,#4303,.T.);
#6237 = ORIENTED_EDGE('',*,*,#6238,.T.);
#6238 = EDGE_CURVE('',#4304,#4102,#6239,.T.);
#6239 = SURFACE_CURVE('',#6240,(#6243,#6249),.PCURVE_S1.);
#6240 = B_SPLINE_CURVE_WITH_KNOTS('',1,(#6241,#6242),.UNSPECIFIED.,.F.,
  .F.,(2,2),(0.,1.),.PIECEWISE_BEZIER_KNOTS.);
#6241 = CARTESIAN_POINT('',(41.209999997831,0.4,0.));
#6242 = CARTESIAN_POINT('',(41.20999999796,0.,0.4));
#6243 = PCURVE('',#4138,#6244);
#6244 = DEFINITIONAL_REPRESENTATION('',(#6245),#6248);
#6245 = B_SPLINE_CURVE_WITH_KNOTS('',1,(#6246,#6247),.UNSPECIFIED.,.F.,
  .F.,(2,2),(0.,1.),.PIECEWISE_BEZIER_KNOTS.);
#6246 = CARTESIAN_POINT('',(17.604999997831,-0.565685424949));
#6247 = CARTESIAN_POINT('',(17.60499999796,0.));
#6248 = ( GEOMETRIC_REPRESENTATION_CONTEXT(2) 
PARAMETRIC_REPRESENTATION_CONTEXT() REPRESENTATION_CONTEXT('2D SPACE',''
  ) );
#6249 = PCURVE('',#4343,#6250);
#6250 = DEFINITIONAL_REPRESENTATION('',(#6251),#6255);
#6251 = LINE('',#6252,#6253);
#6252 = CARTESIAN_POINT('',(4.712388980385,0.));
#6253 = VECTOR('',#6254,1.);
#6254 = DIRECTION('',(0.,1.));
#6255 = ( GEOMETRIC_REPRESENTATION_CONTEXT(2) 
PARAMETRIC_REPRESENTATION_CONTEXT() REPRESENTATION_CONTEXT('2D SPACE',''
  ) );
#6256 = ORIENTED_EDGE('',*,*,#4124,.F.);
#6257 = ORIENTED_EDGE('',*,*,#4177,.F.);
#6258 = ADVANCED_FACE('',(#6259),#4239,.T.);
#6259 = FACE_BOUND('',#6260,.T.);
#6260 = EDGE_LOOP('',(#6261,#6262,#6263,#6264));
#6261 = ORIENTED_EDGE('',*,*,#4440,.F.);
#6262 = ORIENTED_EDGE('',*,*,#4279,.T.);
#6263 = ORIENTED_EDGE('',*,*,#4225,.T.);
#6264 = ORIENTED_EDGE('',*,*,#6265,.F.);
#6265 = EDGE_CURVE('',#4398,#4203,#6266,.T.);
#6266 = SURFACE_CURVE('',#6267,(#6270,#6277),.PCURVE_S1.);
#6267 = B_SPLINE_CURVE_WITH_KNOTS('',1,(#6268,#6269),.UNSPECIFIED.,.F.,
  .F.,(2,2),(0.,1.),.PIECEWISE_BEZIER_KNOTS.);
#6268 = CARTESIAN_POINT('',(41.209999997831,80.4,0.));
#6269 = CARTESIAN_POINT('',(41.20999999796,80.8,0.4));
#6270 = PCURVE('',#4239,#6271);
#6271 = DEFINITIONAL_REPRESENTATION('',(#6272),#6276);
#6272 = LINE('',#6273,#6274);
#6273 = CARTESIAN_POINT('',(-17.60499999796,0.));
#6274 = VECTOR('',#6275,1.);
#6275 = DIRECTION('',(0.,1.));
#6276 = ( GEOMETRIC_REPRESENTATION_CONTEXT(2) 
PARAMETRIC_REPRESENTATION_CONTEXT() REPRESENTATION_CONTEXT('2D SPACE',''
  ) );
#6277 = PCURVE('',#4414,#6278);
#6278 = DEFINITIONAL_REPRESENTATION('',(#6279),#6283);
#6279 = LINE('',#6280,#6281);
#6280 = CARTESIAN_POINT('',(1.570796326795,0.));
#6281 = VECTOR('',#6282,1.);
#6282 = DIRECTION('',(0.,1.));
#6283 = ( GEOMETRIC_REPRESENTATION_CONTEXT(2) 
PARAMETRIC_REPRESENTATION_CONTEXT() REPRESENTATION_CONTEXT('2D SPACE',''
  ) );
#6284 = ADVANCED_FACE('',(#6285),#4343,.T.);
#6285 = FACE_BOUND('',#6286,.T.);
#6286 = EDGE_LOOP('',(#6287,#6288,#6307,#6308));
#6287 = ORIENTED_EDGE('',*,*,#4326,.T.);
#6288 = ORIENTED_EDGE('',*,*,#6289,.T.);
#6289 = EDGE_CURVE('',#4327,#4468,#6290,.T.);
#6290 = SURFACE_CURVE('',#6291,(#6294,#6301),.PCURVE_S1.);
#6291 = B_SPLINE_CURVE_WITH_KNOTS('',1,(#6292,#6293),.UNSPECIFIED.,.F.,
  .F.,(2,2),(0.,1.),.PIECEWISE_BEZIER_KNOTS.);
#6292 = CARTESIAN_POINT('',(46.809999997831,6.,0.));
#6293 = CARTESIAN_POINT('',(47.20999999796,6.,0.4));
#6294 = PCURVE('',#4343,#6295);
#6295 = DEFINITIONAL_REPRESENTATION('',(#6296),#6300);
#6296 = LINE('',#6297,#6298);
#6297 = CARTESIAN_POINT('',(6.28318530718,0.));
#6298 = VECTOR('',#6299,1.);
#6299 = DIRECTION('',(0.,1.));
#6300 = ( GEOMETRIC_REPRESENTATION_CONTEXT(2) 
PARAMETRIC_REPRESENTATION_CONTEXT() REPRESENTATION_CONTEXT('2D SPACE',''
  ) );
#6301 = PCURVE('',#4385,#6302);
#6302 = DEFINITIONAL_REPRESENTATION('',(#6303),#6306);
#6303 = B_SPLINE_CURVE_WITH_KNOTS('',1,(#6304,#6305),.UNSPECIFIED.,.F.,
  .F.,(2,2),(0.,1.),.PIECEWISE_BEZIER_KNOTS.);
#6304 = CARTESIAN_POINT('',(-34.4,-0.565685426483));
#6305 = CARTESIAN_POINT('',(-34.4,-1.442778341243E-09));
#6306 = ( GEOMETRIC_REPRESENTATION_CONTEXT(2) 
PARAMETRIC_REPRESENTATION_CONTEXT() REPRESENTATION_CONTEXT('2D SPACE',''
  ) );
#6307 = ORIENTED_EDGE('',*,*,#4490,.F.);
#6308 = ORIENTED_EDGE('',*,*,#6238,.F.);
#6309 = ADVANCED_FACE('',(#6310),#4385,.T.);
#6310 = FACE_BOUND('',#6311,.T.);
#6311 = EDGE_LOOP('',(#6312,#6313,#6332,#6333));
#6312 = ORIENTED_EDGE('',*,*,#4369,.T.);
#6313 = ORIENTED_EDGE('',*,*,#6314,.T.);
#6314 = EDGE_CURVE('',#4370,#4515,#6315,.T.);
#6315 = SURFACE_CURVE('',#6316,(#6319,#6325),.PCURVE_S1.);
#6316 = B_SPLINE_CURVE_WITH_KNOTS('',1,(#6317,#6318),.UNSPECIFIED.,.F.,
  .F.,(2,2),(0.,1.),.PIECEWISE_BEZIER_KNOTS.);
#6317 = CARTESIAN_POINT('',(46.809999998916,74.8,0.));
#6318 = CARTESIAN_POINT('',(47.20999999898,74.8,0.4));
#6319 = PCURVE('',#4385,#6320);
#6320 = DEFINITIONAL_REPRESENTATION('',(#6321),#6324);
#6321 = B_SPLINE_CURVE_WITH_KNOTS('',1,(#6322,#6323),.UNSPECIFIED.,.F.,
  .F.,(2,2),(0.,1.),.PIECEWISE_BEZIER_KNOTS.);
#6322 = CARTESIAN_POINT('',(34.4,-0.565685425716));
#6323 = CARTESIAN_POINT('',(34.4,-7.213891706215E-10));
#6324 = ( GEOMETRIC_REPRESENTATION_CONTEXT(2) 
PARAMETRIC_REPRESENTATION_CONTEXT() REPRESENTATION_CONTEXT('2D SPACE',''
  ) );
#6325 = PCURVE('',#4414,#6326);
#6326 = DEFINITIONAL_REPRESENTATION('',(#6327),#6331);
#6327 = LINE('',#6328,#6329);
#6328 = CARTESIAN_POINT('',(0.,0.));
#6329 = VECTOR('',#6330,1.);
#6330 = DIRECTION('',(0.,1.));
#6331 = ( GEOMETRIC_REPRESENTATION_CONTEXT(2) 
PARAMETRIC_REPRESENTATION_CONTEXT() REPRESENTATION_CONTEXT('2D SPACE',''
  ) );
#6332 = ORIENTED_EDGE('',*,*,#4566,.F.);
#6333 = ORIENTED_EDGE('',*,*,#6289,.F.);
#6334 = ADVANCED_FACE('',(#6335),#4414,.T.);
#6335 = FACE_BOUND('',#6336,.T.);
#6336 = EDGE_LOOP('',(#6337,#6338,#6339,#6340));
#6337 = ORIENTED_EDGE('',*,*,#4397,.T.);
#6338 = ORIENTED_EDGE('',*,*,#6265,.T.);
#6339 = ORIENTED_EDGE('',*,*,#4539,.F.);
#6340 = ORIENTED_EDGE('',*,*,#6314,.F.);
#6341 = ADVANCED_FACE('',(#6342),#4703,.T.);
#6342 = FACE_BOUND('',#6343,.T.);
#6343 = EDGE_LOOP('',(#6344,#6345,#6346,#6347));
#6344 = ORIENTED_EDGE('',*,*,#4687,.T.);
#6345 = ORIENTED_EDGE('',*,*,#4740,.T.);
#6346 = ORIENTED_EDGE('',*,*,#4789,.T.);
#6347 = ORIENTED_EDGE('',*,*,#4838,.T.);
#6348 = ADVANCED_FACE('',(#6349),#4630,.T.);
#6349 = FACE_BOUND('',#6350,.T.);
#6350 = EDGE_LOOP('',(#6351,#6352,#6373,#6401));
#6351 = ORIENTED_EDGE('',*,*,#4614,.T.);
#6352 = ORIENTED_EDGE('',*,*,#6353,.T.);
#6353 = EDGE_CURVE('',#4615,#6354,#6356,.T.);
#6354 = VERTEX_POINT('',#6355);
#6355 = CARTESIAN_POINT('',(41.209999996338,3.15,9.9));
#6356 = SURFACE_CURVE('',#6357,(#6360,#6366),.PCURVE_S1.);
#6357 = B_SPLINE_CURVE_WITH_KNOTS('',1,(#6358,#6359),.UNSPECIFIED.,.F.,
  .F.,(2,2),(0.,1.),.PIECEWISE_BEZIER_KNOTS.);
#6358 = CARTESIAN_POINT('',(41.2099999968,2.55,9.3));
#6359 = CARTESIAN_POINT('',(41.209999996338,3.15,9.9));
#6360 = PCURVE('',#4630,#6361);
#6361 = DEFINITIONAL_REPRESENTATION('',(#6362),#6365);
#6362 = B_SPLINE_CURVE_WITH_KNOTS('',1,(#6363,#6364),.UNSPECIFIED.,.F.,
  .F.,(2,2),(0.,1.),.PIECEWISE_BEZIER_KNOTS.);
#6363 = CARTESIAN_POINT('',(17.604999996799,-0.848528137424));
#6364 = CARTESIAN_POINT('',(17.604999996338,0.));
#6365 = ( GEOMETRIC_REPRESENTATION_CONTEXT(2) 
PARAMETRIC_REPRESENTATION_CONTEXT() REPRESENTATION_CONTEXT('2D SPACE',''
  ) );
#6366 = PCURVE('',#4902,#6367);
#6367 = DEFINITIONAL_REPRESENTATION('',(#6368),#6372);
#6368 = LINE('',#6369,#6370);
#6369 = CARTESIAN_POINT('',(1.570796326795,0.));
#6370 = VECTOR('',#6371,1.);
#6371 = DIRECTION('',(0.,1.));
#6372 = ( GEOMETRIC_REPRESENTATION_CONTEXT(2) 
PARAMETRIC_REPRESENTATION_CONTEXT() REPRESENTATION_CONTEXT('2D SPACE',''
  ) );
#6373 = ORIENTED_EDGE('',*,*,#6374,.F.);
#6374 = EDGE_CURVE('',#6375,#6354,#6377,.T.);
#6375 = VERTEX_POINT('',#6376);
#6376 = CARTESIAN_POINT('',(6.,3.15,9.9));
#6377 = SURFACE_CURVE('',#6378,(#6382,#6389),.PCURVE_S1.);
#6378 = LINE('',#6379,#6380);
#6379 = CARTESIAN_POINT('',(23.605,3.15,9.9));
#6380 = VECTOR('',#6381,1.);
#6381 = DIRECTION('',(1.,0.,0.));
#6382 = PCURVE('',#4630,#6383);
#6383 = DEFINITIONAL_REPRESENTATION('',(#6384),#6388);
#6384 = LINE('',#6385,#6386);
#6385 = CARTESIAN_POINT('',(0.,0.));
#6386 = VECTOR('',#6387,1.);
#6387 = DIRECTION('',(1.,0.));
#6388 = ( GEOMETRIC_REPRESENTATION_CONTEXT(2) 
PARAMETRIC_REPRESENTATION_CONTEXT() REPRESENTATION_CONTEXT('2D SPACE',''
  ) );
#6389 = PCURVE('',#6390,#6395);
#6390 = PLANE('',#6391);
#6391 = AXIS2_PLACEMENT_3D('',#6392,#6393,#6394);
#6392 = CARTESIAN_POINT('',(6.,6.,9.9));
#6393 = DIRECTION('',(0.,0.,-1.));
#6394 = DIRECTION('',(-1.,0.,0.));
#6395 = DEFINITIONAL_REPRESENTATION('',(#6396),#6400);
#6396 = LINE('',#6397,#6398);
#6397 = CARTESIAN_POINT('',(-17.605,-2.85));
#6398 = VECTOR('',#6399,1.);
#6399 = DIRECTION('',(-1.,0.));
#6400 = ( GEOMETRIC_REPRESENTATION_CONTEXT(2) 
PARAMETRIC_REPRESENTATION_CONTEXT() REPRESENTATION_CONTEXT('2D SPACE',''
  ) );
#6401 = ORIENTED_EDGE('',*,*,#6402,.F.);
#6402 = EDGE_CURVE('',#4592,#6375,#6403,.T.);
#6403 = SURFACE_CURVE('',#6404,(#6407,#6413),.PCURVE_S1.);
#6404 = B_SPLINE_CURVE_WITH_KNOTS('',1,(#6405,#6406),.UNSPECIFIED.,.F.,
  .F.,(2,2),(0.,1.),.PIECEWISE_BEZIER_KNOTS.);
#6405 = CARTESIAN_POINT('',(6.,2.55,9.3));
#6406 = CARTESIAN_POINT('',(6.,3.15,9.9));
#6407 = PCURVE('',#4630,#6408);
#6408 = DEFINITIONAL_REPRESENTATION('',(#6409),#6412);
#6409 = B_SPLINE_CURVE_WITH_KNOTS('',1,(#6410,#6411),.UNSPECIFIED.,.F.,
  .F.,(2,2),(0.,1.),.PIECEWISE_BEZIER_KNOTS.);
#6410 = CARTESIAN_POINT('',(-17.605,-0.848528137424));
#6411 = CARTESIAN_POINT('',(-17.605,0.));
#6412 = ( GEOMETRIC_REPRESENTATION_CONTEXT(2) 
PARAMETRIC_REPRESENTATION_CONTEXT() REPRESENTATION_CONTEXT('2D SPACE',''
  ) );
#6413 = PCURVE('',#6221,#6414);
#6414 = DEFINITIONAL_REPRESENTATION('',(#6415),#6418);
#6415 = B_SPLINE_CURVE_WITH_KNOTS('',1,(#6416,#6417),.UNSPECIFIED.,.F.,
  .F.,(2,2),(0.,1.),.PIECEWISE_BEZIER_KNOTS.);
#6416 = CARTESIAN_POINT('',(-1.570796326795,0.));
#6417 = CARTESIAN_POINT('',(-1.570796326795,-0.6));
#6418 = ( GEOMETRIC_REPRESENTATION_CONTEXT(2) 
PARAMETRIC_REPRESENTATION_CONTEXT() REPRESENTATION_CONTEXT('2D SPACE',''
  ) );
#6419 = ADVANCED_FACE('',(#6420),#4902,.T.);
#6420 = FACE_BOUND('',#6421,.T.);
#6421 = EDGE_LOOP('',(#6422,#6423,#6444,#6466));
#6422 = ORIENTED_EDGE('',*,*,#4887,.F.);
#6423 = ORIENTED_EDGE('',*,*,#6424,.T.);
#6424 = EDGE_CURVE('',#4865,#6425,#6427,.T.);
#6425 = VERTEX_POINT('',#6426);
#6426 = CARTESIAN_POINT('',(44.059999998169,6.,9.9));
#6427 = SURFACE_CURVE('',#6428,(#6431,#6438),.PCURVE_S1.);
#6428 = B_SPLINE_CURVE_WITH_KNOTS('',1,(#6429,#6430),.UNSPECIFIED.,.F.,
  .F.,(2,2),(0.,1.),.PIECEWISE_BEZIER_KNOTS.);
#6429 = CARTESIAN_POINT('',(44.6599999968,6.,9.3));
#6430 = CARTESIAN_POINT('',(44.059999996338,6.,9.9));
#6431 = PCURVE('',#4902,#6432);
#6432 = DEFINITIONAL_REPRESENTATION('',(#6433),#6437);
#6433 = LINE('',#6434,#6435);
#6434 = CARTESIAN_POINT('',(3.14159265359,0.));
#6435 = VECTOR('',#6436,1.);
#6436 = DIRECTION('',(0.,1.));
#6437 = ( GEOMETRIC_REPRESENTATION_CONTEXT(2) 
PARAMETRIC_REPRESENTATION_CONTEXT() REPRESENTATION_CONTEXT('2D SPACE',''
  ) );
#6438 = PCURVE('',#4950,#6439);
#6439 = DEFINITIONAL_REPRESENTATION('',(#6440),#6443);
#6440 = B_SPLINE_CURVE_WITH_KNOTS('',1,(#6441,#6442),.UNSPECIFIED.,.F.,
  .F.,(2,2),(0.,1.),.PIECEWISE_BEZIER_KNOTS.);
#6441 = CARTESIAN_POINT('',(-34.4,-0.848528135161));
#6442 = CARTESIAN_POINT('',(-34.4,2.589421121968E-09));
#6443 = ( GEOMETRIC_REPRESENTATION_CONTEXT(2) 
PARAMETRIC_REPRESENTATION_CONTEXT() REPRESENTATION_CONTEXT('2D SPACE',''
  ) );
#6444 = ORIENTED_EDGE('',*,*,#6445,.T.);
#6445 = EDGE_CURVE('',#6425,#6354,#6446,.T.);
#6446 = SURFACE_CURVE('',#6447,(#6452,#6459),.PCURVE_S1.);
#6447 = CIRCLE('',#6448,2.85);
#6448 = AXIS2_PLACEMENT_3D('',#6449,#6450,#6451);
#6449 = CARTESIAN_POINT('',(41.209999996338,6.,9.9));
#6450 = DIRECTION('',(0.,0.,-1.));
#6451 = DIRECTION('',(-1.,0.,0.));
#6452 = PCURVE('',#4902,#6453);
#6453 = DEFINITIONAL_REPRESENTATION('',(#6454),#6458);
#6454 = LINE('',#6455,#6456);
#6455 = CARTESIAN_POINT('',(6.28318530718,1.));
#6456 = VECTOR('',#6457,1.);
#6457 = DIRECTION('',(-1.,0.));
#6458 = ( GEOMETRIC_REPRESENTATION_CONTEXT(2) 
PARAMETRIC_REPRESENTATION_CONTEXT() REPRESENTATION_CONTEXT('2D SPACE',''
  ) );
#6459 = PCURVE('',#6390,#6460);
#6460 = DEFINITIONAL_REPRESENTATION('',(#6461),#6465);
#6461 = CIRCLE('',#6462,2.85);
#6462 = AXIS2_PLACEMENT_2D('',#6463,#6464);
#6463 = CARTESIAN_POINT('',(-35.20999999633,0.));
#6464 = DIRECTION('',(1.,0.));
#6465 = ( GEOMETRIC_REPRESENTATION_CONTEXT(2) 
PARAMETRIC_REPRESENTATION_CONTEXT() REPRESENTATION_CONTEXT('2D SPACE',''
  ) );
#6466 = ORIENTED_EDGE('',*,*,#6353,.F.);
#6467 = ADVANCED_FACE('',(#6468),#5096,.T.);
#6468 = FACE_BOUND('',#6469,.T.);
#6469 = EDGE_LOOP('',(#6470,#6471,#6472,#6473));
#6470 = ORIENTED_EDGE('',*,*,#5080,.T.);
#6471 = ORIENTED_EDGE('',*,*,#5133,.T.);
#6472 = ORIENTED_EDGE('',*,*,#5182,.T.);
#6473 = ORIENTED_EDGE('',*,*,#5231,.T.);
#6474 = ADVANCED_FACE('',(#6475),#5023,.T.);
#6475 = FACE_BOUND('',#6476,.T.);
#6476 = EDGE_LOOP('',(#6477,#6478,#6479,#6480));
#6477 = ORIENTED_EDGE('',*,*,#5007,.T.);
#6478 = ORIENTED_EDGE('',*,*,#5258,.T.);
#6479 = ORIENTED_EDGE('',*,*,#5307,.T.);
#6480 = ORIENTED_EDGE('',*,*,#5356,.T.);
#6481 = ADVANCED_FACE('',(#6482),#4950,.T.);
#6482 = FACE_BOUND('',#6483,.T.);
#6483 = EDGE_LOOP('',(#6484,#6485,#6506,#6527));
#6484 = ORIENTED_EDGE('',*,*,#4934,.T.);
#6485 = ORIENTED_EDGE('',*,*,#6486,.T.);
#6486 = EDGE_CURVE('',#4935,#6487,#6489,.T.);
#6487 = VERTEX_POINT('',#6488);
#6488 = CARTESIAN_POINT('',(44.059999998169,74.8,9.9));
#6489 = SURFACE_CURVE('',#6490,(#6493,#6499),.PCURVE_S1.);
#6490 = B_SPLINE_CURVE_WITH_KNOTS('',1,(#6491,#6492),.UNSPECIFIED.,.F.,
  .F.,(2,2),(0.,1.),.PIECEWISE_BEZIER_KNOTS.);
#6491 = CARTESIAN_POINT('',(44.6599999984,74.8,9.3));
#6492 = CARTESIAN_POINT('',(44.059999998169,74.8,9.9));
#6493 = PCURVE('',#4950,#6494);
#6494 = DEFINITIONAL_REPRESENTATION('',(#6495),#6498);
#6495 = B_SPLINE_CURVE_WITH_KNOTS('',1,(#6496,#6497),.UNSPECIFIED.,.F.,
  .F.,(2,2),(0.,1.),.PIECEWISE_BEZIER_KNOTS.);
#6496 = CARTESIAN_POINT('',(34.4,-0.848528136292));
#6497 = CARTESIAN_POINT('',(34.4,1.294709228716E-09));
#6498 = ( GEOMETRIC_REPRESENTATION_CONTEXT(2) 
PARAMETRIC_REPRESENTATION_CONTEXT() REPRESENTATION_CONTEXT('2D SPACE',''
  ) );
#6499 = PCURVE('',#5420,#6500);
#6500 = DEFINITIONAL_REPRESENTATION('',(#6501),#6505);
#6501 = LINE('',#6502,#6503);
#6502 = CARTESIAN_POINT('',(3.14159265359,0.));
#6503 = VECTOR('',#6504,1.);
#6504 = DIRECTION('',(0.,1.));
#6505 = ( GEOMETRIC_REPRESENTATION_CONTEXT(2) 
PARAMETRIC_REPRESENTATION_CONTEXT() REPRESENTATION_CONTEXT('2D SPACE',''
  ) );
#6506 = ORIENTED_EDGE('',*,*,#6507,.F.);
#6507 = EDGE_CURVE('',#6425,#6487,#6508,.T.);
#6508 = SURFACE_CURVE('',#6509,(#6513,#6520),.PCURVE_S1.);
#6509 = LINE('',#6510,#6511);
#6510 = CARTESIAN_POINT('',(44.06,40.4,9.9));
#6511 = VECTOR('',#6512,1.);
#6512 = DIRECTION('',(0.,1.,0.));
#6513 = PCURVE('',#4950,#6514);
#6514 = DEFINITIONAL_REPRESENTATION('',(#6515),#6519);
#6515 = LINE('',#6516,#6517);
#6516 = CARTESIAN_POINT('',(0.,0.));
#6517 = VECTOR('',#6518,1.);
#6518 = DIRECTION('',(1.,0.));
#6519 = ( GEOMETRIC_REPRESENTATION_CONTEXT(2) 
PARAMETRIC_REPRESENTATION_CONTEXT() REPRESENTATION_CONTEXT('2D SPACE',''
  ) );
#6520 = PCURVE('',#6390,#6521);
#6521 = DEFINITIONAL_REPRESENTATION('',(#6522),#6526);
#6522 = LINE('',#6523,#6524);
#6523 = CARTESIAN_POINT('',(-38.06,34.4));
#6524 = VECTOR('',#6525,1.);
#6525 = DIRECTION('',(0.,1.));
#6526 = ( GEOMETRIC_REPRESENTATION_CONTEXT(2) 
PARAMETRIC_REPRESENTATION_CONTEXT() REPRESENTATION_CONTEXT('2D SPACE',''
  ) );
#6527 = ORIENTED_EDGE('',*,*,#6424,.F.);
#6528 = ADVANCED_FACE('',(#6529),#5420,.T.);
#6529 = FACE_BOUND('',#6530,.T.);
#6530 = EDGE_LOOP('',(#6531,#6532,#6554,#6576));
#6531 = ORIENTED_EDGE('',*,*,#5405,.F.);
#6532 = ORIENTED_EDGE('',*,*,#6533,.T.);
#6533 = EDGE_CURVE('',#5383,#6534,#6536,.T.);
#6534 = VERTEX_POINT('',#6535);
#6535 = CARTESIAN_POINT('',(41.209999996338,77.65,9.9));
#6536 = SURFACE_CURVE('',#6537,(#6540,#6547),.PCURVE_S1.);
#6537 = B_SPLINE_CURVE_WITH_KNOTS('',1,(#6538,#6539),.UNSPECIFIED.,.F.,
  .F.,(2,2),(0.,1.),.PIECEWISE_BEZIER_KNOTS.);
#6538 = CARTESIAN_POINT('',(41.2099999968,78.25,9.3));
#6539 = CARTESIAN_POINT('',(41.209999996338,77.65,9.9));
#6540 = PCURVE('',#5420,#6541);
#6541 = DEFINITIONAL_REPRESENTATION('',(#6542),#6546);
#6542 = LINE('',#6543,#6544);
#6543 = CARTESIAN_POINT('',(4.712388980385,0.));
#6544 = VECTOR('',#6545,1.);
#6545 = DIRECTION('',(0.,1.));
#6546 = ( GEOMETRIC_REPRESENTATION_CONTEXT(2) 
PARAMETRIC_REPRESENTATION_CONTEXT() REPRESENTATION_CONTEXT('2D SPACE',''
  ) );
#6547 = PCURVE('',#5488,#6548);
#6548 = DEFINITIONAL_REPRESENTATION('',(#6549),#6553);
#6549 = LINE('',#6550,#6551);
#6550 = CARTESIAN_POINT('',(-17.60499999679,0.));
#6551 = VECTOR('',#6552,1.);
#6552 = DIRECTION('',(0.,1.));
#6553 = ( GEOMETRIC_REPRESENTATION_CONTEXT(2) 
PARAMETRIC_REPRESENTATION_CONTEXT() REPRESENTATION_CONTEXT('2D SPACE',''
  ) );
#6554 = ORIENTED_EDGE('',*,*,#6555,.T.);
#6555 = EDGE_CURVE('',#6534,#6487,#6556,.T.);
#6556 = SURFACE_CURVE('',#6557,(#6562,#6569),.PCURVE_S1.);
#6557 = CIRCLE('',#6558,2.85);
#6558 = AXIS2_PLACEMENT_3D('',#6559,#6560,#6561);
#6559 = CARTESIAN_POINT('',(41.209999996338,74.8,9.9));
#6560 = DIRECTION('',(0.,0.,-1.));
#6561 = DIRECTION('',(-1.,0.,0.));
#6562 = PCURVE('',#5420,#6563);
#6563 = DEFINITIONAL_REPRESENTATION('',(#6564),#6568);
#6564 = LINE('',#6565,#6566);
#6565 = CARTESIAN_POINT('',(6.28318530718,1.));
#6566 = VECTOR('',#6567,1.);
#6567 = DIRECTION('',(-1.,0.));
#6568 = ( GEOMETRIC_REPRESENTATION_CONTEXT(2) 
PARAMETRIC_REPRESENTATION_CONTEXT() REPRESENTATION_CONTEXT('2D SPACE',''
  ) );
#6569 = PCURVE('',#6390,#6570);
#6570 = DEFINITIONAL_REPRESENTATION('',(#6571),#6575);
#6571 = CIRCLE('',#6572,2.85);
#6572 = AXIS2_PLACEMENT_2D('',#6573,#6574);
#6573 = CARTESIAN_POINT('',(-35.20999999633,68.8));
#6574 = DIRECTION('',(1.,0.));
#6575 = ( GEOMETRIC_REPRESENTATION_CONTEXT(2) 
PARAMETRIC_REPRESENTATION_CONTEXT() REPRESENTATION_CONTEXT('2D SPACE',''
  ) );
#6576 = ORIENTED_EDGE('',*,*,#6486,.F.);
#6577 = ADVANCED_FACE('',(#6578),#5540,.T.);
#6578 = FACE_BOUND('',#6579,.T.);
#6579 = EDGE_LOOP('',(#6580,#6581,#6582,#6583));
#6580 = ORIENTED_EDGE('',*,*,#5524,.T.);
#6581 = ORIENTED_EDGE('',*,*,#5577,.T.);
#6582 = ORIENTED_EDGE('',*,*,#5626,.T.);
#6583 = ORIENTED_EDGE('',*,*,#5675,.T.);
#6584 = ADVANCED_FACE('',(#6585),#5488,.T.);
#6585 = FACE_BOUND('',#6586,.T.);
#6586 = EDGE_LOOP('',(#6587,#6588,#6609,#6630));
#6587 = ORIENTED_EDGE('',*,*,#5474,.F.);
#6588 = ORIENTED_EDGE('',*,*,#6589,.T.);
#6589 = EDGE_CURVE('',#5452,#6590,#6592,.T.);
#6590 = VERTEX_POINT('',#6591);
#6591 = CARTESIAN_POINT('',(6.,77.65,9.9));
#6592 = SURFACE_CURVE('',#6593,(#6596,#6603),.PCURVE_S1.);
#6593 = B_SPLINE_CURVE_WITH_KNOTS('',1,(#6594,#6595),.UNSPECIFIED.,.F.,
  .F.,(2,2),(0.,1.),.PIECEWISE_BEZIER_KNOTS.);
#6594 = CARTESIAN_POINT('',(6.,78.25,9.3));
#6595 = CARTESIAN_POINT('',(6.,77.65,9.9));
#6596 = PCURVE('',#5488,#6597);
#6597 = DEFINITIONAL_REPRESENTATION('',(#6598),#6602);
#6598 = LINE('',#6599,#6600);
#6599 = CARTESIAN_POINT('',(17.605,0.));
#6600 = VECTOR('',#6601,1.);
#6601 = DIRECTION('',(0.,1.));
#6602 = ( GEOMETRIC_REPRESENTATION_CONTEXT(2) 
PARAMETRIC_REPRESENTATION_CONTEXT() REPRESENTATION_CONTEXT('2D SPACE',''
  ) );
#6603 = PCURVE('',#5739,#6604);
#6604 = DEFINITIONAL_REPRESENTATION('',(#6605),#6608);
#6605 = B_SPLINE_CURVE_WITH_KNOTS('',1,(#6606,#6607),.UNSPECIFIED.,.F.,
  .F.,(2,2),(0.,1.),.PIECEWISE_BEZIER_KNOTS.);
#6606 = CARTESIAN_POINT('',(-4.712388980385,0.));
#6607 = CARTESIAN_POINT('',(-4.712388980385,-0.6));
#6608 = ( GEOMETRIC_REPRESENTATION_CONTEXT(2) 
PARAMETRIC_REPRESENTATION_CONTEXT() REPRESENTATION_CONTEXT('2D SPACE',''
  ) );
#6609 = ORIENTED_EDGE('',*,*,#6610,.T.);
#6610 = EDGE_CURVE('',#6590,#6534,#6611,.T.);
#6611 = SURFACE_CURVE('',#6612,(#6616,#6623),.PCURVE_S1.);
#6612 = LINE('',#6613,#6614);
#6613 = CARTESIAN_POINT('',(23.605,77.65,9.9));
#6614 = VECTOR('',#6615,1.);
#6615 = DIRECTION('',(1.,0.,0.));
#6616 = PCURVE('',#5488,#6617);
#6617 = DEFINITIONAL_REPRESENTATION('',(#6618),#6622);
#6618 = LINE('',#6619,#6620);
#6619 = CARTESIAN_POINT('',(0.,1.));
#6620 = VECTOR('',#6621,1.);
#6621 = DIRECTION('',(-1.,0.));
#6622 = ( GEOMETRIC_REPRESENTATION_CONTEXT(2) 
PARAMETRIC_REPRESENTATION_CONTEXT() REPRESENTATION_CONTEXT('2D SPACE',''
  ) );
#6623 = PCURVE('',#6390,#6624);
#6624 = DEFINITIONAL_REPRESENTATION('',(#6625),#6629);
#6625 = LINE('',#6626,#6627);
#6626 = CARTESIAN_POINT('',(-17.605,71.65));
#6627 = VECTOR('',#6628,1.);
#6628 = DIRECTION('',(-1.,0.));
#6629 = ( GEOMETRIC_REPRESENTATION_CONTEXT(2) 
PARAMETRIC_REPRESENTATION_CONTEXT() REPRESENTATION_CONTEXT('2D SPACE',''
  ) );
#6630 = ORIENTED_EDGE('',*,*,#6533,.F.);
#6631 = ADVANCED_FACE('',(#6632),#5739,.T.);
#6632 = FACE_BOUND('',#6633,.T.);
#6633 = EDGE_LOOP('',(#6634,#6635,#6655,#6677));
#6634 = ORIENTED_EDGE('',*,*,#5724,.F.);
#6635 = ORIENTED_EDGE('',*,*,#6636,.T.);
#6636 = EDGE_CURVE('',#5702,#6637,#6639,.T.);
#6637 = VERTEX_POINT('',#6638);
#6638 = CARTESIAN_POINT('',(3.15,74.8,9.9));
#6639 = SURFACE_CURVE('',#6640,(#6643,#6649),.PCURVE_S1.);
#6640 = B_SPLINE_CURVE_WITH_KNOTS('',1,(#6641,#6642),.UNSPECIFIED.,.F.,
  .F.,(2,2),(0.,1.),.PIECEWISE_BEZIER_KNOTS.);
#6641 = CARTESIAN_POINT('',(2.55,74.8,9.3));
#6642 = CARTESIAN_POINT('',(3.15,74.8,9.9));
#6643 = PCURVE('',#5739,#6644);
#6644 = DEFINITIONAL_REPRESENTATION('',(#6645),#6648);
#6645 = B_SPLINE_CURVE_WITH_KNOTS('',1,(#6646,#6647),.UNSPECIFIED.,.F.,
  .F.,(2,2),(0.,1.),.PIECEWISE_BEZIER_KNOTS.);
#6646 = CARTESIAN_POINT('',(-6.28318530718,0.));
#6647 = CARTESIAN_POINT('',(-6.28318530718,-0.6));
#6648 = ( GEOMETRIC_REPRESENTATION_CONTEXT(2) 
PARAMETRIC_REPRESENTATION_CONTEXT() REPRESENTATION_CONTEXT('2D SPACE',''
  ) );
#6649 = PCURVE('',#5793,#6650);
#6650 = DEFINITIONAL_REPRESENTATION('',(#6651),#6654);
#6651 = B_SPLINE_CURVE_WITH_KNOTS('',1,(#6652,#6653),.UNSPECIFIED.,.F.,
  .F.,(2,2),(0.,1.),.PIECEWISE_BEZIER_KNOTS.);
#6652 = CARTESIAN_POINT('',(-34.4,-0.848528137424));
#6653 = CARTESIAN_POINT('',(-34.4,-2.415845301584E-13));
#6654 = ( GEOMETRIC_REPRESENTATION_CONTEXT(2) 
PARAMETRIC_REPRESENTATION_CONTEXT() REPRESENTATION_CONTEXT('2D SPACE',''
  ) );
#6655 = ORIENTED_EDGE('',*,*,#6656,.T.);
#6656 = EDGE_CURVE('',#6637,#6590,#6657,.T.);
#6657 = SURFACE_CURVE('',#6658,(#6663,#6670),.PCURVE_S1.);
#6658 = CIRCLE('',#6659,2.85);
#6659 = AXIS2_PLACEMENT_3D('',#6660,#6661,#6662);
#6660 = CARTESIAN_POINT('',(6.,74.8,9.9));
#6661 = DIRECTION('',(0.,0.,-1.));
#6662 = DIRECTION('',(-1.,0.,0.));
#6663 = PCURVE('',#5739,#6664);
#6664 = DEFINITIONAL_REPRESENTATION('',(#6665),#6669);
#6665 = LINE('',#6666,#6667);
#6666 = CARTESIAN_POINT('',(-6.28318530718,-0.6));
#6667 = VECTOR('',#6668,1.);
#6668 = DIRECTION('',(1.,-0.));
#6669 = ( GEOMETRIC_REPRESENTATION_CONTEXT(2) 
PARAMETRIC_REPRESENTATION_CONTEXT() REPRESENTATION_CONTEXT('2D SPACE',''
  ) );
#6670 = PCURVE('',#6390,#6671);
#6671 = DEFINITIONAL_REPRESENTATION('',(#6672),#6676);
#6672 = CIRCLE('',#6673,2.85);
#6673 = AXIS2_PLACEMENT_2D('',#6674,#6675);
#6674 = CARTESIAN_POINT('',(0.,68.8));
#6675 = DIRECTION('',(1.,0.));
#6676 = ( GEOMETRIC_REPRESENTATION_CONTEXT(2) 
PARAMETRIC_REPRESENTATION_CONTEXT() REPRESENTATION_CONTEXT('2D SPACE',''
  ) );
#6677 = ORIENTED_EDGE('',*,*,#6589,.F.);
#6678 = ADVANCED_FACE('',(#6679),#5919,.T.);
#6679 = FACE_BOUND('',#6680,.T.);
#6680 = EDGE_LOOP('',(#6681,#6682,#6683,#6684));
#6681 = ORIENTED_EDGE('',*,*,#5903,.T.);
#6682 = ORIENTED_EDGE('',*,*,#6081,.T.);
#6683 = ORIENTED_EDGE('',*,*,#6130,.T.);
#6684 = ORIENTED_EDGE('',*,*,#6179,.T.);
#6685 = ADVANCED_FACE('',(#6686),#5846,.T.);
#6686 = FACE_BOUND('',#6687,.T.);
#6687 = EDGE_LOOP('',(#6688,#6689,#6690,#6691));
#6688 = ORIENTED_EDGE('',*,*,#5830,.T.);
#6689 = ORIENTED_EDGE('',*,*,#5956,.T.);
#6690 = ORIENTED_EDGE('',*,*,#6005,.T.);
#6691 = ORIENTED_EDGE('',*,*,#6054,.T.);
#6692 = ADVANCED_FACE('',(#6693),#5793,.T.);
#6693 = FACE_BOUND('',#6694,.T.);
#6694 = EDGE_LOOP('',(#6695,#6696,#6716,#6737));
#6695 = ORIENTED_EDGE('',*,*,#5779,.F.);
#6696 = ORIENTED_EDGE('',*,*,#6697,.T.);
#6697 = EDGE_CURVE('',#5757,#6698,#6700,.T.);
#6698 = VERTEX_POINT('',#6699);
#6699 = CARTESIAN_POINT('',(3.15,6.,9.9));
#6700 = SURFACE_CURVE('',#6701,(#6704,#6710),.PCURVE_S1.);
#6701 = B_SPLINE_CURVE_WITH_KNOTS('',1,(#6702,#6703),.UNSPECIFIED.,.F.,
  .F.,(2,2),(0.,1.),.PIECEWISE_BEZIER_KNOTS.);
#6702 = CARTESIAN_POINT('',(2.55,6.,9.3));
#6703 = CARTESIAN_POINT('',(3.15,6.,9.9));
#6704 = PCURVE('',#5793,#6705);
#6705 = DEFINITIONAL_REPRESENTATION('',(#6706),#6709);
#6706 = B_SPLINE_CURVE_WITH_KNOTS('',1,(#6707,#6708),.UNSPECIFIED.,.F.,
  .F.,(2,2),(0.,1.),.PIECEWISE_BEZIER_KNOTS.);
#6707 = CARTESIAN_POINT('',(34.4,-0.848528137424));
#6708 = CARTESIAN_POINT('',(34.4,-2.415845301584E-13));
#6709 = ( GEOMETRIC_REPRESENTATION_CONTEXT(2) 
PARAMETRIC_REPRESENTATION_CONTEXT() REPRESENTATION_CONTEXT('2D SPACE',''
  ) );
#6710 = PCURVE('',#6221,#6711);
#6711 = DEFINITIONAL_REPRESENTATION('',(#6712),#6715);
#6712 = B_SPLINE_CURVE_WITH_KNOTS('',1,(#6713,#6714),.UNSPECIFIED.,.F.,
  .F.,(2,2),(0.,1.),.PIECEWISE_BEZIER_KNOTS.);
#6713 = CARTESIAN_POINT('',(0.,0.));
#6714 = CARTESIAN_POINT('',(0.,-0.6));
#6715 = ( GEOMETRIC_REPRESENTATION_CONTEXT(2) 
PARAMETRIC_REPRESENTATION_CONTEXT() REPRESENTATION_CONTEXT('2D SPACE',''
  ) );
#6716 = ORIENTED_EDGE('',*,*,#6717,.T.);
#6717 = EDGE_CURVE('',#6698,#6637,#6718,.T.);
#6718 = SURFACE_CURVE('',#6719,(#6723,#6730),.PCURVE_S1.);
#6719 = LINE('',#6720,#6721);
#6720 = CARTESIAN_POINT('',(3.15,40.4,9.9));
#6721 = VECTOR('',#6722,1.);
#6722 = DIRECTION('',(0.,1.,0.));
#6723 = PCURVE('',#5793,#6724);
#6724 = DEFINITIONAL_REPRESENTATION('',(#6725),#6729);
#6725 = LINE('',#6726,#6727);
#6726 = CARTESIAN_POINT('',(0.,0.));
#6727 = VECTOR('',#6728,1.);
#6728 = DIRECTION('',(-1.,0.));
#6729 = ( GEOMETRIC_REPRESENTATION_CONTEXT(2) 
PARAMETRIC_REPRESENTATION_CONTEXT() REPRESENTATION_CONTEXT('2D SPACE',''
  ) );
#6730 = PCURVE('',#6390,#6731);
#6731 = DEFINITIONAL_REPRESENTATION('',(#6732),#6736);
#6732 = LINE('',#6733,#6734);
#6733 = CARTESIAN_POINT('',(2.849999999999,34.4));
#6734 = VECTOR('',#6735,1.);
#6735 = DIRECTION('',(0.,1.));
#6736 = ( GEOMETRIC_REPRESENTATION_CONTEXT(2) 
PARAMETRIC_REPRESENTATION_CONTEXT() REPRESENTATION_CONTEXT('2D SPACE',''
  ) );
#6737 = ORIENTED_EDGE('',*,*,#6636,.F.);
#6738 = ADVANCED_FACE('',(#6739),#6221,.T.);
#6739 = FACE_BOUND('',#6740,.T.);
#6740 = EDGE_LOOP('',(#6741,#6742,#6743,#6765));
#6741 = ORIENTED_EDGE('',*,*,#6206,.F.);
#6742 = ORIENTED_EDGE('',*,*,#6402,.T.);
#6743 = ORIENTED_EDGE('',*,*,#6744,.T.);
#6744 = EDGE_CURVE('',#6375,#6698,#6745,.T.);
#6745 = SURFACE_CURVE('',#6746,(#6751,#6758),.PCURVE_S1.);
#6746 = CIRCLE('',#6747,2.85);
#6747 = AXIS2_PLACEMENT_3D('',#6748,#6749,#6750);
#6748 = CARTESIAN_POINT('',(6.,6.,9.9));
#6749 = DIRECTION('',(0.,0.,-1.));
#6750 = DIRECTION('',(-1.,0.,0.));
#6751 = PCURVE('',#6221,#6752);
#6752 = DEFINITIONAL_REPRESENTATION('',(#6753),#6757);
#6753 = LINE('',#6754,#6755);
#6754 = CARTESIAN_POINT('',(-6.28318530718,-0.6));
#6755 = VECTOR('',#6756,1.);
#6756 = DIRECTION('',(1.,-0.));
#6757 = ( GEOMETRIC_REPRESENTATION_CONTEXT(2) 
PARAMETRIC_REPRESENTATION_CONTEXT() REPRESENTATION_CONTEXT('2D SPACE',''
  ) );
#6758 = PCURVE('',#6390,#6759);
#6759 = DEFINITIONAL_REPRESENTATION('',(#6760),#6764);
#6760 = CIRCLE('',#6761,2.85);
#6761 = AXIS2_PLACEMENT_2D('',#6762,#6763);
#6762 = CARTESIAN_POINT('',(0.,0.));
#6763 = DIRECTION('',(1.,0.));
#6764 = ( GEOMETRIC_REPRESENTATION_CONTEXT(2) 
PARAMETRIC_REPRESENTATION_CONTEXT() REPRESENTATION_CONTEXT('2D SPACE',''
  ) );
#6765 = ORIENTED_EDGE('',*,*,#6697,.F.);
#6766 = ADVANCED_FACE('',(#6767,#6777),#6390,.F.);
#6767 = FACE_BOUND('',#6768,.F.);
#6768 = EDGE_LOOP('',(#6769,#6770,#6771,#6772,#6773,#6774,#6775,#6776));
#6769 = ORIENTED_EDGE('',*,*,#6717,.T.);
#6770 = ORIENTED_EDGE('',*,*,#6656,.T.);
#6771 = ORIENTED_EDGE('',*,*,#6610,.T.);
#6772 = ORIENTED_EDGE('',*,*,#6555,.T.);
#6773 = ORIENTED_EDGE('',*,*,#6507,.F.);
#6774 = ORIENTED_EDGE('',*,*,#6445,.T.);
#6775 = ORIENTED_EDGE('',*,*,#6374,.F.);
#6776 = ORIENTED_EDGE('',*,*,#6744,.T.);
#6777 = FACE_BOUND('',#6778,.F.);
#6778 = EDGE_LOOP('',(#6779,#6807,#6836,#6862,#6891,#6917,#6946,#6972));
#6779 = ORIENTED_EDGE('',*,*,#6780,.F.);
#6780 = EDGE_CURVE('',#6781,#6783,#6785,.T.);
#6781 = VERTEX_POINT('',#6782);
#6782 = CARTESIAN_POINT('',(4.15,6.,9.9));
#6783 = VERTEX_POINT('',#6784);
#6784 = CARTESIAN_POINT('',(4.15,74.8,9.9));
#6785 = SURFACE_CURVE('',#6786,(#6790,#6796),.PCURVE_S1.);
#6786 = LINE('',#6787,#6788);
#6787 = CARTESIAN_POINT('',(4.150000000001,6.,9.9));
#6788 = VECTOR('',#6789,1.);
#6789 = DIRECTION('',(0.,1.,0.));
#6790 = PCURVE('',#6390,#6791);
#6791 = DEFINITIONAL_REPRESENTATION('',(#6792),#6795);
#6792 = B_SPLINE_CURVE_WITH_KNOTS('',1,(#6793,#6794),.UNSPECIFIED.,.F.,
  .F.,(2,2),(3.552713678801E-15,68.8),.PIECEWISE_BEZIER_KNOTS.);
#6793 = CARTESIAN_POINT('',(1.849999999999,7.105427357601E-15));
#6794 = CARTESIAN_POINT('',(1.849999999999,68.8));
#6795 = ( GEOMETRIC_REPRESENTATION_CONTEXT(2) 
PARAMETRIC_REPRESENTATION_CONTEXT() REPRESENTATION_CONTEXT('2D SPACE',''
  ) );
#6796 = PCURVE('',#6797,#6802);
#6797 = PLANE('',#6798);
#6798 = AXIS2_PLACEMENT_3D('',#6799,#6800,#6801);
#6799 = CARTESIAN_POINT('',(4.150000000001,6.,2.4));
#6800 = DIRECTION('',(-1.,0.,0.));
#6801 = DIRECTION('',(0.,1.,0.));
#6802 = DEFINITIONAL_REPRESENTATION('',(#6803),#6806);
#6803 = B_SPLINE_CURVE_WITH_KNOTS('',1,(#6804,#6805),.UNSPECIFIED.,.F.,
  .F.,(2,2),(3.552713678801E-15,68.8),.PIECEWISE_BEZIER_KNOTS.);
#6804 = CARTESIAN_POINT('',(0.,-7.5));
#6805 = CARTESIAN_POINT('',(68.8,-7.5));
#6806 = ( GEOMETRIC_REPRESENTATION_CONTEXT(2) 
PARAMETRIC_REPRESENTATION_CONTEXT() REPRESENTATION_CONTEXT('2D SPACE',''
  ) );
#6807 = ORIENTED_EDGE('',*,*,#6808,.F.);
#6808 = EDGE_CURVE('',#6809,#6781,#6811,.T.);
#6809 = VERTEX_POINT('',#6810);
#6810 = CARTESIAN_POINT('',(5.999999999999,4.15,9.9));
#6811 = SURFACE_CURVE('',#6812,(#6817,#6824),.PCURVE_S1.);
#6812 = CIRCLE('',#6813,1.85);
#6813 = AXIS2_PLACEMENT_3D('',#6814,#6815,#6816);
#6814 = CARTESIAN_POINT('',(5.999999999999,6.,9.9));
#6815 = DIRECTION('',(0.,0.,-1.));
#6816 = DIRECTION('',(-1.,0.,0.));
#6817 = PCURVE('',#6390,#6818);
#6818 = DEFINITIONAL_REPRESENTATION('',(#6819),#6823);
#6819 = CIRCLE('',#6820,1.85);
#6820 = AXIS2_PLACEMENT_2D('',#6821,#6822);
#6821 = CARTESIAN_POINT('',(4.050093593833E-13,7.105427357601E-15));
#6822 = DIRECTION('',(1.,0.));
#6823 = ( GEOMETRIC_REPRESENTATION_CONTEXT(2) 
PARAMETRIC_REPRESENTATION_CONTEXT() REPRESENTATION_CONTEXT('2D SPACE',''
  ) );
#6824 = PCURVE('',#6825,#6830);
#6825 = CYLINDRICAL_SURFACE('',#6826,1.85);
#6826 = AXIS2_PLACEMENT_3D('',#6827,#6828,#6829);
#6827 = CARTESIAN_POINT('',(5.999999999999,6.,2.4));
#6828 = DIRECTION('',(0.,0.,-1.));
#6829 = DIRECTION('',(-1.,0.,0.));
#6830 = DEFINITIONAL_REPRESENTATION('',(#6831),#6835);
#6831 = LINE('',#6832,#6833);
#6832 = CARTESIAN_POINT('',(0.,-7.5));
#6833 = VECTOR('',#6834,1.);
#6834 = DIRECTION('',(1.,0.));
#6835 = ( GEOMETRIC_REPRESENTATION_CONTEXT(2) 
PARAMETRIC_REPRESENTATION_CONTEXT() REPRESENTATION_CONTEXT('2D SPACE',''
  ) );
#6836 = ORIENTED_EDGE('',*,*,#6837,.T.);
#6837 = EDGE_CURVE('',#6809,#6838,#6840,.T.);
#6838 = VERTEX_POINT('',#6839);
#6839 = CARTESIAN_POINT('',(41.209999995133,4.15,9.9));
#6840 = SURFACE_CURVE('',#6841,(#6845,#6851),.PCURVE_S1.);
#6841 = LINE('',#6842,#6843);
#6842 = CARTESIAN_POINT('',(5.999999999999,4.15,9.9));
#6843 = VECTOR('',#6844,1.);
#6844 = DIRECTION('',(1.,-0.,0.));
#6845 = PCURVE('',#6390,#6846);
#6846 = DEFINITIONAL_REPRESENTATION('',(#6847),#6850);
#6847 = B_SPLINE_CURVE_WITH_KNOTS('',1,(#6848,#6849),.UNSPECIFIED.,.F.,
  .F.,(2,2),(-2.025046796916E-13,35.209999995133),
  .PIECEWISE_BEZIER_KNOTS.);
#6848 = CARTESIAN_POINT('',(4.050093593833E-13,-1.85));
#6849 = CARTESIAN_POINT('',(-35.20999999513,-1.85));
#6850 = ( GEOMETRIC_REPRESENTATION_CONTEXT(2) 
PARAMETRIC_REPRESENTATION_CONTEXT() REPRESENTATION_CONTEXT('2D SPACE',''
  ) );
#6851 = PCURVE('',#6852,#6857);
#6852 = PLANE('',#6853);
#6853 = AXIS2_PLACEMENT_3D('',#6854,#6855,#6856);
#6854 = CARTESIAN_POINT('',(5.999999999999,4.15,2.4));
#6855 = DIRECTION('',(0.,1.,0.));
#6856 = DIRECTION('',(1.,0.,0.));
#6857 = DEFINITIONAL_REPRESENTATION('',(#6858),#6861);
#6858 = B_SPLINE_CURVE_WITH_KNOTS('',1,(#6859,#6860),.UNSPECIFIED.,.F.,
  .F.,(2,2),(-2.025046796916E-13,35.209999995133),
  .PIECEWISE_BEZIER_KNOTS.);
#6859 = CARTESIAN_POINT('',(0.,-7.5));
#6860 = CARTESIAN_POINT('',(35.209999995133,-7.5));
#6861 = ( GEOMETRIC_REPRESENTATION_CONTEXT(2) 
PARAMETRIC_REPRESENTATION_CONTEXT() REPRESENTATION_CONTEXT('2D SPACE',''
  ) );
#6862 = ORIENTED_EDGE('',*,*,#6863,.F.);
#6863 = EDGE_CURVE('',#6864,#6838,#6866,.T.);
#6864 = VERTEX_POINT('',#6865);
#6865 = CARTESIAN_POINT('',(43.059999997567,6.,9.9));
#6866 = SURFACE_CURVE('',#6867,(#6872,#6879),.PCURVE_S1.);
#6867 = CIRCLE('',#6868,1.85);
#6868 = AXIS2_PLACEMENT_3D('',#6869,#6870,#6871);
#6869 = CARTESIAN_POINT('',(41.209999995133,6.,9.9));
#6870 = DIRECTION('',(0.,0.,-1.));
#6871 = DIRECTION('',(-1.,0.,0.));
#6872 = PCURVE('',#6390,#6873);
#6873 = DEFINITIONAL_REPRESENTATION('',(#6874),#6878);
#6874 = CIRCLE('',#6875,1.85);
#6875 = AXIS2_PLACEMENT_2D('',#6876,#6877);
#6876 = CARTESIAN_POINT('',(-35.20999999513,7.105427357601E-15));
#6877 = DIRECTION('',(1.,0.));
#6878 = ( GEOMETRIC_REPRESENTATION_CONTEXT(2) 
PARAMETRIC_REPRESENTATION_CONTEXT() REPRESENTATION_CONTEXT('2D SPACE',''
  ) );
#6879 = PCURVE('',#6880,#6885);
#6880 = CYLINDRICAL_SURFACE('',#6881,1.85);
#6881 = AXIS2_PLACEMENT_3D('',#6882,#6883,#6884);
#6882 = CARTESIAN_POINT('',(41.209999995133,6.,2.4));
#6883 = DIRECTION('',(0.,0.,-1.));
#6884 = DIRECTION('',(-1.,0.,0.));
#6885 = DEFINITIONAL_REPRESENTATION('',(#6886),#6890);
#6886 = LINE('',#6887,#6888);
#6887 = CARTESIAN_POINT('',(0.,-7.5));
#6888 = VECTOR('',#6889,1.);
#6889 = DIRECTION('',(1.,0.));
#6890 = ( GEOMETRIC_REPRESENTATION_CONTEXT(2) 
PARAMETRIC_REPRESENTATION_CONTEXT() REPRESENTATION_CONTEXT('2D SPACE',''
  ) );
#6891 = ORIENTED_EDGE('',*,*,#6892,.T.);
#6892 = EDGE_CURVE('',#6864,#6893,#6895,.T.);
#6893 = VERTEX_POINT('',#6894);
#6894 = CARTESIAN_POINT('',(43.059999997567,74.8,9.9));
#6895 = SURFACE_CURVE('',#6896,(#6900,#6906),.PCURVE_S1.);
#6896 = LINE('',#6897,#6898);
#6897 = CARTESIAN_POINT('',(43.060000000001,6.,9.9));
#6898 = VECTOR('',#6899,1.);
#6899 = DIRECTION('',(0.,1.,0.));
#6900 = PCURVE('',#6390,#6901);
#6901 = DEFINITIONAL_REPRESENTATION('',(#6902),#6905);
#6902 = B_SPLINE_CURVE_WITH_KNOTS('',1,(#6903,#6904),.UNSPECIFIED.,.F.,
  .F.,(2,2),(3.552713678801E-15,68.8),.PIECEWISE_BEZIER_KNOTS.);
#6903 = CARTESIAN_POINT('',(-37.06,7.105427357601E-15));
#6904 = CARTESIAN_POINT('',(-37.06,68.8));
#6905 = ( GEOMETRIC_REPRESENTATION_CONTEXT(2) 
PARAMETRIC_REPRESENTATION_CONTEXT() REPRESENTATION_CONTEXT('2D SPACE',''
  ) );
#6906 = PCURVE('',#6907,#6912);
#6907 = PLANE('',#6908);
#6908 = AXIS2_PLACEMENT_3D('',#6909,#6910,#6911);
#6909 = CARTESIAN_POINT('',(43.060000000001,6.,2.4));
#6910 = DIRECTION('',(-1.,0.,0.));
#6911 = DIRECTION('',(0.,1.,0.));
#6912 = DEFINITIONAL_REPRESENTATION('',(#6913),#6916);
#6913 = B_SPLINE_CURVE_WITH_KNOTS('',1,(#6914,#6915),.UNSPECIFIED.,.F.,
  .F.,(2,2),(3.552713678801E-15,68.8),.PIECEWISE_BEZIER_KNOTS.);
#6914 = CARTESIAN_POINT('',(0.,-7.5));
#6915 = CARTESIAN_POINT('',(68.8,-7.5));
#6916 = ( GEOMETRIC_REPRESENTATION_CONTEXT(2) 
PARAMETRIC_REPRESENTATION_CONTEXT() REPRESENTATION_CONTEXT('2D SPACE',''
  ) );
#6917 = ORIENTED_EDGE('',*,*,#6918,.F.);
#6918 = EDGE_CURVE('',#6919,#6893,#6921,.T.);
#6919 = VERTEX_POINT('',#6920);
#6920 = CARTESIAN_POINT('',(41.209999995133,76.65,9.9));
#6921 = SURFACE_CURVE('',#6922,(#6927,#6934),.PCURVE_S1.);
#6922 = CIRCLE('',#6923,1.85);
#6923 = AXIS2_PLACEMENT_3D('',#6924,#6925,#6926);
#6924 = CARTESIAN_POINT('',(41.209999995133,74.8,9.9));
#6925 = DIRECTION('',(0.,0.,-1.));
#6926 = DIRECTION('',(-1.,0.,0.));
#6927 = PCURVE('',#6390,#6928);
#6928 = DEFINITIONAL_REPRESENTATION('',(#6929),#6933);
#6929 = CIRCLE('',#6930,1.85);
#6930 = AXIS2_PLACEMENT_2D('',#6931,#6932);
#6931 = CARTESIAN_POINT('',(-35.20999999513,68.8));
#6932 = DIRECTION('',(1.,0.));
#6933 = ( GEOMETRIC_REPRESENTATION_CONTEXT(2) 
PARAMETRIC_REPRESENTATION_CONTEXT() REPRESENTATION_CONTEXT('2D SPACE',''
  ) );
#6934 = PCURVE('',#6935,#6940);
#6935 = CYLINDRICAL_SURFACE('',#6936,1.85);
#6936 = AXIS2_PLACEMENT_3D('',#6937,#6938,#6939);
#6937 = CARTESIAN_POINT('',(41.209999995133,74.8,2.4));
#6938 = DIRECTION('',(0.,0.,-1.));
#6939 = DIRECTION('',(-1.,0.,0.));
#6940 = DEFINITIONAL_REPRESENTATION('',(#6941),#6945);
#6941 = LINE('',#6942,#6943);
#6942 = CARTESIAN_POINT('',(0.,-7.5));
#6943 = VECTOR('',#6944,1.);
#6944 = DIRECTION('',(1.,0.));
#6945 = ( GEOMETRIC_REPRESENTATION_CONTEXT(2) 
PARAMETRIC_REPRESENTATION_CONTEXT() REPRESENTATION_CONTEXT('2D SPACE',''
  ) );
#6946 = ORIENTED_EDGE('',*,*,#6947,.F.);
#6947 = EDGE_CURVE('',#6948,#6919,#6950,.T.);
#6948 = VERTEX_POINT('',#6949);
#6949 = CARTESIAN_POINT('',(5.999999999999,76.65,9.9));
#6950 = SURFACE_CURVE('',#6951,(#6955,#6961),.PCURVE_S1.);
#6951 = LINE('',#6952,#6953);
#6952 = CARTESIAN_POINT('',(5.999999999999,76.65,9.9));
#6953 = VECTOR('',#6954,1.);
#6954 = DIRECTION('',(1.,-0.,0.));
#6955 = PCURVE('',#6390,#6956);
#6956 = DEFINITIONAL_REPRESENTATION('',(#6957),#6960);
#6957 = B_SPLINE_CURVE_WITH_KNOTS('',1,(#6958,#6959),.UNSPECIFIED.,.F.,
  .F.,(2,2),(-2.025046796916E-13,35.209999995133),
  .PIECEWISE_BEZIER_KNOTS.);
#6958 = CARTESIAN_POINT('',(4.050093593833E-13,70.65));
#6959 = CARTESIAN_POINT('',(-35.20999999513,70.65));
#6960 = ( GEOMETRIC_REPRESENTATION_CONTEXT(2) 
PARAMETRIC_REPRESENTATION_CONTEXT() REPRESENTATION_CONTEXT('2D SPACE',''
  ) );
#6961 = PCURVE('',#6962,#6967);
#6962 = PLANE('',#6963);
#6963 = AXIS2_PLACEMENT_3D('',#6964,#6965,#6966);
#6964 = CARTESIAN_POINT('',(5.999999999999,76.65,2.4));
#6965 = DIRECTION('',(0.,1.,0.));
#6966 = DIRECTION('',(1.,0.,0.));
#6967 = DEFINITIONAL_REPRESENTATION('',(#6968),#6971);
#6968 = B_SPLINE_CURVE_WITH_KNOTS('',1,(#6969,#6970),.UNSPECIFIED.,.F.,
  .F.,(2,2),(-2.025046796916E-13,35.209999995133),
  .PIECEWISE_BEZIER_KNOTS.);
#6969 = CARTESIAN_POINT('',(0.,-7.5));
#6970 = CARTESIAN_POINT('',(35.209999995133,-7.5));
#6971 = ( GEOMETRIC_REPRESENTATION_CONTEXT(2) 
PARAMETRIC_REPRESENTATION_CONTEXT() REPRESENTATION_CONTEXT('2D SPACE',''
  ) );
#6972 = ORIENTED_EDGE('',*,*,#6973,.F.);
#6973 = EDGE_CURVE('',#6783,#6948,#6974,.T.);
#6974 = SURFACE_CURVE('',#6975,(#6980,#6987),.PCURVE_S1.);
#6975 = CIRCLE('',#6976,1.85);
#6976 = AXIS2_PLACEMENT_3D('',#6977,#6978,#6979);
#6977 = CARTESIAN_POINT('',(5.999999999999,74.8,9.9));
#6978 = DIRECTION('',(0.,0.,-1.));
#6979 = DIRECTION('',(-1.,0.,0.));
#6980 = PCURVE('',#6390,#6981);
#6981 = DEFINITIONAL_REPRESENTATION('',(#6982),#6986);
#6982 = CIRCLE('',#6983,1.85);
#6983 = AXIS2_PLACEMENT_2D('',#6984,#6985);
#6984 = CARTESIAN_POINT('',(4.050093593833E-13,68.8));
#6985 = DIRECTION('',(1.,0.));
#6986 = ( GEOMETRIC_REPRESENTATION_CONTEXT(2) 
PARAMETRIC_REPRESENTATION_CONTEXT() REPRESENTATION_CONTEXT('2D SPACE',''
  ) );
#6987 = PCURVE('',#6988,#6993);
#6988 = CYLINDRICAL_SURFACE('',#6989,1.85);
#6989 = AXIS2_PLACEMENT_3D('',#6990,#6991,#6992);
#6990 = CARTESIAN_POINT('',(5.999999999999,74.8,2.4));
#6991 = DIRECTION('',(0.,0.,-1.));
#6992 = DIRECTION('',(-1.,0.,0.));
#6993 = DEFINITIONAL_REPRESENTATION('',(#6994),#6998);
#6994 = LINE('',#6995,#6996);
#6995 = CARTESIAN_POINT('',(0.,-7.5));
#6996 = VECTOR('',#6997,1.);
#6997 = DIRECTION('',(1.,0.));
#6998 = ( GEOMETRIC_REPRESENTATION_CONTEXT(2) 
PARAMETRIC_REPRESENTATION_CONTEXT() REPRESENTATION_CONTEXT('2D SPACE',''
  ) );
#6999 = ADVANCED_FACE('',(#7000),#6797,.F.);
#7000 = FACE_BOUND('',#7001,.F.);
#7001 = EDGE_LOOP('',(#7002,#7032,#7053,#7054));
#7002 = ORIENTED_EDGE('',*,*,#7003,.F.);
#7003 = EDGE_CURVE('',#7004,#7006,#7008,.T.);
#7004 = VERTEX_POINT('',#7005);
#7005 = CARTESIAN_POINT('',(4.15,6.,2.4));
#7006 = VERTEX_POINT('',#7007);
#7007 = CARTESIAN_POINT('',(4.15,74.8,2.4));
#7008 = SURFACE_CURVE('',#7009,(#7013,#7020),.PCURVE_S1.);
#7009 = LINE('',#7010,#7011);
#7010 = CARTESIAN_POINT('',(4.150000000001,40.4,2.4));
#7011 = VECTOR('',#7012,1.);
#7012 = DIRECTION('',(0.,1.,0.));
#7013 = PCURVE('',#6797,#7014);
#7014 = DEFINITIONAL_REPRESENTATION('',(#7015),#7019);
#7015 = LINE('',#7016,#7017);
#7016 = CARTESIAN_POINT('',(34.4,0.));
#7017 = VECTOR('',#7018,1.);
#7018 = DIRECTION('',(1.,0.));
#7019 = ( GEOMETRIC_REPRESENTATION_CONTEXT(2) 
PARAMETRIC_REPRESENTATION_CONTEXT() REPRESENTATION_CONTEXT('2D SPACE',''
  ) );
#7020 = PCURVE('',#7021,#7026);
#7021 = PLANE('',#7022);
#7022 = AXIS2_PLACEMENT_3D('',#7023,#7024,#7025);
#7023 = CARTESIAN_POINT('',(23.604999999092,40.4,2.4));
#7024 = DIRECTION('',(0.,0.,1.));
#7025 = DIRECTION('',(1.,0.,0.));
#7026 = DEFINITIONAL_REPRESENTATION('',(#7027),#7031);
#7027 = LINE('',#7028,#7029);
#7028 = CARTESIAN_POINT('',(-19.45499999909,-2.233479071367E-15));
#7029 = VECTOR('',#7030,1.);
#7030 = DIRECTION('',(0.,1.));
#7031 = ( GEOMETRIC_REPRESENTATION_CONTEXT(2) 
PARAMETRIC_REPRESENTATION_CONTEXT() REPRESENTATION_CONTEXT('2D SPACE',''
  ) );
#7032 = ORIENTED_EDGE('',*,*,#7033,.T.);
#7033 = EDGE_CURVE('',#7004,#6781,#7034,.T.);
#7034 = SURFACE_CURVE('',#7035,(#7039,#7046),.PCURVE_S1.);
#7035 = LINE('',#7036,#7037);
#7036 = CARTESIAN_POINT('',(4.15,6.,2.4));
#7037 = VECTOR('',#7038,1.);
#7038 = DIRECTION('',(0.,0.,1.));
#7039 = PCURVE('',#6797,#7040);
#7040 = DEFINITIONAL_REPRESENTATION('',(#7041),#7045);
#7041 = LINE('',#7042,#7043);
#7042 = CARTESIAN_POINT('',(0.,0.));
#7043 = VECTOR('',#7044,1.);
#7044 = DIRECTION('',(0.,-1.));
#7045 = ( GEOMETRIC_REPRESENTATION_CONTEXT(2) 
PARAMETRIC_REPRESENTATION_CONTEXT() REPRESENTATION_CONTEXT('2D SPACE',''
  ) );
#7046 = PCURVE('',#6825,#7047);
#7047 = DEFINITIONAL_REPRESENTATION('',(#7048),#7052);
#7048 = LINE('',#7049,#7050);
#7049 = CARTESIAN_POINT('',(6.28318530718,0.));
#7050 = VECTOR('',#7051,1.);
#7051 = DIRECTION('',(0.,-1.));
#7052 = ( GEOMETRIC_REPRESENTATION_CONTEXT(2) 
PARAMETRIC_REPRESENTATION_CONTEXT() REPRESENTATION_CONTEXT('2D SPACE',''
  ) );
#7053 = ORIENTED_EDGE('',*,*,#6780,.T.);
#7054 = ORIENTED_EDGE('',*,*,#7055,.F.);
#7055 = EDGE_CURVE('',#7006,#6783,#7056,.T.);
#7056 = SURFACE_CURVE('',#7057,(#7061,#7068),.PCURVE_S1.);
#7057 = LINE('',#7058,#7059);
#7058 = CARTESIAN_POINT('',(4.15,74.8,2.4));
#7059 = VECTOR('',#7060,1.);
#7060 = DIRECTION('',(0.,0.,1.));
#7061 = PCURVE('',#6797,#7062);
#7062 = DEFINITIONAL_REPRESENTATION('',(#7063),#7067);
#7063 = LINE('',#7064,#7065);
#7064 = CARTESIAN_POINT('',(68.8,0.));
#7065 = VECTOR('',#7066,1.);
#7066 = DIRECTION('',(0.,-1.));
#7067 = ( GEOMETRIC_REPRESENTATION_CONTEXT(2) 
PARAMETRIC_REPRESENTATION_CONTEXT() REPRESENTATION_CONTEXT('2D SPACE',''
  ) );
#7068 = PCURVE('',#6988,#7069);
#7069 = DEFINITIONAL_REPRESENTATION('',(#7070),#7074);
#7070 = LINE('',#7071,#7072);
#7071 = CARTESIAN_POINT('',(0.,0.));
#7072 = VECTOR('',#7073,1.);
#7073 = DIRECTION('',(0.,-1.));
#7074 = ( GEOMETRIC_REPRESENTATION_CONTEXT(2) 
PARAMETRIC_REPRESENTATION_CONTEXT() REPRESENTATION_CONTEXT('2D SPACE',''
  ) );
#7075 = ADVANCED_FACE('',(#7076),#6988,.F.);
#7076 = FACE_BOUND('',#7077,.F.);
#7077 = EDGE_LOOP('',(#7078,#7106,#7107,#7108));
#7078 = ORIENTED_EDGE('',*,*,#7079,.F.);
#7079 = EDGE_CURVE('',#7006,#7080,#7082,.T.);
#7080 = VERTEX_POINT('',#7081);
#7081 = CARTESIAN_POINT('',(5.999999999999,76.65,2.4));
#7082 = SURFACE_CURVE('',#7083,(#7088,#7095),.PCURVE_S1.);
#7083 = CIRCLE('',#7084,1.85);
#7084 = AXIS2_PLACEMENT_3D('',#7085,#7086,#7087);
#7085 = CARTESIAN_POINT('',(5.999999999999,74.8,2.4));
#7086 = DIRECTION('',(0.,0.,-1.));
#7087 = DIRECTION('',(-1.,0.,0.));
#7088 = PCURVE('',#6988,#7089);
#7089 = DEFINITIONAL_REPRESENTATION('',(#7090),#7094);
#7090 = LINE('',#7091,#7092);
#7091 = CARTESIAN_POINT('',(0.,0.));
#7092 = VECTOR('',#7093,1.);
#7093 = DIRECTION('',(1.,0.));
#7094 = ( GEOMETRIC_REPRESENTATION_CONTEXT(2) 
PARAMETRIC_REPRESENTATION_CONTEXT() REPRESENTATION_CONTEXT('2D SPACE',''
  ) );
#7095 = PCURVE('',#7021,#7096);
#7096 = DEFINITIONAL_REPRESENTATION('',(#7097),#7105);
#7097 = ( BOUNDED_CURVE() B_SPLINE_CURVE(2,(#7098,#7099,#7100,#7101,
#7102,#7103,#7104),.UNSPECIFIED.,.T.,.F.) B_SPLINE_CURVE_WITH_KNOTS((1,2
    ,2,2,2,1),(-2.094395102393,0.,2.094395102393,4.188790204786,
6.28318530718,8.377580409573),.UNSPECIFIED.) CURVE() 
GEOMETRIC_REPRESENTATION_ITEM() RATIONAL_B_SPLINE_CURVE((1.,0.5,1.,0.5,
1.,0.5,1.)) REPRESENTATION_ITEM('') );
#7098 = CARTESIAN_POINT('',(-19.45499999909,34.4));
#7099 = CARTESIAN_POINT('',(-19.45499999909,37.604293994002));
#7100 = CARTESIAN_POINT('',(-16.67999999909,36.002146997001));
#7101 = CARTESIAN_POINT('',(-13.90499999909,34.4));
#7102 = CARTESIAN_POINT('',(-16.67999999909,32.797853002999));
#7103 = CARTESIAN_POINT('',(-19.45499999909,31.195706005998));
#7104 = CARTESIAN_POINT('',(-19.45499999909,34.4));
#7105 = ( GEOMETRIC_REPRESENTATION_CONTEXT(2) 
PARAMETRIC_REPRESENTATION_CONTEXT() REPRESENTATION_CONTEXT('2D SPACE',''
  ) );
#7106 = ORIENTED_EDGE('',*,*,#7055,.T.);
#7107 = ORIENTED_EDGE('',*,*,#6973,.T.);
#7108 = ORIENTED_EDGE('',*,*,#7109,.F.);
#7109 = EDGE_CURVE('',#7080,#6948,#7110,.T.);
#7110 = SURFACE_CURVE('',#7111,(#7115,#7122),.PCURVE_S1.);
#7111 = LINE('',#7112,#7113);
#7112 = CARTESIAN_POINT('',(5.999999999999,76.65,2.4));
#7113 = VECTOR('',#7114,1.);
#7114 = DIRECTION('',(0.,0.,1.));
#7115 = PCURVE('',#6988,#7116);
#7116 = DEFINITIONAL_REPRESENTATION('',(#7117),#7121);
#7117 = LINE('',#7118,#7119);
#7118 = CARTESIAN_POINT('',(1.570796326795,0.));
#7119 = VECTOR('',#7120,1.);
#7120 = DIRECTION('',(0.,-1.));
#7121 = ( GEOMETRIC_REPRESENTATION_CONTEXT(2) 
PARAMETRIC_REPRESENTATION_CONTEXT() REPRESENTATION_CONTEXT('2D SPACE',''
  ) );
#7122 = PCURVE('',#6962,#7123);
#7123 = DEFINITIONAL_REPRESENTATION('',(#7124),#7128);
#7124 = LINE('',#7125,#7126);
#7125 = CARTESIAN_POINT('',(0.,0.));
#7126 = VECTOR('',#7127,1.);
#7127 = DIRECTION('',(0.,-1.));
#7128 = ( GEOMETRIC_REPRESENTATION_CONTEXT(2) 
PARAMETRIC_REPRESENTATION_CONTEXT() REPRESENTATION_CONTEXT('2D SPACE',''
  ) );
#7129 = ADVANCED_FACE('',(#7130),#6962,.F.);
#7130 = FACE_BOUND('',#7131,.F.);
#7131 = EDGE_LOOP('',(#7132,#7155,#7156,#7157));
#7132 = ORIENTED_EDGE('',*,*,#7133,.F.);
#7133 = EDGE_CURVE('',#7080,#7134,#7136,.T.);
#7134 = VERTEX_POINT('',#7135);
#7135 = CARTESIAN_POINT('',(41.209999995133,76.65,2.4));
#7136 = SURFACE_CURVE('',#7137,(#7141,#7148),.PCURVE_S1.);
#7137 = LINE('',#7138,#7139);
#7138 = CARTESIAN_POINT('',(23.605000000001,76.65,2.4));
#7139 = VECTOR('',#7140,1.);
#7140 = DIRECTION('',(1.,0.,0.));
#7141 = PCURVE('',#6962,#7142);
#7142 = DEFINITIONAL_REPRESENTATION('',(#7143),#7147);
#7143 = LINE('',#7144,#7145);
#7144 = CARTESIAN_POINT('',(17.605000000001,0.));
#7145 = VECTOR('',#7146,1.);
#7146 = DIRECTION('',(1.,0.));
#7147 = ( GEOMETRIC_REPRESENTATION_CONTEXT(2) 
PARAMETRIC_REPRESENTATION_CONTEXT() REPRESENTATION_CONTEXT('2D SPACE',''
  ) );
#7148 = PCURVE('',#7021,#7149);
#7149 = DEFINITIONAL_REPRESENTATION('',(#7150),#7154);
#7150 = LINE('',#7151,#7152);
#7151 = CARTESIAN_POINT('',(9.085522902675E-10,36.25));
#7152 = VECTOR('',#7153,1.);
#7153 = DIRECTION('',(1.,0.));
#7154 = ( GEOMETRIC_REPRESENTATION_CONTEXT(2) 
PARAMETRIC_REPRESENTATION_CONTEXT() REPRESENTATION_CONTEXT('2D SPACE',''
  ) );
#7155 = ORIENTED_EDGE('',*,*,#7109,.T.);
#7156 = ORIENTED_EDGE('',*,*,#6947,.T.);
#7157 = ORIENTED_EDGE('',*,*,#7158,.F.);
#7158 = EDGE_CURVE('',#7134,#6919,#7159,.T.);
#7159 = SURFACE_CURVE('',#7160,(#7164,#7171),.PCURVE_S1.);
#7160 = LINE('',#7161,#7162);
#7161 = CARTESIAN_POINT('',(41.209999995133,76.65,2.4));
#7162 = VECTOR('',#7163,1.);
#7163 = DIRECTION('',(0.,0.,1.));
#7164 = PCURVE('',#6962,#7165);
#7165 = DEFINITIONAL_REPRESENTATION('',(#7166),#7170);
#7166 = LINE('',#7167,#7168);
#7167 = CARTESIAN_POINT('',(35.209999995133,0.));
#7168 = VECTOR('',#7169,1.);
#7169 = DIRECTION('',(0.,-1.));
#7170 = ( GEOMETRIC_REPRESENTATION_CONTEXT(2) 
PARAMETRIC_REPRESENTATION_CONTEXT() REPRESENTATION_CONTEXT('2D SPACE',''
  ) );
#7171 = PCURVE('',#6935,#7172);
#7172 = DEFINITIONAL_REPRESENTATION('',(#7173),#7177);
#7173 = LINE('',#7174,#7175);
#7174 = CARTESIAN_POINT('',(1.570796326795,0.));
#7175 = VECTOR('',#7176,1.);
#7176 = DIRECTION('',(0.,-1.));
#7177 = ( GEOMETRIC_REPRESENTATION_CONTEXT(2) 
PARAMETRIC_REPRESENTATION_CONTEXT() REPRESENTATION_CONTEXT('2D SPACE',''
  ) );
#7178 = ADVANCED_FACE('',(#7179),#6935,.F.);
#7179 = FACE_BOUND('',#7180,.F.);
#7180 = EDGE_LOOP('',(#7181,#7209,#7210,#7211));
#7181 = ORIENTED_EDGE('',*,*,#7182,.F.);
#7182 = EDGE_CURVE('',#7134,#7183,#7185,.T.);
#7183 = VERTEX_POINT('',#7184);
#7184 = CARTESIAN_POINT('',(43.059999997567,74.8,2.4));
#7185 = SURFACE_CURVE('',#7186,(#7191,#7198),.PCURVE_S1.);
#7186 = CIRCLE('',#7187,1.85);
#7187 = AXIS2_PLACEMENT_3D('',#7188,#7189,#7190);
#7188 = CARTESIAN_POINT('',(41.209999995133,74.8,2.4));
#7189 = DIRECTION('',(0.,0.,-1.));
#7190 = DIRECTION('',(-1.,0.,0.));
#7191 = PCURVE('',#6935,#7192);
#7192 = DEFINITIONAL_REPRESENTATION('',(#7193),#7197);
#7193 = LINE('',#7194,#7195);
#7194 = CARTESIAN_POINT('',(0.,0.));
#7195 = VECTOR('',#7196,1.);
#7196 = DIRECTION('',(1.,0.));
#7197 = ( GEOMETRIC_REPRESENTATION_CONTEXT(2) 
PARAMETRIC_REPRESENTATION_CONTEXT() REPRESENTATION_CONTEXT('2D SPACE',''
  ) );
#7198 = PCURVE('',#7021,#7199);
#7199 = DEFINITIONAL_REPRESENTATION('',(#7200),#7208);
#7200 = ( BOUNDED_CURVE() B_SPLINE_CURVE(2,(#7201,#7202,#7203,#7204,
#7205,#7206,#7207),.UNSPECIFIED.,.T.,.F.) B_SPLINE_CURVE_WITH_KNOTS((1,2
    ,2,2,2,1),(-2.094395102393,0.,2.094395102393,4.188790204786,
6.28318530718,8.377580409573),.UNSPECIFIED.) CURVE() 
GEOMETRIC_REPRESENTATION_ITEM() RATIONAL_B_SPLINE_CURVE((1.,0.5,1.,0.5,
1.,0.5,1.)) REPRESENTATION_ITEM('') );
#7201 = CARTESIAN_POINT('',(15.75499999604,34.4));
#7202 = CARTESIAN_POINT('',(15.75499999604,37.604293994002));
#7203 = CARTESIAN_POINT('',(18.52999999604,36.002146997001));
#7204 = CARTESIAN_POINT('',(21.30499999604,34.4));
#7205 = CARTESIAN_POINT('',(18.52999999604,32.797853002999));
#7206 = CARTESIAN_POINT('',(15.75499999604,31.195706005998));
#7207 = CARTESIAN_POINT('',(15.75499999604,34.4));
#7208 = ( GEOMETRIC_REPRESENTATION_CONTEXT(2) 
PARAMETRIC_REPRESENTATION_CONTEXT() REPRESENTATION_CONTEXT('2D SPACE',''
  ) );
#7209 = ORIENTED_EDGE('',*,*,#7158,.T.);
#7210 = ORIENTED_EDGE('',*,*,#6918,.T.);
#7211 = ORIENTED_EDGE('',*,*,#7212,.F.);
#7212 = EDGE_CURVE('',#7183,#6893,#7213,.T.);
#7213 = SURFACE_CURVE('',#7214,(#7218,#7225),.PCURVE_S1.);
#7214 = LINE('',#7215,#7216);
#7215 = CARTESIAN_POINT('',(43.059999997567,74.8,2.4));
#7216 = VECTOR('',#7217,1.);
#7217 = DIRECTION('',(0.,0.,1.));
#7218 = PCURVE('',#6935,#7219);
#7219 = DEFINITIONAL_REPRESENTATION('',(#7220),#7224);
#7220 = LINE('',#7221,#7222);
#7221 = CARTESIAN_POINT('',(3.14159265359,0.));
#7222 = VECTOR('',#7223,1.);
#7223 = DIRECTION('',(0.,-1.));
#7224 = ( GEOMETRIC_REPRESENTATION_CONTEXT(2) 
PARAMETRIC_REPRESENTATION_CONTEXT() REPRESENTATION_CONTEXT('2D SPACE',''
  ) );
#7225 = PCURVE('',#6907,#7226);
#7226 = DEFINITIONAL_REPRESENTATION('',(#7227),#7231);
#7227 = LINE('',#7228,#7229);
#7228 = CARTESIAN_POINT('',(68.8,0.));
#7229 = VECTOR('',#7230,1.);
#7230 = DIRECTION('',(0.,-1.));
#7231 = ( GEOMETRIC_REPRESENTATION_CONTEXT(2) 
PARAMETRIC_REPRESENTATION_CONTEXT() REPRESENTATION_CONTEXT('2D SPACE',''
  ) );
#7232 = ADVANCED_FACE('',(#7233),#6907,.T.);
#7233 = FACE_BOUND('',#7234,.T.);
#7234 = EDGE_LOOP('',(#7235,#7258,#7279,#7280));
#7235 = ORIENTED_EDGE('',*,*,#7236,.F.);
#7236 = EDGE_CURVE('',#7237,#7183,#7239,.T.);
#7237 = VERTEX_POINT('',#7238);
#7238 = CARTESIAN_POINT('',(43.059999997567,6.,2.4));
#7239 = SURFACE_CURVE('',#7240,(#7244,#7251),.PCURVE_S1.);
#7240 = LINE('',#7241,#7242);
#7241 = CARTESIAN_POINT('',(43.060000000001,40.4,2.4));
#7242 = VECTOR('',#7243,1.);
#7243 = DIRECTION('',(0.,1.,0.));
#7244 = PCURVE('',#6907,#7245);
#7245 = DEFINITIONAL_REPRESENTATION('',(#7246),#7250);
#7246 = LINE('',#7247,#7248);
#7247 = CARTESIAN_POINT('',(34.4,0.));
#7248 = VECTOR('',#7249,1.);
#7249 = DIRECTION('',(1.,0.));
#7250 = ( GEOMETRIC_REPRESENTATION_CONTEXT(2) 
PARAMETRIC_REPRESENTATION_CONTEXT() REPRESENTATION_CONTEXT('2D SPACE',''
  ) );
#7251 = PCURVE('',#7021,#7252);
#7252 = DEFINITIONAL_REPRESENTATION('',(#7253),#7257);
#7253 = LINE('',#7254,#7255);
#7254 = CARTESIAN_POINT('',(19.455000000909,-2.233479071367E-15));
#7255 = VECTOR('',#7256,1.);
#7256 = DIRECTION('',(0.,1.));
#7257 = ( GEOMETRIC_REPRESENTATION_CONTEXT(2) 
PARAMETRIC_REPRESENTATION_CONTEXT() REPRESENTATION_CONTEXT('2D SPACE',''
  ) );
#7258 = ORIENTED_EDGE('',*,*,#7259,.T.);
#7259 = EDGE_CURVE('',#7237,#6864,#7260,.T.);
#7260 = SURFACE_CURVE('',#7261,(#7265,#7272),.PCURVE_S1.);
#7261 = LINE('',#7262,#7263);
#7262 = CARTESIAN_POINT('',(43.059999997567,6.,2.4));
#7263 = VECTOR('',#7264,1.);
#7264 = DIRECTION('',(0.,0.,1.));
#7265 = PCURVE('',#6907,#7266);
#7266 = DEFINITIONAL_REPRESENTATION('',(#7267),#7271);
#7267 = LINE('',#7268,#7269);
#7268 = CARTESIAN_POINT('',(0.,0.));
#7269 = VECTOR('',#7270,1.);
#7270 = DIRECTION('',(0.,-1.));
#7271 = ( GEOMETRIC_REPRESENTATION_CONTEXT(2) 
PARAMETRIC_REPRESENTATION_CONTEXT() REPRESENTATION_CONTEXT('2D SPACE',''
  ) );
#7272 = PCURVE('',#6880,#7273);
#7273 = DEFINITIONAL_REPRESENTATION('',(#7274),#7278);
#7274 = LINE('',#7275,#7276);
#7275 = CARTESIAN_POINT('',(3.14159265359,0.));
#7276 = VECTOR('',#7277,1.);
#7277 = DIRECTION('',(0.,-1.));
#7278 = ( GEOMETRIC_REPRESENTATION_CONTEXT(2) 
PARAMETRIC_REPRESENTATION_CONTEXT() REPRESENTATION_CONTEXT('2D SPACE',''
  ) );
#7279 = ORIENTED_EDGE('',*,*,#6892,.T.);
#7280 = ORIENTED_EDGE('',*,*,#7212,.F.);
#7281 = ADVANCED_FACE('',(#7282),#6880,.F.);
#7282 = FACE_BOUND('',#7283,.F.);
#7283 = EDGE_LOOP('',(#7284,#7312,#7313,#7314));
#7284 = ORIENTED_EDGE('',*,*,#7285,.F.);
#7285 = EDGE_CURVE('',#7237,#7286,#7288,.T.);
#7286 = VERTEX_POINT('',#7287);
#7287 = CARTESIAN_POINT('',(41.209999995133,4.15,2.4));
#7288 = SURFACE_CURVE('',#7289,(#7294,#7301),.PCURVE_S1.);
#7289 = CIRCLE('',#7290,1.85);
#7290 = AXIS2_PLACEMENT_3D('',#7291,#7292,#7293);
#7291 = CARTESIAN_POINT('',(41.209999995133,6.,2.4));
#7292 = DIRECTION('',(0.,0.,-1.));
#7293 = DIRECTION('',(-1.,0.,0.));
#7294 = PCURVE('',#6880,#7295);
#7295 = DEFINITIONAL_REPRESENTATION('',(#7296),#7300);
#7296 = LINE('',#7297,#7298);
#7297 = CARTESIAN_POINT('',(0.,0.));
#7298 = VECTOR('',#7299,1.);
#7299 = DIRECTION('',(1.,0.));
#7300 = ( GEOMETRIC_REPRESENTATION_CONTEXT(2) 
PARAMETRIC_REPRESENTATION_CONTEXT() REPRESENTATION_CONTEXT('2D SPACE',''
  ) );
#7301 = PCURVE('',#7021,#7302);
#7302 = DEFINITIONAL_REPRESENTATION('',(#7303),#7311);
#7303 = ( BOUNDED_CURVE() B_SPLINE_CURVE(2,(#7304,#7305,#7306,#7307,
#7308,#7309,#7310),.UNSPECIFIED.,.T.,.F.) B_SPLINE_CURVE_WITH_KNOTS((1,2
    ,2,2,2,1),(-2.094395102393,0.,2.094395102393,4.188790204786,
6.28318530718,8.377580409573),.UNSPECIFIED.) CURVE() 
GEOMETRIC_REPRESENTATION_ITEM() RATIONAL_B_SPLINE_CURVE((1.,0.5,1.,0.5,
1.,0.5,1.)) REPRESENTATION_ITEM('') );
#7304 = CARTESIAN_POINT('',(15.75499999604,-34.4));
#7305 = CARTESIAN_POINT('',(15.75499999604,-31.19570600599));
#7306 = CARTESIAN_POINT('',(18.52999999604,-32.79785300299));
#7307 = CARTESIAN_POINT('',(21.30499999604,-34.4));
#7308 = CARTESIAN_POINT('',(18.52999999604,-36.002146997));
#7309 = CARTESIAN_POINT('',(15.75499999604,-37.604293994));
#7310 = CARTESIAN_POINT('',(15.75499999604,-34.4));
#7311 = ( GEOMETRIC_REPRESENTATION_CONTEXT(2) 
PARAMETRIC_REPRESENTATION_CONTEXT() REPRESENTATION_CONTEXT('2D SPACE',''
  ) );
#7312 = ORIENTED_EDGE('',*,*,#7259,.T.);
#7313 = ORIENTED_EDGE('',*,*,#6863,.T.);
#7314 = ORIENTED_EDGE('',*,*,#7315,.F.);
#7315 = EDGE_CURVE('',#7286,#6838,#7316,.T.);
#7316 = SURFACE_CURVE('',#7317,(#7321,#7328),.PCURVE_S1.);
#7317 = LINE('',#7318,#7319);
#7318 = CARTESIAN_POINT('',(41.209999995133,4.15,2.4));
#7319 = VECTOR('',#7320,1.);
#7320 = DIRECTION('',(0.,0.,1.));
#7321 = PCURVE('',#6880,#7322);
#7322 = DEFINITIONAL_REPRESENTATION('',(#7323),#7327);
#7323 = LINE('',#7324,#7325);
#7324 = CARTESIAN_POINT('',(4.712388980385,0.));
#7325 = VECTOR('',#7326,1.);
#7326 = DIRECTION('',(0.,-1.));
#7327 = ( GEOMETRIC_REPRESENTATION_CONTEXT(2) 
PARAMETRIC_REPRESENTATION_CONTEXT() REPRESENTATION_CONTEXT('2D SPACE',''
  ) );
#7328 = PCURVE('',#6852,#7329);
#7329 = DEFINITIONAL_REPRESENTATION('',(#7330),#7334);
#7330 = LINE('',#7331,#7332);
#7331 = CARTESIAN_POINT('',(35.209999995133,0.));
#7332 = VECTOR('',#7333,1.);
#7333 = DIRECTION('',(0.,-1.));
#7334 = ( GEOMETRIC_REPRESENTATION_CONTEXT(2) 
PARAMETRIC_REPRESENTATION_CONTEXT() REPRESENTATION_CONTEXT('2D SPACE',''
  ) );
#7335 = ADVANCED_FACE('',(#7336),#6852,.T.);
#7336 = FACE_BOUND('',#7337,.T.);
#7337 = EDGE_LOOP('',(#7338,#7361,#7382,#7383));
#7338 = ORIENTED_EDGE('',*,*,#7339,.F.);
#7339 = EDGE_CURVE('',#7340,#7286,#7342,.T.);
#7340 = VERTEX_POINT('',#7341);
#7341 = CARTESIAN_POINT('',(5.999999999999,4.15,2.4));
#7342 = SURFACE_CURVE('',#7343,(#7347,#7354),.PCURVE_S1.);
#7343 = LINE('',#7344,#7345);
#7344 = CARTESIAN_POINT('',(23.605000000001,4.15,2.4));
#7345 = VECTOR('',#7346,1.);
#7346 = DIRECTION('',(1.,0.,0.));
#7347 = PCURVE('',#6852,#7348);
#7348 = DEFINITIONAL_REPRESENTATION('',(#7349),#7353);
#7349 = LINE('',#7350,#7351);
#7350 = CARTESIAN_POINT('',(17.605000000001,0.));
#7351 = VECTOR('',#7352,1.);
#7352 = DIRECTION('',(1.,0.));
#7353 = ( GEOMETRIC_REPRESENTATION_CONTEXT(2) 
PARAMETRIC_REPRESENTATION_CONTEXT() REPRESENTATION_CONTEXT('2D SPACE',''
  ) );
#7354 = PCURVE('',#7021,#7355);
#7355 = DEFINITIONAL_REPRESENTATION('',(#7356),#7360);
#7356 = LINE('',#7357,#7358);
#7357 = CARTESIAN_POINT('',(9.085522902675E-10,-36.25));
#7358 = VECTOR('',#7359,1.);
#7359 = DIRECTION('',(1.,0.));
#7360 = ( GEOMETRIC_REPRESENTATION_CONTEXT(2) 
PARAMETRIC_REPRESENTATION_CONTEXT() REPRESENTATION_CONTEXT('2D SPACE',''
  ) );
#7361 = ORIENTED_EDGE('',*,*,#7362,.T.);
#7362 = EDGE_CURVE('',#7340,#6809,#7363,.T.);
#7363 = SURFACE_CURVE('',#7364,(#7368,#7375),.PCURVE_S1.);
#7364 = LINE('',#7365,#7366);
#7365 = CARTESIAN_POINT('',(5.999999999999,4.15,2.4));
#7366 = VECTOR('',#7367,1.);
#7367 = DIRECTION('',(0.,0.,1.));
#7368 = PCURVE('',#6852,#7369);
#7369 = DEFINITIONAL_REPRESENTATION('',(#7370),#7374);
#7370 = LINE('',#7371,#7372);
#7371 = CARTESIAN_POINT('',(0.,0.));
#7372 = VECTOR('',#7373,1.);
#7373 = DIRECTION('',(0.,-1.));
#7374 = ( GEOMETRIC_REPRESENTATION_CONTEXT(2) 
PARAMETRIC_REPRESENTATION_CONTEXT() REPRESENTATION_CONTEXT('2D SPACE',''
  ) );
#7375 = PCURVE('',#6825,#7376);
#7376 = DEFINITIONAL_REPRESENTATION('',(#7377),#7381);
#7377 = LINE('',#7378,#7379);
#7378 = CARTESIAN_POINT('',(4.712388980385,0.));
#7379 = VECTOR('',#7380,1.);
#7380 = DIRECTION('',(0.,-1.));
#7381 = ( GEOMETRIC_REPRESENTATION_CONTEXT(2) 
PARAMETRIC_REPRESENTATION_CONTEXT() REPRESENTATION_CONTEXT('2D SPACE',''
  ) );
#7382 = ORIENTED_EDGE('',*,*,#6837,.T.);
#7383 = ORIENTED_EDGE('',*,*,#7315,.F.);
#7384 = ADVANCED_FACE('',(#7385),#6825,.F.);
#7385 = FACE_BOUND('',#7386,.F.);
#7386 = EDGE_LOOP('',(#7387,#7413,#7414,#7415));
#7387 = ORIENTED_EDGE('',*,*,#7388,.F.);
#7388 = EDGE_CURVE('',#7340,#7004,#7389,.T.);
#7389 = SURFACE_CURVE('',#7390,(#7395,#7402),.PCURVE_S1.);
#7390 = CIRCLE('',#7391,1.85);
#7391 = AXIS2_PLACEMENT_3D('',#7392,#7393,#7394);
#7392 = CARTESIAN_POINT('',(5.999999999999,6.,2.4));
#7393 = DIRECTION('',(0.,0.,-1.));
#7394 = DIRECTION('',(-1.,0.,0.));
#7395 = PCURVE('',#6825,#7396);
#7396 = DEFINITIONAL_REPRESENTATION('',(#7397),#7401);
#7397 = LINE('',#7398,#7399);
#7398 = CARTESIAN_POINT('',(0.,0.));
#7399 = VECTOR('',#7400,1.);
#7400 = DIRECTION('',(1.,0.));
#7401 = ( GEOMETRIC_REPRESENTATION_CONTEXT(2) 
PARAMETRIC_REPRESENTATION_CONTEXT() REPRESENTATION_CONTEXT('2D SPACE',''
  ) );
#7402 = PCURVE('',#7021,#7403);
#7403 = DEFINITIONAL_REPRESENTATION('',(#7404),#7412);
#7404 = ( BOUNDED_CURVE() B_SPLINE_CURVE(2,(#7405,#7406,#7407,#7408,
#7409,#7410,#7411),.UNSPECIFIED.,.T.,.F.) B_SPLINE_CURVE_WITH_KNOTS((1,2
    ,2,2,2,1),(-2.094395102393,0.,2.094395102393,4.188790204786,
6.28318530718,8.377580409573),.UNSPECIFIED.) CURVE() 
GEOMETRIC_REPRESENTATION_ITEM() RATIONAL_B_SPLINE_CURVE((1.,0.5,1.,0.5,
1.,0.5,1.)) REPRESENTATION_ITEM('') );
#7405 = CARTESIAN_POINT('',(-19.45499999909,-34.4));
#7406 = CARTESIAN_POINT('',(-19.45499999909,-31.19570600599));
#7407 = CARTESIAN_POINT('',(-16.67999999909,-32.79785300299));
#7408 = CARTESIAN_POINT('',(-13.90499999909,-34.4));
#7409 = CARTESIAN_POINT('',(-16.67999999909,-36.002146997));
#7410 = CARTESIAN_POINT('',(-19.45499999909,-37.604293994));
#7411 = CARTESIAN_POINT('',(-19.45499999909,-34.4));
#7412 = ( GEOMETRIC_REPRESENTATION_CONTEXT(2) 
PARAMETRIC_REPRESENTATION_CONTEXT() REPRESENTATION_CONTEXT('2D SPACE',''
  ) );
#7413 = ORIENTED_EDGE('',*,*,#7362,.T.);
#7414 = ORIENTED_EDGE('',*,*,#6808,.T.);
#7415 = ORIENTED_EDGE('',*,*,#7033,.F.);
#7416 = ADVANCED_FACE('',(#7417),#7021,.T.);
#7417 = FACE_BOUND('',#7418,.T.);
#7418 = EDGE_LOOP('',(#7419,#7420,#7421,#7422,#7423,#7424,#7425,#7426));
#7419 = ORIENTED_EDGE('',*,*,#7003,.F.);
#7420 = ORIENTED_EDGE('',*,*,#7388,.F.);
#7421 = ORIENTED_EDGE('',*,*,#7339,.T.);
#7422 = ORIENTED_EDGE('',*,*,#7285,.F.);
#7423 = ORIENTED_EDGE('',*,*,#7236,.T.);
#7424 = ORIENTED_EDGE('',*,*,#7182,.F.);
#7425 = ORIENTED_EDGE('',*,*,#7133,.F.);
#7426 = ORIENTED_EDGE('',*,*,#7079,.F.);
#7427 = ( GEOMETRIC_REPRESENTATION_CONTEXT(3) 
GLOBAL_UNCERTAINTY_ASSIGNED_CONTEXT((#7431)) 
GLOBAL_UNIT_ASSIGNED_CONTEXT((#7428,#7429,#7430)) REPRESENTATION_CONTEXT
('Context #1','3D Context with UNIT and UNCERTAINTY') );
#7428 = ( LENGTH_UNIT() NAMED_UNIT(*) SI_UNIT(.MILLI.,.METRE.) );
#7429 = ( NAMED_UNIT(*) PLANE_ANGLE_UNIT() SI_UNIT($,.RADIAN.) );
#7430 = ( NAMED_UNIT(*) SI_UNIT($,.STERADIAN.) SOLID_ANGLE_UNIT() );
#7431 = UNCERTAINTY_MEASURE_WITH_UNIT(LENGTH_MEASURE(1.E-07),#7428,
  'distance_accuracy_value','confusion accuracy');
#7432 = CONTEXT_DEPENDENT_SHAPE_REPRESENTATION(#7433,#7435);
#7433 = ( REPRESENTATION_RELATIONSHIP('','',#2714,#10) 
REPRESENTATION_RELATIONSHIP_WITH_TRANSFORMATION(#7434) 
SHAPE_REPRESENTATION_RELATIONSHIP() );
#7434 = ITEM_DEFINED_TRANSFORMATION('','',#11,#19);
#7435 = PRODUCT_DEFINITION_SHAPE('Placement','Placement of an item',
  #7436);
#7436 = NEXT_ASSEMBLY_USAGE_OCCURRENCE('3','front_plate','',#5,#2709,$);
#7437 = PRODUCT_RELATED_PRODUCT_CATEGORY('part',$,(#2711));
#7438 = SHAPE_DEFINITION_REPRESENTATION(#7439,#7445);
#7439 = PRODUCT_DEFINITION_SHAPE('','',#7440);
#7440 = PRODUCT_DEFINITION('design','',#7441,#7444);
#7441 = PRODUCT_DEFINITION_FORMATION('','',#7442);
#7442 = PRODUCT('back_cup','back_cup','',(#7443));
#7443 = PRODUCT_CONTEXT('',#2,'mechanical');
#7444 = PRODUCT_DEFINITION_CONTEXT('part definition',#2,'design');
#7445 = ADVANCED_BREP_SHAPE_REPRESENTATION('',(#11,#7446),#15151);
#7446 = MANIFOLD_SOLID_BREP('',#7447);
#7447 = CLOSED_SHELL('',(#7448,#7568,#7650,#7732,#8756,#8826,#9153,#9200
    ,#9491,#9539,#9607,#9675,#9707,#9856,#9905,#9954,#9981,#10049,#10249
    ,#10298,#10347,#10374,#10423,#10472,#10499,#10567,#10693,#10742,
    #10791,#10818,#10872,#11072,#11121,#11170,#11197,#11246,#11295,
    #11322,#11354,#11475,#11500,#11574,#11628,#11675,#11729,#11776,
    #11830,#11877,#11909,#11963,#11989,#12063,#12117,#12164,#12218,
    #12265,#12319,#12366,#12398,#12423,#12448,#12455,#12526,#12533,
    #12581,#12628,#12635,#12642,#12691,#12738,#12745,#12792,#12838,
    #12845,#12852,#12880,#13008,#13128,#13365,#13451,#13536,#13797,
    #13846,#13900,#13986,#14035,#14111,#14158,#14185,#14234,#14288,
    #14335,#14362,#14389,#14416,#14440,#14465,#14492,#14547,#14602,
    #14657,#14712,#14736,#14761,#14768,#14775,#14810,#14845,#14880,
    #14915,#14970,#15025,#15080,#15135,#15139,#15143,#15147));
#7448 = ADVANCED_FACE('',(#7449),#7463,.T.);
#7449 = FACE_BOUND('',#7450,.T.);
#7450 = EDGE_LOOP('',(#7451,#7486,#7514,#7542));
#7451 = ORIENTED_EDGE('',*,*,#7452,.T.);
#7452 = EDGE_CURVE('',#7453,#7455,#7457,.T.);
#7453 = VERTEX_POINT('',#7454);
#7454 = CARTESIAN_POINT('',(-3.552713678801E-15,6.,18.4));
#7455 = VERTEX_POINT('',#7456);
#7456 = CARTESIAN_POINT('',(-3.552713678801E-15,6.,38.4));
#7457 = SURFACE_CURVE('',#7458,(#7462,#7474),.PCURVE_S1.);
#7458 = LINE('',#7459,#7460);
#7459 = CARTESIAN_POINT('',(-3.552713678801E-15,6.,18.4));
#7460 = VECTOR('',#7461,1.);
#7461 = DIRECTION('',(0.,0.,1.));
#7462 = PCURVE('',#7463,#7468);
#7463 = PLANE('',#7464);
#7464 = AXIS2_PLACEMENT_3D('',#7465,#7466,#7467);
#7465 = CARTESIAN_POINT('',(8.881784197001E-14,6.,18.4));
#7466 = DIRECTION('',(-1.,0.,0.));
#7467 = DIRECTION('',(0.,1.,0.));
#7468 = DEFINITIONAL_REPRESENTATION('',(#7469),#7473);
#7469 = LINE('',#7470,#7471);
#7470 = CARTESIAN_POINT('',(0.,0.));
#7471 = VECTOR('',#7472,1.);
#7472 = DIRECTION('',(0.,-1.));
#7473 = ( GEOMETRIC_REPRESENTATION_CONTEXT(2) 
PARAMETRIC_REPRESENTATION_CONTEXT() REPRESENTATION_CONTEXT('2D SPACE',''
  ) );
#7474 = PCURVE('',#7475,#7480);
#7475 = CYLINDRICAL_SURFACE('',#7476,6.);
#7476 = AXIS2_PLACEMENT_3D('',#7477,#7478,#7479);
#7477 = CARTESIAN_POINT('',(6.,6.,18.4));
#7478 = DIRECTION('',(-0.,-0.,-1.));
#7479 = DIRECTION('',(1.,0.,0.));
#7480 = DEFINITIONAL_REPRESENTATION('',(#7481),#7485);
#7481 = LINE('',#7482,#7483);
#7482 = CARTESIAN_POINT('',(-3.14159265359,0.));
#7483 = VECTOR('',#7484,1.);
#7484 = DIRECTION('',(-0.,-1.));
#7485 = ( GEOMETRIC_REPRESENTATION_CONTEXT(2) 
PARAMETRIC_REPRESENTATION_CONTEXT() REPRESENTATION_CONTEXT('2D SPACE',''
  ) );
#7486 = ORIENTED_EDGE('',*,*,#7487,.T.);
#7487 = EDGE_CURVE('',#7455,#7488,#7490,.T.);
#7488 = VERTEX_POINT('',#7489);
#7489 = CARTESIAN_POINT('',(-3.552713678801E-15,74.8,38.4));
#7490 = SURFACE_CURVE('',#7491,(#7495,#7502),.PCURVE_S1.);
#7491 = LINE('',#7492,#7493);
#7492 = CARTESIAN_POINT('',(8.881784197001E-14,40.4,38.4));
#7493 = VECTOR('',#7494,1.);
#7494 = DIRECTION('',(0.,1.,0.));
#7495 = PCURVE('',#7463,#7496);
#7496 = DEFINITIONAL_REPRESENTATION('',(#7497),#7501);
#7497 = LINE('',#7498,#7499);
#7498 = CARTESIAN_POINT('',(34.4,-20.));
#7499 = VECTOR('',#7500,1.);
#7500 = DIRECTION('',(1.,0.));
#7501 = ( GEOMETRIC_REPRESENTATION_CONTEXT(2) 
PARAMETRIC_REPRESENTATION_CONTEXT() REPRESENTATION_CONTEXT('2D SPACE',''
  ) );
#7502 = PCURVE('',#7503,#7508);
#7503 = PLANE('',#7504);
#7504 = AXIS2_PLACEMENT_3D('',#7505,#7506,#7507);
#7505 = CARTESIAN_POINT('',(0.4,40.4,38.8));
#7506 = DIRECTION('',(-0.707106781187,0.,0.707106781187));
#7507 = DIRECTION('',(-0.,-1.,0.));
#7508 = DEFINITIONAL_REPRESENTATION('',(#7509),#7513);
#7509 = LINE('',#7510,#7511);
#7510 = CARTESIAN_POINT('',(-3.552713678801E-15,-0.565685424949));
#7511 = VECTOR('',#7512,1.);
#7512 = DIRECTION('',(-1.,0.));
#7513 = ( GEOMETRIC_REPRESENTATION_CONTEXT(2) 
PARAMETRIC_REPRESENTATION_CONTEXT() REPRESENTATION_CONTEXT('2D SPACE',''
  ) );
#7514 = ORIENTED_EDGE('',*,*,#7515,.F.);
#7515 = EDGE_CURVE('',#7516,#7488,#7518,.T.);
#7516 = VERTEX_POINT('',#7517);
#7517 = CARTESIAN_POINT('',(-3.552713678801E-15,74.8,18.4));
#7518 = SURFACE_CURVE('',#7519,(#7523,#7530),.PCURVE_S1.);
#7519 = LINE('',#7520,#7521);
#7520 = CARTESIAN_POINT('',(-3.552713678801E-15,74.8,18.4));
#7521 = VECTOR('',#7522,1.);
#7522 = DIRECTION('',(0.,0.,1.));
#7523 = PCURVE('',#7463,#7524);
#7524 = DEFINITIONAL_REPRESENTATION('',(#7525),#7529);
#7525 = LINE('',#7526,#7527);
#7526 = CARTESIAN_POINT('',(68.8,0.));
#7527 = VECTOR('',#7528,1.);
#7528 = DIRECTION('',(0.,-1.));
#7529 = ( GEOMETRIC_REPRESENTATION_CONTEXT(2) 
PARAMETRIC_REPRESENTATION_CONTEXT() REPRESENTATION_CONTEXT('2D SPACE',''
  ) );
#7530 = PCURVE('',#7531,#7536);
#7531 = CYLINDRICAL_SURFACE('',#7532,6.);
#7532 = AXIS2_PLACEMENT_3D('',#7533,#7534,#7535);
#7533 = CARTESIAN_POINT('',(6.,74.8,18.4));
#7534 = DIRECTION('',(-0.,-0.,-1.));
#7535 = DIRECTION('',(1.,0.,0.));
#7536 = DEFINITIONAL_REPRESENTATION('',(#7537),#7541);
#7537 = LINE('',#7538,#7539);
#7538 = CARTESIAN_POINT('',(-3.14159265359,0.));
#7539 = VECTOR('',#7540,1.);
#7540 = DIRECTION('',(-0.,-1.));
#7541 = ( GEOMETRIC_REPRESENTATION_CONTEXT(2) 
PARAMETRIC_REPRESENTATION_CONTEXT() REPRESENTATION_CONTEXT('2D SPACE',''
  ) );
#7542 = ORIENTED_EDGE('',*,*,#7543,.F.);
#7543 = EDGE_CURVE('',#7453,#7516,#7544,.T.);
#7544 = SURFACE_CURVE('',#7545,(#7549,#7556),.PCURVE_S1.);
#7545 = LINE('',#7546,#7547);
#7546 = CARTESIAN_POINT('',(8.881784197001E-14,40.4,18.4));
#7547 = VECTOR('',#7548,1.);
#7548 = DIRECTION('',(0.,1.,0.));
#7549 = PCURVE('',#7463,#7550);
#7550 = DEFINITIONAL_REPRESENTATION('',(#7551),#7555);
#7551 = LINE('',#7552,#7553);
#7552 = CARTESIAN_POINT('',(34.4,0.));
#7553 = VECTOR('',#7554,1.);
#7554 = DIRECTION('',(1.,0.));
#7555 = ( GEOMETRIC_REPRESENTATION_CONTEXT(2) 
PARAMETRIC_REPRESENTATION_CONTEXT() REPRESENTATION_CONTEXT('2D SPACE',''
  ) );
#7556 = PCURVE('',#7557,#7562);
#7557 = PLANE('',#7558);
#7558 = AXIS2_PLACEMENT_3D('',#7559,#7560,#7561);
#7559 = CARTESIAN_POINT('',(23.604999999552,40.4,18.4));
#7560 = DIRECTION('',(0.,0.,1.));
#7561 = DIRECTION('',(1.,0.,0.));
#7562 = DEFINITIONAL_REPRESENTATION('',(#7563),#7567);
#7563 = LINE('',#7564,#7565);
#7564 = CARTESIAN_POINT('',(-23.60499999955,-5.214143357781E-16));
#7565 = VECTOR('',#7566,1.);
#7566 = DIRECTION('',(0.,1.));
#7567 = ( GEOMETRIC_REPRESENTATION_CONTEXT(2) 
PARAMETRIC_REPRESENTATION_CONTEXT() REPRESENTATION_CONTEXT('2D SPACE',''
  ) );
#7568 = ADVANCED_FACE('',(#7569),#7475,.T.);
#7569 = FACE_BOUND('',#7570,.F.);
#7570 = EDGE_LOOP('',(#7571,#7572,#7600,#7628));
#7571 = ORIENTED_EDGE('',*,*,#7452,.T.);
#7572 = ORIENTED_EDGE('',*,*,#7573,.T.);
#7573 = EDGE_CURVE('',#7455,#7574,#7576,.T.);
#7574 = VERTEX_POINT('',#7575);
#7575 = CARTESIAN_POINT('',(6.,0.,38.4));
#7576 = SURFACE_CURVE('',#7577,(#7582,#7589),.PCURVE_S1.);
#7577 = CIRCLE('',#7578,6.);
#7578 = AXIS2_PLACEMENT_3D('',#7579,#7580,#7581);
#7579 = CARTESIAN_POINT('',(6.,6.,38.4));
#7580 = DIRECTION('',(0.,0.,1.));
#7581 = DIRECTION('',(1.,0.,0.));
#7582 = PCURVE('',#7475,#7583);
#7583 = DEFINITIONAL_REPRESENTATION('',(#7584),#7588);
#7584 = LINE('',#7585,#7586);
#7585 = CARTESIAN_POINT('',(-0.,-20.));
#7586 = VECTOR('',#7587,1.);
#7587 = DIRECTION('',(-1.,0.));
#7588 = ( GEOMETRIC_REPRESENTATION_CONTEXT(2) 
PARAMETRIC_REPRESENTATION_CONTEXT() REPRESENTATION_CONTEXT('2D SPACE',''
  ) );
#7589 = PCURVE('',#7590,#7595);
#7590 = CONICAL_SURFACE('',#7591,6.,0.785398163397);
#7591 = AXIS2_PLACEMENT_3D('',#7592,#7593,#7594);
#7592 = CARTESIAN_POINT('',(6.,6.,38.4));
#7593 = DIRECTION('',(-0.,-0.,-1.));
#7594 = DIRECTION('',(1.,0.,0.));
#7595 = DEFINITIONAL_REPRESENTATION('',(#7596),#7599);
#7596 = B_SPLINE_CURVE_WITH_KNOTS('',1,(#7597,#7598),.UNSPECIFIED.,.F.,
  .F.,(2,2),(3.14159265359,4.712388980385),.PIECEWISE_BEZIER_KNOTS.);
#7597 = CARTESIAN_POINT('',(-3.14159265359,0.));
#7598 = CARTESIAN_POINT('',(-4.712388980385,0.));
#7599 = ( GEOMETRIC_REPRESENTATION_CONTEXT(2) 
PARAMETRIC_REPRESENTATION_CONTEXT() REPRESENTATION_CONTEXT('2D SPACE',''
  ) );
#7600 = ORIENTED_EDGE('',*,*,#7601,.F.);
#7601 = EDGE_CURVE('',#7602,#7574,#7604,.T.);
#7602 = VERTEX_POINT('',#7603);
#7603 = CARTESIAN_POINT('',(6.,0.,18.4));
#7604 = SURFACE_CURVE('',#7605,(#7609,#7616),.PCURVE_S1.);
#7605 = LINE('',#7606,#7607);
#7606 = CARTESIAN_POINT('',(6.,0.,18.4));
#7607 = VECTOR('',#7608,1.);
#7608 = DIRECTION('',(0.,0.,1.));
#7609 = PCURVE('',#7475,#7610);
#7610 = DEFINITIONAL_REPRESENTATION('',(#7611),#7615);
#7611 = LINE('',#7612,#7613);
#7612 = CARTESIAN_POINT('',(-4.712388980385,0.));
#7613 = VECTOR('',#7614,1.);
#7614 = DIRECTION('',(-0.,-1.));
#7615 = ( GEOMETRIC_REPRESENTATION_CONTEXT(2) 
PARAMETRIC_REPRESENTATION_CONTEXT() REPRESENTATION_CONTEXT('2D SPACE',''
  ) );
#7616 = PCURVE('',#7617,#7622);
#7617 = PLANE('',#7618);
#7618 = AXIS2_PLACEMENT_3D('',#7619,#7620,#7621);
#7619 = CARTESIAN_POINT('',(6.,0.,18.4));
#7620 = DIRECTION('',(0.,1.,0.));
#7621 = DIRECTION('',(1.,0.,0.));
#7622 = DEFINITIONAL_REPRESENTATION('',(#7623),#7627);
#7623 = LINE('',#7624,#7625);
#7624 = CARTESIAN_POINT('',(0.,0.));
#7625 = VECTOR('',#7626,1.);
#7626 = DIRECTION('',(0.,-1.));
#7627 = ( GEOMETRIC_REPRESENTATION_CONTEXT(2) 
PARAMETRIC_REPRESENTATION_CONTEXT() REPRESENTATION_CONTEXT('2D SPACE',''
  ) );
#7628 = ORIENTED_EDGE('',*,*,#7629,.F.);
#7629 = EDGE_CURVE('',#7453,#7602,#7630,.T.);
#7630 = SURFACE_CURVE('',#7631,(#7636,#7643),.PCURVE_S1.);
#7631 = CIRCLE('',#7632,6.);
#7632 = AXIS2_PLACEMENT_3D('',#7633,#7634,#7635);
#7633 = CARTESIAN_POINT('',(6.,6.,18.4));
#7634 = DIRECTION('',(0.,0.,1.));
#7635 = DIRECTION('',(1.,0.,0.));
#7636 = PCURVE('',#7475,#7637);
#7637 = DEFINITIONAL_REPRESENTATION('',(#7638),#7642);
#7638 = LINE('',#7639,#7640);
#7639 = CARTESIAN_POINT('',(-0.,0.));
#7640 = VECTOR('',#7641,1.);
#7641 = DIRECTION('',(-1.,0.));
#7642 = ( GEOMETRIC_REPRESENTATION_CONTEXT(2) 
PARAMETRIC_REPRESENTATION_CONTEXT() REPRESENTATION_CONTEXT('2D SPACE',''
  ) );
#7643 = PCURVE('',#7557,#7644);
#7644 = DEFINITIONAL_REPRESENTATION('',(#7645),#7649);
#7645 = CIRCLE('',#7646,6.);
#7646 = AXIS2_PLACEMENT_2D('',#7647,#7648);
#7647 = CARTESIAN_POINT('',(-17.60499999955,-34.4));
#7648 = DIRECTION('',(1.,0.));
#7649 = ( GEOMETRIC_REPRESENTATION_CONTEXT(2) 
PARAMETRIC_REPRESENTATION_CONTEXT() REPRESENTATION_CONTEXT('2D SPACE',''
  ) );
#7650 = ADVANCED_FACE('',(#7651),#7531,.T.);
#7651 = FACE_BOUND('',#7652,.F.);
#7652 = EDGE_LOOP('',(#7653,#7683,#7709,#7710));
#7653 = ORIENTED_EDGE('',*,*,#7654,.T.);
#7654 = EDGE_CURVE('',#7655,#7657,#7659,.T.);
#7655 = VERTEX_POINT('',#7656);
#7656 = CARTESIAN_POINT('',(6.,80.8,18.4));
#7657 = VERTEX_POINT('',#7658);
#7658 = CARTESIAN_POINT('',(6.,80.8,38.4));
#7659 = SURFACE_CURVE('',#7660,(#7664,#7671),.PCURVE_S1.);
#7660 = LINE('',#7661,#7662);
#7661 = CARTESIAN_POINT('',(6.,80.8,18.4));
#7662 = VECTOR('',#7663,1.);
#7663 = DIRECTION('',(0.,0.,1.));
#7664 = PCURVE('',#7531,#7665);
#7665 = DEFINITIONAL_REPRESENTATION('',(#7666),#7670);
#7666 = LINE('',#7667,#7668);
#7667 = CARTESIAN_POINT('',(-1.570796326795,0.));
#7668 = VECTOR('',#7669,1.);
#7669 = DIRECTION('',(-0.,-1.));
#7670 = ( GEOMETRIC_REPRESENTATION_CONTEXT(2) 
PARAMETRIC_REPRESENTATION_CONTEXT() REPRESENTATION_CONTEXT('2D SPACE',''
  ) );
#7671 = PCURVE('',#7672,#7677);
#7672 = PLANE('',#7673);
#7673 = AXIS2_PLACEMENT_3D('',#7674,#7675,#7676);
#7674 = CARTESIAN_POINT('',(6.,80.8,18.4));
#7675 = DIRECTION('',(0.,1.,0.));
#7676 = DIRECTION('',(1.,0.,0.));
#7677 = DEFINITIONAL_REPRESENTATION('',(#7678),#7682);
#7678 = LINE('',#7679,#7680);
#7679 = CARTESIAN_POINT('',(0.,0.));
#7680 = VECTOR('',#7681,1.);
#7681 = DIRECTION('',(0.,-1.));
#7682 = ( GEOMETRIC_REPRESENTATION_CONTEXT(2) 
PARAMETRIC_REPRESENTATION_CONTEXT() REPRESENTATION_CONTEXT('2D SPACE',''
  ) );
#7683 = ORIENTED_EDGE('',*,*,#7684,.T.);
#7684 = EDGE_CURVE('',#7657,#7488,#7685,.T.);
#7685 = SURFACE_CURVE('',#7686,(#7691,#7698),.PCURVE_S1.);
#7686 = CIRCLE('',#7687,6.);
#7687 = AXIS2_PLACEMENT_3D('',#7688,#7689,#7690);
#7688 = CARTESIAN_POINT('',(6.,74.8,38.4));
#7689 = DIRECTION('',(0.,0.,1.));
#7690 = DIRECTION('',(1.,0.,0.));
#7691 = PCURVE('',#7531,#7692);
#7692 = DEFINITIONAL_REPRESENTATION('',(#7693),#7697);
#7693 = LINE('',#7694,#7695);
#7694 = CARTESIAN_POINT('',(-0.,-20.));
#7695 = VECTOR('',#7696,1.);
#7696 = DIRECTION('',(-1.,0.));
#7697 = ( GEOMETRIC_REPRESENTATION_CONTEXT(2) 
PARAMETRIC_REPRESENTATION_CONTEXT() REPRESENTATION_CONTEXT('2D SPACE',''
  ) );
#7698 = PCURVE('',#7699,#7704);
#7699 = CONICAL_SURFACE('',#7700,6.,0.785398163397);
#7700 = AXIS2_PLACEMENT_3D('',#7701,#7702,#7703);
#7701 = CARTESIAN_POINT('',(6.,74.8,38.4));
#7702 = DIRECTION('',(-0.,-0.,-1.));
#7703 = DIRECTION('',(1.,0.,0.));
#7704 = DEFINITIONAL_REPRESENTATION('',(#7705),#7708);
#7705 = B_SPLINE_CURVE_WITH_KNOTS('',1,(#7706,#7707),.UNSPECIFIED.,.F.,
  .F.,(2,2),(1.570796326795,3.14159265359),.PIECEWISE_BEZIER_KNOTS.);
#7706 = CARTESIAN_POINT('',(-1.570796326795,0.));
#7707 = CARTESIAN_POINT('',(-3.14159265359,0.));
#7708 = ( GEOMETRIC_REPRESENTATION_CONTEXT(2) 
PARAMETRIC_REPRESENTATION_CONTEXT() REPRESENTATION_CONTEXT('2D SPACE',''
  ) );
#7709 = ORIENTED_EDGE('',*,*,#7515,.F.);
#7710 = ORIENTED_EDGE('',*,*,#7711,.F.);
#7711 = EDGE_CURVE('',#7655,#7516,#7712,.T.);
#7712 = SURFACE_CURVE('',#7713,(#7718,#7725),.PCURVE_S1.);
#7713 = CIRCLE('',#7714,6.);
#7714 = AXIS2_PLACEMENT_3D('',#7715,#7716,#7717);
#7715 = CARTESIAN_POINT('',(6.,74.8,18.4));
#7716 = DIRECTION('',(0.,0.,1.));
#7717 = DIRECTION('',(1.,0.,0.));
#7718 = PCURVE('',#7531,#7719);
#7719 = DEFINITIONAL_REPRESENTATION('',(#7720),#7724);
#7720 = LINE('',#7721,#7722);
#7721 = CARTESIAN_POINT('',(-0.,0.));
#7722 = VECTOR('',#7723,1.);
#7723 = DIRECTION('',(-1.,0.));
#7724 = ( GEOMETRIC_REPRESENTATION_CONTEXT(2) 
PARAMETRIC_REPRESENTATION_CONTEXT() REPRESENTATION_CONTEXT('2D SPACE',''
  ) );
#7725 = PCURVE('',#7557,#7726);
#7726 = DEFINITIONAL_REPRESENTATION('',(#7727),#7731);
#7727 = CIRCLE('',#7728,6.);
#7728 = AXIS2_PLACEMENT_2D('',#7729,#7730);
#7729 = CARTESIAN_POINT('',(-17.60499999955,34.4));
#7730 = DIRECTION('',(1.,0.));
#7731 = ( GEOMETRIC_REPRESENTATION_CONTEXT(2) 
PARAMETRIC_REPRESENTATION_CONTEXT() REPRESENTATION_CONTEXT('2D SPACE',''
  ) );
#7732 = ADVANCED_FACE('',(#7733,#7868),#7557,.F.);
#7733 = FACE_BOUND('',#7734,.F.);
#7734 = EDGE_LOOP('',(#7735,#7736,#7737,#7760,#7789,#7817,#7846,#7867));
#7735 = ORIENTED_EDGE('',*,*,#7543,.F.);
#7736 = ORIENTED_EDGE('',*,*,#7629,.T.);
#7737 = ORIENTED_EDGE('',*,*,#7738,.T.);
#7738 = EDGE_CURVE('',#7602,#7739,#7741,.T.);
#7739 = VERTEX_POINT('',#7740);
#7740 = CARTESIAN_POINT('',(41.20999999796,0.,18.4));
#7741 = SURFACE_CURVE('',#7742,(#7746,#7753),.PCURVE_S1.);
#7742 = LINE('',#7743,#7744);
#7743 = CARTESIAN_POINT('',(23.605,0.,18.4));
#7744 = VECTOR('',#7745,1.);
#7745 = DIRECTION('',(1.,0.,0.));
#7746 = PCURVE('',#7557,#7747);
#7747 = DEFINITIONAL_REPRESENTATION('',(#7748),#7752);
#7748 = LINE('',#7749,#7750);
#7749 = CARTESIAN_POINT('',(4.479401616107E-10,-40.4));
#7750 = VECTOR('',#7751,1.);
#7751 = DIRECTION('',(1.,0.));
#7752 = ( GEOMETRIC_REPRESENTATION_CONTEXT(2) 
PARAMETRIC_REPRESENTATION_CONTEXT() REPRESENTATION_CONTEXT('2D SPACE',''
  ) );
#7753 = PCURVE('',#7617,#7754);
#7754 = DEFINITIONAL_REPRESENTATION('',(#7755),#7759);
#7755 = LINE('',#7756,#7757);
#7756 = CARTESIAN_POINT('',(17.605,0.));
#7757 = VECTOR('',#7758,1.);
#7758 = DIRECTION('',(1.,0.));
#7759 = ( GEOMETRIC_REPRESENTATION_CONTEXT(2) 
PARAMETRIC_REPRESENTATION_CONTEXT() REPRESENTATION_CONTEXT('2D SPACE',''
  ) );
#7760 = ORIENTED_EDGE('',*,*,#7761,.T.);
#7761 = EDGE_CURVE('',#7739,#7762,#7764,.T.);
#7762 = VERTEX_POINT('',#7763);
#7763 = CARTESIAN_POINT('',(47.20999999898,6.,18.4));
#7764 = SURFACE_CURVE('',#7765,(#7770,#7777),.PCURVE_S1.);
#7765 = CIRCLE('',#7766,6.);
#7766 = AXIS2_PLACEMENT_3D('',#7767,#7768,#7769);
#7767 = CARTESIAN_POINT('',(41.20999999796,6.,18.4));
#7768 = DIRECTION('',(0.,0.,1.));
#7769 = DIRECTION('',(1.,0.,0.));
#7770 = PCURVE('',#7557,#7771);
#7771 = DEFINITIONAL_REPRESENTATION('',(#7772),#7776);
#7772 = CIRCLE('',#7773,6.);
#7773 = AXIS2_PLACEMENT_2D('',#7774,#7775);
#7774 = CARTESIAN_POINT('',(17.604999998408,-34.4));
#7775 = DIRECTION('',(1.,0.));
#7776 = ( GEOMETRIC_REPRESENTATION_CONTEXT(2) 
PARAMETRIC_REPRESENTATION_CONTEXT() REPRESENTATION_CONTEXT('2D SPACE',''
  ) );
#7777 = PCURVE('',#7778,#7783);
#7778 = CYLINDRICAL_SURFACE('',#7779,6.);
#7779 = AXIS2_PLACEMENT_3D('',#7780,#7781,#7782);
#7780 = CARTESIAN_POINT('',(41.20999999796,6.,18.4));
#7781 = DIRECTION('',(-0.,-0.,-1.));
#7782 = DIRECTION('',(1.,0.,0.));
#7783 = DEFINITIONAL_REPRESENTATION('',(#7784),#7788);
#7784 = LINE('',#7785,#7786);
#7785 = CARTESIAN_POINT('',(-0.,0.));
#7786 = VECTOR('',#7787,1.);
#7787 = DIRECTION('',(-1.,0.));
#7788 = ( GEOMETRIC_REPRESENTATION_CONTEXT(2) 
PARAMETRIC_REPRESENTATION_CONTEXT() REPRESENTATION_CONTEXT('2D SPACE',''
  ) );
#7789 = ORIENTED_EDGE('',*,*,#7790,.T.);
#7790 = EDGE_CURVE('',#7762,#7791,#7793,.T.);
#7791 = VERTEX_POINT('',#7792);
#7792 = CARTESIAN_POINT('',(47.20999999898,74.8,18.4));
#7793 = SURFACE_CURVE('',#7794,(#7798,#7805),.PCURVE_S1.);
#7794 = LINE('',#7795,#7796);
#7795 = CARTESIAN_POINT('',(47.21,40.4,18.4));
#7796 = VECTOR('',#7797,1.);
#7797 = DIRECTION('',(0.,1.,0.));
#7798 = PCURVE('',#7557,#7799);
#7799 = DEFINITIONAL_REPRESENTATION('',(#7800),#7804);
#7800 = LINE('',#7801,#7802);
#7801 = CARTESIAN_POINT('',(23.605000000448,-5.214143357781E-16));
#7802 = VECTOR('',#7803,1.);
#7803 = DIRECTION('',(0.,1.));
#7804 = ( GEOMETRIC_REPRESENTATION_CONTEXT(2) 
PARAMETRIC_REPRESENTATION_CONTEXT() REPRESENTATION_CONTEXT('2D SPACE',''
  ) );
#7805 = PCURVE('',#7806,#7811);
#7806 = PLANE('',#7807);
#7807 = AXIS2_PLACEMENT_3D('',#7808,#7809,#7810);
#7808 = CARTESIAN_POINT('',(47.21,6.,18.4));
#7809 = DIRECTION('',(-1.,0.,0.));
#7810 = DIRECTION('',(0.,1.,0.));
#7811 = DEFINITIONAL_REPRESENTATION('',(#7812),#7816);
#7812 = LINE('',#7813,#7814);
#7813 = CARTESIAN_POINT('',(34.4,0.));
#7814 = VECTOR('',#7815,1.);
#7815 = DIRECTION('',(1.,0.));
#7816 = ( GEOMETRIC_REPRESENTATION_CONTEXT(2) 
PARAMETRIC_REPRESENTATION_CONTEXT() REPRESENTATION_CONTEXT('2D SPACE',''
  ) );
#7817 = ORIENTED_EDGE('',*,*,#7818,.T.);
#7818 = EDGE_CURVE('',#7791,#7819,#7821,.T.);
#7819 = VERTEX_POINT('',#7820);
#7820 = CARTESIAN_POINT('',(41.20999999796,80.8,18.4));
#7821 = SURFACE_CURVE('',#7822,(#7827,#7834),.PCURVE_S1.);
#7822 = CIRCLE('',#7823,6.);
#7823 = AXIS2_PLACEMENT_3D('',#7824,#7825,#7826);
#7824 = CARTESIAN_POINT('',(41.20999999796,74.8,18.4));
#7825 = DIRECTION('',(0.,0.,1.));
#7826 = DIRECTION('',(1.,0.,0.));
#7827 = PCURVE('',#7557,#7828);
#7828 = DEFINITIONAL_REPRESENTATION('',(#7829),#7833);
#7829 = CIRCLE('',#7830,6.);
#7830 = AXIS2_PLACEMENT_2D('',#7831,#7832);
#7831 = CARTESIAN_POINT('',(17.604999998408,34.4));
#7832 = DIRECTION('',(1.,0.));
#7833 = ( GEOMETRIC_REPRESENTATION_CONTEXT(2) 
PARAMETRIC_REPRESENTATION_CONTEXT() REPRESENTATION_CONTEXT('2D SPACE',''
  ) );
#7834 = PCURVE('',#7835,#7840);
#7835 = CYLINDRICAL_SURFACE('',#7836,6.);
#7836 = AXIS2_PLACEMENT_3D('',#7837,#7838,#7839);
#7837 = CARTESIAN_POINT('',(41.20999999796,74.8,18.4));
#7838 = DIRECTION('',(-0.,-0.,-1.));
#7839 = DIRECTION('',(1.,0.,0.));
#7840 = DEFINITIONAL_REPRESENTATION('',(#7841),#7845);
#7841 = LINE('',#7842,#7843);
#7842 = CARTESIAN_POINT('',(-0.,0.));
#7843 = VECTOR('',#7844,1.);
#7844 = DIRECTION('',(-1.,0.));
#7845 = ( GEOMETRIC_REPRESENTATION_CONTEXT(2) 
PARAMETRIC_REPRESENTATION_CONTEXT() REPRESENTATION_CONTEXT('2D SPACE',''
  ) );
#7846 = ORIENTED_EDGE('',*,*,#7847,.F.);
#7847 = EDGE_CURVE('',#7655,#7819,#7848,.T.);
#7848 = SURFACE_CURVE('',#7849,(#7853,#7860),.PCURVE_S1.);
#7849 = LINE('',#7850,#7851);
#7850 = CARTESIAN_POINT('',(23.605,80.8,18.4));
#7851 = VECTOR('',#7852,1.);
#7852 = DIRECTION('',(1.,0.,0.));
#7853 = PCURVE('',#7557,#7854);
#7854 = DEFINITIONAL_REPRESENTATION('',(#7855),#7859);
#7855 = LINE('',#7856,#7857);
#7856 = CARTESIAN_POINT('',(4.479401616107E-10,40.4));
#7857 = VECTOR('',#7858,1.);
#7858 = DIRECTION('',(1.,0.));
#7859 = ( GEOMETRIC_REPRESENTATION_CONTEXT(2) 
PARAMETRIC_REPRESENTATION_CONTEXT() REPRESENTATION_CONTEXT('2D SPACE',''
  ) );
#7860 = PCURVE('',#7672,#7861);
#7861 = DEFINITIONAL_REPRESENTATION('',(#7862),#7866);
#7862 = LINE('',#7863,#7864);
#7863 = CARTESIAN_POINT('',(17.605,0.));
#7864 = VECTOR('',#7865,1.);
#7865 = DIRECTION('',(1.,0.));
#7866 = ( GEOMETRIC_REPRESENTATION_CONTEXT(2) 
PARAMETRIC_REPRESENTATION_CONTEXT() REPRESENTATION_CONTEXT('2D SPACE',''
  ) );
#7867 = ORIENTED_EDGE('',*,*,#7711,.T.);
#7868 = FACE_BOUND('',#7869,.F.);
#7869 = EDGE_LOOP('',(#7870,#7900,#7933,#7961,#7989,#8017,#8045,#8068,
    #8096,#8124,#8152,#8175,#8208,#8236,#8264,#8292,#8320,#8343,#8376,
    #8404,#8432,#8460,#8488,#8511,#8539,#8567,#8595,#8618,#8651,#8674,
    #8702,#8730));
#7870 = ORIENTED_EDGE('',*,*,#7871,.F.);
#7871 = EDGE_CURVE('',#7872,#7874,#7876,.T.);
#7872 = VERTEX_POINT('',#7873);
#7873 = CARTESIAN_POINT('',(6.,2.55,18.4));
#7874 = VERTEX_POINT('',#7875);
#7875 = CARTESIAN_POINT('',(20.605,2.55,18.4));
#7876 = SURFACE_CURVE('',#7877,(#7881,#7888),.PCURVE_S1.);
#7877 = LINE('',#7878,#7879);
#7878 = CARTESIAN_POINT('',(23.605,2.55,18.4));
#7879 = VECTOR('',#7880,1.);
#7880 = DIRECTION('',(1.,0.,0.));
#7881 = PCURVE('',#7557,#7882);
#7882 = DEFINITIONAL_REPRESENTATION('',(#7883),#7887);
#7883 = LINE('',#7884,#7885);
#7884 = CARTESIAN_POINT('',(4.480947046557E-10,-37.85));
#7885 = VECTOR('',#7886,1.);
#7886 = DIRECTION('',(1.,0.));
#7887 = ( GEOMETRIC_REPRESENTATION_CONTEXT(2) 
PARAMETRIC_REPRESENTATION_CONTEXT() REPRESENTATION_CONTEXT('2D SPACE',''
  ) );
#7888 = PCURVE('',#7889,#7894);
#7889 = PLANE('',#7890);
#7890 = AXIS2_PLACEMENT_3D('',#7891,#7892,#7893);
#7891 = CARTESIAN_POINT('',(6.,2.55,11.5));
#7892 = DIRECTION('',(0.,1.,0.));
#7893 = DIRECTION('',(1.,0.,0.));
#7894 = DEFINITIONAL_REPRESENTATION('',(#7895),#7899);
#7895 = LINE('',#7896,#7897);
#7896 = CARTESIAN_POINT('',(17.605,-6.9));
#7897 = VECTOR('',#7898,1.);
#7898 = DIRECTION('',(1.,0.));
#7899 = ( GEOMETRIC_REPRESENTATION_CONTEXT(2) 
PARAMETRIC_REPRESENTATION_CONTEXT() REPRESENTATION_CONTEXT('2D SPACE',''
  ) );
#7900 = ORIENTED_EDGE('',*,*,#7901,.T.);
#7901 = EDGE_CURVE('',#7872,#7902,#7904,.T.);
#7902 = VERTEX_POINT('',#7903);
#7903 = CARTESIAN_POINT('',(2.55,6.,18.4));
#7904 = SURFACE_CURVE('',#7905,(#7910,#7921),.PCURVE_S1.);
#7905 = CIRCLE('',#7906,3.45);
#7906 = AXIS2_PLACEMENT_3D('',#7907,#7908,#7909);
#7907 = CARTESIAN_POINT('',(6.,6.,18.4));
#7908 = DIRECTION('',(0.,0.,-1.));
#7909 = DIRECTION('',(-1.,0.,0.));
#7910 = PCURVE('',#7557,#7911);
#7911 = DEFINITIONAL_REPRESENTATION('',(#7912),#7920);
#7912 = ( BOUNDED_CURVE() B_SPLINE_CURVE(2,(#7913,#7914,#7915,#7916,
#7917,#7918,#7919),.UNSPECIFIED.,.T.,.F.) B_SPLINE_CURVE_WITH_KNOTS((1,2
    ,2,2,2,1),(-2.094395102393,0.,2.094395102393,4.188790204786,
6.28318530718,8.377580409573),.UNSPECIFIED.) CURVE() 
GEOMETRIC_REPRESENTATION_ITEM() RATIONAL_B_SPLINE_CURVE((1.,0.5,1.,0.5,
1.,0.5,1.)) REPRESENTATION_ITEM('') );
#7913 = CARTESIAN_POINT('',(-21.05499999955,-34.4));
#7914 = CARTESIAN_POINT('',(-21.05499999955,-28.42442471388));
#7915 = CARTESIAN_POINT('',(-15.87999999955,-31.41221235694));
#7916 = CARTESIAN_POINT('',(-10.70499999955,-34.4));
#7917 = CARTESIAN_POINT('',(-15.87999999955,-37.38778764305));
#7918 = CARTESIAN_POINT('',(-21.05499999955,-40.37557528611));
#7919 = CARTESIAN_POINT('',(-21.05499999955,-34.4));
#7920 = ( GEOMETRIC_REPRESENTATION_CONTEXT(2) 
PARAMETRIC_REPRESENTATION_CONTEXT() REPRESENTATION_CONTEXT('2D SPACE',''
  ) );
#7921 = PCURVE('',#7922,#7927);
#7922 = CYLINDRICAL_SURFACE('',#7923,3.45);
#7923 = AXIS2_PLACEMENT_3D('',#7924,#7925,#7926);
#7924 = CARTESIAN_POINT('',(6.,6.,11.5));
#7925 = DIRECTION('',(0.,0.,-1.));
#7926 = DIRECTION('',(-1.,0.,0.));
#7927 = DEFINITIONAL_REPRESENTATION('',(#7928),#7932);
#7928 = LINE('',#7929,#7930);
#7929 = CARTESIAN_POINT('',(0.,-6.9));
#7930 = VECTOR('',#7931,1.);
#7931 = DIRECTION('',(1.,0.));
#7932 = ( GEOMETRIC_REPRESENTATION_CONTEXT(2) 
PARAMETRIC_REPRESENTATION_CONTEXT() REPRESENTATION_CONTEXT('2D SPACE',''
  ) );
#7933 = ORIENTED_EDGE('',*,*,#7934,.T.);
#7934 = EDGE_CURVE('',#7902,#7935,#7937,.T.);
#7935 = VERTEX_POINT('',#7936);
#7936 = CARTESIAN_POINT('',(2.55,22.4,18.4));
#7937 = SURFACE_CURVE('',#7938,(#7942,#7949),.PCURVE_S1.);
#7938 = LINE('',#7939,#7940);
#7939 = CARTESIAN_POINT('',(2.55,40.4,18.4));
#7940 = VECTOR('',#7941,1.);
#7941 = DIRECTION('',(0.,1.,0.));
#7942 = PCURVE('',#7557,#7943);
#7943 = DEFINITIONAL_REPRESENTATION('',(#7944),#7948);
#7944 = LINE('',#7945,#7946);
#7945 = CARTESIAN_POINT('',(-21.05499999955,-7.626841693379E-15));
#7946 = VECTOR('',#7947,1.);
#7947 = DIRECTION('',(0.,1.));
#7948 = ( GEOMETRIC_REPRESENTATION_CONTEXT(2) 
PARAMETRIC_REPRESENTATION_CONTEXT() REPRESENTATION_CONTEXT('2D SPACE',''
  ) );
#7949 = PCURVE('',#7950,#7955);
#7950 = PLANE('',#7951);
#7951 = AXIS2_PLACEMENT_3D('',#7952,#7953,#7954);
#7952 = CARTESIAN_POINT('',(2.55,6.,11.5));
#7953 = DIRECTION('',(-1.,0.,0.));
#7954 = DIRECTION('',(0.,1.,0.));
#7955 = DEFINITIONAL_REPRESENTATION('',(#7956),#7960);
#7956 = LINE('',#7957,#7958);
#7957 = CARTESIAN_POINT('',(34.4,-6.9));
#7958 = VECTOR('',#7959,1.);
#7959 = DIRECTION('',(1.,0.));
#7960 = ( GEOMETRIC_REPRESENTATION_CONTEXT(2) 
PARAMETRIC_REPRESENTATION_CONTEXT() REPRESENTATION_CONTEXT('2D SPACE',''
  ) );
#7961 = ORIENTED_EDGE('',*,*,#7962,.F.);
#7962 = EDGE_CURVE('',#7963,#7935,#7965,.T.);
#7963 = VERTEX_POINT('',#7964);
#7964 = CARTESIAN_POINT('',(2.3,23.4,18.4));
#7965 = SURFACE_CURVE('',#7966,(#7970,#7977),.PCURVE_S1.);
#7966 = LINE('',#7967,#7968);
#7967 = CARTESIAN_POINT('',(2.3,23.4,18.4));
#7968 = VECTOR('',#7969,1.);
#7969 = DIRECTION('',(0.242535625036,-0.970142500145,0.));
#7970 = PCURVE('',#7557,#7971);
#7971 = DEFINITIONAL_REPRESENTATION('',(#7972),#7976);
#7972 = LINE('',#7973,#7974);
#7973 = CARTESIAN_POINT('',(-21.30499999955,-17.));
#7974 = VECTOR('',#7975,1.);
#7975 = DIRECTION('',(0.242535625036,-0.970142500145));
#7976 = ( GEOMETRIC_REPRESENTATION_CONTEXT(2) 
PARAMETRIC_REPRESENTATION_CONTEXT() REPRESENTATION_CONTEXT('2D SPACE',''
  ) );
#7977 = PCURVE('',#7978,#7983);
#7978 = PLANE('',#7979);
#7979 = AXIS2_PLACEMENT_3D('',#7980,#7981,#7982);
#7980 = CARTESIAN_POINT('',(2.3,23.4,12.));
#7981 = DIRECTION('',(0.970142500145,0.242535625036,0.));
#7982 = DIRECTION('',(0.242535625036,-0.970142500145,0.));
#7983 = DEFINITIONAL_REPRESENTATION('',(#7984),#7988);
#7984 = LINE('',#7985,#7986);
#7985 = CARTESIAN_POINT('',(0.,-6.4));
#7986 = VECTOR('',#7987,1.);
#7987 = DIRECTION('',(1.,0.));
#7988 = ( GEOMETRIC_REPRESENTATION_CONTEXT(2) 
PARAMETRIC_REPRESENTATION_CONTEXT() REPRESENTATION_CONTEXT('2D SPACE',''
  ) );
#7989 = ORIENTED_EDGE('',*,*,#7990,.F.);
#7990 = EDGE_CURVE('',#7991,#7963,#7993,.T.);
#7991 = VERTEX_POINT('',#7992);
#7992 = CARTESIAN_POINT('',(2.3,27.4,18.4));
#7993 = SURFACE_CURVE('',#7994,(#7998,#8005),.PCURVE_S1.);
#7994 = LINE('',#7995,#7996);
#7995 = CARTESIAN_POINT('',(2.3,27.4,18.4));
#7996 = VECTOR('',#7997,1.);
#7997 = DIRECTION('',(-2.22044604925E-16,-1.,0.));
#7998 = PCURVE('',#7557,#7999);
#7999 = DEFINITIONAL_REPRESENTATION('',(#8000),#8004);
#8000 = LINE('',#8001,#8002);
#8001 = CARTESIAN_POINT('',(-21.30499999955,-13.));
#8002 = VECTOR('',#8003,1.);
#8003 = DIRECTION('',(-2.22044604925E-16,-1.));
#8004 = ( GEOMETRIC_REPRESENTATION_CONTEXT(2) 
PARAMETRIC_REPRESENTATION_CONTEXT() REPRESENTATION_CONTEXT('2D SPACE',''
  ) );
#8005 = PCURVE('',#8006,#8011);
#8006 = PLANE('',#8007);
#8007 = AXIS2_PLACEMENT_3D('',#8008,#8009,#8010);
#8008 = CARTESIAN_POINT('',(2.3,27.4,12.));
#8009 = DIRECTION('',(1.,-2.22044604925E-16,0.));
#8010 = DIRECTION('',(-2.22044604925E-16,-1.,0.));
#8011 = DEFINITIONAL_REPRESENTATION('',(#8012),#8016);
#8012 = LINE('',#8013,#8014);
#8013 = CARTESIAN_POINT('',(0.,-6.4));
#8014 = VECTOR('',#8015,1.);
#8015 = DIRECTION('',(1.,0.));
#8016 = ( GEOMETRIC_REPRESENTATION_CONTEXT(2) 
PARAMETRIC_REPRESENTATION_CONTEXT() REPRESENTATION_CONTEXT('2D SPACE',''
  ) );
#8017 = ORIENTED_EDGE('',*,*,#8018,.F.);
#8018 = EDGE_CURVE('',#8019,#7991,#8021,.T.);
#8019 = VERTEX_POINT('',#8020);
#8020 = CARTESIAN_POINT('',(2.55,28.4,18.4));
#8021 = SURFACE_CURVE('',#8022,(#8026,#8033),.PCURVE_S1.);
#8022 = LINE('',#8023,#8024);
#8023 = CARTESIAN_POINT('',(2.55,28.4,18.4));
#8024 = VECTOR('',#8025,1.);
#8025 = DIRECTION('',(-0.242535625036,-0.970142500145,0.));
#8026 = PCURVE('',#7557,#8027);
#8027 = DEFINITIONAL_REPRESENTATION('',(#8028),#8032);
#8028 = LINE('',#8029,#8030);
#8029 = CARTESIAN_POINT('',(-21.05499999955,-12.));
#8030 = VECTOR('',#8031,1.);
#8031 = DIRECTION('',(-0.242535625036,-0.970142500145));
#8032 = ( GEOMETRIC_REPRESENTATION_CONTEXT(2) 
PARAMETRIC_REPRESENTATION_CONTEXT() REPRESENTATION_CONTEXT('2D SPACE',''
  ) );
#8033 = PCURVE('',#8034,#8039);
#8034 = PLANE('',#8035);
#8035 = AXIS2_PLACEMENT_3D('',#8036,#8037,#8038);
#8036 = CARTESIAN_POINT('',(2.55,28.4,12.));
#8037 = DIRECTION('',(0.970142500145,-0.242535625036,0.));
#8038 = DIRECTION('',(-0.242535625036,-0.970142500145,0.));
#8039 = DEFINITIONAL_REPRESENTATION('',(#8040),#8044);
#8040 = LINE('',#8041,#8042);
#8041 = CARTESIAN_POINT('',(0.,-6.4));
#8042 = VECTOR('',#8043,1.);
#8043 = DIRECTION('',(1.,0.));
#8044 = ( GEOMETRIC_REPRESENTATION_CONTEXT(2) 
PARAMETRIC_REPRESENTATION_CONTEXT() REPRESENTATION_CONTEXT('2D SPACE',''
  ) );
#8045 = ORIENTED_EDGE('',*,*,#8046,.T.);
#8046 = EDGE_CURVE('',#8019,#8047,#8049,.T.);
#8047 = VERTEX_POINT('',#8048);
#8048 = CARTESIAN_POINT('',(2.55,52.4,18.4));
#8049 = SURFACE_CURVE('',#8050,(#8054,#8061),.PCURVE_S1.);
#8050 = LINE('',#8051,#8052);
#8051 = CARTESIAN_POINT('',(2.55,40.4,18.4));
#8052 = VECTOR('',#8053,1.);
#8053 = DIRECTION('',(0.,1.,0.));
#8054 = PCURVE('',#7557,#8055);
#8055 = DEFINITIONAL_REPRESENTATION('',(#8056),#8060);
#8056 = LINE('',#8057,#8058);
#8057 = CARTESIAN_POINT('',(-21.05499999955,-7.626841693379E-15));
#8058 = VECTOR('',#8059,1.);
#8059 = DIRECTION('',(0.,1.));
#8060 = ( GEOMETRIC_REPRESENTATION_CONTEXT(2) 
PARAMETRIC_REPRESENTATION_CONTEXT() REPRESENTATION_CONTEXT('2D SPACE',''
  ) );
#8061 = PCURVE('',#7950,#8062);
#8062 = DEFINITIONAL_REPRESENTATION('',(#8063),#8067);
#8063 = LINE('',#8064,#8065);
#8064 = CARTESIAN_POINT('',(34.4,-6.9));
#8065 = VECTOR('',#8066,1.);
#8066 = DIRECTION('',(1.,0.));
#8067 = ( GEOMETRIC_REPRESENTATION_CONTEXT(2) 
PARAMETRIC_REPRESENTATION_CONTEXT() REPRESENTATION_CONTEXT('2D SPACE',''
  ) );
#8068 = ORIENTED_EDGE('',*,*,#8069,.F.);
#8069 = EDGE_CURVE('',#8070,#8047,#8072,.T.);
#8070 = VERTEX_POINT('',#8071);
#8071 = CARTESIAN_POINT('',(2.3,53.4,18.4));
#8072 = SURFACE_CURVE('',#8073,(#8077,#8084),.PCURVE_S1.);
#8073 = LINE('',#8074,#8075);
#8074 = CARTESIAN_POINT('',(2.3,53.4,18.4));
#8075 = VECTOR('',#8076,1.);
#8076 = DIRECTION('',(0.242535625036,-0.970142500145,0.));
#8077 = PCURVE('',#7557,#8078);
#8078 = DEFINITIONAL_REPRESENTATION('',(#8079),#8083);
#8079 = LINE('',#8080,#8081);
#8080 = CARTESIAN_POINT('',(-21.30499999955,13.));
#8081 = VECTOR('',#8082,1.);
#8082 = DIRECTION('',(0.242535625036,-0.970142500145));
#8083 = ( GEOMETRIC_REPRESENTATION_CONTEXT(2) 
PARAMETRIC_REPRESENTATION_CONTEXT() REPRESENTATION_CONTEXT('2D SPACE',''
  ) );
#8084 = PCURVE('',#8085,#8090);
#8085 = PLANE('',#8086);
#8086 = AXIS2_PLACEMENT_3D('',#8087,#8088,#8089);
#8087 = CARTESIAN_POINT('',(2.3,53.4,12.));
#8088 = DIRECTION('',(0.970142500145,0.242535625036,0.));
#8089 = DIRECTION('',(0.242535625036,-0.970142500145,0.));
#8090 = DEFINITIONAL_REPRESENTATION('',(#8091),#8095);
#8091 = LINE('',#8092,#8093);
#8092 = CARTESIAN_POINT('',(0.,-6.4));
#8093 = VECTOR('',#8094,1.);
#8094 = DIRECTION('',(1.,0.));
#8095 = ( GEOMETRIC_REPRESENTATION_CONTEXT(2) 
PARAMETRIC_REPRESENTATION_CONTEXT() REPRESENTATION_CONTEXT('2D SPACE',''
  ) );
#8096 = ORIENTED_EDGE('',*,*,#8097,.F.);
#8097 = EDGE_CURVE('',#8098,#8070,#8100,.T.);
#8098 = VERTEX_POINT('',#8099);
#8099 = CARTESIAN_POINT('',(2.3,57.4,18.4));
#8100 = SURFACE_CURVE('',#8101,(#8105,#8112),.PCURVE_S1.);
#8101 = LINE('',#8102,#8103);
#8102 = CARTESIAN_POINT('',(2.3,57.4,18.4));
#8103 = VECTOR('',#8104,1.);
#8104 = DIRECTION('',(-2.22044604925E-16,-1.,0.));
#8105 = PCURVE('',#7557,#8106);
#8106 = DEFINITIONAL_REPRESENTATION('',(#8107),#8111);
#8107 = LINE('',#8108,#8109);
#8108 = CARTESIAN_POINT('',(-21.30499999955,17.));
#8109 = VECTOR('',#8110,1.);
#8110 = DIRECTION('',(-2.22044604925E-16,-1.));
#8111 = ( GEOMETRIC_REPRESENTATION_CONTEXT(2) 
PARAMETRIC_REPRESENTATION_CONTEXT() REPRESENTATION_CONTEXT('2D SPACE',''
  ) );
#8112 = PCURVE('',#8113,#8118);
#8113 = PLANE('',#8114);
#8114 = AXIS2_PLACEMENT_3D('',#8115,#8116,#8117);
#8115 = CARTESIAN_POINT('',(2.3,57.4,12.));
#8116 = DIRECTION('',(1.,-2.22044604925E-16,0.));
#8117 = DIRECTION('',(-2.22044604925E-16,-1.,0.));
#8118 = DEFINITIONAL_REPRESENTATION('',(#8119),#8123);
#8119 = LINE('',#8120,#8121);
#8120 = CARTESIAN_POINT('',(0.,-6.4));
#8121 = VECTOR('',#8122,1.);
#8122 = DIRECTION('',(1.,0.));
#8123 = ( GEOMETRIC_REPRESENTATION_CONTEXT(2) 
PARAMETRIC_REPRESENTATION_CONTEXT() REPRESENTATION_CONTEXT('2D SPACE',''
  ) );
#8124 = ORIENTED_EDGE('',*,*,#8125,.F.);
#8125 = EDGE_CURVE('',#8126,#8098,#8128,.T.);
#8126 = VERTEX_POINT('',#8127);
#8127 = CARTESIAN_POINT('',(2.55,58.4,18.4));
#8128 = SURFACE_CURVE('',#8129,(#8133,#8140),.PCURVE_S1.);
#8129 = LINE('',#8130,#8131);
#8130 = CARTESIAN_POINT('',(2.55,58.4,18.4));
#8131 = VECTOR('',#8132,1.);
#8132 = DIRECTION('',(-0.242535625036,-0.970142500145,0.));
#8133 = PCURVE('',#7557,#8134);
#8134 = DEFINITIONAL_REPRESENTATION('',(#8135),#8139);
#8135 = LINE('',#8136,#8137);
#8136 = CARTESIAN_POINT('',(-21.05499999955,18.));
#8137 = VECTOR('',#8138,1.);
#8138 = DIRECTION('',(-0.242535625036,-0.970142500145));
#8139 = ( GEOMETRIC_REPRESENTATION_CONTEXT(2) 
PARAMETRIC_REPRESENTATION_CONTEXT() REPRESENTATION_CONTEXT('2D SPACE',''
  ) );
#8140 = PCURVE('',#8141,#8146);
#8141 = PLANE('',#8142);
#8142 = AXIS2_PLACEMENT_3D('',#8143,#8144,#8145);
#8143 = CARTESIAN_POINT('',(2.55,58.4,12.));
#8144 = DIRECTION('',(0.970142500145,-0.242535625036,0.));
#8145 = DIRECTION('',(-0.242535625036,-0.970142500145,0.));
#8146 = DEFINITIONAL_REPRESENTATION('',(#8147),#8151);
#8147 = LINE('',#8148,#8149);
#8148 = CARTESIAN_POINT('',(0.,-6.4));
#8149 = VECTOR('',#8150,1.);
#8150 = DIRECTION('',(1.,0.));
#8151 = ( GEOMETRIC_REPRESENTATION_CONTEXT(2) 
PARAMETRIC_REPRESENTATION_CONTEXT() REPRESENTATION_CONTEXT('2D SPACE',''
  ) );
#8152 = ORIENTED_EDGE('',*,*,#8153,.T.);
#8153 = EDGE_CURVE('',#8126,#8154,#8156,.T.);
#8154 = VERTEX_POINT('',#8155);
#8155 = CARTESIAN_POINT('',(2.55,74.8,18.4));
#8156 = SURFACE_CURVE('',#8157,(#8161,#8168),.PCURVE_S1.);
#8157 = LINE('',#8158,#8159);
#8158 = CARTESIAN_POINT('',(2.55,40.4,18.4));
#8159 = VECTOR('',#8160,1.);
#8160 = DIRECTION('',(0.,1.,0.));
#8161 = PCURVE('',#7557,#8162);
#8162 = DEFINITIONAL_REPRESENTATION('',(#8163),#8167);
#8163 = LINE('',#8164,#8165);
#8164 = CARTESIAN_POINT('',(-21.05499999955,-7.626841693379E-15));
#8165 = VECTOR('',#8166,1.);
#8166 = DIRECTION('',(0.,1.));
#8167 = ( GEOMETRIC_REPRESENTATION_CONTEXT(2) 
PARAMETRIC_REPRESENTATION_CONTEXT() REPRESENTATION_CONTEXT('2D SPACE',''
  ) );
#8168 = PCURVE('',#7950,#8169);
#8169 = DEFINITIONAL_REPRESENTATION('',(#8170),#8174);
#8170 = LINE('',#8171,#8172);
#8171 = CARTESIAN_POINT('',(34.4,-6.9));
#8172 = VECTOR('',#8173,1.);
#8173 = DIRECTION('',(1.,0.));
#8174 = ( GEOMETRIC_REPRESENTATION_CONTEXT(2) 
PARAMETRIC_REPRESENTATION_CONTEXT() REPRESENTATION_CONTEXT('2D SPACE',''
  ) );
#8175 = ORIENTED_EDGE('',*,*,#8176,.T.);
#8176 = EDGE_CURVE('',#8154,#8177,#8179,.T.);
#8177 = VERTEX_POINT('',#8178);
#8178 = CARTESIAN_POINT('',(6.,78.25,18.4));
#8179 = SURFACE_CURVE('',#8180,(#8185,#8196),.PCURVE_S1.);
#8180 = CIRCLE('',#8181,3.45);
#8181 = AXIS2_PLACEMENT_3D('',#8182,#8183,#8184);
#8182 = CARTESIAN_POINT('',(6.,74.8,18.4));
#8183 = DIRECTION('',(0.,0.,-1.));
#8184 = DIRECTION('',(-1.,0.,0.));
#8185 = PCURVE('',#7557,#8186);
#8186 = DEFINITIONAL_REPRESENTATION('',(#8187),#8195);
#8187 = ( BOUNDED_CURVE() B_SPLINE_CURVE(2,(#8188,#8189,#8190,#8191,
#8192,#8193,#8194),.UNSPECIFIED.,.T.,.F.) B_SPLINE_CURVE_WITH_KNOTS((1,2
    ,2,2,2,1),(-2.094395102393,0.,2.094395102393,4.188790204786,
6.28318530718,8.377580409573),.UNSPECIFIED.) CURVE() 
GEOMETRIC_REPRESENTATION_ITEM() RATIONAL_B_SPLINE_CURVE((1.,0.5,1.,0.5,
1.,0.5,1.)) REPRESENTATION_ITEM('') );
#8188 = CARTESIAN_POINT('',(-21.05499999955,34.4));
#8189 = CARTESIAN_POINT('',(-21.05499999955,40.375575286113));
#8190 = CARTESIAN_POINT('',(-15.87999999955,37.387787643056));
#8191 = CARTESIAN_POINT('',(-10.70499999955,34.4));
#8192 = CARTESIAN_POINT('',(-15.87999999955,31.412212356944));
#8193 = CARTESIAN_POINT('',(-21.05499999955,28.424424713887));
#8194 = CARTESIAN_POINT('',(-21.05499999955,34.4));
#8195 = ( GEOMETRIC_REPRESENTATION_CONTEXT(2) 
PARAMETRIC_REPRESENTATION_CONTEXT() REPRESENTATION_CONTEXT('2D SPACE',''
  ) );
#8196 = PCURVE('',#8197,#8202);
#8197 = CYLINDRICAL_SURFACE('',#8198,3.45);
#8198 = AXIS2_PLACEMENT_3D('',#8199,#8200,#8201);
#8199 = CARTESIAN_POINT('',(6.,74.8,11.5));
#8200 = DIRECTION('',(0.,0.,-1.));
#8201 = DIRECTION('',(-1.,0.,0.));
#8202 = DEFINITIONAL_REPRESENTATION('',(#8203),#8207);
#8203 = LINE('',#8204,#8205);
#8204 = CARTESIAN_POINT('',(0.,-6.9));
#8205 = VECTOR('',#8206,1.);
#8206 = DIRECTION('',(1.,0.));
#8207 = ( GEOMETRIC_REPRESENTATION_CONTEXT(2) 
PARAMETRIC_REPRESENTATION_CONTEXT() REPRESENTATION_CONTEXT('2D SPACE',''
  ) );
#8208 = ORIENTED_EDGE('',*,*,#8209,.T.);
#8209 = EDGE_CURVE('',#8177,#8210,#8212,.T.);
#8210 = VERTEX_POINT('',#8211);
#8211 = CARTESIAN_POINT('',(20.605,78.25,18.4));
#8212 = SURFACE_CURVE('',#8213,(#8217,#8224),.PCURVE_S1.);
#8213 = LINE('',#8214,#8215);
#8214 = CARTESIAN_POINT('',(23.605,78.25,18.4));
#8215 = VECTOR('',#8216,1.);
#8216 = DIRECTION('',(1.,0.,0.));
#8217 = PCURVE('',#7557,#8218);
#8218 = DEFINITIONAL_REPRESENTATION('',(#8219),#8223);
#8219 = LINE('',#8220,#8221);
#8220 = CARTESIAN_POINT('',(4.480947046557E-10,37.85));
#8221 = VECTOR('',#8222,1.);
#8222 = DIRECTION('',(1.,0.));
#8223 = ( GEOMETRIC_REPRESENTATION_CONTEXT(2) 
PARAMETRIC_REPRESENTATION_CONTEXT() REPRESENTATION_CONTEXT('2D SPACE',''
  ) );
#8224 = PCURVE('',#8225,#8230);
#8225 = PLANE('',#8226);
#8226 = AXIS2_PLACEMENT_3D('',#8227,#8228,#8229);
#8227 = CARTESIAN_POINT('',(6.,78.25,11.5));
#8228 = DIRECTION('',(0.,1.,0.));
#8229 = DIRECTION('',(1.,0.,0.));
#8230 = DEFINITIONAL_REPRESENTATION('',(#8231),#8235);
#8231 = LINE('',#8232,#8233);
#8232 = CARTESIAN_POINT('',(17.605,-6.9));
#8233 = VECTOR('',#8234,1.);
#8234 = DIRECTION('',(1.,0.));
#8235 = ( GEOMETRIC_REPRESENTATION_CONTEXT(2) 
PARAMETRIC_REPRESENTATION_CONTEXT() REPRESENTATION_CONTEXT('2D SPACE',''
  ) );
#8236 = ORIENTED_EDGE('',*,*,#8237,.F.);
#8237 = EDGE_CURVE('',#8238,#8210,#8240,.T.);
#8238 = VERTEX_POINT('',#8239);
#8239 = CARTESIAN_POINT('',(21.605,78.5,18.4));
#8240 = SURFACE_CURVE('',#8241,(#8245,#8252),.PCURVE_S1.);
#8241 = LINE('',#8242,#8243);
#8242 = CARTESIAN_POINT('',(21.605,78.5,18.4));
#8243 = VECTOR('',#8244,1.);
#8244 = DIRECTION('',(-0.970142500145,-0.242535625036,0.));
#8245 = PCURVE('',#7557,#8246);
#8246 = DEFINITIONAL_REPRESENTATION('',(#8247),#8251);
#8247 = LINE('',#8248,#8249);
#8248 = CARTESIAN_POINT('',(-1.999999999552,38.1));
#8249 = VECTOR('',#8250,1.);
#8250 = DIRECTION('',(-0.970142500145,-0.242535625036));
#8251 = ( GEOMETRIC_REPRESENTATION_CONTEXT(2) 
PARAMETRIC_REPRESENTATION_CONTEXT() REPRESENTATION_CONTEXT('2D SPACE',''
  ) );
#8252 = PCURVE('',#8253,#8258);
#8253 = PLANE('',#8254);
#8254 = AXIS2_PLACEMENT_3D('',#8255,#8256,#8257);
#8255 = CARTESIAN_POINT('',(21.605,78.5,12.));
#8256 = DIRECTION('',(0.242535625036,-0.970142500145,0.));
#8257 = DIRECTION('',(-0.970142500145,-0.242535625036,0.));
#8258 = DEFINITIONAL_REPRESENTATION('',(#8259),#8263);
#8259 = LINE('',#8260,#8261);
#8260 = CARTESIAN_POINT('',(0.,-6.4));
#8261 = VECTOR('',#8262,1.);
#8262 = DIRECTION('',(1.,0.));
#8263 = ( GEOMETRIC_REPRESENTATION_CONTEXT(2) 
PARAMETRIC_REPRESENTATION_CONTEXT() REPRESENTATION_CONTEXT('2D SPACE',''
  ) );
#8264 = ORIENTED_EDGE('',*,*,#8265,.F.);
#8265 = EDGE_CURVE('',#8266,#8238,#8268,.T.);
#8266 = VERTEX_POINT('',#8267);
#8267 = CARTESIAN_POINT('',(25.605,78.5,18.4));
#8268 = SURFACE_CURVE('',#8269,(#8273,#8280),.PCURVE_S1.);
#8269 = LINE('',#8270,#8271);
#8270 = CARTESIAN_POINT('',(25.605,78.5,18.4));
#8271 = VECTOR('',#8272,1.);
#8272 = DIRECTION('',(-1.,0.,0.));
#8273 = PCURVE('',#7557,#8274);
#8274 = DEFINITIONAL_REPRESENTATION('',(#8275),#8279);
#8275 = LINE('',#8276,#8277);
#8276 = CARTESIAN_POINT('',(2.000000000448,38.1));
#8277 = VECTOR('',#8278,1.);
#8278 = DIRECTION('',(-1.,0.));
#8279 = ( GEOMETRIC_REPRESENTATION_CONTEXT(2) 
PARAMETRIC_REPRESENTATION_CONTEXT() REPRESENTATION_CONTEXT('2D SPACE',''
  ) );
#8280 = PCURVE('',#8281,#8286);
#8281 = PLANE('',#8282);
#8282 = AXIS2_PLACEMENT_3D('',#8283,#8284,#8285);
#8283 = CARTESIAN_POINT('',(25.605,78.5,12.));
#8284 = DIRECTION('',(0.,-1.,0.));
#8285 = DIRECTION('',(-1.,0.,0.));
#8286 = DEFINITIONAL_REPRESENTATION('',(#8287),#8291);
#8287 = LINE('',#8288,#8289);
#8288 = CARTESIAN_POINT('',(0.,-6.4));
#8289 = VECTOR('',#8290,1.);
#8290 = DIRECTION('',(1.,0.));
#8291 = ( GEOMETRIC_REPRESENTATION_CONTEXT(2) 
PARAMETRIC_REPRESENTATION_CONTEXT() REPRESENTATION_CONTEXT('2D SPACE',''
  ) );
#8292 = ORIENTED_EDGE('',*,*,#8293,.F.);
#8293 = EDGE_CURVE('',#8294,#8266,#8296,.T.);
#8294 = VERTEX_POINT('',#8295);
#8295 = CARTESIAN_POINT('',(26.605,78.25,18.4));
#8296 = SURFACE_CURVE('',#8297,(#8301,#8308),.PCURVE_S1.);
#8297 = LINE('',#8298,#8299);
#8298 = CARTESIAN_POINT('',(26.605,78.25,18.4));
#8299 = VECTOR('',#8300,1.);
#8300 = DIRECTION('',(-0.970142500145,0.242535625036,0.));
#8301 = PCURVE('',#7557,#8302);
#8302 = DEFINITIONAL_REPRESENTATION('',(#8303),#8307);
#8303 = LINE('',#8304,#8305);
#8304 = CARTESIAN_POINT('',(3.000000000448,37.85));
#8305 = VECTOR('',#8306,1.);
#8306 = DIRECTION('',(-0.970142500145,0.242535625036));
#8307 = ( GEOMETRIC_REPRESENTATION_CONTEXT(2) 
PARAMETRIC_REPRESENTATION_CONTEXT() REPRESENTATION_CONTEXT('2D SPACE',''
  ) );
#8308 = PCURVE('',#8309,#8314);
#8309 = PLANE('',#8310);
#8310 = AXIS2_PLACEMENT_3D('',#8311,#8312,#8313);
#8311 = CARTESIAN_POINT('',(26.605,78.25,12.));
#8312 = DIRECTION('',(-0.242535625036,-0.970142500145,0.));
#8313 = DIRECTION('',(-0.970142500145,0.242535625036,0.));
#8314 = DEFINITIONAL_REPRESENTATION('',(#8315),#8319);
#8315 = LINE('',#8316,#8317);
#8316 = CARTESIAN_POINT('',(0.,-6.4));
#8317 = VECTOR('',#8318,1.);
#8318 = DIRECTION('',(1.,0.));
#8319 = ( GEOMETRIC_REPRESENTATION_CONTEXT(2) 
PARAMETRIC_REPRESENTATION_CONTEXT() REPRESENTATION_CONTEXT('2D SPACE',''
  ) );
#8320 = ORIENTED_EDGE('',*,*,#8321,.T.);
#8321 = EDGE_CURVE('',#8294,#8322,#8324,.T.);
#8322 = VERTEX_POINT('',#8323);
#8323 = CARTESIAN_POINT('',(41.2099999968,78.25,18.4));
#8324 = SURFACE_CURVE('',#8325,(#8329,#8336),.PCURVE_S1.);
#8325 = LINE('',#8326,#8327);
#8326 = CARTESIAN_POINT('',(23.605,78.25,18.4));
#8327 = VECTOR('',#8328,1.);
#8328 = DIRECTION('',(1.,0.,0.));
#8329 = PCURVE('',#7557,#8330);
#8330 = DEFINITIONAL_REPRESENTATION('',(#8331),#8335);
#8331 = LINE('',#8332,#8333);
#8332 = CARTESIAN_POINT('',(4.480947046557E-10,37.85));
#8333 = VECTOR('',#8334,1.);
#8334 = DIRECTION('',(1.,0.));
#8335 = ( GEOMETRIC_REPRESENTATION_CONTEXT(2) 
PARAMETRIC_REPRESENTATION_CONTEXT() REPRESENTATION_CONTEXT('2D SPACE',''
  ) );
#8336 = PCURVE('',#8225,#8337);
#8337 = DEFINITIONAL_REPRESENTATION('',(#8338),#8342);
#8338 = LINE('',#8339,#8340);
#8339 = CARTESIAN_POINT('',(17.605,-6.9));
#8340 = VECTOR('',#8341,1.);
#8341 = DIRECTION('',(1.,0.));
#8342 = ( GEOMETRIC_REPRESENTATION_CONTEXT(2) 
PARAMETRIC_REPRESENTATION_CONTEXT() REPRESENTATION_CONTEXT('2D SPACE',''
  ) );
#8343 = ORIENTED_EDGE('',*,*,#8344,.T.);
#8344 = EDGE_CURVE('',#8322,#8345,#8347,.T.);
#8345 = VERTEX_POINT('',#8346);
#8346 = CARTESIAN_POINT('',(44.6599999984,74.8,18.4));
#8347 = SURFACE_CURVE('',#8348,(#8353,#8364),.PCURVE_S1.);
#8348 = CIRCLE('',#8349,3.45);
#8349 = AXIS2_PLACEMENT_3D('',#8350,#8351,#8352);
#8350 = CARTESIAN_POINT('',(41.2099999968,74.8,18.4));
#8351 = DIRECTION('',(0.,0.,-1.));
#8352 = DIRECTION('',(-1.,0.,0.));
#8353 = PCURVE('',#7557,#8354);
#8354 = DEFINITIONAL_REPRESENTATION('',(#8355),#8363);
#8355 = ( BOUNDED_CURVE() B_SPLINE_CURVE(2,(#8356,#8357,#8358,#8359,
#8360,#8361,#8362),.UNSPECIFIED.,.T.,.F.) B_SPLINE_CURVE_WITH_KNOTS((1,2
    ,2,2,2,1),(-2.094395102393,0.,2.094395102393,4.188790204786,
6.28318530718,8.377580409573),.UNSPECIFIED.) CURVE() 
GEOMETRIC_REPRESENTATION_ITEM() RATIONAL_B_SPLINE_CURVE((1.,0.5,1.,0.5,
1.,0.5,1.)) REPRESENTATION_ITEM('') );
#8356 = CARTESIAN_POINT('',(14.154999997248,34.4));
#8357 = CARTESIAN_POINT('',(14.154999997248,40.375575286113));
#8358 = CARTESIAN_POINT('',(19.329999997248,37.387787643056));
#8359 = CARTESIAN_POINT('',(24.504999997248,34.4));
#8360 = CARTESIAN_POINT('',(19.329999997248,31.412212356944));
#8361 = CARTESIAN_POINT('',(14.154999997248,28.424424713887));
#8362 = CARTESIAN_POINT('',(14.154999997248,34.4));
#8363 = ( GEOMETRIC_REPRESENTATION_CONTEXT(2) 
PARAMETRIC_REPRESENTATION_CONTEXT() REPRESENTATION_CONTEXT('2D SPACE',''
  ) );
#8364 = PCURVE('',#8365,#8370);
#8365 = CYLINDRICAL_SURFACE('',#8366,3.45);
#8366 = AXIS2_PLACEMENT_3D('',#8367,#8368,#8369);
#8367 = CARTESIAN_POINT('',(41.2099999968,74.8,11.5));
#8368 = DIRECTION('',(0.,0.,-1.));
#8369 = DIRECTION('',(-1.,0.,0.));
#8370 = DEFINITIONAL_REPRESENTATION('',(#8371),#8375);
#8371 = LINE('',#8372,#8373);
#8372 = CARTESIAN_POINT('',(0.,-6.9));
#8373 = VECTOR('',#8374,1.);
#8374 = DIRECTION('',(1.,0.));
#8375 = ( GEOMETRIC_REPRESENTATION_CONTEXT(2) 
PARAMETRIC_REPRESENTATION_CONTEXT() REPRESENTATION_CONTEXT('2D SPACE',''
  ) );
#8376 = ORIENTED_EDGE('',*,*,#8377,.F.);
#8377 = EDGE_CURVE('',#8378,#8345,#8380,.T.);
#8378 = VERTEX_POINT('',#8379);
#8379 = CARTESIAN_POINT('',(44.66,58.4,18.4));
#8380 = SURFACE_CURVE('',#8381,(#8385,#8392),.PCURVE_S1.);
#8381 = LINE('',#8382,#8383);
#8382 = CARTESIAN_POINT('',(44.66,40.4,18.4));
#8383 = VECTOR('',#8384,1.);
#8384 = DIRECTION('',(0.,1.,0.));
#8385 = PCURVE('',#7557,#8386);
#8386 = DEFINITIONAL_REPRESENTATION('',(#8387),#8391);
#8387 = LINE('',#8388,#8389);
#8388 = CARTESIAN_POINT('',(21.055000000448,-7.626841693379E-15));
#8389 = VECTOR('',#8390,1.);
#8390 = DIRECTION('',(0.,1.));
#8391 = ( GEOMETRIC_REPRESENTATION_CONTEXT(2) 
PARAMETRIC_REPRESENTATION_CONTEXT() REPRESENTATION_CONTEXT('2D SPACE',''
  ) );
#8392 = PCURVE('',#8393,#8398);
#8393 = PLANE('',#8394);
#8394 = AXIS2_PLACEMENT_3D('',#8395,#8396,#8397);
#8395 = CARTESIAN_POINT('',(44.66,6.,11.5));
#8396 = DIRECTION('',(-1.,0.,0.));
#8397 = DIRECTION('',(0.,1.,0.));
#8398 = DEFINITIONAL_REPRESENTATION('',(#8399),#8403);
#8399 = LINE('',#8400,#8401);
#8400 = CARTESIAN_POINT('',(34.4,-6.9));
#8401 = VECTOR('',#8402,1.);
#8402 = DIRECTION('',(1.,0.));
#8403 = ( GEOMETRIC_REPRESENTATION_CONTEXT(2) 
PARAMETRIC_REPRESENTATION_CONTEXT() REPRESENTATION_CONTEXT('2D SPACE',''
  ) );
#8404 = ORIENTED_EDGE('',*,*,#8405,.F.);
#8405 = EDGE_CURVE('',#8406,#8378,#8408,.T.);
#8406 = VERTEX_POINT('',#8407);
#8407 = CARTESIAN_POINT('',(44.91,57.4,18.4));
#8408 = SURFACE_CURVE('',#8409,(#8413,#8420),.PCURVE_S1.);
#8409 = LINE('',#8410,#8411);
#8410 = CARTESIAN_POINT('',(44.91,57.4,18.4));
#8411 = VECTOR('',#8412,1.);
#8412 = DIRECTION('',(-0.242535625036,0.970142500145,0.));
#8413 = PCURVE('',#7557,#8414);
#8414 = DEFINITIONAL_REPRESENTATION('',(#8415),#8419);
#8415 = LINE('',#8416,#8417);
#8416 = CARTESIAN_POINT('',(21.305000000448,17.));
#8417 = VECTOR('',#8418,1.);
#8418 = DIRECTION('',(-0.242535625036,0.970142500145));
#8419 = ( GEOMETRIC_REPRESENTATION_CONTEXT(2) 
PARAMETRIC_REPRESENTATION_CONTEXT() REPRESENTATION_CONTEXT('2D SPACE',''
  ) );
#8420 = PCURVE('',#8421,#8426);
#8421 = PLANE('',#8422);
#8422 = AXIS2_PLACEMENT_3D('',#8423,#8424,#8425);
#8423 = CARTESIAN_POINT('',(44.91,57.4,12.));
#8424 = DIRECTION('',(-0.970142500145,-0.242535625036,0.));
#8425 = DIRECTION('',(-0.242535625036,0.970142500145,0.));
#8426 = DEFINITIONAL_REPRESENTATION('',(#8427),#8431);
#8427 = LINE('',#8428,#8429);
#8428 = CARTESIAN_POINT('',(0.,-6.4));
#8429 = VECTOR('',#8430,1.);
#8430 = DIRECTION('',(1.,0.));
#8431 = ( GEOMETRIC_REPRESENTATION_CONTEXT(2) 
PARAMETRIC_REPRESENTATION_CONTEXT() REPRESENTATION_CONTEXT('2D SPACE',''
  ) );
#8432 = ORIENTED_EDGE('',*,*,#8433,.F.);
#8433 = EDGE_CURVE('',#8434,#8406,#8436,.T.);
#8434 = VERTEX_POINT('',#8435);
#8435 = CARTESIAN_POINT('',(44.91,53.4,18.4));
#8436 = SURFACE_CURVE('',#8437,(#8441,#8448),.PCURVE_S1.);
#8437 = LINE('',#8438,#8439);
#8438 = CARTESIAN_POINT('',(44.91,53.4,18.4));
#8439 = VECTOR('',#8440,1.);
#8440 = DIRECTION('',(-2.22044604925E-16,1.,0.));
#8441 = PCURVE('',#7557,#8442);
#8442 = DEFINITIONAL_REPRESENTATION('',(#8443),#8447);
#8443 = LINE('',#8444,#8445);
#8444 = CARTESIAN_POINT('',(21.305000000448,13.));
#8445 = VECTOR('',#8446,1.);
#8446 = DIRECTION('',(-2.22044604925E-16,1.));
#8447 = ( GEOMETRIC_REPRESENTATION_CONTEXT(2) 
PARAMETRIC_REPRESENTATION_CONTEXT() REPRESENTATION_CONTEXT('2D SPACE',''
  ) );
#8448 = PCURVE('',#8449,#8454);
#8449 = PLANE('',#8450);
#8450 = AXIS2_PLACEMENT_3D('',#8451,#8452,#8453);
#8451 = CARTESIAN_POINT('',(44.91,53.4,12.));
#8452 = DIRECTION('',(-1.,-2.22044604925E-16,0.));
#8453 = DIRECTION('',(-2.22044604925E-16,1.,0.));
#8454 = DEFINITIONAL_REPRESENTATION('',(#8455),#8459);
#8455 = LINE('',#8456,#8457);
#8456 = CARTESIAN_POINT('',(0.,-6.4));
#8457 = VECTOR('',#8458,1.);
#8458 = DIRECTION('',(1.,0.));
#8459 = ( GEOMETRIC_REPRESENTATION_CONTEXT(2) 
PARAMETRIC_REPRESENTATION_CONTEXT() REPRESENTATION_CONTEXT('2D SPACE',''
  ) );
#8460 = ORIENTED_EDGE('',*,*,#8461,.F.);
#8461 = EDGE_CURVE('',#8462,#8434,#8464,.T.);
#8462 = VERTEX_POINT('',#8463);
#8463 = CARTESIAN_POINT('',(44.66,52.4,18.4));
#8464 = SURFACE_CURVE('',#8465,(#8469,#8476),.PCURVE_S1.);
#8465 = LINE('',#8466,#8467);
#8466 = CARTESIAN_POINT('',(44.66,52.4,18.4));
#8467 = VECTOR('',#8468,1.);
#8468 = DIRECTION('',(0.242535625036,0.970142500145,0.));
#8469 = PCURVE('',#7557,#8470);
#8470 = DEFINITIONAL_REPRESENTATION('',(#8471),#8475);
#8471 = LINE('',#8472,#8473);
#8472 = CARTESIAN_POINT('',(21.055000000448,12.));
#8473 = VECTOR('',#8474,1.);
#8474 = DIRECTION('',(0.242535625036,0.970142500145));
#8475 = ( GEOMETRIC_REPRESENTATION_CONTEXT(2) 
PARAMETRIC_REPRESENTATION_CONTEXT() REPRESENTATION_CONTEXT('2D SPACE',''
  ) );
#8476 = PCURVE('',#8477,#8482);
#8477 = PLANE('',#8478);
#8478 = AXIS2_PLACEMENT_3D('',#8479,#8480,#8481);
#8479 = CARTESIAN_POINT('',(44.66,52.4,12.));
#8480 = DIRECTION('',(-0.970142500145,0.242535625036,0.));
#8481 = DIRECTION('',(0.242535625036,0.970142500145,0.));
#8482 = DEFINITIONAL_REPRESENTATION('',(#8483),#8487);
#8483 = LINE('',#8484,#8485);
#8484 = CARTESIAN_POINT('',(0.,-6.4));
#8485 = VECTOR('',#8486,1.);
#8486 = DIRECTION('',(1.,0.));
#8487 = ( GEOMETRIC_REPRESENTATION_CONTEXT(2) 
PARAMETRIC_REPRESENTATION_CONTEXT() REPRESENTATION_CONTEXT('2D SPACE',''
  ) );
#8488 = ORIENTED_EDGE('',*,*,#8489,.F.);
#8489 = EDGE_CURVE('',#8490,#8462,#8492,.T.);
#8490 = VERTEX_POINT('',#8491);
#8491 = CARTESIAN_POINT('',(44.66,28.4,18.4));
#8492 = SURFACE_CURVE('',#8493,(#8497,#8504),.PCURVE_S1.);
#8493 = LINE('',#8494,#8495);
#8494 = CARTESIAN_POINT('',(44.66,40.4,18.4));
#8495 = VECTOR('',#8496,1.);
#8496 = DIRECTION('',(0.,1.,0.));
#8497 = PCURVE('',#7557,#8498);
#8498 = DEFINITIONAL_REPRESENTATION('',(#8499),#8503);
#8499 = LINE('',#8500,#8501);
#8500 = CARTESIAN_POINT('',(21.055000000448,-7.626841693379E-15));
#8501 = VECTOR('',#8502,1.);
#8502 = DIRECTION('',(0.,1.));
#8503 = ( GEOMETRIC_REPRESENTATION_CONTEXT(2) 
PARAMETRIC_REPRESENTATION_CONTEXT() REPRESENTATION_CONTEXT('2D SPACE',''
  ) );
#8504 = PCURVE('',#8393,#8505);
#8505 = DEFINITIONAL_REPRESENTATION('',(#8506),#8510);
#8506 = LINE('',#8507,#8508);
#8507 = CARTESIAN_POINT('',(34.4,-6.9));
#8508 = VECTOR('',#8509,1.);
#8509 = DIRECTION('',(1.,0.));
#8510 = ( GEOMETRIC_REPRESENTATION_CONTEXT(2) 
PARAMETRIC_REPRESENTATION_CONTEXT() REPRESENTATION_CONTEXT('2D SPACE',''
  ) );
#8511 = ORIENTED_EDGE('',*,*,#8512,.F.);
#8512 = EDGE_CURVE('',#8513,#8490,#8515,.T.);
#8513 = VERTEX_POINT('',#8514);
#8514 = CARTESIAN_POINT('',(44.91,27.4,18.4));
#8515 = SURFACE_CURVE('',#8516,(#8520,#8527),.PCURVE_S1.);
#8516 = LINE('',#8517,#8518);
#8517 = CARTESIAN_POINT('',(44.91,27.4,18.4));
#8518 = VECTOR('',#8519,1.);
#8519 = DIRECTION('',(-0.242535625036,0.970142500145,0.));
#8520 = PCURVE('',#7557,#8521);
#8521 = DEFINITIONAL_REPRESENTATION('',(#8522),#8526);
#8522 = LINE('',#8523,#8524);
#8523 = CARTESIAN_POINT('',(21.305000000448,-13.));
#8524 = VECTOR('',#8525,1.);
#8525 = DIRECTION('',(-0.242535625036,0.970142500145));
#8526 = ( GEOMETRIC_REPRESENTATION_CONTEXT(2) 
PARAMETRIC_REPRESENTATION_CONTEXT() REPRESENTATION_CONTEXT('2D SPACE',''
  ) );
#8527 = PCURVE('',#8528,#8533);
#8528 = PLANE('',#8529);
#8529 = AXIS2_PLACEMENT_3D('',#8530,#8531,#8532);
#8530 = CARTESIAN_POINT('',(44.91,27.4,12.));
#8531 = DIRECTION('',(-0.970142500145,-0.242535625036,0.));
#8532 = DIRECTION('',(-0.242535625036,0.970142500145,0.));
#8533 = DEFINITIONAL_REPRESENTATION('',(#8534),#8538);
#8534 = LINE('',#8535,#8536);
#8535 = CARTESIAN_POINT('',(0.,-6.4));
#8536 = VECTOR('',#8537,1.);
#8537 = DIRECTION('',(1.,0.));
#8538 = ( GEOMETRIC_REPRESENTATION_CONTEXT(2) 
PARAMETRIC_REPRESENTATION_CONTEXT() REPRESENTATION_CONTEXT('2D SPACE',''
  ) );
#8539 = ORIENTED_EDGE('',*,*,#8540,.F.);
#8540 = EDGE_CURVE('',#8541,#8513,#8543,.T.);
#8541 = VERTEX_POINT('',#8542);
#8542 = CARTESIAN_POINT('',(44.91,23.4,18.4));
#8543 = SURFACE_CURVE('',#8544,(#8548,#8555),.PCURVE_S1.);
#8544 = LINE('',#8545,#8546);
#8545 = CARTESIAN_POINT('',(44.91,23.4,18.4));
#8546 = VECTOR('',#8547,1.);
#8547 = DIRECTION('',(-2.22044604925E-16,1.,0.));
#8548 = PCURVE('',#7557,#8549);
#8549 = DEFINITIONAL_REPRESENTATION('',(#8550),#8554);
#8550 = LINE('',#8551,#8552);
#8551 = CARTESIAN_POINT('',(21.305000000448,-17.));
#8552 = VECTOR('',#8553,1.);
#8553 = DIRECTION('',(-2.22044604925E-16,1.));
#8554 = ( GEOMETRIC_REPRESENTATION_CONTEXT(2) 
PARAMETRIC_REPRESENTATION_CONTEXT() REPRESENTATION_CONTEXT('2D SPACE',''
  ) );
#8555 = PCURVE('',#8556,#8561);
#8556 = PLANE('',#8557);
#8557 = AXIS2_PLACEMENT_3D('',#8558,#8559,#8560);
#8558 = CARTESIAN_POINT('',(44.91,23.4,12.));
#8559 = DIRECTION('',(-1.,-2.22044604925E-16,0.));
#8560 = DIRECTION('',(-2.22044604925E-16,1.,0.));
#8561 = DEFINITIONAL_REPRESENTATION('',(#8562),#8566);
#8562 = LINE('',#8563,#8564);
#8563 = CARTESIAN_POINT('',(0.,-6.4));
#8564 = VECTOR('',#8565,1.);
#8565 = DIRECTION('',(1.,0.));
#8566 = ( GEOMETRIC_REPRESENTATION_CONTEXT(2) 
PARAMETRIC_REPRESENTATION_CONTEXT() REPRESENTATION_CONTEXT('2D SPACE',''
  ) );
#8567 = ORIENTED_EDGE('',*,*,#8568,.F.);
#8568 = EDGE_CURVE('',#8569,#8541,#8571,.T.);
#8569 = VERTEX_POINT('',#8570);
#8570 = CARTESIAN_POINT('',(44.66,22.4,18.4));
#8571 = SURFACE_CURVE('',#8572,(#8576,#8583),.PCURVE_S1.);
#8572 = LINE('',#8573,#8574);
#8573 = CARTESIAN_POINT('',(44.66,22.4,18.4));
#8574 = VECTOR('',#8575,1.);
#8575 = DIRECTION('',(0.242535625036,0.970142500145,0.));
#8576 = PCURVE('',#7557,#8577);
#8577 = DEFINITIONAL_REPRESENTATION('',(#8578),#8582);
#8578 = LINE('',#8579,#8580);
#8579 = CARTESIAN_POINT('',(21.055000000448,-18.));
#8580 = VECTOR('',#8581,1.);
#8581 = DIRECTION('',(0.242535625036,0.970142500145));
#8582 = ( GEOMETRIC_REPRESENTATION_CONTEXT(2) 
PARAMETRIC_REPRESENTATION_CONTEXT() REPRESENTATION_CONTEXT('2D SPACE',''
  ) );
#8583 = PCURVE('',#8584,#8589);
#8584 = PLANE('',#8585);
#8585 = AXIS2_PLACEMENT_3D('',#8586,#8587,#8588);
#8586 = CARTESIAN_POINT('',(44.66,22.4,12.));
#8587 = DIRECTION('',(-0.970142500145,0.242535625036,0.));
#8588 = DIRECTION('',(0.242535625036,0.970142500145,0.));
#8589 = DEFINITIONAL_REPRESENTATION('',(#8590),#8594);
#8590 = LINE('',#8591,#8592);
#8591 = CARTESIAN_POINT('',(0.,-6.4));
#8592 = VECTOR('',#8593,1.);
#8593 = DIRECTION('',(1.,0.));
#8594 = ( GEOMETRIC_REPRESENTATION_CONTEXT(2) 
PARAMETRIC_REPRESENTATION_CONTEXT() REPRESENTATION_CONTEXT('2D SPACE',''
  ) );
#8595 = ORIENTED_EDGE('',*,*,#8596,.F.);
#8596 = EDGE_CURVE('',#8597,#8569,#8599,.T.);
#8597 = VERTEX_POINT('',#8598);
#8598 = CARTESIAN_POINT('',(44.6599999984,6.,18.4));
#8599 = SURFACE_CURVE('',#8600,(#8604,#8611),.PCURVE_S1.);
#8600 = LINE('',#8601,#8602);
#8601 = CARTESIAN_POINT('',(44.66,40.4,18.4));
#8602 = VECTOR('',#8603,1.);
#8603 = DIRECTION('',(0.,1.,0.));
#8604 = PCURVE('',#7557,#8605);
#8605 = DEFINITIONAL_REPRESENTATION('',(#8606),#8610);
#8606 = LINE('',#8607,#8608);
#8607 = CARTESIAN_POINT('',(21.055000000448,-7.626841693379E-15));
#8608 = VECTOR('',#8609,1.);
#8609 = DIRECTION('',(0.,1.));
#8610 = ( GEOMETRIC_REPRESENTATION_CONTEXT(2) 
PARAMETRIC_REPRESENTATION_CONTEXT() REPRESENTATION_CONTEXT('2D SPACE',''
  ) );
#8611 = PCURVE('',#8393,#8612);
#8612 = DEFINITIONAL_REPRESENTATION('',(#8613),#8617);
#8613 = LINE('',#8614,#8615);
#8614 = CARTESIAN_POINT('',(34.4,-6.9));
#8615 = VECTOR('',#8616,1.);
#8616 = DIRECTION('',(1.,0.));
#8617 = ( GEOMETRIC_REPRESENTATION_CONTEXT(2) 
PARAMETRIC_REPRESENTATION_CONTEXT() REPRESENTATION_CONTEXT('2D SPACE',''
  ) );
#8618 = ORIENTED_EDGE('',*,*,#8619,.T.);
#8619 = EDGE_CURVE('',#8597,#8620,#8622,.T.);
#8620 = VERTEX_POINT('',#8621);
#8621 = CARTESIAN_POINT('',(41.2099999968,2.55,18.4));
#8622 = SURFACE_CURVE('',#8623,(#8628,#8639),.PCURVE_S1.);
#8623 = CIRCLE('',#8624,3.45);
#8624 = AXIS2_PLACEMENT_3D('',#8625,#8626,#8627);
#8625 = CARTESIAN_POINT('',(41.2099999968,6.,18.4));
#8626 = DIRECTION('',(0.,0.,-1.));
#8627 = DIRECTION('',(-1.,0.,0.));
#8628 = PCURVE('',#7557,#8629);
#8629 = DEFINITIONAL_REPRESENTATION('',(#8630),#8638);
#8630 = ( BOUNDED_CURVE() B_SPLINE_CURVE(2,(#8631,#8632,#8633,#8634,
#8635,#8636,#8637),.UNSPECIFIED.,.T.,.F.) B_SPLINE_CURVE_WITH_KNOTS((1,2
    ,2,2,2,1),(-2.094395102393,0.,2.094395102393,4.188790204786,
6.28318530718,8.377580409573),.UNSPECIFIED.) CURVE() 
GEOMETRIC_REPRESENTATION_ITEM() RATIONAL_B_SPLINE_CURVE((1.,0.5,1.,0.5,
1.,0.5,1.)) REPRESENTATION_ITEM('') );
#8631 = CARTESIAN_POINT('',(14.154999997248,-34.4));
#8632 = CARTESIAN_POINT('',(14.154999997248,-28.42442471388));
#8633 = CARTESIAN_POINT('',(19.329999997248,-31.41221235694));
#8634 = CARTESIAN_POINT('',(24.504999997248,-34.4));
#8635 = CARTESIAN_POINT('',(19.329999997248,-37.38778764305));
#8636 = CARTESIAN_POINT('',(14.154999997248,-40.37557528611));
#8637 = CARTESIAN_POINT('',(14.154999997248,-34.4));
#8638 = ( GEOMETRIC_REPRESENTATION_CONTEXT(2) 
PARAMETRIC_REPRESENTATION_CONTEXT() REPRESENTATION_CONTEXT('2D SPACE',''
  ) );
#8639 = PCURVE('',#8640,#8645);
#8640 = CYLINDRICAL_SURFACE('',#8641,3.45);
#8641 = AXIS2_PLACEMENT_3D('',#8642,#8643,#8644);
#8642 = CARTESIAN_POINT('',(41.2099999968,6.,11.5));
#8643 = DIRECTION('',(0.,0.,-1.));
#8644 = DIRECTION('',(-1.,0.,0.));
#8645 = DEFINITIONAL_REPRESENTATION('',(#8646),#8650);
#8646 = LINE('',#8647,#8648);
#8647 = CARTESIAN_POINT('',(0.,-6.9));
#8648 = VECTOR('',#8649,1.);
#8649 = DIRECTION('',(1.,0.));
#8650 = ( GEOMETRIC_REPRESENTATION_CONTEXT(2) 
PARAMETRIC_REPRESENTATION_CONTEXT() REPRESENTATION_CONTEXT('2D SPACE',''
  ) );
#8651 = ORIENTED_EDGE('',*,*,#8652,.F.);
#8652 = EDGE_CURVE('',#8653,#8620,#8655,.T.);
#8653 = VERTEX_POINT('',#8654);
#8654 = CARTESIAN_POINT('',(26.605,2.55,18.4));
#8655 = SURFACE_CURVE('',#8656,(#8660,#8667),.PCURVE_S1.);
#8656 = LINE('',#8657,#8658);
#8657 = CARTESIAN_POINT('',(23.605,2.55,18.4));
#8658 = VECTOR('',#8659,1.);
#8659 = DIRECTION('',(1.,0.,0.));
#8660 = PCURVE('',#7557,#8661);
#8661 = DEFINITIONAL_REPRESENTATION('',(#8662),#8666);
#8662 = LINE('',#8663,#8664);
#8663 = CARTESIAN_POINT('',(4.480947046557E-10,-37.85));
#8664 = VECTOR('',#8665,1.);
#8665 = DIRECTION('',(1.,0.));
#8666 = ( GEOMETRIC_REPRESENTATION_CONTEXT(2) 
PARAMETRIC_REPRESENTATION_CONTEXT() REPRESENTATION_CONTEXT('2D SPACE',''
  ) );
#8667 = PCURVE('',#7889,#8668);
#8668 = DEFINITIONAL_REPRESENTATION('',(#8669),#8673);
#8669 = LINE('',#8670,#8671);
#8670 = CARTESIAN_POINT('',(17.605,-6.9));
#8671 = VECTOR('',#8672,1.);
#8672 = DIRECTION('',(1.,0.));
#8673 = ( GEOMETRIC_REPRESENTATION_CONTEXT(2) 
PARAMETRIC_REPRESENTATION_CONTEXT() REPRESENTATION_CONTEXT('2D SPACE',''
  ) );
#8674 = ORIENTED_EDGE('',*,*,#8675,.F.);
#8675 = EDGE_CURVE('',#8676,#8653,#8678,.T.);
#8676 = VERTEX_POINT('',#8677);
#8677 = CARTESIAN_POINT('',(25.605,2.3,18.4));
#8678 = SURFACE_CURVE('',#8679,(#8683,#8690),.PCURVE_S1.);
#8679 = LINE('',#8680,#8681);
#8680 = CARTESIAN_POINT('',(25.605,2.3,18.4));
#8681 = VECTOR('',#8682,1.);
#8682 = DIRECTION('',(0.970142500145,0.242535625036,0.));
#8683 = PCURVE('',#7557,#8684);
#8684 = DEFINITIONAL_REPRESENTATION('',(#8685),#8689);
#8685 = LINE('',#8686,#8687);
#8686 = CARTESIAN_POINT('',(2.000000000448,-38.1));
#8687 = VECTOR('',#8688,1.);
#8688 = DIRECTION('',(0.970142500145,0.242535625036));
#8689 = ( GEOMETRIC_REPRESENTATION_CONTEXT(2) 
PARAMETRIC_REPRESENTATION_CONTEXT() REPRESENTATION_CONTEXT('2D SPACE',''
  ) );
#8690 = PCURVE('',#8691,#8696);
#8691 = PLANE('',#8692);
#8692 = AXIS2_PLACEMENT_3D('',#8693,#8694,#8695);
#8693 = CARTESIAN_POINT('',(25.605,2.3,12.));
#8694 = DIRECTION('',(-0.242535625036,0.970142500145,0.));
#8695 = DIRECTION('',(0.970142500145,0.242535625036,0.));
#8696 = DEFINITIONAL_REPRESENTATION('',(#8697),#8701);
#8697 = LINE('',#8698,#8699);
#8698 = CARTESIAN_POINT('',(0.,-6.4));
#8699 = VECTOR('',#8700,1.);
#8700 = DIRECTION('',(1.,0.));
#8701 = ( GEOMETRIC_REPRESENTATION_CONTEXT(2) 
PARAMETRIC_REPRESENTATION_CONTEXT() REPRESENTATION_CONTEXT('2D SPACE',''
  ) );
#8702 = ORIENTED_EDGE('',*,*,#8703,.F.);
#8703 = EDGE_CURVE('',#8704,#8676,#8706,.T.);
#8704 = VERTEX_POINT('',#8705);
#8705 = CARTESIAN_POINT('',(21.605,2.3,18.4));
#8706 = SURFACE_CURVE('',#8707,(#8711,#8718),.PCURVE_S1.);
#8707 = LINE('',#8708,#8709);
#8708 = CARTESIAN_POINT('',(21.605,2.3,18.4));
#8709 = VECTOR('',#8710,1.);
#8710 = DIRECTION('',(1.,-1.224646799147E-16,0.));
#8711 = PCURVE('',#7557,#8712);
#8712 = DEFINITIONAL_REPRESENTATION('',(#8713),#8717);
#8713 = LINE('',#8714,#8715);
#8714 = CARTESIAN_POINT('',(-1.999999999552,-38.1));
#8715 = VECTOR('',#8716,1.);
#8716 = DIRECTION('',(1.,-1.224646799147E-16));
#8717 = ( GEOMETRIC_REPRESENTATION_CONTEXT(2) 
PARAMETRIC_REPRESENTATION_CONTEXT() REPRESENTATION_CONTEXT('2D SPACE',''
  ) );
#8718 = PCURVE('',#8719,#8724);
#8719 = PLANE('',#8720);
#8720 = AXIS2_PLACEMENT_3D('',#8721,#8722,#8723);
#8721 = CARTESIAN_POINT('',(21.605,2.3,12.));
#8722 = DIRECTION('',(1.224646799147E-16,1.,0.));
#8723 = DIRECTION('',(1.,-1.224646799147E-16,0.));
#8724 = DEFINITIONAL_REPRESENTATION('',(#8725),#8729);
#8725 = LINE('',#8726,#8727);
#8726 = CARTESIAN_POINT('',(0.,-6.4));
#8727 = VECTOR('',#8728,1.);
#8728 = DIRECTION('',(1.,0.));
#8729 = ( GEOMETRIC_REPRESENTATION_CONTEXT(2) 
PARAMETRIC_REPRESENTATION_CONTEXT() REPRESENTATION_CONTEXT('2D SPACE',''
  ) );
#8730 = ORIENTED_EDGE('',*,*,#8731,.F.);
#8731 = EDGE_CURVE('',#7874,#8704,#8732,.T.);
#8732 = SURFACE_CURVE('',#8733,(#8737,#8744),.PCURVE_S1.);
#8733 = LINE('',#8734,#8735);
#8734 = CARTESIAN_POINT('',(20.605,2.55,18.4));
#8735 = VECTOR('',#8736,1.);
#8736 = DIRECTION('',(0.970142500145,-0.242535625036,0.));
#8737 = PCURVE('',#7557,#8738);
#8738 = DEFINITIONAL_REPRESENTATION('',(#8739),#8743);
#8739 = LINE('',#8740,#8741);
#8740 = CARTESIAN_POINT('',(-2.999999999552,-37.85));
#8741 = VECTOR('',#8742,1.);
#8742 = DIRECTION('',(0.970142500145,-0.242535625036));
#8743 = ( GEOMETRIC_REPRESENTATION_CONTEXT(2) 
PARAMETRIC_REPRESENTATION_CONTEXT() REPRESENTATION_CONTEXT('2D SPACE',''
  ) );
#8744 = PCURVE('',#8745,#8750);
#8745 = PLANE('',#8746);
#8746 = AXIS2_PLACEMENT_3D('',#8747,#8748,#8749);
#8747 = CARTESIAN_POINT('',(20.605,2.55,12.));
#8748 = DIRECTION('',(0.242535625036,0.970142500145,0.));
#8749 = DIRECTION('',(0.970142500145,-0.242535625036,0.));
#8750 = DEFINITIONAL_REPRESENTATION('',(#8751),#8755);
#8751 = LINE('',#8752,#8753);
#8752 = CARTESIAN_POINT('',(0.,-6.4));
#8753 = VECTOR('',#8754,1.);
#8754 = DIRECTION('',(1.,0.));
#8755 = ( GEOMETRIC_REPRESENTATION_CONTEXT(2) 
PARAMETRIC_REPRESENTATION_CONTEXT() REPRESENTATION_CONTEXT('2D SPACE',''
  ) );
#8756 = ADVANCED_FACE('',(#8757),#7503,.T.);
#8757 = FACE_BOUND('',#8758,.T.);
#8758 = EDGE_LOOP('',(#8759,#8760,#8780,#8808));
#8759 = ORIENTED_EDGE('',*,*,#7487,.F.);
#8760 = ORIENTED_EDGE('',*,*,#8761,.T.);
#8761 = EDGE_CURVE('',#7455,#8762,#8764,.T.);
#8762 = VERTEX_POINT('',#8763);
#8763 = CARTESIAN_POINT('',(0.4,6.,38.8));
#8764 = SURFACE_CURVE('',#8765,(#8768,#8774),.PCURVE_S1.);
#8765 = B_SPLINE_CURVE_WITH_KNOTS('',1,(#8766,#8767),.UNSPECIFIED.,.F.,
  .F.,(2,2),(0.,1.),.PIECEWISE_BEZIER_KNOTS.);
#8766 = CARTESIAN_POINT('',(-3.552713678801E-15,6.,38.4));
#8767 = CARTESIAN_POINT('',(0.4,6.,38.8));
#8768 = PCURVE('',#7503,#8769);
#8769 = DEFINITIONAL_REPRESENTATION('',(#8770),#8773);
#8770 = B_SPLINE_CURVE_WITH_KNOTS('',1,(#8771,#8772),.UNSPECIFIED.,.F.,
  .F.,(2,2),(0.,1.),.PIECEWISE_BEZIER_KNOTS.);
#8771 = CARTESIAN_POINT('',(34.4,-0.565685424949));
#8772 = CARTESIAN_POINT('',(34.4,-7.105427357601E-14));
#8773 = ( GEOMETRIC_REPRESENTATION_CONTEXT(2) 
PARAMETRIC_REPRESENTATION_CONTEXT() REPRESENTATION_CONTEXT('2D SPACE',''
  ) );
#8774 = PCURVE('',#7590,#8775);
#8775 = DEFINITIONAL_REPRESENTATION('',(#8776),#8779);
#8776 = B_SPLINE_CURVE_WITH_KNOTS('',1,(#8777,#8778),.UNSPECIFIED.,.F.,
  .F.,(2,2),(0.,1.),.PIECEWISE_BEZIER_KNOTS.);
#8777 = CARTESIAN_POINT('',(-3.14159265359,0.));
#8778 = CARTESIAN_POINT('',(-3.14159265359,-0.4));
#8779 = ( GEOMETRIC_REPRESENTATION_CONTEXT(2) 
PARAMETRIC_REPRESENTATION_CONTEXT() REPRESENTATION_CONTEXT('2D SPACE',''
  ) );
#8780 = ORIENTED_EDGE('',*,*,#8781,.T.);
#8781 = EDGE_CURVE('',#8762,#8782,#8784,.T.);
#8782 = VERTEX_POINT('',#8783);
#8783 = CARTESIAN_POINT('',(0.4,74.8,38.8));
#8784 = SURFACE_CURVE('',#8785,(#8789,#8796),.PCURVE_S1.);
#8785 = LINE('',#8786,#8787);
#8786 = CARTESIAN_POINT('',(0.4,40.4,38.8));
#8787 = VECTOR('',#8788,1.);
#8788 = DIRECTION('',(0.,1.,0.));
#8789 = PCURVE('',#7503,#8790);
#8790 = DEFINITIONAL_REPRESENTATION('',(#8791),#8795);
#8791 = LINE('',#8792,#8793);
#8792 = CARTESIAN_POINT('',(0.,0.));
#8793 = VECTOR('',#8794,1.);
#8794 = DIRECTION('',(-1.,0.));
#8795 = ( GEOMETRIC_REPRESENTATION_CONTEXT(2) 
PARAMETRIC_REPRESENTATION_CONTEXT() REPRESENTATION_CONTEXT('2D SPACE',''
  ) );
#8796 = PCURVE('',#8797,#8802);
#8797 = PLANE('',#8798);
#8798 = AXIS2_PLACEMENT_3D('',#8799,#8800,#8801);
#8799 = CARTESIAN_POINT('',(6.,6.,38.8));
#8800 = DIRECTION('',(0.,0.,1.));
#8801 = DIRECTION('',(1.,0.,0.));
#8802 = DEFINITIONAL_REPRESENTATION('',(#8803),#8807);
#8803 = LINE('',#8804,#8805);
#8804 = CARTESIAN_POINT('',(-5.6,34.4));
#8805 = VECTOR('',#8806,1.);
#8806 = DIRECTION('',(0.,1.));
#8807 = ( GEOMETRIC_REPRESENTATION_CONTEXT(2) 
PARAMETRIC_REPRESENTATION_CONTEXT() REPRESENTATION_CONTEXT('2D SPACE',''
  ) );
#8808 = ORIENTED_EDGE('',*,*,#8809,.F.);
#8809 = EDGE_CURVE('',#7488,#8782,#8810,.T.);
#8810 = SURFACE_CURVE('',#8811,(#8814,#8820),.PCURVE_S1.);
#8811 = B_SPLINE_CURVE_WITH_KNOTS('',1,(#8812,#8813),.UNSPECIFIED.,.F.,
  .F.,(2,2),(0.,1.),.PIECEWISE_BEZIER_KNOTS.);
#8812 = CARTESIAN_POINT('',(-3.552713678801E-15,74.8,38.4));
#8813 = CARTESIAN_POINT('',(0.4,74.8,38.8));
#8814 = PCURVE('',#7503,#8815);
#8815 = DEFINITIONAL_REPRESENTATION('',(#8816),#8819);
#8816 = B_SPLINE_CURVE_WITH_KNOTS('',1,(#8817,#8818),.UNSPECIFIED.,.F.,
  .F.,(2,2),(0.,1.),.PIECEWISE_BEZIER_KNOTS.);
#8817 = CARTESIAN_POINT('',(-34.4,-0.565685424949));
#8818 = CARTESIAN_POINT('',(-34.4,-7.105427357601E-14));
#8819 = ( GEOMETRIC_REPRESENTATION_CONTEXT(2) 
PARAMETRIC_REPRESENTATION_CONTEXT() REPRESENTATION_CONTEXT('2D SPACE',''
  ) );
#8820 = PCURVE('',#7699,#8821);
#8821 = DEFINITIONAL_REPRESENTATION('',(#8822),#8825);
#8822 = B_SPLINE_CURVE_WITH_KNOTS('',1,(#8823,#8824),.UNSPECIFIED.,.F.,
  .F.,(2,2),(0.,1.),.PIECEWISE_BEZIER_KNOTS.);
#8823 = CARTESIAN_POINT('',(-3.14159265359,0.));
#8824 = CARTESIAN_POINT('',(-3.14159265359,-0.4));
#8825 = ( GEOMETRIC_REPRESENTATION_CONTEXT(2) 
PARAMETRIC_REPRESENTATION_CONTEXT() REPRESENTATION_CONTEXT('2D SPACE',''
  ) );
#8826 = ADVANCED_FACE('',(#8827,#8880,#9118),#7617,.F.);
#8827 = FACE_BOUND('',#8828,.F.);
#8828 = EDGE_LOOP('',(#8829,#8830,#8858,#8879));
#8829 = ORIENTED_EDGE('',*,*,#7601,.T.);
#8830 = ORIENTED_EDGE('',*,*,#8831,.T.);
#8831 = EDGE_CURVE('',#7574,#8832,#8834,.T.);
#8832 = VERTEX_POINT('',#8833);
#8833 = CARTESIAN_POINT('',(41.20999999796,0.,38.4));
#8834 = SURFACE_CURVE('',#8835,(#8839,#8846),.PCURVE_S1.);
#8835 = LINE('',#8836,#8837);
#8836 = CARTESIAN_POINT('',(23.605,0.,38.4));
#8837 = VECTOR('',#8838,1.);
#8838 = DIRECTION('',(1.,0.,0.));
#8839 = PCURVE('',#7617,#8840);
#8840 = DEFINITIONAL_REPRESENTATION('',(#8841),#8845);
#8841 = LINE('',#8842,#8843);
#8842 = CARTESIAN_POINT('',(17.605,-20.));
#8843 = VECTOR('',#8844,1.);
#8844 = DIRECTION('',(1.,0.));
#8845 = ( GEOMETRIC_REPRESENTATION_CONTEXT(2) 
PARAMETRIC_REPRESENTATION_CONTEXT() REPRESENTATION_CONTEXT('2D SPACE',''
  ) );
#8846 = PCURVE('',#8847,#8852);
#8847 = PLANE('',#8848);
#8848 = AXIS2_PLACEMENT_3D('',#8849,#8850,#8851);
#8849 = CARTESIAN_POINT('',(23.605,0.4,38.8));
#8850 = DIRECTION('',(0.,-0.707106781187,0.707106781187));
#8851 = DIRECTION('',(1.,0.,0.));
#8852 = DEFINITIONAL_REPRESENTATION('',(#8853),#8857);
#8853 = LINE('',#8854,#8855);
#8854 = CARTESIAN_POINT('',(-8.881784197001E-15,-0.565685424949));
#8855 = VECTOR('',#8856,1.);
#8856 = DIRECTION('',(1.,0.));
#8857 = ( GEOMETRIC_REPRESENTATION_CONTEXT(2) 
PARAMETRIC_REPRESENTATION_CONTEXT() REPRESENTATION_CONTEXT('2D SPACE',''
  ) );
#8858 = ORIENTED_EDGE('',*,*,#8859,.F.);
#8859 = EDGE_CURVE('',#7739,#8832,#8860,.T.);
#8860 = SURFACE_CURVE('',#8861,(#8865,#8872),.PCURVE_S1.);
#8861 = LINE('',#8862,#8863);
#8862 = CARTESIAN_POINT('',(41.20999999796,0.,18.4));
#8863 = VECTOR('',#8864,1.);
#8864 = DIRECTION('',(0.,0.,1.));
#8865 = PCURVE('',#7617,#8866);
#8866 = DEFINITIONAL_REPRESENTATION('',(#8867),#8871);
#8867 = LINE('',#8868,#8869);
#8868 = CARTESIAN_POINT('',(35.20999999796,0.));
#8869 = VECTOR('',#8870,1.);
#8870 = DIRECTION('',(0.,-1.));
#8871 = ( GEOMETRIC_REPRESENTATION_CONTEXT(2) 
PARAMETRIC_REPRESENTATION_CONTEXT() REPRESENTATION_CONTEXT('2D SPACE',''
  ) );
#8872 = PCURVE('',#7778,#8873);
#8873 = DEFINITIONAL_REPRESENTATION('',(#8874),#8878);
#8874 = LINE('',#8875,#8876);
#8875 = CARTESIAN_POINT('',(-4.712388980385,0.));
#8876 = VECTOR('',#8877,1.);
#8877 = DIRECTION('',(-0.,-1.));
#8878 = ( GEOMETRIC_REPRESENTATION_CONTEXT(2) 
PARAMETRIC_REPRESENTATION_CONTEXT() REPRESENTATION_CONTEXT('2D SPACE',''
  ) );
#8879 = ORIENTED_EDGE('',*,*,#7738,.F.);
#8880 = FACE_BOUND('',#8881,.F.);
#8881 = EDGE_LOOP('',(#8882,#8910,#8943,#8969,#9002,#9028,#9061,#9087));
#8882 = ORIENTED_EDGE('',*,*,#8883,.F.);
#8883 = EDGE_CURVE('',#8884,#8886,#8888,.T.);
#8884 = VERTEX_POINT('',#8885);
#8885 = CARTESIAN_POINT('',(8.105,0.,27.574999977126));
#8886 = VERTEX_POINT('',#8887);
#8887 = CARTESIAN_POINT('',(8.105,0.,30.575000028159));
#8888 = SURFACE_CURVE('',#8889,(#8893,#8899),.PCURVE_S1.);
#8889 = LINE('',#8890,#8891);
#8890 = CARTESIAN_POINT('',(8.105,0.,24.487500014079));
#8891 = VECTOR('',#8892,1.);
#8892 = DIRECTION('',(0.,-0.,1.));
#8893 = PCURVE('',#7617,#8894);
#8894 = DEFINITIONAL_REPRESENTATION('',(#8895),#8898);
#8895 = B_SPLINE_CURVE_WITH_KNOTS('',1,(#8896,#8897),.UNSPECIFIED.,.F.,
  .F.,(2,2),(3.087499963046,6.087500014079),.PIECEWISE_BEZIER_KNOTS.);
#8896 = CARTESIAN_POINT('',(2.105,-9.174999977126));
#8897 = CARTESIAN_POINT('',(2.105,-12.17500002815));
#8898 = ( GEOMETRIC_REPRESENTATION_CONTEXT(2) 
PARAMETRIC_REPRESENTATION_CONTEXT() REPRESENTATION_CONTEXT('2D SPACE',''
  ) );
#8899 = PCURVE('',#8900,#8905);
#8900 = PLANE('',#8901);
#8901 = AXIS2_PLACEMENT_3D('',#8902,#8903,#8904);
#8902 = CARTESIAN_POINT('',(8.105,-1.,30.575000028159));
#8903 = DIRECTION('',(-1.,0.,0.));
#8904 = DIRECTION('',(0.,2.22044604925E-16,-1.));
#8905 = DEFINITIONAL_REPRESENTATION('',(#8906),#8909);
#8906 = B_SPLINE_CURVE_WITH_KNOTS('',1,(#8907,#8908),.UNSPECIFIED.,.F.,
  .F.,(2,2),(3.087499963046,6.087500014079),.PIECEWISE_BEZIER_KNOTS.);
#8907 = CARTESIAN_POINT('',(3.000000051033,-1.));
#8908 = CARTESIAN_POINT('',(0.,-1.));
#8909 = ( GEOMETRIC_REPRESENTATION_CONTEXT(2) 
PARAMETRIC_REPRESENTATION_CONTEXT() REPRESENTATION_CONTEXT('2D SPACE',''
  ) );
#8910 = ORIENTED_EDGE('',*,*,#8911,.T.);
#8911 = EDGE_CURVE('',#8884,#8912,#8914,.T.);
#8912 = VERTEX_POINT('',#8913);
#8913 = CARTESIAN_POINT('',(9.605,0.,26.074999974484));
#8914 = SURFACE_CURVE('',#8915,(#8920,#8931),.PCURVE_S1.);
#8915 = CIRCLE('',#8916,1.5);
#8916 = AXIS2_PLACEMENT_3D('',#8917,#8918,#8919);
#8917 = CARTESIAN_POINT('',(9.605,0.,27.574999977126));
#8918 = DIRECTION('',(0.,-1.,-2.22044604925E-16));
#8919 = DIRECTION('',(-1.,-0.,0.));
#8920 = PCURVE('',#7617,#8921);
#8921 = DEFINITIONAL_REPRESENTATION('',(#8922),#8930);
#8922 = ( BOUNDED_CURVE() B_SPLINE_CURVE(2,(#8923,#8924,#8925,#8926,
#8927,#8928,#8929),.UNSPECIFIED.,.T.,.F.) B_SPLINE_CURVE_WITH_KNOTS((1,2
    ,2,2,2,1),(-2.094395102393,0.,2.094395102393,4.188790204786,
6.28318530718,8.377580409573),.UNSPECIFIED.) CURVE() 
GEOMETRIC_REPRESENTATION_ITEM() RATIONAL_B_SPLINE_CURVE((1.,0.5,1.,0.5,
1.,0.5,1.)) REPRESENTATION_ITEM('') );
#8923 = CARTESIAN_POINT('',(2.105,-9.174999977126));
#8924 = CARTESIAN_POINT('',(2.105,-6.576923765772));
#8925 = CARTESIAN_POINT('',(4.355,-7.875961871449));
#8926 = CARTESIAN_POINT('',(6.605,-9.174999977126));
#8927 = CARTESIAN_POINT('',(4.355,-10.4740380828));
#8928 = CARTESIAN_POINT('',(2.105,-11.77307618847));
#8929 = CARTESIAN_POINT('',(2.105,-9.174999977126));
#8930 = ( GEOMETRIC_REPRESENTATION_CONTEXT(2) 
PARAMETRIC_REPRESENTATION_CONTEXT() REPRESENTATION_CONTEXT('2D SPACE',''
  ) );
#8931 = PCURVE('',#8932,#8937);
#8932 = CYLINDRICAL_SURFACE('',#8933,1.5);
#8933 = AXIS2_PLACEMENT_3D('',#8934,#8935,#8936);
#8934 = CARTESIAN_POINT('',(9.605,-1.,27.574999977126));
#8935 = DIRECTION('',(0.,-1.,-2.22044604925E-16));
#8936 = DIRECTION('',(-1.,0.,0.));
#8937 = DEFINITIONAL_REPRESENTATION('',(#8938),#8942);
#8938 = LINE('',#8939,#8940);
#8939 = CARTESIAN_POINT('',(0.,-1.));
#8940 = VECTOR('',#8941,1.);
#8941 = DIRECTION('',(1.,0.));
#8942 = ( GEOMETRIC_REPRESENTATION_CONTEXT(2) 
PARAMETRIC_REPRESENTATION_CONTEXT() REPRESENTATION_CONTEXT('2D SPACE',''
  ) );
#8943 = ORIENTED_EDGE('',*,*,#8944,.F.);
#8944 = EDGE_CURVE('',#8945,#8912,#8947,.T.);
#8945 = VERTEX_POINT('',#8946);
#8946 = CARTESIAN_POINT('',(13.605,0.,26.074999974484));
#8947 = SURFACE_CURVE('',#8948,(#8952,#8958),.PCURVE_S1.);
#8948 = LINE('',#8949,#8950);
#8949 = CARTESIAN_POINT('',(7.8025,0.,26.074999971841));
#8950 = VECTOR('',#8951,1.);
#8951 = DIRECTION('',(-1.,0.,0.));
#8952 = PCURVE('',#7617,#8953);
#8953 = DEFINITIONAL_REPRESENTATION('',(#8954),#8957);
#8954 = B_SPLINE_CURVE_WITH_KNOTS('',1,(#8955,#8956),.UNSPECIFIED.,.F.,
  .F.,(2,2),(-5.8025,-1.8025),.PIECEWISE_BEZIER_KNOTS.);
#8955 = CARTESIAN_POINT('',(7.605,-7.674999971841));
#8956 = CARTESIAN_POINT('',(3.605,-7.674999971841));
#8957 = ( GEOMETRIC_REPRESENTATION_CONTEXT(2) 
PARAMETRIC_REPRESENTATION_CONTEXT() REPRESENTATION_CONTEXT('2D SPACE',''
  ) );
#8958 = PCURVE('',#8959,#8964);
#8959 = PLANE('',#8960);
#8960 = AXIS2_PLACEMENT_3D('',#8961,#8962,#8963);
#8961 = CARTESIAN_POINT('',(9.605,-1.,26.074999971841));
#8962 = DIRECTION('',(0.,2.22044604925E-16,-1.));
#8963 = DIRECTION('',(1.,0.,0.));
#8964 = DEFINITIONAL_REPRESENTATION('',(#8965),#8968);
#8965 = B_SPLINE_CURVE_WITH_KNOTS('',1,(#8966,#8967),.UNSPECIFIED.,.F.,
  .F.,(2,2),(-5.8025,-1.8025),.PIECEWISE_BEZIER_KNOTS.);
#8966 = CARTESIAN_POINT('',(4.,-1.));
#8967 = CARTESIAN_POINT('',(0.,-1.));
#8968 = ( GEOMETRIC_REPRESENTATION_CONTEXT(2) 
PARAMETRIC_REPRESENTATION_CONTEXT() REPRESENTATION_CONTEXT('2D SPACE',''
  ) );
#8969 = ORIENTED_EDGE('',*,*,#8970,.T.);
#8970 = EDGE_CURVE('',#8945,#8971,#8973,.T.);
#8971 = VERTEX_POINT('',#8972);
#8972 = CARTESIAN_POINT('',(15.105,0.,27.574999977126));
#8973 = SURFACE_CURVE('',#8974,(#8979,#8990),.PCURVE_S1.);
#8974 = CIRCLE('',#8975,1.5);
#8975 = AXIS2_PLACEMENT_3D('',#8976,#8977,#8978);
#8976 = CARTESIAN_POINT('',(13.605,0.,27.574999977126));
#8977 = DIRECTION('',(0.,-1.,-2.22044604925E-16));
#8978 = DIRECTION('',(-1.,-0.,0.));
#8979 = PCURVE('',#7617,#8980);
#8980 = DEFINITIONAL_REPRESENTATION('',(#8981),#8989);
#8981 = ( BOUNDED_CURVE() B_SPLINE_CURVE(2,(#8982,#8983,#8984,#8985,
#8986,#8987,#8988),.UNSPECIFIED.,.T.,.F.) B_SPLINE_CURVE_WITH_KNOTS((1,2
    ,2,2,2,1),(-2.094395102393,0.,2.094395102393,4.188790204786,
6.28318530718,8.377580409573),.UNSPECIFIED.) CURVE() 
GEOMETRIC_REPRESENTATION_ITEM() RATIONAL_B_SPLINE_CURVE((1.,0.5,1.,0.5,
1.,0.5,1.)) REPRESENTATION_ITEM('') );
#8982 = CARTESIAN_POINT('',(6.105,-9.174999977126));
#8983 = CARTESIAN_POINT('',(6.105,-6.576923765772));
#8984 = CARTESIAN_POINT('',(8.355,-7.875961871449));
#8985 = CARTESIAN_POINT('',(10.605,-9.174999977126));
#8986 = CARTESIAN_POINT('',(8.355,-10.4740380828));
#8987 = CARTESIAN_POINT('',(6.105,-11.77307618847));
#8988 = CARTESIAN_POINT('',(6.105,-9.174999977126));
#8989 = ( GEOMETRIC_REPRESENTATION_CONTEXT(2) 
PARAMETRIC_REPRESENTATION_CONTEXT() REPRESENTATION_CONTEXT('2D SPACE',''
  ) );
#8990 = PCURVE('',#8991,#8996);
#8991 = CYLINDRICAL_SURFACE('',#8992,1.5);
#8992 = AXIS2_PLACEMENT_3D('',#8993,#8994,#8995);
#8993 = CARTESIAN_POINT('',(13.605,-1.,27.574999977126));
#8994 = DIRECTION('',(0.,-1.,-2.22044604925E-16));
#8995 = DIRECTION('',(-1.,0.,0.));
#8996 = DEFINITIONAL_REPRESENTATION('',(#8997),#9001);
#8997 = LINE('',#8998,#8999);
#8998 = CARTESIAN_POINT('',(0.,-1.));
#8999 = VECTOR('',#9000,1.);
#9000 = DIRECTION('',(1.,0.));
#9001 = ( GEOMETRIC_REPRESENTATION_CONTEXT(2) 
PARAMETRIC_REPRESENTATION_CONTEXT() REPRESENTATION_CONTEXT('2D SPACE',''
  ) );
#9002 = ORIENTED_EDGE('',*,*,#9003,.T.);
#9003 = EDGE_CURVE('',#8971,#9004,#9006,.T.);
#9004 = VERTEX_POINT('',#9005);
#9005 = CARTESIAN_POINT('',(15.104999994594,0.,30.574999971841));
#9006 = SURFACE_CURVE('',#9007,(#9011,#9017),.PCURVE_S1.);
#9007 = LINE('',#9008,#9009);
#9008 = CARTESIAN_POINT('',(15.105,0.,24.487499985921));
#9009 = VECTOR('',#9010,1.);
#9010 = DIRECTION('',(0.,-0.,1.));
#9011 = PCURVE('',#7617,#9012);
#9012 = DEFINITIONAL_REPRESENTATION('',(#9013),#9016);
#9013 = B_SPLINE_CURVE_WITH_KNOTS('',1,(#9014,#9015),.UNSPECIFIED.,.F.,
  .F.,(2,2),(3.087499991205,6.087499985921),.PIECEWISE_BEZIER_KNOTS.);
#9014 = CARTESIAN_POINT('',(9.105,-9.174999977126));
#9015 = CARTESIAN_POINT('',(9.105,-12.17499997184));
#9016 = ( GEOMETRIC_REPRESENTATION_CONTEXT(2) 
PARAMETRIC_REPRESENTATION_CONTEXT() REPRESENTATION_CONTEXT('2D SPACE',''
  ) );
#9017 = PCURVE('',#9018,#9023);
#9018 = PLANE('',#9019);
#9019 = AXIS2_PLACEMENT_3D('',#9020,#9021,#9022);
#9020 = CARTESIAN_POINT('',(15.105,-1.,30.574999971841));
#9021 = DIRECTION('',(-1.,0.,0.));
#9022 = DIRECTION('',(0.,2.22044604925E-16,-1.));
#9023 = DEFINITIONAL_REPRESENTATION('',(#9024),#9027);
#9024 = B_SPLINE_CURVE_WITH_KNOTS('',1,(#9025,#9026),.UNSPECIFIED.,.F.,
  .F.,(2,2),(3.087499991205,6.087499985921),.PIECEWISE_BEZIER_KNOTS.);
#9025 = CARTESIAN_POINT('',(2.999999994716,-1.));
#9026 = CARTESIAN_POINT('',(0.,-1.));
#9027 = ( GEOMETRIC_REPRESENTATION_CONTEXT(2) 
PARAMETRIC_REPRESENTATION_CONTEXT() REPRESENTATION_CONTEXT('2D SPACE',''
  ) );
#9028 = ORIENTED_EDGE('',*,*,#9029,.T.);
#9029 = EDGE_CURVE('',#9004,#9030,#9032,.T.);
#9030 = VERTEX_POINT('',#9031);
#9031 = CARTESIAN_POINT('',(13.604999989188,0.,32.074999971841));
#9032 = SURFACE_CURVE('',#9033,(#9038,#9049),.PCURVE_S1.);
#9033 = CIRCLE('',#9034,1.5);
#9034 = AXIS2_PLACEMENT_3D('',#9035,#9036,#9037);
#9035 = CARTESIAN_POINT('',(13.604999989188,0.,30.574999971841));
#9036 = DIRECTION('',(0.,-1.,-2.22044604925E-16));
#9037 = DIRECTION('',(-1.,-0.,0.));
#9038 = PCURVE('',#7617,#9039);
#9039 = DEFINITIONAL_REPRESENTATION('',(#9040),#9048);
#9040 = ( BOUNDED_CURVE() B_SPLINE_CURVE(2,(#9041,#9042,#9043,#9044,
#9045,#9046,#9047),.UNSPECIFIED.,.T.,.F.) B_SPLINE_CURVE_WITH_KNOTS((1,2
    ,2,2,2,1),(-2.094395102393,0.,2.094395102393,4.188790204786,
6.28318530718,8.377580409573),.UNSPECIFIED.) CURVE() 
GEOMETRIC_REPRESENTATION_ITEM() RATIONAL_B_SPLINE_CURVE((1.,0.5,1.,0.5,
1.,0.5,1.)) REPRESENTATION_ITEM('') );
#9041 = CARTESIAN_POINT('',(6.104999989188,-12.17499997184));
#9042 = CARTESIAN_POINT('',(6.104999989188,-9.576923760488));
#9043 = CARTESIAN_POINT('',(8.354999989188,-10.87596186616));
#9044 = CARTESIAN_POINT('',(10.604999989188,-12.17499997184));
#9045 = CARTESIAN_POINT('',(8.354999989188,-13.47403807751));
#9046 = CARTESIAN_POINT('',(6.104999989188,-14.77307618319));
#9047 = CARTESIAN_POINT('',(6.104999989188,-12.17499997184));
#9048 = ( GEOMETRIC_REPRESENTATION_CONTEXT(2) 
PARAMETRIC_REPRESENTATION_CONTEXT() REPRESENTATION_CONTEXT('2D SPACE',''
  ) );
#9049 = PCURVE('',#9050,#9055);
#9050 = CYLINDRICAL_SURFACE('',#9051,1.5);
#9051 = AXIS2_PLACEMENT_3D('',#9052,#9053,#9054);
#9052 = CARTESIAN_POINT('',(13.604999989188,-1.,30.574999971841));
#9053 = DIRECTION('',(0.,-1.,-2.22044604925E-16));
#9054 = DIRECTION('',(-1.,0.,0.));
#9055 = DEFINITIONAL_REPRESENTATION('',(#9056),#9060);
#9056 = LINE('',#9057,#9058);
#9057 = CARTESIAN_POINT('',(0.,-1.));
#9058 = VECTOR('',#9059,1.);
#9059 = DIRECTION('',(1.,0.));
#9060 = ( GEOMETRIC_REPRESENTATION_CONTEXT(2) 
PARAMETRIC_REPRESENTATION_CONTEXT() REPRESENTATION_CONTEXT('2D SPACE',''
  ) );
#9061 = ORIENTED_EDGE('',*,*,#9062,.T.);
#9062 = EDGE_CURVE('',#9030,#9063,#9065,.T.);
#9063 = VERTEX_POINT('',#9064);
#9064 = CARTESIAN_POINT('',(9.605,0.,32.075));
#9065 = SURFACE_CURVE('',#9066,(#9070,#9076),.PCURVE_S1.);
#9066 = LINE('',#9067,#9068);
#9067 = CARTESIAN_POINT('',(7.8025,0.,32.074999971841));
#9068 = VECTOR('',#9069,1.);
#9069 = DIRECTION('',(-1.,0.,0.));
#9070 = PCURVE('',#7617,#9071);
#9071 = DEFINITIONAL_REPRESENTATION('',(#9072),#9075);
#9072 = B_SPLINE_CURVE_WITH_KNOTS('',1,(#9073,#9074),.UNSPECIFIED.,.F.,
  .F.,(2,2),(-5.802499989188,-1.8025),.PIECEWISE_BEZIER_KNOTS.);
#9073 = CARTESIAN_POINT('',(7.604999989188,-13.67499997184));
#9074 = CARTESIAN_POINT('',(3.605,-13.67499997184));
#9075 = ( GEOMETRIC_REPRESENTATION_CONTEXT(2) 
PARAMETRIC_REPRESENTATION_CONTEXT() REPRESENTATION_CONTEXT('2D SPACE',''
  ) );
#9076 = PCURVE('',#9077,#9082);
#9077 = PLANE('',#9078);
#9078 = AXIS2_PLACEMENT_3D('',#9079,#9080,#9081);
#9079 = CARTESIAN_POINT('',(9.605,-1.,32.074999971841));
#9080 = DIRECTION('',(0.,2.22044604925E-16,-1.));
#9081 = DIRECTION('',(1.,0.,0.));
#9082 = DEFINITIONAL_REPRESENTATION('',(#9083),#9086);
#9083 = B_SPLINE_CURVE_WITH_KNOTS('',1,(#9084,#9085),.UNSPECIFIED.,.F.,
  .F.,(2,2),(-5.802499989188,-1.8025),.PIECEWISE_BEZIER_KNOTS.);
#9084 = CARTESIAN_POINT('',(3.999999989188,-1.));
#9085 = CARTESIAN_POINT('',(0.,-1.));
#9086 = ( GEOMETRIC_REPRESENTATION_CONTEXT(2) 
PARAMETRIC_REPRESENTATION_CONTEXT() REPRESENTATION_CONTEXT('2D SPACE',''
  ) );
#9087 = ORIENTED_EDGE('',*,*,#9088,.T.);
#9088 = EDGE_CURVE('',#9063,#8886,#9089,.T.);
#9089 = SURFACE_CURVE('',#9090,(#9095,#9106),.PCURVE_S1.);
#9090 = CIRCLE('',#9091,1.5);
#9091 = AXIS2_PLACEMENT_3D('',#9092,#9093,#9094);
#9092 = CARTESIAN_POINT('',(9.605,0.,30.575000028159));
#9093 = DIRECTION('',(0.,-1.,-2.22044604925E-16));
#9094 = DIRECTION('',(-1.,-0.,0.));
#9095 = PCURVE('',#7617,#9096);
#9096 = DEFINITIONAL_REPRESENTATION('',(#9097),#9105);
#9097 = ( BOUNDED_CURVE() B_SPLINE_CURVE(2,(#9098,#9099,#9100,#9101,
#9102,#9103,#9104),.UNSPECIFIED.,.T.,.F.) B_SPLINE_CURVE_WITH_KNOTS((1,2
    ,2,2,2,1),(-2.094395102393,0.,2.094395102393,4.188790204786,
6.28318530718,8.377580409573),.UNSPECIFIED.) CURVE() 
GEOMETRIC_REPRESENTATION_ITEM() RATIONAL_B_SPLINE_CURVE((1.,0.5,1.,0.5,
1.,0.5,1.)) REPRESENTATION_ITEM('') );
#9098 = CARTESIAN_POINT('',(2.105,-12.17500002815));
#9099 = CARTESIAN_POINT('',(2.105,-9.576923816805));
#9100 = CARTESIAN_POINT('',(4.355,-10.87596192248));
#9101 = CARTESIAN_POINT('',(6.605,-12.17500002815));
#9102 = CARTESIAN_POINT('',(4.355,-13.47403813383));
#9103 = CARTESIAN_POINT('',(2.105,-14.77307623951));
#9104 = CARTESIAN_POINT('',(2.105,-12.17500002815));
#9105 = ( GEOMETRIC_REPRESENTATION_CONTEXT(2) 
PARAMETRIC_REPRESENTATION_CONTEXT() REPRESENTATION_CONTEXT('2D SPACE',''
  ) );
#9106 = PCURVE('',#9107,#9112);
#9107 = CYLINDRICAL_SURFACE('',#9108,1.5);
#9108 = AXIS2_PLACEMENT_3D('',#9109,#9110,#9111);
#9109 = CARTESIAN_POINT('',(9.605,-1.,30.575000028159));
#9110 = DIRECTION('',(0.,-1.,-2.22044604925E-16));
#9111 = DIRECTION('',(-1.,0.,0.));
#9112 = DEFINITIONAL_REPRESENTATION('',(#9113),#9117);
#9113 = LINE('',#9114,#9115);
#9114 = CARTESIAN_POINT('',(0.,-1.));
#9115 = VECTOR('',#9116,1.);
#9116 = DIRECTION('',(1.,0.));
#9117 = ( GEOMETRIC_REPRESENTATION_CONTEXT(2) 
PARAMETRIC_REPRESENTATION_CONTEXT() REPRESENTATION_CONTEXT('2D SPACE',''
  ) );
#9118 = FACE_BOUND('',#9119,.F.);
#9119 = EDGE_LOOP('',(#9120));
#9120 = ORIENTED_EDGE('',*,*,#9121,.T.);
#9121 = EDGE_CURVE('',#9122,#9122,#9124,.T.);
#9122 = VERTEX_POINT('',#9123);
#9123 = CARTESIAN_POINT('',(27.365,0.,29.075));
#9124 = SURFACE_CURVE('',#9125,(#9130,#9141),.PCURVE_S1.);
#9125 = CIRCLE('',#9126,3.76);
#9126 = AXIS2_PLACEMENT_3D('',#9127,#9128,#9129);
#9127 = CARTESIAN_POINT('',(23.605,0.,29.075));
#9128 = DIRECTION('',(0.,-1.,-2.22044604925E-16));
#9129 = DIRECTION('',(1.,0.,0.));
#9130 = PCURVE('',#7617,#9131);
#9131 = DEFINITIONAL_REPRESENTATION('',(#9132),#9140);
#9132 = ( BOUNDED_CURVE() B_SPLINE_CURVE(2,(#9133,#9134,#9135,#9136,
#9137,#9138,#9139),.UNSPECIFIED.,.T.,.F.) B_SPLINE_CURVE_WITH_KNOTS((1,2
    ,2,2,2,1),(-2.094395102393,0.,2.094395102393,4.188790204786,
6.28318530718,8.377580409573),.UNSPECIFIED.) CURVE() 
GEOMETRIC_REPRESENTATION_ITEM() RATIONAL_B_SPLINE_CURVE((1.,0.5,1.,0.5,
1.,0.5,1.)) REPRESENTATION_ITEM('') );
#9133 = CARTESIAN_POINT('',(21.365,-10.675));
#9134 = CARTESIAN_POINT('',(21.365,-17.18751103645));
#9135 = CARTESIAN_POINT('',(15.725,-13.93125551822));
#9136 = CARTESIAN_POINT('',(10.085,-10.675));
#9137 = CARTESIAN_POINT('',(15.725,-7.418744481771));
#9138 = CARTESIAN_POINT('',(21.365,-4.162488963541));
#9139 = CARTESIAN_POINT('',(21.365,-10.675));
#9140 = ( GEOMETRIC_REPRESENTATION_CONTEXT(2) 
PARAMETRIC_REPRESENTATION_CONTEXT() REPRESENTATION_CONTEXT('2D SPACE',''
  ) );
#9141 = PCURVE('',#9142,#9147);
#9142 = CYLINDRICAL_SURFACE('',#9143,3.76);
#9143 = AXIS2_PLACEMENT_3D('',#9144,#9145,#9146);
#9144 = CARTESIAN_POINT('',(23.605,-1.,29.075));
#9145 = DIRECTION('',(0.,-1.,-2.22044604925E-16));
#9146 = DIRECTION('',(1.,0.,-0.));
#9147 = DEFINITIONAL_REPRESENTATION('',(#9148),#9152);
#9148 = LINE('',#9149,#9150);
#9149 = CARTESIAN_POINT('',(-6.28318530718,-1.));
#9150 = VECTOR('',#9151,1.);
#9151 = DIRECTION('',(1.,-0.));
#9152 = ( GEOMETRIC_REPRESENTATION_CONTEXT(2) 
PARAMETRIC_REPRESENTATION_CONTEXT() REPRESENTATION_CONTEXT('2D SPACE',''
  ) );
#9153 = ADVANCED_FACE('',(#9154),#7590,.T.);
#9154 = FACE_BOUND('',#9155,.T.);
#9155 = EDGE_LOOP('',(#9156,#9157,#9177,#9199));
#9156 = ORIENTED_EDGE('',*,*,#7573,.T.);
#9157 = ORIENTED_EDGE('',*,*,#9158,.T.);
#9158 = EDGE_CURVE('',#7574,#9159,#9161,.T.);
#9159 = VERTEX_POINT('',#9160);
#9160 = CARTESIAN_POINT('',(6.,0.4,38.8));
#9161 = SURFACE_CURVE('',#9162,(#9165,#9171),.PCURVE_S1.);
#9162 = B_SPLINE_CURVE_WITH_KNOTS('',1,(#9163,#9164),.UNSPECIFIED.,.F.,
  .F.,(2,2),(0.,1.),.PIECEWISE_BEZIER_KNOTS.);
#9163 = CARTESIAN_POINT('',(6.,0.,38.4));
#9164 = CARTESIAN_POINT('',(6.,0.4,38.8));
#9165 = PCURVE('',#7590,#9166);
#9166 = DEFINITIONAL_REPRESENTATION('',(#9167),#9170);
#9167 = B_SPLINE_CURVE_WITH_KNOTS('',1,(#9168,#9169),.UNSPECIFIED.,.F.,
  .F.,(2,2),(0.,1.),.PIECEWISE_BEZIER_KNOTS.);
#9168 = CARTESIAN_POINT('',(-4.712388980385,0.));
#9169 = CARTESIAN_POINT('',(-4.712388980385,-0.4));
#9170 = ( GEOMETRIC_REPRESENTATION_CONTEXT(2) 
PARAMETRIC_REPRESENTATION_CONTEXT() REPRESENTATION_CONTEXT('2D SPACE',''
  ) );
#9171 = PCURVE('',#8847,#9172);
#9172 = DEFINITIONAL_REPRESENTATION('',(#9173),#9176);
#9173 = B_SPLINE_CURVE_WITH_KNOTS('',1,(#9174,#9175),.UNSPECIFIED.,.F.,
  .F.,(2,2),(0.,1.),.PIECEWISE_BEZIER_KNOTS.);
#9174 = CARTESIAN_POINT('',(-17.605,-0.565685424949));
#9175 = CARTESIAN_POINT('',(-17.605,0.));
#9176 = ( GEOMETRIC_REPRESENTATION_CONTEXT(2) 
PARAMETRIC_REPRESENTATION_CONTEXT() REPRESENTATION_CONTEXT('2D SPACE',''
  ) );
#9177 = ORIENTED_EDGE('',*,*,#9178,.F.);
#9178 = EDGE_CURVE('',#8762,#9159,#9179,.T.);
#9179 = SURFACE_CURVE('',#9180,(#9185,#9192),.PCURVE_S1.);
#9180 = CIRCLE('',#9181,5.6);
#9181 = AXIS2_PLACEMENT_3D('',#9182,#9183,#9184);
#9182 = CARTESIAN_POINT('',(6.,6.,38.8));
#9183 = DIRECTION('',(0.,0.,1.));
#9184 = DIRECTION('',(1.,0.,0.));
#9185 = PCURVE('',#7590,#9186);
#9186 = DEFINITIONAL_REPRESENTATION('',(#9187),#9191);
#9187 = LINE('',#9188,#9189);
#9188 = CARTESIAN_POINT('',(-0.,-0.4));
#9189 = VECTOR('',#9190,1.);
#9190 = DIRECTION('',(-1.,-0.));
#9191 = ( GEOMETRIC_REPRESENTATION_CONTEXT(2) 
PARAMETRIC_REPRESENTATION_CONTEXT() REPRESENTATION_CONTEXT('2D SPACE',''
  ) );
#9192 = PCURVE('',#8797,#9193);
#9193 = DEFINITIONAL_REPRESENTATION('',(#9194),#9198);
#9194 = CIRCLE('',#9195,5.6);
#9195 = AXIS2_PLACEMENT_2D('',#9196,#9197);
#9196 = CARTESIAN_POINT('',(0.,0.));
#9197 = DIRECTION('',(1.,0.));
#9198 = ( GEOMETRIC_REPRESENTATION_CONTEXT(2) 
PARAMETRIC_REPRESENTATION_CONTEXT() REPRESENTATION_CONTEXT('2D SPACE',''
  ) );
#9199 = ORIENTED_EDGE('',*,*,#8761,.F.);
#9200 = ADVANCED_FACE('',(#9201,#9253),#7672,.T.);
#9201 = FACE_BOUND('',#9202,.T.);
#9202 = EDGE_LOOP('',(#9203,#9204,#9231,#9252));
#9203 = ORIENTED_EDGE('',*,*,#7654,.T.);
#9204 = ORIENTED_EDGE('',*,*,#9205,.T.);
#9205 = EDGE_CURVE('',#7657,#9206,#9208,.T.);
#9206 = VERTEX_POINT('',#9207);
#9207 = CARTESIAN_POINT('',(41.20999999796,80.8,38.4));
#9208 = SURFACE_CURVE('',#9209,(#9213,#9220),.PCURVE_S1.);
#9209 = LINE('',#9210,#9211);
#9210 = CARTESIAN_POINT('',(23.605,80.8,38.4));
#9211 = VECTOR('',#9212,1.);
#9212 = DIRECTION('',(1.,0.,0.));
#9213 = PCURVE('',#7672,#9214);
#9214 = DEFINITIONAL_REPRESENTATION('',(#9215),#9219);
#9215 = LINE('',#9216,#9217);
#9216 = CARTESIAN_POINT('',(17.605,-20.));
#9217 = VECTOR('',#9218,1.);
#9218 = DIRECTION('',(1.,0.));
#9219 = ( GEOMETRIC_REPRESENTATION_CONTEXT(2) 
PARAMETRIC_REPRESENTATION_CONTEXT() REPRESENTATION_CONTEXT('2D SPACE',''
  ) );
#9220 = PCURVE('',#9221,#9226);
#9221 = B_SPLINE_SURFACE_WITH_KNOTS('',1,1,(
    (#9222,#9223)
    ,(#9224,#9225
    )),.UNSPECIFIED.,.F.,.F.,.F.,(2,2),(2,2),(-17.60499999796,17.605),(
    0.,1.),.PIECEWISE_BEZIER_KNOTS.);
#9222 = CARTESIAN_POINT('',(41.20999999796,80.8,38.4));
#9223 = CARTESIAN_POINT('',(41.209999997831,80.4,38.8));
#9224 = CARTESIAN_POINT('',(6.,80.8,38.4));
#9225 = CARTESIAN_POINT('',(6.,80.4,38.8));
#9226 = DEFINITIONAL_REPRESENTATION('',(#9227),#9230);
#9227 = B_SPLINE_CURVE_WITH_KNOTS('',1,(#9228,#9229),.UNSPECIFIED.,.F.,
  .F.,(2,2),(-17.605,17.60499999796),.PIECEWISE_BEZIER_KNOTS.);
#9228 = CARTESIAN_POINT('',(17.605,0.));
#9229 = CARTESIAN_POINT('',(-17.60499999796,0.));
#9230 = ( GEOMETRIC_REPRESENTATION_CONTEXT(2) 
PARAMETRIC_REPRESENTATION_CONTEXT() REPRESENTATION_CONTEXT('2D SPACE',''
  ) );
#9231 = ORIENTED_EDGE('',*,*,#9232,.F.);
#9232 = EDGE_CURVE('',#7819,#9206,#9233,.T.);
#9233 = SURFACE_CURVE('',#9234,(#9238,#9245),.PCURVE_S1.);
#9234 = LINE('',#9235,#9236);
#9235 = CARTESIAN_POINT('',(41.20999999796,80.8,18.4));
#9236 = VECTOR('',#9237,1.);
#9237 = DIRECTION('',(0.,0.,1.));
#9238 = PCURVE('',#7672,#9239);
#9239 = DEFINITIONAL_REPRESENTATION('',(#9240),#9244);
#9240 = LINE('',#9241,#9242);
#9241 = CARTESIAN_POINT('',(35.20999999796,0.));
#9242 = VECTOR('',#9243,1.);
#9243 = DIRECTION('',(0.,-1.));
#9244 = ( GEOMETRIC_REPRESENTATION_CONTEXT(2) 
PARAMETRIC_REPRESENTATION_CONTEXT() REPRESENTATION_CONTEXT('2D SPACE',''
  ) );
#9245 = PCURVE('',#7835,#9246);
#9246 = DEFINITIONAL_REPRESENTATION('',(#9247),#9251);
#9247 = LINE('',#9248,#9249);
#9248 = CARTESIAN_POINT('',(-1.570796326795,0.));
#9249 = VECTOR('',#9250,1.);
#9250 = DIRECTION('',(-0.,-1.));
#9251 = ( GEOMETRIC_REPRESENTATION_CONTEXT(2) 
PARAMETRIC_REPRESENTATION_CONTEXT() REPRESENTATION_CONTEXT('2D SPACE',''
  ) );
#9252 = ORIENTED_EDGE('',*,*,#7847,.F.);
#9253 = FACE_BOUND('',#9254,.T.);
#9254 = EDGE_LOOP('',(#9255,#9283,#9316,#9342,#9375,#9401,#9434,#9460));
#9255 = ORIENTED_EDGE('',*,*,#9256,.F.);
#9256 = EDGE_CURVE('',#9257,#9259,#9261,.T.);
#9257 = VERTEX_POINT('',#9258);
#9258 = CARTESIAN_POINT('',(16.105,80.8,28.079999966458));
#9259 = VERTEX_POINT('',#9260);
#9260 = CARTESIAN_POINT('',(16.105,80.8,32.580000040124));
#9261 = SURFACE_CURVE('',#9262,(#9266,#9272),.PCURVE_S1.);
#9262 = LINE('',#9263,#9264);
#9263 = CARTESIAN_POINT('',(16.105,80.8,25.490000020062));
#9264 = VECTOR('',#9265,1.);
#9265 = DIRECTION('',(0.,-0.,1.));
#9266 = PCURVE('',#7672,#9267);
#9267 = DEFINITIONAL_REPRESENTATION('',(#9268),#9271);
#9268 = B_SPLINE_CURVE_WITH_KNOTS('',1,(#9269,#9270),.UNSPECIFIED.,.F.,
  .F.,(2,2),(2.589999946396,7.090000020062),.PIECEWISE_BEZIER_KNOTS.);
#9269 = CARTESIAN_POINT('',(10.105,-9.679999966458));
#9270 = CARTESIAN_POINT('',(10.105,-14.18000004012));
#9271 = ( GEOMETRIC_REPRESENTATION_CONTEXT(2) 
PARAMETRIC_REPRESENTATION_CONTEXT() REPRESENTATION_CONTEXT('2D SPACE',''
  ) );
#9272 = PCURVE('',#9273,#9278);
#9273 = PLANE('',#9274);
#9274 = AXIS2_PLACEMENT_3D('',#9275,#9276,#9277);
#9275 = CARTESIAN_POINT('',(16.105,77.4,32.580000040124));
#9276 = DIRECTION('',(-1.,0.,0.));
#9277 = DIRECTION('',(0.,2.22044604925E-16,-1.));
#9278 = DEFINITIONAL_REPRESENTATION('',(#9279),#9282);
#9279 = B_SPLINE_CURVE_WITH_KNOTS('',1,(#9280,#9281),.UNSPECIFIED.,.F.,
  .F.,(2,2),(2.589999946396,7.090000020062),.PIECEWISE_BEZIER_KNOTS.);
#9280 = CARTESIAN_POINT('',(4.500000073666,-3.4));
#9281 = CARTESIAN_POINT('',(0.,-3.4));
#9282 = ( GEOMETRIC_REPRESENTATION_CONTEXT(2) 
PARAMETRIC_REPRESENTATION_CONTEXT() REPRESENTATION_CONTEXT('2D SPACE',''
  ) );
#9283 = ORIENTED_EDGE('',*,*,#9284,.T.);
#9284 = EDGE_CURVE('',#9257,#9285,#9287,.T.);
#9285 = VERTEX_POINT('',#9286);
#9286 = CARTESIAN_POINT('',(18.605,80.8,25.579999963167));
#9287 = SURFACE_CURVE('',#9288,(#9293,#9304),.PCURVE_S1.);
#9288 = CIRCLE('',#9289,2.5);
#9289 = AXIS2_PLACEMENT_3D('',#9290,#9291,#9292);
#9290 = CARTESIAN_POINT('',(18.605,80.8,28.079999966458));
#9291 = DIRECTION('',(0.,-1.,-2.22044604925E-16));
#9292 = DIRECTION('',(1.,0.,0.));
#9293 = PCURVE('',#7672,#9294);
#9294 = DEFINITIONAL_REPRESENTATION('',(#9295),#9303);
#9295 = ( BOUNDED_CURVE() B_SPLINE_CURVE(2,(#9296,#9297,#9298,#9299,
#9300,#9301,#9302),.UNSPECIFIED.,.T.,.F.) B_SPLINE_CURVE_WITH_KNOTS((1,2
    ,2,2,2,1),(-2.094395102393,0.,2.094395102393,4.188790204786,
6.28318530718,8.377580409573),.UNSPECIFIED.) CURVE() 
GEOMETRIC_REPRESENTATION_ITEM() RATIONAL_B_SPLINE_CURVE((1.,0.5,1.,0.5,
1.,0.5,1.)) REPRESENTATION_ITEM('') );
#9296 = CARTESIAN_POINT('',(15.105,-9.679999966458));
#9297 = CARTESIAN_POINT('',(15.105,-14.01012698538));
#9298 = CARTESIAN_POINT('',(11.355,-11.84506347591));
#9299 = CARTESIAN_POINT('',(7.605,-9.679999966458));
#9300 = CARTESIAN_POINT('',(11.355,-7.514936456997));
#9301 = CARTESIAN_POINT('',(15.105,-5.349872947536));
#9302 = CARTESIAN_POINT('',(15.105,-9.679999966458));
#9303 = ( GEOMETRIC_REPRESENTATION_CONTEXT(2) 
PARAMETRIC_REPRESENTATION_CONTEXT() REPRESENTATION_CONTEXT('2D SPACE',''
  ) );
#9304 = PCURVE('',#9305,#9310);
#9305 = CYLINDRICAL_SURFACE('',#9306,2.5);
#9306 = AXIS2_PLACEMENT_3D('',#9307,#9308,#9309);
#9307 = CARTESIAN_POINT('',(18.605,77.4,28.079999966458));
#9308 = DIRECTION('',(0.,-1.,-2.22044604925E-16));
#9309 = DIRECTION('',(1.,0.,0.));
#9310 = DEFINITIONAL_REPRESENTATION('',(#9311),#9315);
#9311 = LINE('',#9312,#9313);
#9312 = CARTESIAN_POINT('',(-6.28318530718,-3.4));
#9313 = VECTOR('',#9314,1.);
#9314 = DIRECTION('',(1.,-0.));
#9315 = ( GEOMETRIC_REPRESENTATION_CONTEXT(2) 
PARAMETRIC_REPRESENTATION_CONTEXT() REPRESENTATION_CONTEXT('2D SPACE',''
  ) );
#9316 = ORIENTED_EDGE('',*,*,#9317,.F.);
#9317 = EDGE_CURVE('',#9318,#9285,#9320,.T.);
#9318 = VERTEX_POINT('',#9319);
#9319 = CARTESIAN_POINT('',(28.605,80.8,25.579999963167));
#9320 = SURFACE_CURVE('',#9321,(#9325,#9331),.PCURVE_S1.);
#9321 = LINE('',#9322,#9323);
#9322 = CARTESIAN_POINT('',(12.3025,80.8,25.579999959876));
#9323 = VECTOR('',#9324,1.);
#9324 = DIRECTION('',(-1.,0.,0.));
#9325 = PCURVE('',#7672,#9326);
#9326 = DEFINITIONAL_REPRESENTATION('',(#9327),#9330);
#9327 = B_SPLINE_CURVE_WITH_KNOTS('',1,(#9328,#9329),.UNSPECIFIED.,.F.,
  .F.,(2,2),(-16.3025,-6.3025),.PIECEWISE_BEZIER_KNOTS.);
#9328 = CARTESIAN_POINT('',(22.605,-7.179999959876));
#9329 = CARTESIAN_POINT('',(12.605,-7.179999959876));
#9330 = ( GEOMETRIC_REPRESENTATION_CONTEXT(2) 
PARAMETRIC_REPRESENTATION_CONTEXT() REPRESENTATION_CONTEXT('2D SPACE',''
  ) );
#9331 = PCURVE('',#9332,#9337);
#9332 = PLANE('',#9333);
#9333 = AXIS2_PLACEMENT_3D('',#9334,#9335,#9336);
#9334 = CARTESIAN_POINT('',(18.605,77.4,25.579999959876));
#9335 = DIRECTION('',(0.,2.22044604925E-16,-1.));
#9336 = DIRECTION('',(1.,0.,0.));
#9337 = DEFINITIONAL_REPRESENTATION('',(#9338),#9341);
#9338 = B_SPLINE_CURVE_WITH_KNOTS('',1,(#9339,#9340),.UNSPECIFIED.,.F.,
  .F.,(2,2),(-16.3025,-6.3025),.PIECEWISE_BEZIER_KNOTS.);
#9339 = CARTESIAN_POINT('',(10.,-3.4));
#9340 = CARTESIAN_POINT('',(0.,-3.4));
#9341 = ( GEOMETRIC_REPRESENTATION_CONTEXT(2) 
PARAMETRIC_REPRESENTATION_CONTEXT() REPRESENTATION_CONTEXT('2D SPACE',''
  ) );
#9342 = ORIENTED_EDGE('',*,*,#9343,.T.);
#9343 = EDGE_CURVE('',#9318,#9344,#9346,.T.);
#9344 = VERTEX_POINT('',#9345);
#9345 = CARTESIAN_POINT('',(31.105,80.8,28.079999966458));
#9346 = SURFACE_CURVE('',#9347,(#9352,#9363),.PCURVE_S1.);
#9347 = CIRCLE('',#9348,2.5);
#9348 = AXIS2_PLACEMENT_3D('',#9349,#9350,#9351);
#9349 = CARTESIAN_POINT('',(28.605,80.8,28.079999966458));
#9350 = DIRECTION('',(0.,-1.,-2.22044604925E-16));
#9351 = DIRECTION('',(1.,0.,0.));
#9352 = PCURVE('',#7672,#9353);
#9353 = DEFINITIONAL_REPRESENTATION('',(#9354),#9362);
#9354 = ( BOUNDED_CURVE() B_SPLINE_CURVE(2,(#9355,#9356,#9357,#9358,
#9359,#9360,#9361),.UNSPECIFIED.,.T.,.F.) B_SPLINE_CURVE_WITH_KNOTS((1,2
    ,2,2,2,1),(-2.094395102393,0.,2.094395102393,4.188790204786,
6.28318530718,8.377580409573),.UNSPECIFIED.) CURVE() 
GEOMETRIC_REPRESENTATION_ITEM() RATIONAL_B_SPLINE_CURVE((1.,0.5,1.,0.5,
1.,0.5,1.)) REPRESENTATION_ITEM('') );
#9355 = CARTESIAN_POINT('',(25.105,-9.679999966458));
#9356 = CARTESIAN_POINT('',(25.105,-14.01012698538));
#9357 = CARTESIAN_POINT('',(21.355,-11.84506347591));
#9358 = CARTESIAN_POINT('',(17.605,-9.679999966458));
#9359 = CARTESIAN_POINT('',(21.355,-7.514936456997));
#9360 = CARTESIAN_POINT('',(25.105,-5.349872947536));
#9361 = CARTESIAN_POINT('',(25.105,-9.679999966458));
#9362 = ( GEOMETRIC_REPRESENTATION_CONTEXT(2) 
PARAMETRIC_REPRESENTATION_CONTEXT() REPRESENTATION_CONTEXT('2D SPACE',''
  ) );
#9363 = PCURVE('',#9364,#9369);
#9364 = CYLINDRICAL_SURFACE('',#9365,2.5);
#9365 = AXIS2_PLACEMENT_3D('',#9366,#9367,#9368);
#9366 = CARTESIAN_POINT('',(28.605,77.4,28.079999966458));
#9367 = DIRECTION('',(0.,-1.,-2.22044604925E-16));
#9368 = DIRECTION('',(1.,0.,0.));
#9369 = DEFINITIONAL_REPRESENTATION('',(#9370),#9374);
#9370 = LINE('',#9371,#9372);
#9371 = CARTESIAN_POINT('',(-6.28318530718,-3.4));
#9372 = VECTOR('',#9373,1.);
#9373 = DIRECTION('',(1.,-0.));
#9374 = ( GEOMETRIC_REPRESENTATION_CONTEXT(2) 
PARAMETRIC_REPRESENTATION_CONTEXT() REPRESENTATION_CONTEXT('2D SPACE',''
  ) );
#9375 = ORIENTED_EDGE('',*,*,#9376,.T.);
#9376 = EDGE_CURVE('',#9344,#9377,#9379,.T.);
#9377 = VERTEX_POINT('',#9378);
#9378 = CARTESIAN_POINT('',(31.105,80.8,32.580000040124));
#9379 = SURFACE_CURVE('',#9380,(#9384,#9390),.PCURVE_S1.);
#9380 = LINE('',#9381,#9382);
#9381 = CARTESIAN_POINT('',(31.105,80.8,25.490000020062));
#9382 = VECTOR('',#9383,1.);
#9383 = DIRECTION('',(0.,-0.,1.));
#9384 = PCURVE('',#7672,#9385);
#9385 = DEFINITIONAL_REPRESENTATION('',(#9386),#9389);
#9386 = B_SPLINE_CURVE_WITH_KNOTS('',1,(#9387,#9388),.UNSPECIFIED.,.F.,
  .F.,(2,2),(2.589999946396,7.090000020062),.PIECEWISE_BEZIER_KNOTS.);
#9387 = CARTESIAN_POINT('',(25.105,-9.679999966458));
#9388 = CARTESIAN_POINT('',(25.105,-14.18000004012));
#9389 = ( GEOMETRIC_REPRESENTATION_CONTEXT(2) 
PARAMETRIC_REPRESENTATION_CONTEXT() REPRESENTATION_CONTEXT('2D SPACE',''
  ) );
#9390 = PCURVE('',#9391,#9396);
#9391 = PLANE('',#9392);
#9392 = AXIS2_PLACEMENT_3D('',#9393,#9394,#9395);
#9393 = CARTESIAN_POINT('',(31.105,77.4,32.580000040124));
#9394 = DIRECTION('',(-1.,0.,0.));
#9395 = DIRECTION('',(0.,2.22044604925E-16,-1.));
#9396 = DEFINITIONAL_REPRESENTATION('',(#9397),#9400);
#9397 = B_SPLINE_CURVE_WITH_KNOTS('',1,(#9398,#9399),.UNSPECIFIED.,.F.,
  .F.,(2,2),(2.589999946396,7.090000020062),.PIECEWISE_BEZIER_KNOTS.);
#9398 = CARTESIAN_POINT('',(4.500000073666,-3.4));
#9399 = CARTESIAN_POINT('',(-8.881784197001E-16,-3.4));
#9400 = ( GEOMETRIC_REPRESENTATION_CONTEXT(2) 
PARAMETRIC_REPRESENTATION_CONTEXT() REPRESENTATION_CONTEXT('2D SPACE',''
  ) );
#9401 = ORIENTED_EDGE('',*,*,#9402,.T.);
#9402 = EDGE_CURVE('',#9377,#9403,#9405,.T.);
#9403 = VERTEX_POINT('',#9404);
#9404 = CARTESIAN_POINT('',(28.605,80.8,35.08));
#9405 = SURFACE_CURVE('',#9406,(#9411,#9422),.PCURVE_S1.);
#9406 = CIRCLE('',#9407,2.5);
#9407 = AXIS2_PLACEMENT_3D('',#9408,#9409,#9410);
#9408 = CARTESIAN_POINT('',(28.605,80.8,32.580000040124));
#9409 = DIRECTION('',(0.,-1.,-2.22044604925E-16));
#9410 = DIRECTION('',(1.,0.,0.));
#9411 = PCURVE('',#7672,#9412);
#9412 = DEFINITIONAL_REPRESENTATION('',(#9413),#9421);
#9413 = ( BOUNDED_CURVE() B_SPLINE_CURVE(2,(#9414,#9415,#9416,#9417,
#9418,#9419,#9420),.UNSPECIFIED.,.T.,.F.) B_SPLINE_CURVE_WITH_KNOTS((1,2
    ,2,2,2,1),(-2.094395102393,0.,2.094395102393,4.188790204786,
6.28318530718,8.377580409573),.UNSPECIFIED.) CURVE() 
GEOMETRIC_REPRESENTATION_ITEM() RATIONAL_B_SPLINE_CURVE((1.,0.5,1.,0.5,
1.,0.5,1.)) REPRESENTATION_ITEM('') );
#9414 = CARTESIAN_POINT('',(25.105,-14.18000004012));
#9415 = CARTESIAN_POINT('',(25.105,-18.51012705904));
#9416 = CARTESIAN_POINT('',(21.355,-16.34506354958));
#9417 = CARTESIAN_POINT('',(17.605,-14.18000004012));
#9418 = CARTESIAN_POINT('',(21.355,-12.01493653066));
#9419 = CARTESIAN_POINT('',(25.105,-9.849873021201));
#9420 = CARTESIAN_POINT('',(25.105,-14.18000004012));
#9421 = ( GEOMETRIC_REPRESENTATION_CONTEXT(2) 
PARAMETRIC_REPRESENTATION_CONTEXT() REPRESENTATION_CONTEXT('2D SPACE',''
  ) );
#9422 = PCURVE('',#9423,#9428);
#9423 = CYLINDRICAL_SURFACE('',#9424,2.5);
#9424 = AXIS2_PLACEMENT_3D('',#9425,#9426,#9427);
#9425 = CARTESIAN_POINT('',(28.605,77.4,32.580000040124));
#9426 = DIRECTION('',(0.,-1.,-2.22044604925E-16));
#9427 = DIRECTION('',(1.,0.,0.));
#9428 = DEFINITIONAL_REPRESENTATION('',(#9429),#9433);
#9429 = LINE('',#9430,#9431);
#9430 = CARTESIAN_POINT('',(-6.28318530718,-3.4));
#9431 = VECTOR('',#9432,1.);
#9432 = DIRECTION('',(1.,-0.));
#9433 = ( GEOMETRIC_REPRESENTATION_CONTEXT(2) 
PARAMETRIC_REPRESENTATION_CONTEXT() REPRESENTATION_CONTEXT('2D SPACE',''
  ) );
#9434 = ORIENTED_EDGE('',*,*,#9435,.T.);
#9435 = EDGE_CURVE('',#9403,#9436,#9438,.T.);
#9436 = VERTEX_POINT('',#9437);
#9437 = CARTESIAN_POINT('',(18.605,80.8,35.08));
#9438 = SURFACE_CURVE('',#9439,(#9443,#9449),.PCURVE_S1.);
#9439 = LINE('',#9440,#9441);
#9440 = CARTESIAN_POINT('',(12.3025,80.8,35.079999959876));
#9441 = VECTOR('',#9442,1.);
#9442 = DIRECTION('',(-1.,0.,0.));
#9443 = PCURVE('',#7672,#9444);
#9444 = DEFINITIONAL_REPRESENTATION('',(#9445),#9448);
#9445 = B_SPLINE_CURVE_WITH_KNOTS('',1,(#9446,#9447),.UNSPECIFIED.,.F.,
  .F.,(2,2),(-16.3025,-6.3025),.PIECEWISE_BEZIER_KNOTS.);
#9446 = CARTESIAN_POINT('',(22.605,-16.67999995987));
#9447 = CARTESIAN_POINT('',(12.605,-16.67999995987));
#9448 = ( GEOMETRIC_REPRESENTATION_CONTEXT(2) 
PARAMETRIC_REPRESENTATION_CONTEXT() REPRESENTATION_CONTEXT('2D SPACE',''
  ) );
#9449 = PCURVE('',#9450,#9455);
#9450 = PLANE('',#9451);
#9451 = AXIS2_PLACEMENT_3D('',#9452,#9453,#9454);
#9452 = CARTESIAN_POINT('',(18.605,77.4,35.079999959876));
#9453 = DIRECTION('',(0.,2.22044604925E-16,-1.));
#9454 = DIRECTION('',(1.,0.,0.));
#9455 = DEFINITIONAL_REPRESENTATION('',(#9456),#9459);
#9456 = B_SPLINE_CURVE_WITH_KNOTS('',1,(#9457,#9458),.UNSPECIFIED.,.F.,
  .F.,(2,2),(-16.3025,-6.3025),.PIECEWISE_BEZIER_KNOTS.);
#9457 = CARTESIAN_POINT('',(10.,-3.4));
#9458 = CARTESIAN_POINT('',(0.,-3.4));
#9459 = ( GEOMETRIC_REPRESENTATION_CONTEXT(2) 
PARAMETRIC_REPRESENTATION_CONTEXT() REPRESENTATION_CONTEXT('2D SPACE',''
  ) );
#9460 = ORIENTED_EDGE('',*,*,#9461,.T.);
#9461 = EDGE_CURVE('',#9436,#9259,#9462,.T.);
#9462 = SURFACE_CURVE('',#9463,(#9468,#9479),.PCURVE_S1.);
#9463 = CIRCLE('',#9464,2.5);
#9464 = AXIS2_PLACEMENT_3D('',#9465,#9466,#9467);
#9465 = CARTESIAN_POINT('',(18.605,80.8,32.580000040124));
#9466 = DIRECTION('',(0.,-1.,-2.22044604925E-16));
#9467 = DIRECTION('',(1.,0.,0.));
#9468 = PCURVE('',#7672,#9469);
#9469 = DEFINITIONAL_REPRESENTATION('',(#9470),#9478);
#9470 = ( BOUNDED_CURVE() B_SPLINE_CURVE(2,(#9471,#9472,#9473,#9474,
#9475,#9476,#9477),.UNSPECIFIED.,.T.,.F.) B_SPLINE_CURVE_WITH_KNOTS((1,2
    ,2,2,2,1),(-2.094395102393,0.,2.094395102393,4.188790204786,
6.28318530718,8.377580409573),.UNSPECIFIED.) CURVE() 
GEOMETRIC_REPRESENTATION_ITEM() RATIONAL_B_SPLINE_CURVE((1.,0.5,1.,0.5,
1.,0.5,1.)) REPRESENTATION_ITEM('') );
#9471 = CARTESIAN_POINT('',(15.105,-14.18000004012));
#9472 = CARTESIAN_POINT('',(15.105,-18.51012705904));
#9473 = CARTESIAN_POINT('',(11.355,-16.34506354958));
#9474 = CARTESIAN_POINT('',(7.605,-14.18000004012));
#9475 = CARTESIAN_POINT('',(11.355,-12.01493653066));
#9476 = CARTESIAN_POINT('',(15.105,-9.849873021201));
#9477 = CARTESIAN_POINT('',(15.105,-14.18000004012));
#9478 = ( GEOMETRIC_REPRESENTATION_CONTEXT(2) 
PARAMETRIC_REPRESENTATION_CONTEXT() REPRESENTATION_CONTEXT('2D SPACE',''
  ) );
#9479 = PCURVE('',#9480,#9485);
#9480 = CYLINDRICAL_SURFACE('',#9481,2.5);
#9481 = AXIS2_PLACEMENT_3D('',#9482,#9483,#9484);
#9482 = CARTESIAN_POINT('',(18.605,77.4,32.580000040124));
#9483 = DIRECTION('',(0.,-1.,-2.22044604925E-16));
#9484 = DIRECTION('',(1.,0.,0.));
#9485 = DEFINITIONAL_REPRESENTATION('',(#9486),#9490);
#9486 = LINE('',#9487,#9488);
#9487 = CARTESIAN_POINT('',(-6.28318530718,-3.4));
#9488 = VECTOR('',#9489,1.);
#9489 = DIRECTION('',(1.,-0.));
#9490 = ( GEOMETRIC_REPRESENTATION_CONTEXT(2) 
PARAMETRIC_REPRESENTATION_CONTEXT() REPRESENTATION_CONTEXT('2D SPACE',''
  ) );
#9491 = ADVANCED_FACE('',(#9492),#7699,.T.);
#9492 = FACE_BOUND('',#9493,.T.);
#9493 = EDGE_LOOP('',(#9494,#9495,#9496,#9520));
#9494 = ORIENTED_EDGE('',*,*,#7684,.T.);
#9495 = ORIENTED_EDGE('',*,*,#8809,.T.);
#9496 = ORIENTED_EDGE('',*,*,#9497,.F.);
#9497 = EDGE_CURVE('',#9498,#8782,#9500,.T.);
#9498 = VERTEX_POINT('',#9499);
#9499 = CARTESIAN_POINT('',(6.,80.4,38.8));
#9500 = SURFACE_CURVE('',#9501,(#9506,#9513),.PCURVE_S1.);
#9501 = CIRCLE('',#9502,5.6);
#9502 = AXIS2_PLACEMENT_3D('',#9503,#9504,#9505);
#9503 = CARTESIAN_POINT('',(6.,74.8,38.8));
#9504 = DIRECTION('',(0.,0.,1.));
#9505 = DIRECTION('',(1.,0.,0.));
#9506 = PCURVE('',#7699,#9507);
#9507 = DEFINITIONAL_REPRESENTATION('',(#9508),#9512);
#9508 = LINE('',#9509,#9510);
#9509 = CARTESIAN_POINT('',(-0.,-0.4));
#9510 = VECTOR('',#9511,1.);
#9511 = DIRECTION('',(-1.,-0.));
#9512 = ( GEOMETRIC_REPRESENTATION_CONTEXT(2) 
PARAMETRIC_REPRESENTATION_CONTEXT() REPRESENTATION_CONTEXT('2D SPACE',''
  ) );
#9513 = PCURVE('',#8797,#9514);
#9514 = DEFINITIONAL_REPRESENTATION('',(#9515),#9519);
#9515 = CIRCLE('',#9516,5.6);
#9516 = AXIS2_PLACEMENT_2D('',#9517,#9518);
#9517 = CARTESIAN_POINT('',(0.,68.8));
#9518 = DIRECTION('',(1.,0.));
#9519 = ( GEOMETRIC_REPRESENTATION_CONTEXT(2) 
PARAMETRIC_REPRESENTATION_CONTEXT() REPRESENTATION_CONTEXT('2D SPACE',''
  ) );
#9520 = ORIENTED_EDGE('',*,*,#9521,.F.);
#9521 = EDGE_CURVE('',#7657,#9498,#9522,.T.);
#9522 = SURFACE_CURVE('',#9523,(#9526,#9532),.PCURVE_S1.);
#9523 = B_SPLINE_CURVE_WITH_KNOTS('',1,(#9524,#9525),.UNSPECIFIED.,.F.,
  .F.,(2,2),(0.,1.),.PIECEWISE_BEZIER_KNOTS.);
#9524 = CARTESIAN_POINT('',(6.,80.8,38.4));
#9525 = CARTESIAN_POINT('',(6.,80.4,38.8));
#9526 = PCURVE('',#7699,#9527);
#9527 = DEFINITIONAL_REPRESENTATION('',(#9528),#9531);
#9528 = B_SPLINE_CURVE_WITH_KNOTS('',1,(#9529,#9530),.UNSPECIFIED.,.F.,
  .F.,(2,2),(0.,1.),.PIECEWISE_BEZIER_KNOTS.);
#9529 = CARTESIAN_POINT('',(-1.570796326795,0.));
#9530 = CARTESIAN_POINT('',(-1.570796326795,-0.4));
#9531 = ( GEOMETRIC_REPRESENTATION_CONTEXT(2) 
PARAMETRIC_REPRESENTATION_CONTEXT() REPRESENTATION_CONTEXT('2D SPACE',''
  ) );
#9532 = PCURVE('',#9221,#9533);
#9533 = DEFINITIONAL_REPRESENTATION('',(#9534),#9538);
#9534 = LINE('',#9535,#9536);
#9535 = CARTESIAN_POINT('',(17.605,0.));
#9536 = VECTOR('',#9537,1.);
#9537 = DIRECTION('',(0.,1.));
#9538 = ( GEOMETRIC_REPRESENTATION_CONTEXT(2) 
PARAMETRIC_REPRESENTATION_CONTEXT() REPRESENTATION_CONTEXT('2D SPACE',''
  ) );
#9539 = ADVANCED_FACE('',(#9540),#7778,.T.);
#9540 = FACE_BOUND('',#9541,.F.);
#9541 = EDGE_LOOP('',(#9542,#9543,#9585,#9606));
#9542 = ORIENTED_EDGE('',*,*,#8859,.T.);
#9543 = ORIENTED_EDGE('',*,*,#9544,.T.);
#9544 = EDGE_CURVE('',#8832,#9545,#9547,.T.);
#9545 = VERTEX_POINT('',#9546);
#9546 = CARTESIAN_POINT('',(47.20999999898,6.,38.4));
#9547 = SURFACE_CURVE('',#9548,(#9553,#9560),.PCURVE_S1.);
#9548 = CIRCLE('',#9549,6.);
#9549 = AXIS2_PLACEMENT_3D('',#9550,#9551,#9552);
#9550 = CARTESIAN_POINT('',(41.20999999796,6.,38.4));
#9551 = DIRECTION('',(0.,0.,1.));
#9552 = DIRECTION('',(1.,0.,0.));
#9553 = PCURVE('',#7778,#9554);
#9554 = DEFINITIONAL_REPRESENTATION('',(#9555),#9559);
#9555 = LINE('',#9556,#9557);
#9556 = CARTESIAN_POINT('',(-0.,-20.));
#9557 = VECTOR('',#9558,1.);
#9558 = DIRECTION('',(-1.,0.));
#9559 = ( GEOMETRIC_REPRESENTATION_CONTEXT(2) 
PARAMETRIC_REPRESENTATION_CONTEXT() REPRESENTATION_CONTEXT('2D SPACE',''
  ) );
#9560 = PCURVE('',#9561,#9580);
#9561 = B_SPLINE_SURFACE_WITH_KNOTS('',8,1,(
    (#9562,#9563)
    ,(#9564,#9565)
    ,(#9566,#9567)
    ,(#9568,#9569)
    ,(#9570,#9571)
    ,(#9572,#9573)
    ,(#9574,#9575)
    ,(#9576,#9577)
    ,(#9578,#9579
    )),.UNSPECIFIED.,.F.,.F.,.F.,(9,9),(2,2),(4.712388980385,
    6.28318530718),(0.,1.),.PIECEWISE_BEZIER_KNOTS.);
#9562 = CARTESIAN_POINT('',(41.20999999796,2.13162820728E-14,38.4));
#9563 = CARTESIAN_POINT('',(41.209999997831,0.4,38.8));
#9564 = CARTESIAN_POINT('',(42.388097243056,3.410605131648E-13,38.4));
#9565 = CARTESIAN_POINT('',(42.309557426587,0.4,38.8));
#9566 = CARTESIAN_POINT('',(43.566194858986,0.264364733766,
    38.400000000002));
#9567 = CARTESIAN_POINT('',(43.409115201456,0.646740418181,
    38.800000000001));
#9568 = CARTESIAN_POINT('',(44.675079403969,0.793091604774,
    38.399999999997));
#9569 = CARTESIAN_POINT('',(44.444074110106,1.140218831123,
    38.799999999997));
#9570 = CARTESIAN_POINT('',(45.64555253264,1.564447465318,
    38.400000000003));
#9571 = CARTESIAN_POINT('',(45.3498490302,1.86015096763,38.800000000003)
  );
#9572 = CARTESIAN_POINT('',(46.416908393188,2.534920593991,
    38.399999999998));
#9573 = CARTESIAN_POINT('',(46.06978116671,2.765925887726,
    38.799999999998));
#9574 = CARTESIAN_POINT('',(46.945635264193,3.643805138974,
    38.400000000001));
#9575 = CARTESIAN_POINT('',(46.563259579649,3.800884796375,
    38.800000000001));
#9576 = CARTESIAN_POINT('',(47.20999999796,4.821902754904,38.4));
#9577 = CARTESIAN_POINT('',(46.809999997831,4.900442571244,38.8));
#9578 = CARTESIAN_POINT('',(47.20999999796,6.,38.4));
#9579 = CARTESIAN_POINT('',(46.809999997831,6.,38.8));
#9580 = DEFINITIONAL_REPRESENTATION('',(#9581),#9584);
#9581 = B_SPLINE_CURVE_WITH_KNOTS('',1,(#9582,#9583),.UNSPECIFIED.,.F.,
  .F.,(2,2),(4.712388980385,6.28318530718),.PIECEWISE_BEZIER_KNOTS.);
#9582 = CARTESIAN_POINT('',(4.712388980385,0.));
#9583 = CARTESIAN_POINT('',(6.28318530718,0.));
#9584 = ( GEOMETRIC_REPRESENTATION_CONTEXT(2) 
PARAMETRIC_REPRESENTATION_CONTEXT() REPRESENTATION_CONTEXT('2D SPACE',''
  ) );
#9585 = ORIENTED_EDGE('',*,*,#9586,.F.);
#9586 = EDGE_CURVE('',#7762,#9545,#9587,.T.);
#9587 = SURFACE_CURVE('',#9588,(#9592,#9599),.PCURVE_S1.);
#9588 = LINE('',#9589,#9590);
#9589 = CARTESIAN_POINT('',(47.20999999898,6.,18.4));
#9590 = VECTOR('',#9591,1.);
#9591 = DIRECTION('',(0.,0.,1.));
#9592 = PCURVE('',#7778,#9593);
#9593 = DEFINITIONAL_REPRESENTATION('',(#9594),#9598);
#9594 = LINE('',#9595,#9596);
#9595 = CARTESIAN_POINT('',(-6.28318530718,0.));
#9596 = VECTOR('',#9597,1.);
#9597 = DIRECTION('',(-0.,-1.));
#9598 = ( GEOMETRIC_REPRESENTATION_CONTEXT(2) 
PARAMETRIC_REPRESENTATION_CONTEXT() REPRESENTATION_CONTEXT('2D SPACE',''
  ) );
#9599 = PCURVE('',#7806,#9600);
#9600 = DEFINITIONAL_REPRESENTATION('',(#9601),#9605);
#9601 = LINE('',#9602,#9603);
#9602 = CARTESIAN_POINT('',(0.,0.));
#9603 = VECTOR('',#9604,1.);
#9604 = DIRECTION('',(0.,-1.));
#9605 = ( GEOMETRIC_REPRESENTATION_CONTEXT(2) 
PARAMETRIC_REPRESENTATION_CONTEXT() REPRESENTATION_CONTEXT('2D SPACE',''
  ) );
#9606 = ORIENTED_EDGE('',*,*,#7761,.F.);
#9607 = ADVANCED_FACE('',(#9608),#7835,.T.);
#9608 = FACE_BOUND('',#9609,.F.);
#9609 = EDGE_LOOP('',(#9610,#9633,#9673,#9674));
#9610 = ORIENTED_EDGE('',*,*,#9611,.T.);
#9611 = EDGE_CURVE('',#7791,#9612,#9614,.T.);
#9612 = VERTEX_POINT('',#9613);
#9613 = CARTESIAN_POINT('',(47.20999999898,74.8,38.4));
#9614 = SURFACE_CURVE('',#9615,(#9619,#9626),.PCURVE_S1.);
#9615 = LINE('',#9616,#9617);
#9616 = CARTESIAN_POINT('',(47.20999999898,74.8,18.4));
#9617 = VECTOR('',#9618,1.);
#9618 = DIRECTION('',(0.,0.,1.));
#9619 = PCURVE('',#7835,#9620);
#9620 = DEFINITIONAL_REPRESENTATION('',(#9621),#9625);
#9621 = LINE('',#9622,#9623);
#9622 = CARTESIAN_POINT('',(-0.,0.));
#9623 = VECTOR('',#9624,1.);
#9624 = DIRECTION('',(-0.,-1.));
#9625 = ( GEOMETRIC_REPRESENTATION_CONTEXT(2) 
PARAMETRIC_REPRESENTATION_CONTEXT() REPRESENTATION_CONTEXT('2D SPACE',''
  ) );
#9626 = PCURVE('',#7806,#9627);
#9627 = DEFINITIONAL_REPRESENTATION('',(#9628),#9632);
#9628 = LINE('',#9629,#9630);
#9629 = CARTESIAN_POINT('',(68.8,0.));
#9630 = VECTOR('',#9631,1.);
#9631 = DIRECTION('',(0.,-1.));
#9632 = ( GEOMETRIC_REPRESENTATION_CONTEXT(2) 
PARAMETRIC_REPRESENTATION_CONTEXT() REPRESENTATION_CONTEXT('2D SPACE',''
  ) );
#9633 = ORIENTED_EDGE('',*,*,#9634,.T.);
#9634 = EDGE_CURVE('',#9612,#9206,#9635,.T.);
#9635 = SURFACE_CURVE('',#9636,(#9641,#9648),.PCURVE_S1.);
#9636 = CIRCLE('',#9637,6.);
#9637 = AXIS2_PLACEMENT_3D('',#9638,#9639,#9640);
#9638 = CARTESIAN_POINT('',(41.20999999796,74.8,38.4));
#9639 = DIRECTION('',(0.,0.,1.));
#9640 = DIRECTION('',(1.,0.,0.));
#9641 = PCURVE('',#7835,#9642);
#9642 = DEFINITIONAL_REPRESENTATION('',(#9643),#9647);
#9643 = LINE('',#9644,#9645);
#9644 = CARTESIAN_POINT('',(-0.,-20.));
#9645 = VECTOR('',#9646,1.);
#9646 = DIRECTION('',(-1.,0.));
#9647 = ( GEOMETRIC_REPRESENTATION_CONTEXT(2) 
PARAMETRIC_REPRESENTATION_CONTEXT() REPRESENTATION_CONTEXT('2D SPACE',''
  ) );
#9648 = PCURVE('',#9649,#9668);
#9649 = B_SPLINE_SURFACE_WITH_KNOTS('',8,1,(
    (#9650,#9651)
    ,(#9652,#9653)
    ,(#9654,#9655)
    ,(#9656,#9657)
    ,(#9658,#9659)
    ,(#9660,#9661)
    ,(#9662,#9663)
    ,(#9664,#9665)
    ,(#9666,#9667
    )),.UNSPECIFIED.,.F.,.F.,.F.,(9,9),(2,2),(0.,1.570796326795),(0.,1.)
  ,.PIECEWISE_BEZIER_KNOTS.);
#9650 = CARTESIAN_POINT('',(47.20999999796,74.8,38.4));
#9651 = CARTESIAN_POINT('',(46.809999997831,74.8,38.8));
#9652 = CARTESIAN_POINT('',(47.20999999796,75.978097245096,38.4));
#9653 = CARTESIAN_POINT('',(46.809999997831,75.899557428756,38.8));
#9654 = CARTESIAN_POINT('',(46.945635264193,77.156194861026,38.4));
#9655 = CARTESIAN_POINT('',(46.563259579648,76.999115203624,38.8));
#9656 = CARTESIAN_POINT('',(46.416908393188,78.26507940601,38.4));
#9657 = CARTESIAN_POINT('',(46.069781166711,78.034074112276,
    38.800000000001));
#9658 = CARTESIAN_POINT('',(45.645552532639,79.23555253468,38.4));
#9659 = CARTESIAN_POINT('',(45.349849030198,78.939849032368,
    38.799999999999));
#9660 = CARTESIAN_POINT('',(44.67507940397,80.006908395228,38.4));
#9661 = CARTESIAN_POINT('',(44.444074110108,79.65978116888,
    38.800000000001));
#9662 = CARTESIAN_POINT('',(43.566194858985,80.535635266233,38.4));
#9663 = CARTESIAN_POINT('',(43.409115201455,80.153259581817,
    38.799999999999));
#9664 = CARTESIAN_POINT('',(42.388097243056,80.8,38.4));
#9665 = CARTESIAN_POINT('',(42.309557426588,80.4,38.8));
#9666 = CARTESIAN_POINT('',(41.20999999796,80.8,38.4));
#9667 = CARTESIAN_POINT('',(41.209999997831,80.4,38.8));
#9668 = DEFINITIONAL_REPRESENTATION('',(#9669),#9672);
#9669 = B_SPLINE_CURVE_WITH_KNOTS('',1,(#9670,#9671),.UNSPECIFIED.,.F.,
  .F.,(2,2),(0.,1.570796326795),.PIECEWISE_BEZIER_KNOTS.);
#9670 = CARTESIAN_POINT('',(0.,0.));
#9671 = CARTESIAN_POINT('',(1.570796326795,0.));
#9672 = ( GEOMETRIC_REPRESENTATION_CONTEXT(2) 
PARAMETRIC_REPRESENTATION_CONTEXT() REPRESENTATION_CONTEXT('2D SPACE',''
  ) );
#9673 = ORIENTED_EDGE('',*,*,#9232,.F.);
#9674 = ORIENTED_EDGE('',*,*,#7818,.F.);
#9675 = ADVANCED_FACE('',(#9676),#7806,.F.);
#9676 = FACE_BOUND('',#9677,.F.);
#9677 = EDGE_LOOP('',(#9678,#9679,#9705,#9706));
#9678 = ORIENTED_EDGE('',*,*,#9586,.T.);
#9679 = ORIENTED_EDGE('',*,*,#9680,.T.);
#9680 = EDGE_CURVE('',#9545,#9612,#9681,.T.);
#9681 = SURFACE_CURVE('',#9682,(#9686,#9693),.PCURVE_S1.);
#9682 = LINE('',#9683,#9684);
#9683 = CARTESIAN_POINT('',(47.21,40.4,38.4));
#9684 = VECTOR('',#9685,1.);
#9685 = DIRECTION('',(0.,1.,0.));
#9686 = PCURVE('',#7806,#9687);
#9687 = DEFINITIONAL_REPRESENTATION('',(#9688),#9692);
#9688 = LINE('',#9689,#9690);
#9689 = CARTESIAN_POINT('',(34.4,-20.));
#9690 = VECTOR('',#9691,1.);
#9691 = DIRECTION('',(1.,0.));
#9692 = ( GEOMETRIC_REPRESENTATION_CONTEXT(2) 
PARAMETRIC_REPRESENTATION_CONTEXT() REPRESENTATION_CONTEXT('2D SPACE',''
  ) );
#9693 = PCURVE('',#9694,#9699);
#9694 = PLANE('',#9695);
#9695 = AXIS2_PLACEMENT_3D('',#9696,#9697,#9698);
#9696 = CARTESIAN_POINT('',(46.81,40.4,38.8));
#9697 = DIRECTION('',(0.707106781187,-0.,0.707106781187));
#9698 = DIRECTION('',(0.,1.,0.));
#9699 = DEFINITIONAL_REPRESENTATION('',(#9700),#9704);
#9700 = LINE('',#9701,#9702);
#9701 = CARTESIAN_POINT('',(3.552713678801E-15,-0.565685424949));
#9702 = VECTOR('',#9703,1.);
#9703 = DIRECTION('',(1.,0.));
#9704 = ( GEOMETRIC_REPRESENTATION_CONTEXT(2) 
PARAMETRIC_REPRESENTATION_CONTEXT() REPRESENTATION_CONTEXT('2D SPACE',''
  ) );
#9705 = ORIENTED_EDGE('',*,*,#9611,.F.);
#9706 = ORIENTED_EDGE('',*,*,#7790,.F.);
#9707 = ADVANCED_FACE('',(#9708),#7889,.F.);
#9708 = FACE_BOUND('',#9709,.F.);
#9709 = EDGE_LOOP('',(#9710,#9740,#9761,#9762,#9785,#9813,#9834,#9835));
#9710 = ORIENTED_EDGE('',*,*,#9711,.F.);
#9711 = EDGE_CURVE('',#9712,#9714,#9716,.T.);
#9712 = VERTEX_POINT('',#9713);
#9713 = CARTESIAN_POINT('',(6.,2.55,11.5));
#9714 = VERTEX_POINT('',#9715);
#9715 = CARTESIAN_POINT('',(41.2099999968,2.55,11.5));
#9716 = SURFACE_CURVE('',#9717,(#9721,#9728),.PCURVE_S1.);
#9717 = LINE('',#9718,#9719);
#9718 = CARTESIAN_POINT('',(23.605,2.55,11.5));
#9719 = VECTOR('',#9720,1.);
#9720 = DIRECTION('',(1.,0.,0.));
#9721 = PCURVE('',#7889,#9722);
#9722 = DEFINITIONAL_REPRESENTATION('',(#9723),#9727);
#9723 = LINE('',#9724,#9725);
#9724 = CARTESIAN_POINT('',(17.605,0.));
#9725 = VECTOR('',#9726,1.);
#9726 = DIRECTION('',(1.,0.));
#9727 = ( GEOMETRIC_REPRESENTATION_CONTEXT(2) 
PARAMETRIC_REPRESENTATION_CONTEXT() REPRESENTATION_CONTEXT('2D SPACE',''
  ) );
#9728 = PCURVE('',#9729,#9734);
#9729 = PLANE('',#9730);
#9730 = AXIS2_PLACEMENT_3D('',#9731,#9732,#9733);
#9731 = CARTESIAN_POINT('',(23.605,2.55,11.5));
#9732 = DIRECTION('',(0.,-0.707106781187,-0.707106781187));
#9733 = DIRECTION('',(1.,0.,0.));
#9734 = DEFINITIONAL_REPRESENTATION('',(#9735),#9739);
#9735 = LINE('',#9736,#9737);
#9736 = CARTESIAN_POINT('',(0.,0.));
#9737 = VECTOR('',#9738,1.);
#9738 = DIRECTION('',(1.,0.));
#9739 = ( GEOMETRIC_REPRESENTATION_CONTEXT(2) 
PARAMETRIC_REPRESENTATION_CONTEXT() REPRESENTATION_CONTEXT('2D SPACE',''
  ) );
#9740 = ORIENTED_EDGE('',*,*,#9741,.T.);
#9741 = EDGE_CURVE('',#9712,#7872,#9742,.T.);
#9742 = SURFACE_CURVE('',#9743,(#9747,#9754),.PCURVE_S1.);
#9743 = LINE('',#9744,#9745);
#9744 = CARTESIAN_POINT('',(6.,2.55,11.5));
#9745 = VECTOR('',#9746,1.);
#9746 = DIRECTION('',(0.,0.,1.));
#9747 = PCURVE('',#7889,#9748);
#9748 = DEFINITIONAL_REPRESENTATION('',(#9749),#9753);
#9749 = LINE('',#9750,#9751);
#9750 = CARTESIAN_POINT('',(0.,0.));
#9751 = VECTOR('',#9752,1.);
#9752 = DIRECTION('',(0.,-1.));
#9753 = ( GEOMETRIC_REPRESENTATION_CONTEXT(2) 
PARAMETRIC_REPRESENTATION_CONTEXT() REPRESENTATION_CONTEXT('2D SPACE',''
  ) );
#9754 = PCURVE('',#7922,#9755);
#9755 = DEFINITIONAL_REPRESENTATION('',(#9756),#9760);
#9756 = LINE('',#9757,#9758);
#9757 = CARTESIAN_POINT('',(4.712388980385,0.));
#9758 = VECTOR('',#9759,1.);
#9759 = DIRECTION('',(0.,-1.));
#9760 = ( GEOMETRIC_REPRESENTATION_CONTEXT(2) 
PARAMETRIC_REPRESENTATION_CONTEXT() REPRESENTATION_CONTEXT('2D SPACE',''
  ) );
#9761 = ORIENTED_EDGE('',*,*,#7871,.T.);
#9762 = ORIENTED_EDGE('',*,*,#9763,.F.);
#9763 = EDGE_CURVE('',#9764,#7874,#9766,.T.);
#9764 = VERTEX_POINT('',#9765);
#9765 = CARTESIAN_POINT('',(20.605,2.55,12.));
#9766 = SURFACE_CURVE('',#9767,(#9771,#9778),.PCURVE_S1.);
#9767 = LINE('',#9768,#9769);
#9768 = CARTESIAN_POINT('',(20.605,2.55,12.));
#9769 = VECTOR('',#9770,1.);
#9770 = DIRECTION('',(0.,0.,1.));
#9771 = PCURVE('',#7889,#9772);
#9772 = DEFINITIONAL_REPRESENTATION('',(#9773),#9777);
#9773 = LINE('',#9774,#9775);
#9774 = CARTESIAN_POINT('',(14.605,-0.5));
#9775 = VECTOR('',#9776,1.);
#9776 = DIRECTION('',(0.,-1.));
#9777 = ( GEOMETRIC_REPRESENTATION_CONTEXT(2) 
PARAMETRIC_REPRESENTATION_CONTEXT() REPRESENTATION_CONTEXT('2D SPACE',''
  ) );
#9778 = PCURVE('',#8745,#9779);
#9779 = DEFINITIONAL_REPRESENTATION('',(#9780),#9784);
#9780 = LINE('',#9781,#9782);
#9781 = CARTESIAN_POINT('',(0.,0.));
#9782 = VECTOR('',#9783,1.);
#9783 = DIRECTION('',(0.,-1.));
#9784 = ( GEOMETRIC_REPRESENTATION_CONTEXT(2) 
PARAMETRIC_REPRESENTATION_CONTEXT() REPRESENTATION_CONTEXT('2D SPACE',''
  ) );
#9785 = ORIENTED_EDGE('',*,*,#9786,.F.);
#9786 = EDGE_CURVE('',#9787,#9764,#9789,.T.);
#9787 = VERTEX_POINT('',#9788);
#9788 = CARTESIAN_POINT('',(26.605,2.55,12.));
#9789 = SURFACE_CURVE('',#9790,(#9794,#9801),.PCURVE_S1.);
#9790 = LINE('',#9791,#9792);
#9791 = CARTESIAN_POINT('',(26.605,2.55,12.));
#9792 = VECTOR('',#9793,1.);
#9793 = DIRECTION('',(-1.,1.224646799147E-16,0.));
#9794 = PCURVE('',#7889,#9795);
#9795 = DEFINITIONAL_REPRESENTATION('',(#9796),#9800);
#9796 = LINE('',#9797,#9798);
#9797 = CARTESIAN_POINT('',(20.605,-0.5));
#9798 = VECTOR('',#9799,1.);
#9799 = DIRECTION('',(-1.,0.));
#9800 = ( GEOMETRIC_REPRESENTATION_CONTEXT(2) 
PARAMETRIC_REPRESENTATION_CONTEXT() REPRESENTATION_CONTEXT('2D SPACE',''
  ) );
#9801 = PCURVE('',#9802,#9807);
#9802 = PLANE('',#9803);
#9803 = AXIS2_PLACEMENT_3D('',#9804,#9805,#9806);
#9804 = CARTESIAN_POINT('',(23.605,2.445727016155,12.));
#9805 = DIRECTION('',(0.,0.,1.));
#9806 = DIRECTION('',(-1.,1.224646799147E-16,0.));
#9807 = DEFINITIONAL_REPRESENTATION('',(#9808),#9812);
#9808 = LINE('',#9809,#9810);
#9809 = CARTESIAN_POINT('',(-3.,-0.104272983845));
#9810 = VECTOR('',#9811,1.);
#9811 = DIRECTION('',(1.,0.));
#9812 = ( GEOMETRIC_REPRESENTATION_CONTEXT(2) 
PARAMETRIC_REPRESENTATION_CONTEXT() REPRESENTATION_CONTEXT('2D SPACE',''
  ) );
#9813 = ORIENTED_EDGE('',*,*,#9814,.T.);
#9814 = EDGE_CURVE('',#9787,#8653,#9815,.T.);
#9815 = SURFACE_CURVE('',#9816,(#9820,#9827),.PCURVE_S1.);
#9816 = LINE('',#9817,#9818);
#9817 = CARTESIAN_POINT('',(26.605,2.55,12.));
#9818 = VECTOR('',#9819,1.);
#9819 = DIRECTION('',(0.,0.,1.));
#9820 = PCURVE('',#7889,#9821);
#9821 = DEFINITIONAL_REPRESENTATION('',(#9822),#9826);
#9822 = LINE('',#9823,#9824);
#9823 = CARTESIAN_POINT('',(20.605,-0.5));
#9824 = VECTOR('',#9825,1.);
#9825 = DIRECTION('',(0.,-1.));
#9826 = ( GEOMETRIC_REPRESENTATION_CONTEXT(2) 
PARAMETRIC_REPRESENTATION_CONTEXT() REPRESENTATION_CONTEXT('2D SPACE',''
  ) );
#9827 = PCURVE('',#8691,#9828);
#9828 = DEFINITIONAL_REPRESENTATION('',(#9829),#9833);
#9829 = LINE('',#9830,#9831);
#9830 = CARTESIAN_POINT('',(1.030776406404,0.));
#9831 = VECTOR('',#9832,1.);
#9832 = DIRECTION('',(0.,-1.));
#9833 = ( GEOMETRIC_REPRESENTATION_CONTEXT(2) 
PARAMETRIC_REPRESENTATION_CONTEXT() REPRESENTATION_CONTEXT('2D SPACE',''
  ) );
#9834 = ORIENTED_EDGE('',*,*,#8652,.T.);
#9835 = ORIENTED_EDGE('',*,*,#9836,.F.);
#9836 = EDGE_CURVE('',#9714,#8620,#9837,.T.);
#9837 = SURFACE_CURVE('',#9838,(#9842,#9849),.PCURVE_S1.);
#9838 = LINE('',#9839,#9840);
#9839 = CARTESIAN_POINT('',(41.2099999968,2.55,11.5));
#9840 = VECTOR('',#9841,1.);
#9841 = DIRECTION('',(0.,0.,1.));
#9842 = PCURVE('',#7889,#9843);
#9843 = DEFINITIONAL_REPRESENTATION('',(#9844),#9848);
#9844 = LINE('',#9845,#9846);
#9845 = CARTESIAN_POINT('',(35.2099999968,0.));
#9846 = VECTOR('',#9847,1.);
#9847 = DIRECTION('',(0.,-1.));
#9848 = ( GEOMETRIC_REPRESENTATION_CONTEXT(2) 
PARAMETRIC_REPRESENTATION_CONTEXT() REPRESENTATION_CONTEXT('2D SPACE',''
  ) );
#9849 = PCURVE('',#8640,#9850);
#9850 = DEFINITIONAL_REPRESENTATION('',(#9851),#9855);
#9851 = LINE('',#9852,#9853);
#9852 = CARTESIAN_POINT('',(4.712388980385,0.));
#9853 = VECTOR('',#9854,1.);
#9854 = DIRECTION('',(0.,-1.));
#9855 = ( GEOMETRIC_REPRESENTATION_CONTEXT(2) 
PARAMETRIC_REPRESENTATION_CONTEXT() REPRESENTATION_CONTEXT('2D SPACE',''
  ) );
#9856 = ADVANCED_FACE('',(#9857),#8745,.F.);
#9857 = FACE_BOUND('',#9858,.F.);
#9858 = EDGE_LOOP('',(#9859,#9860,#9861,#9884));
#9859 = ORIENTED_EDGE('',*,*,#9763,.T.);
#9860 = ORIENTED_EDGE('',*,*,#8731,.T.);
#9861 = ORIENTED_EDGE('',*,*,#9862,.F.);
#9862 = EDGE_CURVE('',#9863,#8704,#9865,.T.);
#9863 = VERTEX_POINT('',#9864);
#9864 = CARTESIAN_POINT('',(21.605,2.3,12.));
#9865 = SURFACE_CURVE('',#9866,(#9870,#9877),.PCURVE_S1.);
#9866 = LINE('',#9867,#9868);
#9867 = CARTESIAN_POINT('',(21.605,2.3,12.));
#9868 = VECTOR('',#9869,1.);
#9869 = DIRECTION('',(0.,0.,1.));
#9870 = PCURVE('',#8745,#9871);
#9871 = DEFINITIONAL_REPRESENTATION('',(#9872),#9876);
#9872 = LINE('',#9873,#9874);
#9873 = CARTESIAN_POINT('',(1.030776406404,0.));
#9874 = VECTOR('',#9875,1.);
#9875 = DIRECTION('',(0.,-1.));
#9876 = ( GEOMETRIC_REPRESENTATION_CONTEXT(2) 
PARAMETRIC_REPRESENTATION_CONTEXT() REPRESENTATION_CONTEXT('2D SPACE',''
  ) );
#9877 = PCURVE('',#8719,#9878);
#9878 = DEFINITIONAL_REPRESENTATION('',(#9879),#9883);
#9879 = LINE('',#9880,#9881);
#9880 = CARTESIAN_POINT('',(0.,-0.));
#9881 = VECTOR('',#9882,1.);
#9882 = DIRECTION('',(0.,-1.));
#9883 = ( GEOMETRIC_REPRESENTATION_CONTEXT(2) 
PARAMETRIC_REPRESENTATION_CONTEXT() REPRESENTATION_CONTEXT('2D SPACE',''
  ) );
#9884 = ORIENTED_EDGE('',*,*,#9885,.F.);
#9885 = EDGE_CURVE('',#9764,#9863,#9886,.T.);
#9886 = SURFACE_CURVE('',#9887,(#9891,#9898),.PCURVE_S1.);
#9887 = LINE('',#9888,#9889);
#9888 = CARTESIAN_POINT('',(20.605,2.55,12.));
#9889 = VECTOR('',#9890,1.);
#9890 = DIRECTION('',(0.970142500145,-0.242535625036,0.));
#9891 = PCURVE('',#8745,#9892);
#9892 = DEFINITIONAL_REPRESENTATION('',(#9893),#9897);
#9893 = LINE('',#9894,#9895);
#9894 = CARTESIAN_POINT('',(0.,0.));
#9895 = VECTOR('',#9896,1.);
#9896 = DIRECTION('',(1.,0.));
#9897 = ( GEOMETRIC_REPRESENTATION_CONTEXT(2) 
PARAMETRIC_REPRESENTATION_CONTEXT() REPRESENTATION_CONTEXT('2D SPACE',''
  ) );
#9898 = PCURVE('',#9802,#9899);
#9899 = DEFINITIONAL_REPRESENTATION('',(#9900),#9904);
#9900 = LINE('',#9901,#9902);
#9901 = CARTESIAN_POINT('',(3.,-0.104272983845));
#9902 = VECTOR('',#9903,1.);
#9903 = DIRECTION('',(-0.970142500145,0.242535625036));
#9904 = ( GEOMETRIC_REPRESENTATION_CONTEXT(2) 
PARAMETRIC_REPRESENTATION_CONTEXT() REPRESENTATION_CONTEXT('2D SPACE',''
  ) );
#9905 = ADVANCED_FACE('',(#9906),#8719,.F.);
#9906 = FACE_BOUND('',#9907,.F.);
#9907 = EDGE_LOOP('',(#9908,#9909,#9910,#9933));
#9908 = ORIENTED_EDGE('',*,*,#9862,.T.);
#9909 = ORIENTED_EDGE('',*,*,#8703,.T.);
#9910 = ORIENTED_EDGE('',*,*,#9911,.F.);
#9911 = EDGE_CURVE('',#9912,#8676,#9914,.T.);
#9912 = VERTEX_POINT('',#9913);
#9913 = CARTESIAN_POINT('',(25.605,2.3,12.));
#9914 = SURFACE_CURVE('',#9915,(#9919,#9926),.PCURVE_S1.);
#9915 = LINE('',#9916,#9917);
#9916 = CARTESIAN_POINT('',(25.605,2.3,12.));
#9917 = VECTOR('',#9918,1.);
#9918 = DIRECTION('',(0.,0.,1.));
#9919 = PCURVE('',#8719,#9920);
#9920 = DEFINITIONAL_REPRESENTATION('',(#9921),#9925);
#9921 = LINE('',#9922,#9923);
#9922 = CARTESIAN_POINT('',(4.,0.));
#9923 = VECTOR('',#9924,1.);
#9924 = DIRECTION('',(0.,-1.));
#9925 = ( GEOMETRIC_REPRESENTATION_CONTEXT(2) 
PARAMETRIC_REPRESENTATION_CONTEXT() REPRESENTATION_CONTEXT('2D SPACE',''
  ) );
#9926 = PCURVE('',#8691,#9927);
#9927 = DEFINITIONAL_REPRESENTATION('',(#9928),#9932);
#9928 = LINE('',#9929,#9930);
#9929 = CARTESIAN_POINT('',(0.,0.));
#9930 = VECTOR('',#9931,1.);
#9931 = DIRECTION('',(0.,-1.));
#9932 = ( GEOMETRIC_REPRESENTATION_CONTEXT(2) 
PARAMETRIC_REPRESENTATION_CONTEXT() REPRESENTATION_CONTEXT('2D SPACE',''
  ) );
#9933 = ORIENTED_EDGE('',*,*,#9934,.F.);
#9934 = EDGE_CURVE('',#9863,#9912,#9935,.T.);
#9935 = SURFACE_CURVE('',#9936,(#9940,#9947),.PCURVE_S1.);
#9936 = LINE('',#9937,#9938);
#9937 = CARTESIAN_POINT('',(21.605,2.3,12.));
#9938 = VECTOR('',#9939,1.);
#9939 = DIRECTION('',(1.,-1.224646799147E-16,0.));
#9940 = PCURVE('',#8719,#9941);
#9941 = DEFINITIONAL_REPRESENTATION('',(#9942),#9946);
#9942 = LINE('',#9943,#9944);
#9943 = CARTESIAN_POINT('',(0.,-0.));
#9944 = VECTOR('',#9945,1.);
#9945 = DIRECTION('',(1.,0.));
#9946 = ( GEOMETRIC_REPRESENTATION_CONTEXT(2) 
PARAMETRIC_REPRESENTATION_CONTEXT() REPRESENTATION_CONTEXT('2D SPACE',''
  ) );
#9947 = PCURVE('',#9802,#9948);
#9948 = DEFINITIONAL_REPRESENTATION('',(#9949),#9953);
#9949 = LINE('',#9950,#9951);
#9950 = CARTESIAN_POINT('',(2.,0.145727016155));
#9951 = VECTOR('',#9952,1.);
#9952 = DIRECTION('',(-1.,0.));
#9953 = ( GEOMETRIC_REPRESENTATION_CONTEXT(2) 
PARAMETRIC_REPRESENTATION_CONTEXT() REPRESENTATION_CONTEXT('2D SPACE',''
  ) );
#9954 = ADVANCED_FACE('',(#9955),#8691,.F.);
#9955 = FACE_BOUND('',#9956,.F.);
#9956 = EDGE_LOOP('',(#9957,#9958,#9959,#9960));
#9957 = ORIENTED_EDGE('',*,*,#9911,.T.);
#9958 = ORIENTED_EDGE('',*,*,#8675,.T.);
#9959 = ORIENTED_EDGE('',*,*,#9814,.F.);
#9960 = ORIENTED_EDGE('',*,*,#9961,.F.);
#9961 = EDGE_CURVE('',#9912,#9787,#9962,.T.);
#9962 = SURFACE_CURVE('',#9963,(#9967,#9974),.PCURVE_S1.);
#9963 = LINE('',#9964,#9965);
#9964 = CARTESIAN_POINT('',(25.605,2.3,12.));
#9965 = VECTOR('',#9966,1.);
#9966 = DIRECTION('',(0.970142500145,0.242535625036,0.));
#9967 = PCURVE('',#8691,#9968);
#9968 = DEFINITIONAL_REPRESENTATION('',(#9969),#9973);
#9969 = LINE('',#9970,#9971);
#9970 = CARTESIAN_POINT('',(0.,0.));
#9971 = VECTOR('',#9972,1.);
#9972 = DIRECTION('',(1.,0.));
#9973 = ( GEOMETRIC_REPRESENTATION_CONTEXT(2) 
PARAMETRIC_REPRESENTATION_CONTEXT() REPRESENTATION_CONTEXT('2D SPACE',''
  ) );
#9974 = PCURVE('',#9802,#9975);
#9975 = DEFINITIONAL_REPRESENTATION('',(#9976),#9980);
#9976 = LINE('',#9977,#9978);
#9977 = CARTESIAN_POINT('',(-2.,0.145727016155));
#9978 = VECTOR('',#9979,1.);
#9979 = DIRECTION('',(-0.970142500145,-0.242535625036));
#9980 = ( GEOMETRIC_REPRESENTATION_CONTEXT(2) 
PARAMETRIC_REPRESENTATION_CONTEXT() REPRESENTATION_CONTEXT('2D SPACE',''
  ) );
#9981 = ADVANCED_FACE('',(#9982),#8640,.T.);
#9982 = FACE_BOUND('',#9983,.T.);
#9983 = EDGE_LOOP('',(#9984,#10007,#10008,#10009));
#9984 = ORIENTED_EDGE('',*,*,#9985,.T.);
#9985 = EDGE_CURVE('',#9986,#8597,#9988,.T.);
#9986 = VERTEX_POINT('',#9987);
#9987 = CARTESIAN_POINT('',(44.6599999984,6.,11.5));
#9988 = SURFACE_CURVE('',#9989,(#9993,#10000),.PCURVE_S1.);
#9989 = LINE('',#9990,#9991);
#9990 = CARTESIAN_POINT('',(44.6599999984,6.,11.5));
#9991 = VECTOR('',#9992,1.);
#9992 = DIRECTION('',(0.,0.,1.));
#9993 = PCURVE('',#8640,#9994);
#9994 = DEFINITIONAL_REPRESENTATION('',(#9995),#9999);
#9995 = LINE('',#9996,#9997);
#9996 = CARTESIAN_POINT('',(3.14159265359,0.));
#9997 = VECTOR('',#9998,1.);
#9998 = DIRECTION('',(0.,-1.));
#9999 = ( GEOMETRIC_REPRESENTATION_CONTEXT(2) 
PARAMETRIC_REPRESENTATION_CONTEXT() REPRESENTATION_CONTEXT('2D SPACE',''
  ) );
#10000 = PCURVE('',#8393,#10001);
#10001 = DEFINITIONAL_REPRESENTATION('',(#10002),#10006);
#10002 = LINE('',#10003,#10004);
#10003 = CARTESIAN_POINT('',(0.,0.));
#10004 = VECTOR('',#10005,1.);
#10005 = DIRECTION('',(0.,-1.));
#10006 = ( GEOMETRIC_REPRESENTATION_CONTEXT(2) 
PARAMETRIC_REPRESENTATION_CONTEXT() REPRESENTATION_CONTEXT('2D SPACE',''
  ) );
#10007 = ORIENTED_EDGE('',*,*,#8619,.T.);
#10008 = ORIENTED_EDGE('',*,*,#9836,.F.);
#10009 = ORIENTED_EDGE('',*,*,#10010,.F.);
#10010 = EDGE_CURVE('',#9986,#9714,#10011,.T.);
#10011 = SURFACE_CURVE('',#10012,(#10017,#10024),.PCURVE_S1.);
#10012 = CIRCLE('',#10013,3.45);
#10013 = AXIS2_PLACEMENT_3D('',#10014,#10015,#10016);
#10014 = CARTESIAN_POINT('',(41.2099999968,6.,11.5));
#10015 = DIRECTION('',(0.,0.,-1.));
#10016 = DIRECTION('',(-1.,0.,0.));
#10017 = PCURVE('',#8640,#10018);
#10018 = DEFINITIONAL_REPRESENTATION('',(#10019),#10023);
#10019 = LINE('',#10020,#10021);
#10020 = CARTESIAN_POINT('',(0.,0.));
#10021 = VECTOR('',#10022,1.);
#10022 = DIRECTION('',(1.,0.));
#10023 = ( GEOMETRIC_REPRESENTATION_CONTEXT(2) 
PARAMETRIC_REPRESENTATION_CONTEXT() REPRESENTATION_CONTEXT('2D SPACE',''
  ) );
#10024 = PCURVE('',#10025,#10044);
#10025 = B_SPLINE_SURFACE_WITH_KNOTS('',8,1,(
    (#10026,#10027)
    ,(#10028,#10029)
    ,(#10030,#10031)
    ,(#10032,#10033)
    ,(#10034,#10035)
    ,(#10036,#10037)
    ,(#10038,#10039)
    ,(#10040,#10041)
    ,(#10042,#10043
    )),.UNSPECIFIED.,.F.,.F.,.F.,(9,9),(2,2),(1.570796326795,
    3.14159265359),(0.,1.),.PIECEWISE_BEZIER_KNOTS.);
#10026 = CARTESIAN_POINT('',(41.209999996338,3.15,10.9));
#10027 = CARTESIAN_POINT('',(41.2099999968,2.55,11.5));
#10028 = CARTESIAN_POINT('',(41.769596187759,3.15,10.9));
#10029 = CARTESIAN_POINT('',(41.88740591273,2.55,11.5));
#10030 = CARTESIAN_POINT('',(42.329192555326,3.275573248539,10.9));
#10031 = CARTESIAN_POINT('',(42.564812041889,2.702009721916,11.5));
#10032 = CARTESIAN_POINT('',(42.855912714193,3.526718512267,10.9));
#10033 = CARTESIAN_POINT('',(43.202420655256,3.006027672744,11.5));
#10034 = CARTESIAN_POINT('',(43.316887450312,3.893112546026,10.9));
#10035 = CARTESIAN_POINT('',(43.76044270424,3.449557292559,11.5));
#10036 = CARTESIAN_POINT('',(43.683281484071,4.354087282146,10.9));
#10037 = CARTESIAN_POINT('',(44.203972324056,4.007579341545,11.5));
#10038 = CARTESIAN_POINT('',(43.934426747799,4.880807441013,10.9));
#10039 = CARTESIAN_POINT('',(44.507990274883,4.64518795491,11.5));
#10040 = CARTESIAN_POINT('',(44.059999996338,5.440403808579,10.9));
#10041 = CARTESIAN_POINT('',(44.6599999968,5.32259408407,11.5));
#10042 = CARTESIAN_POINT('',(44.059999996338,6.,10.9));
#10043 = CARTESIAN_POINT('',(44.6599999968,6.,11.5));
#10044 = DEFINITIONAL_REPRESENTATION('',(#10045),#10048);
#10045 = B_SPLINE_CURVE_WITH_KNOTS('',1,(#10046,#10047),.UNSPECIFIED.,
  .F.,.F.,(2,2),(3.14159265359,4.712388980385),
  .PIECEWISE_BEZIER_KNOTS.);
#10046 = CARTESIAN_POINT('',(3.14159265359,1.));
#10047 = CARTESIAN_POINT('',(1.570796326795,1.));
#10048 = ( GEOMETRIC_REPRESENTATION_CONTEXT(2) 
PARAMETRIC_REPRESENTATION_CONTEXT() REPRESENTATION_CONTEXT('2D SPACE',''
  ) );
#10049 = ADVANCED_FACE('',(#10050),#8393,.F.);
#10050 = FACE_BOUND('',#10051,.F.);
#10051 = EDGE_LOOP('',(#10052,#10080,#10081,#10082,#10105,#10133,#10154,
    #10155,#10178,#10206,#10227,#10228));
#10052 = ORIENTED_EDGE('',*,*,#10053,.F.);
#10053 = EDGE_CURVE('',#9986,#10054,#10056,.T.);
#10054 = VERTEX_POINT('',#10055);
#10055 = CARTESIAN_POINT('',(44.6599999984,74.8,11.5));
#10056 = SURFACE_CURVE('',#10057,(#10061,#10068),.PCURVE_S1.);
#10057 = LINE('',#10058,#10059);
#10058 = CARTESIAN_POINT('',(44.66,40.4,11.5));
#10059 = VECTOR('',#10060,1.);
#10060 = DIRECTION('',(0.,1.,0.));
#10061 = PCURVE('',#8393,#10062);
#10062 = DEFINITIONAL_REPRESENTATION('',(#10063),#10067);
#10063 = LINE('',#10064,#10065);
#10064 = CARTESIAN_POINT('',(34.4,0.));
#10065 = VECTOR('',#10066,1.);
#10066 = DIRECTION('',(1.,0.));
#10067 = ( GEOMETRIC_REPRESENTATION_CONTEXT(2) 
PARAMETRIC_REPRESENTATION_CONTEXT() REPRESENTATION_CONTEXT('2D SPACE',''
  ) );
#10068 = PCURVE('',#10069,#10074);
#10069 = PLANE('',#10070);
#10070 = AXIS2_PLACEMENT_3D('',#10071,#10072,#10073);
#10071 = CARTESIAN_POINT('',(44.66,40.4,11.5));
#10072 = DIRECTION('',(0.707106781187,0.,-0.707106781186));
#10073 = DIRECTION('',(0.,1.,0.));
#10074 = DEFINITIONAL_REPRESENTATION('',(#10075),#10079);
#10075 = LINE('',#10076,#10077);
#10076 = CARTESIAN_POINT('',(0.,0.));
#10077 = VECTOR('',#10078,1.);
#10078 = DIRECTION('',(1.,0.));
#10079 = ( GEOMETRIC_REPRESENTATION_CONTEXT(2) 
PARAMETRIC_REPRESENTATION_CONTEXT() REPRESENTATION_CONTEXT('2D SPACE',''
  ) );
#10080 = ORIENTED_EDGE('',*,*,#9985,.T.);
#10081 = ORIENTED_EDGE('',*,*,#8596,.T.);
#10082 = ORIENTED_EDGE('',*,*,#10083,.F.);
#10083 = EDGE_CURVE('',#10084,#8569,#10086,.T.);
#10084 = VERTEX_POINT('',#10085);
#10085 = CARTESIAN_POINT('',(44.66,22.4,12.));
#10086 = SURFACE_CURVE('',#10087,(#10091,#10098),.PCURVE_S1.);
#10087 = LINE('',#10088,#10089);
#10088 = CARTESIAN_POINT('',(44.66,22.4,12.));
#10089 = VECTOR('',#10090,1.);
#10090 = DIRECTION('',(0.,0.,1.));
#10091 = PCURVE('',#8393,#10092);
#10092 = DEFINITIONAL_REPRESENTATION('',(#10093),#10097);
#10093 = LINE('',#10094,#10095);
#10094 = CARTESIAN_POINT('',(16.4,-0.5));
#10095 = VECTOR('',#10096,1.);
#10096 = DIRECTION('',(0.,-1.));
#10097 = ( GEOMETRIC_REPRESENTATION_CONTEXT(2) 
PARAMETRIC_REPRESENTATION_CONTEXT() REPRESENTATION_CONTEXT('2D SPACE',''
  ) );
#10098 = PCURVE('',#8584,#10099);
#10099 = DEFINITIONAL_REPRESENTATION('',(#10100),#10104);
#10100 = LINE('',#10101,#10102);
#10101 = CARTESIAN_POINT('',(0.,0.));
#10102 = VECTOR('',#10103,1.);
#10103 = DIRECTION('',(0.,-1.));
#10104 = ( GEOMETRIC_REPRESENTATION_CONTEXT(2) 
PARAMETRIC_REPRESENTATION_CONTEXT() REPRESENTATION_CONTEXT('2D SPACE',''
  ) );
#10105 = ORIENTED_EDGE('',*,*,#10106,.F.);
#10106 = EDGE_CURVE('',#10107,#10084,#10109,.T.);
#10107 = VERTEX_POINT('',#10108);
#10108 = CARTESIAN_POINT('',(44.66,28.4,12.));
#10109 = SURFACE_CURVE('',#10110,(#10114,#10121),.PCURVE_S1.);
#10110 = LINE('',#10111,#10112);
#10111 = CARTESIAN_POINT('',(44.66,28.4,12.));
#10112 = VECTOR('',#10113,1.);
#10113 = DIRECTION('',(2.22044604925E-16,-1.,0.));
#10114 = PCURVE('',#8393,#10115);
#10115 = DEFINITIONAL_REPRESENTATION('',(#10116),#10120);
#10116 = LINE('',#10117,#10118);
#10117 = CARTESIAN_POINT('',(22.4,-0.5));
#10118 = VECTOR('',#10119,1.);
#10119 = DIRECTION('',(-1.,0.));
#10120 = ( GEOMETRIC_REPRESENTATION_CONTEXT(2) 
PARAMETRIC_REPRESENTATION_CONTEXT() REPRESENTATION_CONTEXT('2D SPACE',''
  ) );
#10121 = PCURVE('',#10122,#10127);
#10122 = PLANE('',#10123);
#10123 = AXIS2_PLACEMENT_3D('',#10124,#10125,#10126);
#10124 = CARTESIAN_POINT('',(44.764272983845,25.4,12.));
#10125 = DIRECTION('',(0.,0.,1.));
#10126 = DIRECTION('',(2.22044604925E-16,-1.,0.));
#10127 = DEFINITIONAL_REPRESENTATION('',(#10128),#10132);
#10128 = LINE('',#10129,#10130);
#10129 = CARTESIAN_POINT('',(-3.,-0.104272983845));
#10130 = VECTOR('',#10131,1.);
#10131 = DIRECTION('',(1.,0.));
#10132 = ( GEOMETRIC_REPRESENTATION_CONTEXT(2) 
PARAMETRIC_REPRESENTATION_CONTEXT() REPRESENTATION_CONTEXT('2D SPACE',''
  ) );
#10133 = ORIENTED_EDGE('',*,*,#10134,.T.);
#10134 = EDGE_CURVE('',#10107,#8490,#10135,.T.);
#10135 = SURFACE_CURVE('',#10136,(#10140,#10147),.PCURVE_S1.);
#10136 = LINE('',#10137,#10138);
#10137 = CARTESIAN_POINT('',(44.66,28.4,12.));
#10138 = VECTOR('',#10139,1.);
#10139 = DIRECTION('',(0.,0.,1.));
#10140 = PCURVE('',#8393,#10141);
#10141 = DEFINITIONAL_REPRESENTATION('',(#10142),#10146);
#10142 = LINE('',#10143,#10144);
#10143 = CARTESIAN_POINT('',(22.4,-0.5));
#10144 = VECTOR('',#10145,1.);
#10145 = DIRECTION('',(0.,-1.));
#10146 = ( GEOMETRIC_REPRESENTATION_CONTEXT(2) 
PARAMETRIC_REPRESENTATION_CONTEXT() REPRESENTATION_CONTEXT('2D SPACE',''
  ) );
#10147 = PCURVE('',#8528,#10148);
#10148 = DEFINITIONAL_REPRESENTATION('',(#10149),#10153);
#10149 = LINE('',#10150,#10151);
#10150 = CARTESIAN_POINT('',(1.030776406404,0.));
#10151 = VECTOR('',#10152,1.);
#10152 = DIRECTION('',(0.,-1.));
#10153 = ( GEOMETRIC_REPRESENTATION_CONTEXT(2) 
PARAMETRIC_REPRESENTATION_CONTEXT() REPRESENTATION_CONTEXT('2D SPACE',''
  ) );
#10154 = ORIENTED_EDGE('',*,*,#8489,.T.);
#10155 = ORIENTED_EDGE('',*,*,#10156,.F.);
#10156 = EDGE_CURVE('',#10157,#8462,#10159,.T.);
#10157 = VERTEX_POINT('',#10158);
#10158 = CARTESIAN_POINT('',(44.66,52.4,12.));
#10159 = SURFACE_CURVE('',#10160,(#10164,#10171),.PCURVE_S1.);
#10160 = LINE('',#10161,#10162);
#10161 = CARTESIAN_POINT('',(44.66,52.4,12.));
#10162 = VECTOR('',#10163,1.);
#10163 = DIRECTION('',(0.,0.,1.));
#10164 = PCURVE('',#8393,#10165);
#10165 = DEFINITIONAL_REPRESENTATION('',(#10166),#10170);
#10166 = LINE('',#10167,#10168);
#10167 = CARTESIAN_POINT('',(46.4,-0.5));
#10168 = VECTOR('',#10169,1.);
#10169 = DIRECTION('',(0.,-1.));
#10170 = ( GEOMETRIC_REPRESENTATION_CONTEXT(2) 
PARAMETRIC_REPRESENTATION_CONTEXT() REPRESENTATION_CONTEXT('2D SPACE',''
  ) );
#10171 = PCURVE('',#8477,#10172);
#10172 = DEFINITIONAL_REPRESENTATION('',(#10173),#10177);
#10173 = LINE('',#10174,#10175);
#10174 = CARTESIAN_POINT('',(0.,0.));
#10175 = VECTOR('',#10176,1.);
#10176 = DIRECTION('',(0.,-1.));
#10177 = ( GEOMETRIC_REPRESENTATION_CONTEXT(2) 
PARAMETRIC_REPRESENTATION_CONTEXT() REPRESENTATION_CONTEXT('2D SPACE',''
  ) );
#10178 = ORIENTED_EDGE('',*,*,#10179,.F.);
#10179 = EDGE_CURVE('',#10180,#10157,#10182,.T.);
#10180 = VERTEX_POINT('',#10181);
#10181 = CARTESIAN_POINT('',(44.66,58.4,12.));
#10182 = SURFACE_CURVE('',#10183,(#10187,#10194),.PCURVE_S1.);
#10183 = LINE('',#10184,#10185);
#10184 = CARTESIAN_POINT('',(44.66,58.4,12.));
#10185 = VECTOR('',#10186,1.);
#10186 = DIRECTION('',(2.22044604925E-16,-1.,0.));
#10187 = PCURVE('',#8393,#10188);
#10188 = DEFINITIONAL_REPRESENTATION('',(#10189),#10193);
#10189 = LINE('',#10190,#10191);
#10190 = CARTESIAN_POINT('',(52.4,-0.5));
#10191 = VECTOR('',#10192,1.);
#10192 = DIRECTION('',(-1.,0.));
#10193 = ( GEOMETRIC_REPRESENTATION_CONTEXT(2) 
PARAMETRIC_REPRESENTATION_CONTEXT() REPRESENTATION_CONTEXT('2D SPACE',''
  ) );
#10194 = PCURVE('',#10195,#10200);
#10195 = PLANE('',#10196);
#10196 = AXIS2_PLACEMENT_3D('',#10197,#10198,#10199);
#10197 = CARTESIAN_POINT('',(44.764272983845,55.4,12.));
#10198 = DIRECTION('',(0.,0.,1.));
#10199 = DIRECTION('',(2.22044604925E-16,-1.,0.));
#10200 = DEFINITIONAL_REPRESENTATION('',(#10201),#10205);
#10201 = LINE('',#10202,#10203);
#10202 = CARTESIAN_POINT('',(-3.,-0.104272983845));
#10203 = VECTOR('',#10204,1.);
#10204 = DIRECTION('',(1.,0.));
#10205 = ( GEOMETRIC_REPRESENTATION_CONTEXT(2) 
PARAMETRIC_REPRESENTATION_CONTEXT() REPRESENTATION_CONTEXT('2D SPACE',''
  ) );
#10206 = ORIENTED_EDGE('',*,*,#10207,.T.);
#10207 = EDGE_CURVE('',#10180,#8378,#10208,.T.);
#10208 = SURFACE_CURVE('',#10209,(#10213,#10220),.PCURVE_S1.);
#10209 = LINE('',#10210,#10211);
#10210 = CARTESIAN_POINT('',(44.66,58.4,12.));
#10211 = VECTOR('',#10212,1.);
#10212 = DIRECTION('',(0.,0.,1.));
#10213 = PCURVE('',#8393,#10214);
#10214 = DEFINITIONAL_REPRESENTATION('',(#10215),#10219);
#10215 = LINE('',#10216,#10217);
#10216 = CARTESIAN_POINT('',(52.4,-0.5));
#10217 = VECTOR('',#10218,1.);
#10218 = DIRECTION('',(0.,-1.));
#10219 = ( GEOMETRIC_REPRESENTATION_CONTEXT(2) 
PARAMETRIC_REPRESENTATION_CONTEXT() REPRESENTATION_CONTEXT('2D SPACE',''
  ) );
#10220 = PCURVE('',#8421,#10221);
#10221 = DEFINITIONAL_REPRESENTATION('',(#10222),#10226);
#10222 = LINE('',#10223,#10224);
#10223 = CARTESIAN_POINT('',(1.030776406404,0.));
#10224 = VECTOR('',#10225,1.);
#10225 = DIRECTION('',(0.,-1.));
#10226 = ( GEOMETRIC_REPRESENTATION_CONTEXT(2) 
PARAMETRIC_REPRESENTATION_CONTEXT() REPRESENTATION_CONTEXT('2D SPACE',''
  ) );
#10227 = ORIENTED_EDGE('',*,*,#8377,.T.);
#10228 = ORIENTED_EDGE('',*,*,#10229,.F.);
#10229 = EDGE_CURVE('',#10054,#8345,#10230,.T.);
#10230 = SURFACE_CURVE('',#10231,(#10235,#10242),.PCURVE_S1.);
#10231 = LINE('',#10232,#10233);
#10232 = CARTESIAN_POINT('',(44.6599999984,74.8,11.5));
#10233 = VECTOR('',#10234,1.);
#10234 = DIRECTION('',(0.,0.,1.));
#10235 = PCURVE('',#8393,#10236);
#10236 = DEFINITIONAL_REPRESENTATION('',(#10237),#10241);
#10237 = LINE('',#10238,#10239);
#10238 = CARTESIAN_POINT('',(68.8,0.));
#10239 = VECTOR('',#10240,1.);
#10240 = DIRECTION('',(0.,-1.));
#10241 = ( GEOMETRIC_REPRESENTATION_CONTEXT(2) 
PARAMETRIC_REPRESENTATION_CONTEXT() REPRESENTATION_CONTEXT('2D SPACE',''
  ) );
#10242 = PCURVE('',#8365,#10243);
#10243 = DEFINITIONAL_REPRESENTATION('',(#10244),#10248);
#10244 = LINE('',#10245,#10246);
#10245 = CARTESIAN_POINT('',(3.14159265359,0.));
#10246 = VECTOR('',#10247,1.);
#10247 = DIRECTION('',(0.,-1.));
#10248 = ( GEOMETRIC_REPRESENTATION_CONTEXT(2) 
PARAMETRIC_REPRESENTATION_CONTEXT() REPRESENTATION_CONTEXT('2D SPACE',''
  ) );
#10249 = ADVANCED_FACE('',(#10250),#8584,.F.);
#10250 = FACE_BOUND('',#10251,.F.);
#10251 = EDGE_LOOP('',(#10252,#10253,#10254,#10277));
#10252 = ORIENTED_EDGE('',*,*,#10083,.T.);
#10253 = ORIENTED_EDGE('',*,*,#8568,.T.);
#10254 = ORIENTED_EDGE('',*,*,#10255,.F.);
#10255 = EDGE_CURVE('',#10256,#8541,#10258,.T.);
#10256 = VERTEX_POINT('',#10257);
#10257 = CARTESIAN_POINT('',(44.91,23.4,12.));
#10258 = SURFACE_CURVE('',#10259,(#10263,#10270),.PCURVE_S1.);
#10259 = LINE('',#10260,#10261);
#10260 = CARTESIAN_POINT('',(44.91,23.4,12.));
#10261 = VECTOR('',#10262,1.);
#10262 = DIRECTION('',(0.,0.,1.));
#10263 = PCURVE('',#8584,#10264);
#10264 = DEFINITIONAL_REPRESENTATION('',(#10265),#10269);
#10265 = LINE('',#10266,#10267);
#10266 = CARTESIAN_POINT('',(1.030776406404,0.));
#10267 = VECTOR('',#10268,1.);
#10268 = DIRECTION('',(0.,-1.));
#10269 = ( GEOMETRIC_REPRESENTATION_CONTEXT(2) 
PARAMETRIC_REPRESENTATION_CONTEXT() REPRESENTATION_CONTEXT('2D SPACE',''
  ) );
#10270 = PCURVE('',#8556,#10271);
#10271 = DEFINITIONAL_REPRESENTATION('',(#10272),#10276);
#10272 = LINE('',#10273,#10274);
#10273 = CARTESIAN_POINT('',(0.,-0.));
#10274 = VECTOR('',#10275,1.);
#10275 = DIRECTION('',(0.,-1.));
#10276 = ( GEOMETRIC_REPRESENTATION_CONTEXT(2) 
PARAMETRIC_REPRESENTATION_CONTEXT() REPRESENTATION_CONTEXT('2D SPACE',''
  ) );
#10277 = ORIENTED_EDGE('',*,*,#10278,.F.);
#10278 = EDGE_CURVE('',#10084,#10256,#10279,.T.);
#10279 = SURFACE_CURVE('',#10280,(#10284,#10291),.PCURVE_S1.);
#10280 = LINE('',#10281,#10282);
#10281 = CARTESIAN_POINT('',(44.66,22.4,12.));
#10282 = VECTOR('',#10283,1.);
#10283 = DIRECTION('',(0.242535625036,0.970142500145,0.));
#10284 = PCURVE('',#8584,#10285);
#10285 = DEFINITIONAL_REPRESENTATION('',(#10286),#10290);
#10286 = LINE('',#10287,#10288);
#10287 = CARTESIAN_POINT('',(0.,0.));
#10288 = VECTOR('',#10289,1.);
#10289 = DIRECTION('',(1.,0.));
#10290 = ( GEOMETRIC_REPRESENTATION_CONTEXT(2) 
PARAMETRIC_REPRESENTATION_CONTEXT() REPRESENTATION_CONTEXT('2D SPACE',''
  ) );
#10291 = PCURVE('',#10122,#10292);
#10292 = DEFINITIONAL_REPRESENTATION('',(#10293),#10297);
#10293 = LINE('',#10294,#10295);
#10294 = CARTESIAN_POINT('',(3.,-0.104272983845));
#10295 = VECTOR('',#10296,1.);
#10296 = DIRECTION('',(-0.970142500145,0.242535625036));
#10297 = ( GEOMETRIC_REPRESENTATION_CONTEXT(2) 
PARAMETRIC_REPRESENTATION_CONTEXT() REPRESENTATION_CONTEXT('2D SPACE',''
  ) );
#10298 = ADVANCED_FACE('',(#10299),#8556,.F.);
#10299 = FACE_BOUND('',#10300,.F.);
#10300 = EDGE_LOOP('',(#10301,#10302,#10303,#10326));
#10301 = ORIENTED_EDGE('',*,*,#10255,.T.);
#10302 = ORIENTED_EDGE('',*,*,#8540,.T.);
#10303 = ORIENTED_EDGE('',*,*,#10304,.F.);
#10304 = EDGE_CURVE('',#10305,#8513,#10307,.T.);
#10305 = VERTEX_POINT('',#10306);
#10306 = CARTESIAN_POINT('',(44.91,27.4,12.));
#10307 = SURFACE_CURVE('',#10308,(#10312,#10319),.PCURVE_S1.);
#10308 = LINE('',#10309,#10310);
#10309 = CARTESIAN_POINT('',(44.91,27.4,12.));
#10310 = VECTOR('',#10311,1.);
#10311 = DIRECTION('',(0.,0.,1.));
#10312 = PCURVE('',#8556,#10313);
#10313 = DEFINITIONAL_REPRESENTATION('',(#10314),#10318);
#10314 = LINE('',#10315,#10316);
#10315 = CARTESIAN_POINT('',(4.,0.));
#10316 = VECTOR('',#10317,1.);
#10317 = DIRECTION('',(0.,-1.));
#10318 = ( GEOMETRIC_REPRESENTATION_CONTEXT(2) 
PARAMETRIC_REPRESENTATION_CONTEXT() REPRESENTATION_CONTEXT('2D SPACE',''
  ) );
#10319 = PCURVE('',#8528,#10320);
#10320 = DEFINITIONAL_REPRESENTATION('',(#10321),#10325);
#10321 = LINE('',#10322,#10323);
#10322 = CARTESIAN_POINT('',(0.,0.));
#10323 = VECTOR('',#10324,1.);
#10324 = DIRECTION('',(0.,-1.));
#10325 = ( GEOMETRIC_REPRESENTATION_CONTEXT(2) 
PARAMETRIC_REPRESENTATION_CONTEXT() REPRESENTATION_CONTEXT('2D SPACE',''
  ) );
#10326 = ORIENTED_EDGE('',*,*,#10327,.F.);
#10327 = EDGE_CURVE('',#10256,#10305,#10328,.T.);
#10328 = SURFACE_CURVE('',#10329,(#10333,#10340),.PCURVE_S1.);
#10329 = LINE('',#10330,#10331);
#10330 = CARTESIAN_POINT('',(44.91,23.4,12.));
#10331 = VECTOR('',#10332,1.);
#10332 = DIRECTION('',(-2.22044604925E-16,1.,0.));
#10333 = PCURVE('',#8556,#10334);
#10334 = DEFINITIONAL_REPRESENTATION('',(#10335),#10339);
#10335 = LINE('',#10336,#10337);
#10336 = CARTESIAN_POINT('',(0.,-0.));
#10337 = VECTOR('',#10338,1.);
#10338 = DIRECTION('',(1.,0.));
#10339 = ( GEOMETRIC_REPRESENTATION_CONTEXT(2) 
PARAMETRIC_REPRESENTATION_CONTEXT() REPRESENTATION_CONTEXT('2D SPACE',''
  ) );
#10340 = PCURVE('',#10122,#10341);
#10341 = DEFINITIONAL_REPRESENTATION('',(#10342),#10346);
#10342 = LINE('',#10343,#10344);
#10343 = CARTESIAN_POINT('',(2.,0.145727016155));
#10344 = VECTOR('',#10345,1.);
#10345 = DIRECTION('',(-1.,0.));
#10346 = ( GEOMETRIC_REPRESENTATION_CONTEXT(2) 
PARAMETRIC_REPRESENTATION_CONTEXT() REPRESENTATION_CONTEXT('2D SPACE',''
  ) );
#10347 = ADVANCED_FACE('',(#10348),#8528,.F.);
#10348 = FACE_BOUND('',#10349,.F.);
#10349 = EDGE_LOOP('',(#10350,#10351,#10352,#10353));
#10350 = ORIENTED_EDGE('',*,*,#10304,.T.);
#10351 = ORIENTED_EDGE('',*,*,#8512,.T.);
#10352 = ORIENTED_EDGE('',*,*,#10134,.F.);
#10353 = ORIENTED_EDGE('',*,*,#10354,.F.);
#10354 = EDGE_CURVE('',#10305,#10107,#10355,.T.);
#10355 = SURFACE_CURVE('',#10356,(#10360,#10367),.PCURVE_S1.);
#10356 = LINE('',#10357,#10358);
#10357 = CARTESIAN_POINT('',(44.91,27.4,12.));
#10358 = VECTOR('',#10359,1.);
#10359 = DIRECTION('',(-0.242535625036,0.970142500145,0.));
#10360 = PCURVE('',#8528,#10361);
#10361 = DEFINITIONAL_REPRESENTATION('',(#10362),#10366);
#10362 = LINE('',#10363,#10364);
#10363 = CARTESIAN_POINT('',(0.,0.));
#10364 = VECTOR('',#10365,1.);
#10365 = DIRECTION('',(1.,0.));
#10366 = ( GEOMETRIC_REPRESENTATION_CONTEXT(2) 
PARAMETRIC_REPRESENTATION_CONTEXT() REPRESENTATION_CONTEXT('2D SPACE',''
  ) );
#10367 = PCURVE('',#10122,#10368);
#10368 = DEFINITIONAL_REPRESENTATION('',(#10369),#10373);
#10369 = LINE('',#10370,#10371);
#10370 = CARTESIAN_POINT('',(-2.,0.145727016155));
#10371 = VECTOR('',#10372,1.);
#10372 = DIRECTION('',(-0.970142500145,-0.242535625036));
#10373 = ( GEOMETRIC_REPRESENTATION_CONTEXT(2) 
PARAMETRIC_REPRESENTATION_CONTEXT() REPRESENTATION_CONTEXT('2D SPACE',''
  ) );
#10374 = ADVANCED_FACE('',(#10375),#8477,.F.);
#10375 = FACE_BOUND('',#10376,.F.);
#10376 = EDGE_LOOP('',(#10377,#10378,#10379,#10402));
#10377 = ORIENTED_EDGE('',*,*,#10156,.T.);
#10378 = ORIENTED_EDGE('',*,*,#8461,.T.);
#10379 = ORIENTED_EDGE('',*,*,#10380,.F.);
#10380 = EDGE_CURVE('',#10381,#8434,#10383,.T.);
#10381 = VERTEX_POINT('',#10382);
#10382 = CARTESIAN_POINT('',(44.91,53.4,12.));
#10383 = SURFACE_CURVE('',#10384,(#10388,#10395),.PCURVE_S1.);
#10384 = LINE('',#10385,#10386);
#10385 = CARTESIAN_POINT('',(44.91,53.4,12.));
#10386 = VECTOR('',#10387,1.);
#10387 = DIRECTION('',(0.,0.,1.));
#10388 = PCURVE('',#8477,#10389);
#10389 = DEFINITIONAL_REPRESENTATION('',(#10390),#10394);
#10390 = LINE('',#10391,#10392);
#10391 = CARTESIAN_POINT('',(1.030776406404,0.));
#10392 = VECTOR('',#10393,1.);
#10393 = DIRECTION('',(0.,-1.));
#10394 = ( GEOMETRIC_REPRESENTATION_CONTEXT(2) 
PARAMETRIC_REPRESENTATION_CONTEXT() REPRESENTATION_CONTEXT('2D SPACE',''
  ) );
#10395 = PCURVE('',#8449,#10396);
#10396 = DEFINITIONAL_REPRESENTATION('',(#10397),#10401);
#10397 = LINE('',#10398,#10399);
#10398 = CARTESIAN_POINT('',(0.,-0.));
#10399 = VECTOR('',#10400,1.);
#10400 = DIRECTION('',(0.,-1.));
#10401 = ( GEOMETRIC_REPRESENTATION_CONTEXT(2) 
PARAMETRIC_REPRESENTATION_CONTEXT() REPRESENTATION_CONTEXT('2D SPACE',''
  ) );
#10402 = ORIENTED_EDGE('',*,*,#10403,.F.);
#10403 = EDGE_CURVE('',#10157,#10381,#10404,.T.);
#10404 = SURFACE_CURVE('',#10405,(#10409,#10416),.PCURVE_S1.);
#10405 = LINE('',#10406,#10407);
#10406 = CARTESIAN_POINT('',(44.66,52.4,12.));
#10407 = VECTOR('',#10408,1.);
#10408 = DIRECTION('',(0.242535625036,0.970142500145,0.));
#10409 = PCURVE('',#8477,#10410);
#10410 = DEFINITIONAL_REPRESENTATION('',(#10411),#10415);
#10411 = LINE('',#10412,#10413);
#10412 = CARTESIAN_POINT('',(0.,0.));
#10413 = VECTOR('',#10414,1.);
#10414 = DIRECTION('',(1.,0.));
#10415 = ( GEOMETRIC_REPRESENTATION_CONTEXT(2) 
PARAMETRIC_REPRESENTATION_CONTEXT() REPRESENTATION_CONTEXT('2D SPACE',''
  ) );
#10416 = PCURVE('',#10195,#10417);
#10417 = DEFINITIONAL_REPRESENTATION('',(#10418),#10422);
#10418 = LINE('',#10419,#10420);
#10419 = CARTESIAN_POINT('',(3.,-0.104272983845));
#10420 = VECTOR('',#10421,1.);
#10421 = DIRECTION('',(-0.970142500145,0.242535625036));
#10422 = ( GEOMETRIC_REPRESENTATION_CONTEXT(2) 
PARAMETRIC_REPRESENTATION_CONTEXT() REPRESENTATION_CONTEXT('2D SPACE',''
  ) );
#10423 = ADVANCED_FACE('',(#10424),#8449,.F.);
#10424 = FACE_BOUND('',#10425,.F.);
#10425 = EDGE_LOOP('',(#10426,#10427,#10428,#10451));
#10426 = ORIENTED_EDGE('',*,*,#10380,.T.);
#10427 = ORIENTED_EDGE('',*,*,#8433,.T.);
#10428 = ORIENTED_EDGE('',*,*,#10429,.F.);
#10429 = EDGE_CURVE('',#10430,#8406,#10432,.T.);
#10430 = VERTEX_POINT('',#10431);
#10431 = CARTESIAN_POINT('',(44.91,57.4,12.));
#10432 = SURFACE_CURVE('',#10433,(#10437,#10444),.PCURVE_S1.);
#10433 = LINE('',#10434,#10435);
#10434 = CARTESIAN_POINT('',(44.91,57.4,12.));
#10435 = VECTOR('',#10436,1.);
#10436 = DIRECTION('',(0.,0.,1.));
#10437 = PCURVE('',#8449,#10438);
#10438 = DEFINITIONAL_REPRESENTATION('',(#10439),#10443);
#10439 = LINE('',#10440,#10441);
#10440 = CARTESIAN_POINT('',(4.,0.));
#10441 = VECTOR('',#10442,1.);
#10442 = DIRECTION('',(0.,-1.));
#10443 = ( GEOMETRIC_REPRESENTATION_CONTEXT(2) 
PARAMETRIC_REPRESENTATION_CONTEXT() REPRESENTATION_CONTEXT('2D SPACE',''
  ) );
#10444 = PCURVE('',#8421,#10445);
#10445 = DEFINITIONAL_REPRESENTATION('',(#10446),#10450);
#10446 = LINE('',#10447,#10448);
#10447 = CARTESIAN_POINT('',(0.,0.));
#10448 = VECTOR('',#10449,1.);
#10449 = DIRECTION('',(0.,-1.));
#10450 = ( GEOMETRIC_REPRESENTATION_CONTEXT(2) 
PARAMETRIC_REPRESENTATION_CONTEXT() REPRESENTATION_CONTEXT('2D SPACE',''
  ) );
#10451 = ORIENTED_EDGE('',*,*,#10452,.F.);
#10452 = EDGE_CURVE('',#10381,#10430,#10453,.T.);
#10453 = SURFACE_CURVE('',#10454,(#10458,#10465),.PCURVE_S1.);
#10454 = LINE('',#10455,#10456);
#10455 = CARTESIAN_POINT('',(44.91,53.4,12.));
#10456 = VECTOR('',#10457,1.);
#10457 = DIRECTION('',(-2.22044604925E-16,1.,0.));
#10458 = PCURVE('',#8449,#10459);
#10459 = DEFINITIONAL_REPRESENTATION('',(#10460),#10464);
#10460 = LINE('',#10461,#10462);
#10461 = CARTESIAN_POINT('',(0.,-0.));
#10462 = VECTOR('',#10463,1.);
#10463 = DIRECTION('',(1.,0.));
#10464 = ( GEOMETRIC_REPRESENTATION_CONTEXT(2) 
PARAMETRIC_REPRESENTATION_CONTEXT() REPRESENTATION_CONTEXT('2D SPACE',''
  ) );
#10465 = PCURVE('',#10195,#10466);
#10466 = DEFINITIONAL_REPRESENTATION('',(#10467),#10471);
#10467 = LINE('',#10468,#10469);
#10468 = CARTESIAN_POINT('',(2.,0.145727016155));
#10469 = VECTOR('',#10470,1.);
#10470 = DIRECTION('',(-1.,0.));
#10471 = ( GEOMETRIC_REPRESENTATION_CONTEXT(2) 
PARAMETRIC_REPRESENTATION_CONTEXT() REPRESENTATION_CONTEXT('2D SPACE',''
  ) );
#10472 = ADVANCED_FACE('',(#10473),#8421,.F.);
#10473 = FACE_BOUND('',#10474,.F.);
#10474 = EDGE_LOOP('',(#10475,#10476,#10477,#10478));
#10475 = ORIENTED_EDGE('',*,*,#10429,.T.);
#10476 = ORIENTED_EDGE('',*,*,#8405,.T.);
#10477 = ORIENTED_EDGE('',*,*,#10207,.F.);
#10478 = ORIENTED_EDGE('',*,*,#10479,.F.);
#10479 = EDGE_CURVE('',#10430,#10180,#10480,.T.);
#10480 = SURFACE_CURVE('',#10481,(#10485,#10492),.PCURVE_S1.);
#10481 = LINE('',#10482,#10483);
#10482 = CARTESIAN_POINT('',(44.91,57.4,12.));
#10483 = VECTOR('',#10484,1.);
#10484 = DIRECTION('',(-0.242535625036,0.970142500145,0.));
#10485 = PCURVE('',#8421,#10486);
#10486 = DEFINITIONAL_REPRESENTATION('',(#10487),#10491);
#10487 = LINE('',#10488,#10489);
#10488 = CARTESIAN_POINT('',(0.,0.));
#10489 = VECTOR('',#10490,1.);
#10490 = DIRECTION('',(1.,0.));
#10491 = ( GEOMETRIC_REPRESENTATION_CONTEXT(2) 
PARAMETRIC_REPRESENTATION_CONTEXT() REPRESENTATION_CONTEXT('2D SPACE',''
  ) );
#10492 = PCURVE('',#10195,#10493);
#10493 = DEFINITIONAL_REPRESENTATION('',(#10494),#10498);
#10494 = LINE('',#10495,#10496);
#10495 = CARTESIAN_POINT('',(-2.,0.145727016155));
#10496 = VECTOR('',#10497,1.);
#10497 = DIRECTION('',(-0.970142500145,-0.242535625036));
#10498 = ( GEOMETRIC_REPRESENTATION_CONTEXT(2) 
PARAMETRIC_REPRESENTATION_CONTEXT() REPRESENTATION_CONTEXT('2D SPACE',''
  ) );
#10499 = ADVANCED_FACE('',(#10500),#8365,.T.);
#10500 = FACE_BOUND('',#10501,.T.);
#10501 = EDGE_LOOP('',(#10502,#10525,#10526,#10527));
#10502 = ORIENTED_EDGE('',*,*,#10503,.T.);
#10503 = EDGE_CURVE('',#10504,#8322,#10506,.T.);
#10504 = VERTEX_POINT('',#10505);
#10505 = CARTESIAN_POINT('',(41.2099999968,78.25,11.5));
#10506 = SURFACE_CURVE('',#10507,(#10511,#10518),.PCURVE_S1.);
#10507 = LINE('',#10508,#10509);
#10508 = CARTESIAN_POINT('',(41.2099999968,78.25,11.5));
#10509 = VECTOR('',#10510,1.);
#10510 = DIRECTION('',(0.,0.,1.));
#10511 = PCURVE('',#8365,#10512);
#10512 = DEFINITIONAL_REPRESENTATION('',(#10513),#10517);
#10513 = LINE('',#10514,#10515);
#10514 = CARTESIAN_POINT('',(1.570796326795,0.));
#10515 = VECTOR('',#10516,1.);
#10516 = DIRECTION('',(0.,-1.));
#10517 = ( GEOMETRIC_REPRESENTATION_CONTEXT(2) 
PARAMETRIC_REPRESENTATION_CONTEXT() REPRESENTATION_CONTEXT('2D SPACE',''
  ) );
#10518 = PCURVE('',#8225,#10519);
#10519 = DEFINITIONAL_REPRESENTATION('',(#10520),#10524);
#10520 = LINE('',#10521,#10522);
#10521 = CARTESIAN_POINT('',(35.2099999968,0.));
#10522 = VECTOR('',#10523,1.);
#10523 = DIRECTION('',(0.,-1.));
#10524 = ( GEOMETRIC_REPRESENTATION_CONTEXT(2) 
PARAMETRIC_REPRESENTATION_CONTEXT() REPRESENTATION_CONTEXT('2D SPACE',''
  ) );
#10525 = ORIENTED_EDGE('',*,*,#8344,.T.);
#10526 = ORIENTED_EDGE('',*,*,#10229,.F.);
#10527 = ORIENTED_EDGE('',*,*,#10528,.F.);
#10528 = EDGE_CURVE('',#10504,#10054,#10529,.T.);
#10529 = SURFACE_CURVE('',#10530,(#10535,#10542),.PCURVE_S1.);
#10530 = CIRCLE('',#10531,3.45);
#10531 = AXIS2_PLACEMENT_3D('',#10532,#10533,#10534);
#10532 = CARTESIAN_POINT('',(41.2099999968,74.8,11.5));
#10533 = DIRECTION('',(0.,0.,-1.));
#10534 = DIRECTION('',(-1.,0.,0.));
#10535 = PCURVE('',#8365,#10536);
#10536 = DEFINITIONAL_REPRESENTATION('',(#10537),#10541);
#10537 = LINE('',#10538,#10539);
#10538 = CARTESIAN_POINT('',(0.,0.));
#10539 = VECTOR('',#10540,1.);
#10540 = DIRECTION('',(1.,0.));
#10541 = ( GEOMETRIC_REPRESENTATION_CONTEXT(2) 
PARAMETRIC_REPRESENTATION_CONTEXT() REPRESENTATION_CONTEXT('2D SPACE',''
  ) );
#10542 = PCURVE('',#10543,#10562);
#10543 = B_SPLINE_SURFACE_WITH_KNOTS('',8,1,(
    (#10544,#10545)
    ,(#10546,#10547)
    ,(#10548,#10549)
    ,(#10550,#10551)
    ,(#10552,#10553)
    ,(#10554,#10555)
    ,(#10556,#10557)
    ,(#10558,#10559)
    ,(#10560,#10561
    )),.UNSPECIFIED.,.F.,.F.,.F.,(9,9),(2,2),(3.14159265359,
    4.712388980385),(0.,1.),.PIECEWISE_BEZIER_KNOTS.);
#10544 = CARTESIAN_POINT('',(44.059999996338,74.8,10.9));
#10545 = CARTESIAN_POINT('',(44.6599999968,74.8,11.5));
#10546 = CARTESIAN_POINT('',(44.059999996338,75.35959619142,10.9));
#10547 = CARTESIAN_POINT('',(44.659999996799,75.47740591593,11.5));
#10548 = CARTESIAN_POINT('',(43.9344267478,75.919192558989,
    10.900000000001));
#10549 = CARTESIAN_POINT('',(44.507990274884,76.154812045092,
    11.500000000001));
#10550 = CARTESIAN_POINT('',(43.683281484071,76.445912717851,
    10.899999999999));
#10551 = CARTESIAN_POINT('',(44.203972324055,76.792420658453,
    11.499999999999));
#10552 = CARTESIAN_POINT('',(43.316887450312,76.906887453977,
    10.900000000001));
#10553 = CARTESIAN_POINT('',(43.760442704242,77.350442707444,
    11.500000000001));
#10554 = CARTESIAN_POINT('',(42.855912714193,77.27328148773,
    10.899999999999));
#10555 = CARTESIAN_POINT('',(43.202420655255,77.793972327254,
    11.499999999999));
#10556 = CARTESIAN_POINT('',(42.329192555326,77.524426751462,10.9));
#10557 = CARTESIAN_POINT('',(42.56481204189,78.097990278085,11.5));
#10558 = CARTESIAN_POINT('',(41.769596187759,77.649999999999,10.9));
#10559 = CARTESIAN_POINT('',(41.88740591273,78.25,11.5));
#10560 = CARTESIAN_POINT('',(41.209999996338,77.65,10.9));
#10561 = CARTESIAN_POINT('',(41.2099999968,78.25,11.5));
#10562 = DEFINITIONAL_REPRESENTATION('',(#10563),#10566);
#10563 = B_SPLINE_CURVE_WITH_KNOTS('',1,(#10564,#10565),.UNSPECIFIED.,
  .F.,.F.,(2,2),(1.570796326795,3.14159265359),
  .PIECEWISE_BEZIER_KNOTS.);
#10564 = CARTESIAN_POINT('',(4.712388980385,1.));
#10565 = CARTESIAN_POINT('',(3.14159265359,1.));
#10566 = ( GEOMETRIC_REPRESENTATION_CONTEXT(2) 
PARAMETRIC_REPRESENTATION_CONTEXT() REPRESENTATION_CONTEXT('2D SPACE',''
  ) );
#10567 = ADVANCED_FACE('',(#10568),#8225,.T.);
#10568 = FACE_BOUND('',#10569,.T.);
#10569 = EDGE_LOOP('',(#10570,#10597,#10618,#10619,#10642,#10670,#10691,
    #10692));
#10570 = ORIENTED_EDGE('',*,*,#10571,.F.);
#10571 = EDGE_CURVE('',#10572,#10504,#10574,.T.);
#10572 = VERTEX_POINT('',#10573);
#10573 = CARTESIAN_POINT('',(6.,78.25,11.5));
#10574 = SURFACE_CURVE('',#10575,(#10579,#10586),.PCURVE_S1.);
#10575 = LINE('',#10576,#10577);
#10576 = CARTESIAN_POINT('',(23.605,78.25,11.5));
#10577 = VECTOR('',#10578,1.);
#10578 = DIRECTION('',(1.,0.,0.));
#10579 = PCURVE('',#8225,#10580);
#10580 = DEFINITIONAL_REPRESENTATION('',(#10581),#10585);
#10581 = LINE('',#10582,#10583);
#10582 = CARTESIAN_POINT('',(17.605,0.));
#10583 = VECTOR('',#10584,1.);
#10584 = DIRECTION('',(1.,0.));
#10585 = ( GEOMETRIC_REPRESENTATION_CONTEXT(2) 
PARAMETRIC_REPRESENTATION_CONTEXT() REPRESENTATION_CONTEXT('2D SPACE',''
  ) );
#10586 = PCURVE('',#10587,#10592);
#10587 = B_SPLINE_SURFACE_WITH_KNOTS('',1,1,(
    (#10588,#10589)
    ,(#10590,#10591
    )),.UNSPECIFIED.,.F.,.F.,.F.,(2,2),(2,2),(-17.60499999679,17.605),(
    0.,1.),.PIECEWISE_BEZIER_KNOTS.);
#10588 = CARTESIAN_POINT('',(41.209999996338,77.65,10.9));
#10589 = CARTESIAN_POINT('',(41.2099999968,78.25,11.5));
#10590 = CARTESIAN_POINT('',(6.,77.65,10.9));
#10591 = CARTESIAN_POINT('',(6.,78.25,11.5));
#10592 = DEFINITIONAL_REPRESENTATION('',(#10593),#10596);
#10593 = B_SPLINE_CURVE_WITH_KNOTS('',1,(#10594,#10595),.UNSPECIFIED.,
  .F.,.F.,(2,2),(-17.605,17.604999996799),.PIECEWISE_BEZIER_KNOTS.);
#10594 = CARTESIAN_POINT('',(17.605,1.));
#10595 = CARTESIAN_POINT('',(-17.60499999679,1.));
#10596 = ( GEOMETRIC_REPRESENTATION_CONTEXT(2) 
PARAMETRIC_REPRESENTATION_CONTEXT() REPRESENTATION_CONTEXT('2D SPACE',''
  ) );
#10597 = ORIENTED_EDGE('',*,*,#10598,.T.);
#10598 = EDGE_CURVE('',#10572,#8177,#10599,.T.);
#10599 = SURFACE_CURVE('',#10600,(#10604,#10611),.PCURVE_S1.);
#10600 = LINE('',#10601,#10602);
#10601 = CARTESIAN_POINT('',(6.,78.25,11.5));
#10602 = VECTOR('',#10603,1.);
#10603 = DIRECTION('',(0.,0.,1.));
#10604 = PCURVE('',#8225,#10605);
#10605 = DEFINITIONAL_REPRESENTATION('',(#10606),#10610);
#10606 = LINE('',#10607,#10608);
#10607 = CARTESIAN_POINT('',(0.,0.));
#10608 = VECTOR('',#10609,1.);
#10609 = DIRECTION('',(0.,-1.));
#10610 = ( GEOMETRIC_REPRESENTATION_CONTEXT(2) 
PARAMETRIC_REPRESENTATION_CONTEXT() REPRESENTATION_CONTEXT('2D SPACE',''
  ) );
#10611 = PCURVE('',#8197,#10612);
#10612 = DEFINITIONAL_REPRESENTATION('',(#10613),#10617);
#10613 = LINE('',#10614,#10615);
#10614 = CARTESIAN_POINT('',(1.570796326795,0.));
#10615 = VECTOR('',#10616,1.);
#10616 = DIRECTION('',(0.,-1.));
#10617 = ( GEOMETRIC_REPRESENTATION_CONTEXT(2) 
PARAMETRIC_REPRESENTATION_CONTEXT() REPRESENTATION_CONTEXT('2D SPACE',''
  ) );
#10618 = ORIENTED_EDGE('',*,*,#8209,.T.);
#10619 = ORIENTED_EDGE('',*,*,#10620,.F.);
#10620 = EDGE_CURVE('',#10621,#8210,#10623,.T.);
#10621 = VERTEX_POINT('',#10622);
#10622 = CARTESIAN_POINT('',(20.605,78.25,12.));
#10623 = SURFACE_CURVE('',#10624,(#10628,#10635),.PCURVE_S1.);
#10624 = LINE('',#10625,#10626);
#10625 = CARTESIAN_POINT('',(20.605,78.25,12.));
#10626 = VECTOR('',#10627,1.);
#10627 = DIRECTION('',(0.,0.,1.));
#10628 = PCURVE('',#8225,#10629);
#10629 = DEFINITIONAL_REPRESENTATION('',(#10630),#10634);
#10630 = LINE('',#10631,#10632);
#10631 = CARTESIAN_POINT('',(14.605,-0.5));
#10632 = VECTOR('',#10633,1.);
#10633 = DIRECTION('',(0.,-1.));
#10634 = ( GEOMETRIC_REPRESENTATION_CONTEXT(2) 
PARAMETRIC_REPRESENTATION_CONTEXT() REPRESENTATION_CONTEXT('2D SPACE',''
  ) );
#10635 = PCURVE('',#8253,#10636);
#10636 = DEFINITIONAL_REPRESENTATION('',(#10637),#10641);
#10637 = LINE('',#10638,#10639);
#10638 = CARTESIAN_POINT('',(1.030776406404,0.));
#10639 = VECTOR('',#10640,1.);
#10640 = DIRECTION('',(0.,-1.));
#10641 = ( GEOMETRIC_REPRESENTATION_CONTEXT(2) 
PARAMETRIC_REPRESENTATION_CONTEXT() REPRESENTATION_CONTEXT('2D SPACE',''
  ) );
#10642 = ORIENTED_EDGE('',*,*,#10643,.T.);
#10643 = EDGE_CURVE('',#10621,#10644,#10646,.T.);
#10644 = VERTEX_POINT('',#10645);
#10645 = CARTESIAN_POINT('',(26.605,78.25,12.));
#10646 = SURFACE_CURVE('',#10647,(#10651,#10658),.PCURVE_S1.);
#10647 = LINE('',#10648,#10649);
#10648 = CARTESIAN_POINT('',(20.605,78.25,12.));
#10649 = VECTOR('',#10650,1.);
#10650 = DIRECTION('',(1.,0.,0.));
#10651 = PCURVE('',#8225,#10652);
#10652 = DEFINITIONAL_REPRESENTATION('',(#10653),#10657);
#10653 = LINE('',#10654,#10655);
#10654 = CARTESIAN_POINT('',(14.605,-0.5));
#10655 = VECTOR('',#10656,1.);
#10656 = DIRECTION('',(1.,0.));
#10657 = ( GEOMETRIC_REPRESENTATION_CONTEXT(2) 
PARAMETRIC_REPRESENTATION_CONTEXT() REPRESENTATION_CONTEXT('2D SPACE',''
  ) );
#10658 = PCURVE('',#10659,#10664);
#10659 = PLANE('',#10660);
#10660 = AXIS2_PLACEMENT_3D('',#10661,#10662,#10663);
#10661 = CARTESIAN_POINT('',(23.605,78.354272983845,12.));
#10662 = DIRECTION('',(0.,0.,1.));
#10663 = DIRECTION('',(1.,0.,-0.));
#10664 = DEFINITIONAL_REPRESENTATION('',(#10665),#10669);
#10665 = LINE('',#10666,#10667);
#10666 = CARTESIAN_POINT('',(-3.,-0.104272983845));
#10667 = VECTOR('',#10668,1.);
#10668 = DIRECTION('',(1.,0.));
#10669 = ( GEOMETRIC_REPRESENTATION_CONTEXT(2) 
PARAMETRIC_REPRESENTATION_CONTEXT() REPRESENTATION_CONTEXT('2D SPACE',''
  ) );
#10670 = ORIENTED_EDGE('',*,*,#10671,.T.);
#10671 = EDGE_CURVE('',#10644,#8294,#10672,.T.);
#10672 = SURFACE_CURVE('',#10673,(#10677,#10684),.PCURVE_S1.);
#10673 = LINE('',#10674,#10675);
#10674 = CARTESIAN_POINT('',(26.605,78.25,12.));
#10675 = VECTOR('',#10676,1.);
#10676 = DIRECTION('',(0.,0.,1.));
#10677 = PCURVE('',#8225,#10678);
#10678 = DEFINITIONAL_REPRESENTATION('',(#10679),#10683);
#10679 = LINE('',#10680,#10681);
#10680 = CARTESIAN_POINT('',(20.605,-0.5));
#10681 = VECTOR('',#10682,1.);
#10682 = DIRECTION('',(0.,-1.));
#10683 = ( GEOMETRIC_REPRESENTATION_CONTEXT(2) 
PARAMETRIC_REPRESENTATION_CONTEXT() REPRESENTATION_CONTEXT('2D SPACE',''
  ) );
#10684 = PCURVE('',#8309,#10685);
#10685 = DEFINITIONAL_REPRESENTATION('',(#10686),#10690);
#10686 = LINE('',#10687,#10688);
#10687 = CARTESIAN_POINT('',(0.,0.));
#10688 = VECTOR('',#10689,1.);
#10689 = DIRECTION('',(0.,-1.));
#10690 = ( GEOMETRIC_REPRESENTATION_CONTEXT(2) 
PARAMETRIC_REPRESENTATION_CONTEXT() REPRESENTATION_CONTEXT('2D SPACE',''
  ) );
#10691 = ORIENTED_EDGE('',*,*,#8321,.T.);
#10692 = ORIENTED_EDGE('',*,*,#10503,.F.);
#10693 = ADVANCED_FACE('',(#10694),#8309,.F.);
#10694 = FACE_BOUND('',#10695,.F.);
#10695 = EDGE_LOOP('',(#10696,#10697,#10698,#10721));
#10696 = ORIENTED_EDGE('',*,*,#10671,.T.);
#10697 = ORIENTED_EDGE('',*,*,#8293,.T.);
#10698 = ORIENTED_EDGE('',*,*,#10699,.F.);
#10699 = EDGE_CURVE('',#10700,#8266,#10702,.T.);
#10700 = VERTEX_POINT('',#10701);
#10701 = CARTESIAN_POINT('',(25.605,78.5,12.));
#10702 = SURFACE_CURVE('',#10703,(#10707,#10714),.PCURVE_S1.);
#10703 = LINE('',#10704,#10705);
#10704 = CARTESIAN_POINT('',(25.605,78.5,12.));
#10705 = VECTOR('',#10706,1.);
#10706 = DIRECTION('',(0.,0.,1.));
#10707 = PCURVE('',#8309,#10708);
#10708 = DEFINITIONAL_REPRESENTATION('',(#10709),#10713);
#10709 = LINE('',#10710,#10711);
#10710 = CARTESIAN_POINT('',(1.030776406404,0.));
#10711 = VECTOR('',#10712,1.);
#10712 = DIRECTION('',(0.,-1.));
#10713 = ( GEOMETRIC_REPRESENTATION_CONTEXT(2) 
PARAMETRIC_REPRESENTATION_CONTEXT() REPRESENTATION_CONTEXT('2D SPACE',''
  ) );
#10714 = PCURVE('',#8281,#10715);
#10715 = DEFINITIONAL_REPRESENTATION('',(#10716),#10720);
#10716 = LINE('',#10717,#10718);
#10717 = CARTESIAN_POINT('',(0.,-0.));
#10718 = VECTOR('',#10719,1.);
#10719 = DIRECTION('',(0.,-1.));
#10720 = ( GEOMETRIC_REPRESENTATION_CONTEXT(2) 
PARAMETRIC_REPRESENTATION_CONTEXT() REPRESENTATION_CONTEXT('2D SPACE',''
  ) );
#10721 = ORIENTED_EDGE('',*,*,#10722,.F.);
#10722 = EDGE_CURVE('',#10644,#10700,#10723,.T.);
#10723 = SURFACE_CURVE('',#10724,(#10728,#10735),.PCURVE_S1.);
#10724 = LINE('',#10725,#10726);
#10725 = CARTESIAN_POINT('',(26.605,78.25,12.));
#10726 = VECTOR('',#10727,1.);
#10727 = DIRECTION('',(-0.970142500145,0.242535625036,0.));
#10728 = PCURVE('',#8309,#10729);
#10729 = DEFINITIONAL_REPRESENTATION('',(#10730),#10734);
#10730 = LINE('',#10731,#10732);
#10731 = CARTESIAN_POINT('',(0.,0.));
#10732 = VECTOR('',#10733,1.);
#10733 = DIRECTION('',(1.,0.));
#10734 = ( GEOMETRIC_REPRESENTATION_CONTEXT(2) 
PARAMETRIC_REPRESENTATION_CONTEXT() REPRESENTATION_CONTEXT('2D SPACE',''
  ) );
#10735 = PCURVE('',#10659,#10736);
#10736 = DEFINITIONAL_REPRESENTATION('',(#10737),#10741);
#10737 = LINE('',#10738,#10739);
#10738 = CARTESIAN_POINT('',(3.,-0.104272983845));
#10739 = VECTOR('',#10740,1.);
#10740 = DIRECTION('',(-0.970142500145,0.242535625036));
#10741 = ( GEOMETRIC_REPRESENTATION_CONTEXT(2) 
PARAMETRIC_REPRESENTATION_CONTEXT() REPRESENTATION_CONTEXT('2D SPACE',''
  ) );
#10742 = ADVANCED_FACE('',(#10743),#8281,.F.);
#10743 = FACE_BOUND('',#10744,.F.);
#10744 = EDGE_LOOP('',(#10745,#10746,#10747,#10770));
#10745 = ORIENTED_EDGE('',*,*,#10699,.T.);
#10746 = ORIENTED_EDGE('',*,*,#8265,.T.);
#10747 = ORIENTED_EDGE('',*,*,#10748,.F.);
#10748 = EDGE_CURVE('',#10749,#8238,#10751,.T.);
#10749 = VERTEX_POINT('',#10750);
#10750 = CARTESIAN_POINT('',(21.605,78.5,12.));
#10751 = SURFACE_CURVE('',#10752,(#10756,#10763),.PCURVE_S1.);
#10752 = LINE('',#10753,#10754);
#10753 = CARTESIAN_POINT('',(21.605,78.5,12.));
#10754 = VECTOR('',#10755,1.);
#10755 = DIRECTION('',(0.,0.,1.));
#10756 = PCURVE('',#8281,#10757);
#10757 = DEFINITIONAL_REPRESENTATION('',(#10758),#10762);
#10758 = LINE('',#10759,#10760);
#10759 = CARTESIAN_POINT('',(4.,0.));
#10760 = VECTOR('',#10761,1.);
#10761 = DIRECTION('',(0.,-1.));
#10762 = ( GEOMETRIC_REPRESENTATION_CONTEXT(2) 
PARAMETRIC_REPRESENTATION_CONTEXT() REPRESENTATION_CONTEXT('2D SPACE',''
  ) );
#10763 = PCURVE('',#8253,#10764);
#10764 = DEFINITIONAL_REPRESENTATION('',(#10765),#10769);
#10765 = LINE('',#10766,#10767);
#10766 = CARTESIAN_POINT('',(0.,0.));
#10767 = VECTOR('',#10768,1.);
#10768 = DIRECTION('',(0.,-1.));
#10769 = ( GEOMETRIC_REPRESENTATION_CONTEXT(2) 
PARAMETRIC_REPRESENTATION_CONTEXT() REPRESENTATION_CONTEXT('2D SPACE',''
  ) );
#10770 = ORIENTED_EDGE('',*,*,#10771,.F.);
#10771 = EDGE_CURVE('',#10700,#10749,#10772,.T.);
#10772 = SURFACE_CURVE('',#10773,(#10777,#10784),.PCURVE_S1.);
#10773 = LINE('',#10774,#10775);
#10774 = CARTESIAN_POINT('',(25.605,78.5,12.));
#10775 = VECTOR('',#10776,1.);
#10776 = DIRECTION('',(-1.,0.,0.));
#10777 = PCURVE('',#8281,#10778);
#10778 = DEFINITIONAL_REPRESENTATION('',(#10779),#10783);
#10779 = LINE('',#10780,#10781);
#10780 = CARTESIAN_POINT('',(0.,-0.));
#10781 = VECTOR('',#10782,1.);
#10782 = DIRECTION('',(1.,0.));
#10783 = ( GEOMETRIC_REPRESENTATION_CONTEXT(2) 
PARAMETRIC_REPRESENTATION_CONTEXT() REPRESENTATION_CONTEXT('2D SPACE',''
  ) );
#10784 = PCURVE('',#10659,#10785);
#10785 = DEFINITIONAL_REPRESENTATION('',(#10786),#10790);
#10786 = LINE('',#10787,#10788);
#10787 = CARTESIAN_POINT('',(2.,0.145727016155));
#10788 = VECTOR('',#10789,1.);
#10789 = DIRECTION('',(-1.,0.));
#10790 = ( GEOMETRIC_REPRESENTATION_CONTEXT(2) 
PARAMETRIC_REPRESENTATION_CONTEXT() REPRESENTATION_CONTEXT('2D SPACE',''
  ) );
#10791 = ADVANCED_FACE('',(#10792),#8253,.F.);
#10792 = FACE_BOUND('',#10793,.F.);
#10793 = EDGE_LOOP('',(#10794,#10795,#10796,#10797));
#10794 = ORIENTED_EDGE('',*,*,#10748,.T.);
#10795 = ORIENTED_EDGE('',*,*,#8237,.T.);
#10796 = ORIENTED_EDGE('',*,*,#10620,.F.);
#10797 = ORIENTED_EDGE('',*,*,#10798,.F.);
#10798 = EDGE_CURVE('',#10749,#10621,#10799,.T.);
#10799 = SURFACE_CURVE('',#10800,(#10804,#10811),.PCURVE_S1.);
#10800 = LINE('',#10801,#10802);
#10801 = CARTESIAN_POINT('',(21.605,78.5,12.));
#10802 = VECTOR('',#10803,1.);
#10803 = DIRECTION('',(-0.970142500145,-0.242535625036,0.));
#10804 = PCURVE('',#8253,#10805);
#10805 = DEFINITIONAL_REPRESENTATION('',(#10806),#10810);
#10806 = LINE('',#10807,#10808);
#10807 = CARTESIAN_POINT('',(0.,0.));
#10808 = VECTOR('',#10809,1.);
#10809 = DIRECTION('',(1.,0.));
#10810 = ( GEOMETRIC_REPRESENTATION_CONTEXT(2) 
PARAMETRIC_REPRESENTATION_CONTEXT() REPRESENTATION_CONTEXT('2D SPACE',''
  ) );
#10811 = PCURVE('',#10659,#10812);
#10812 = DEFINITIONAL_REPRESENTATION('',(#10813),#10817);
#10813 = LINE('',#10814,#10815);
#10814 = CARTESIAN_POINT('',(-2.,0.145727016155));
#10815 = VECTOR('',#10816,1.);
#10816 = DIRECTION('',(-0.970142500145,-0.242535625036));
#10817 = ( GEOMETRIC_REPRESENTATION_CONTEXT(2) 
PARAMETRIC_REPRESENTATION_CONTEXT() REPRESENTATION_CONTEXT('2D SPACE',''
  ) );
#10818 = ADVANCED_FACE('',(#10819),#8197,.T.);
#10819 = FACE_BOUND('',#10820,.T.);
#10820 = EDGE_LOOP('',(#10821,#10844,#10845,#10846));
#10821 = ORIENTED_EDGE('',*,*,#10822,.T.);
#10822 = EDGE_CURVE('',#10823,#8154,#10825,.T.);
#10823 = VERTEX_POINT('',#10824);
#10824 = CARTESIAN_POINT('',(2.55,74.8,11.5));
#10825 = SURFACE_CURVE('',#10826,(#10830,#10837),.PCURVE_S1.);
#10826 = LINE('',#10827,#10828);
#10827 = CARTESIAN_POINT('',(2.55,74.8,11.5));
#10828 = VECTOR('',#10829,1.);
#10829 = DIRECTION('',(0.,0.,1.));
#10830 = PCURVE('',#8197,#10831);
#10831 = DEFINITIONAL_REPRESENTATION('',(#10832),#10836);
#10832 = LINE('',#10833,#10834);
#10833 = CARTESIAN_POINT('',(0.,0.));
#10834 = VECTOR('',#10835,1.);
#10835 = DIRECTION('',(0.,-1.));
#10836 = ( GEOMETRIC_REPRESENTATION_CONTEXT(2) 
PARAMETRIC_REPRESENTATION_CONTEXT() REPRESENTATION_CONTEXT('2D SPACE',''
  ) );
#10837 = PCURVE('',#7950,#10838);
#10838 = DEFINITIONAL_REPRESENTATION('',(#10839),#10843);
#10839 = LINE('',#10840,#10841);
#10840 = CARTESIAN_POINT('',(68.8,0.));
#10841 = VECTOR('',#10842,1.);
#10842 = DIRECTION('',(0.,-1.));
#10843 = ( GEOMETRIC_REPRESENTATION_CONTEXT(2) 
PARAMETRIC_REPRESENTATION_CONTEXT() REPRESENTATION_CONTEXT('2D SPACE',''
  ) );
#10844 = ORIENTED_EDGE('',*,*,#8176,.T.);
#10845 = ORIENTED_EDGE('',*,*,#10598,.F.);
#10846 = ORIENTED_EDGE('',*,*,#10847,.F.);
#10847 = EDGE_CURVE('',#10823,#10572,#10848,.T.);
#10848 = SURFACE_CURVE('',#10849,(#10854,#10861),.PCURVE_S1.);
#10849 = CIRCLE('',#10850,3.45);
#10850 = AXIS2_PLACEMENT_3D('',#10851,#10852,#10853);
#10851 = CARTESIAN_POINT('',(6.,74.8,11.5));
#10852 = DIRECTION('',(0.,0.,-1.));
#10853 = DIRECTION('',(-1.,0.,0.));
#10854 = PCURVE('',#8197,#10855);
#10855 = DEFINITIONAL_REPRESENTATION('',(#10856),#10860);
#10856 = LINE('',#10857,#10858);
#10857 = CARTESIAN_POINT('',(0.,0.));
#10858 = VECTOR('',#10859,1.);
#10859 = DIRECTION('',(1.,0.));
#10860 = ( GEOMETRIC_REPRESENTATION_CONTEXT(2) 
PARAMETRIC_REPRESENTATION_CONTEXT() REPRESENTATION_CONTEXT('2D SPACE',''
  ) );
#10861 = PCURVE('',#10862,#10867);
#10862 = CONICAL_SURFACE('',#10863,2.85,0.785398163397);
#10863 = AXIS2_PLACEMENT_3D('',#10864,#10865,#10866);
#10864 = CARTESIAN_POINT('',(6.,74.8,10.9));
#10865 = DIRECTION('',(-0.,-0.,1.));
#10866 = DIRECTION('',(-1.,0.,0.));
#10867 = DEFINITIONAL_REPRESENTATION('',(#10868),#10871);
#10868 = B_SPLINE_CURVE_WITH_KNOTS('',1,(#10869,#10870),.UNSPECIFIED.,
  .F.,.F.,(2,2),(0.,1.570796326795),.PIECEWISE_BEZIER_KNOTS.);
#10869 = CARTESIAN_POINT('',(6.28318530718,0.6));
#10870 = CARTESIAN_POINT('',(4.712388980385,0.6));
#10871 = ( GEOMETRIC_REPRESENTATION_CONTEXT(2) 
PARAMETRIC_REPRESENTATION_CONTEXT() REPRESENTATION_CONTEXT('2D SPACE',''
  ) );
#10872 = ADVANCED_FACE('',(#10873),#7950,.T.);
#10873 = FACE_BOUND('',#10874,.T.);
#10874 = EDGE_LOOP('',(#10875,#10903,#10924,#10925,#10948,#10976,#10997,
    #10998,#11021,#11049,#11070,#11071));
#10875 = ORIENTED_EDGE('',*,*,#10876,.F.);
#10876 = EDGE_CURVE('',#10877,#10823,#10879,.T.);
#10877 = VERTEX_POINT('',#10878);
#10878 = CARTESIAN_POINT('',(2.55,6.,11.5));
#10879 = SURFACE_CURVE('',#10880,(#10884,#10891),.PCURVE_S1.);
#10880 = LINE('',#10881,#10882);
#10881 = CARTESIAN_POINT('',(2.55,40.4,11.5));
#10882 = VECTOR('',#10883,1.);
#10883 = DIRECTION('',(0.,1.,0.));
#10884 = PCURVE('',#7950,#10885);
#10885 = DEFINITIONAL_REPRESENTATION('',(#10886),#10890);
#10886 = LINE('',#10887,#10888);
#10887 = CARTESIAN_POINT('',(34.4,0.));
#10888 = VECTOR('',#10889,1.);
#10889 = DIRECTION('',(1.,0.));
#10890 = ( GEOMETRIC_REPRESENTATION_CONTEXT(2) 
PARAMETRIC_REPRESENTATION_CONTEXT() REPRESENTATION_CONTEXT('2D SPACE',''
  ) );
#10891 = PCURVE('',#10892,#10897);
#10892 = PLANE('',#10893);
#10893 = AXIS2_PLACEMENT_3D('',#10894,#10895,#10896);
#10894 = CARTESIAN_POINT('',(2.55,40.4,11.5));
#10895 = DIRECTION('',(-0.707106781186,0.,-0.707106781187));
#10896 = DIRECTION('',(0.,-1.,-0.));
#10897 = DEFINITIONAL_REPRESENTATION('',(#10898),#10902);
#10898 = LINE('',#10899,#10900);
#10899 = CARTESIAN_POINT('',(0.,0.));
#10900 = VECTOR('',#10901,1.);
#10901 = DIRECTION('',(-1.,0.));
#10902 = ( GEOMETRIC_REPRESENTATION_CONTEXT(2) 
PARAMETRIC_REPRESENTATION_CONTEXT() REPRESENTATION_CONTEXT('2D SPACE',''
  ) );
#10903 = ORIENTED_EDGE('',*,*,#10904,.T.);
#10904 = EDGE_CURVE('',#10877,#7902,#10905,.T.);
#10905 = SURFACE_CURVE('',#10906,(#10910,#10917),.PCURVE_S1.);
#10906 = LINE('',#10907,#10908);
#10907 = CARTESIAN_POINT('',(2.55,6.,11.5));
#10908 = VECTOR('',#10909,1.);
#10909 = DIRECTION('',(0.,0.,1.));
#10910 = PCURVE('',#7950,#10911);
#10911 = DEFINITIONAL_REPRESENTATION('',(#10912),#10916);
#10912 = LINE('',#10913,#10914);
#10913 = CARTESIAN_POINT('',(0.,0.));
#10914 = VECTOR('',#10915,1.);
#10915 = DIRECTION('',(0.,-1.));
#10916 = ( GEOMETRIC_REPRESENTATION_CONTEXT(2) 
PARAMETRIC_REPRESENTATION_CONTEXT() REPRESENTATION_CONTEXT('2D SPACE',''
  ) );
#10917 = PCURVE('',#7922,#10918);
#10918 = DEFINITIONAL_REPRESENTATION('',(#10919),#10923);
#10919 = LINE('',#10920,#10921);
#10920 = CARTESIAN_POINT('',(6.28318530718,0.));
#10921 = VECTOR('',#10922,1.);
#10922 = DIRECTION('',(0.,-1.));
#10923 = ( GEOMETRIC_REPRESENTATION_CONTEXT(2) 
PARAMETRIC_REPRESENTATION_CONTEXT() REPRESENTATION_CONTEXT('2D SPACE',''
  ) );
#10924 = ORIENTED_EDGE('',*,*,#7934,.T.);
#10925 = ORIENTED_EDGE('',*,*,#10926,.F.);
#10926 = EDGE_CURVE('',#10927,#7935,#10929,.T.);
#10927 = VERTEX_POINT('',#10928);
#10928 = CARTESIAN_POINT('',(2.55,22.4,12.));
#10929 = SURFACE_CURVE('',#10930,(#10934,#10941),.PCURVE_S1.);
#10930 = LINE('',#10931,#10932);
#10931 = CARTESIAN_POINT('',(2.55,22.4,12.));
#10932 = VECTOR('',#10933,1.);
#10933 = DIRECTION('',(0.,0.,1.));
#10934 = PCURVE('',#7950,#10935);
#10935 = DEFINITIONAL_REPRESENTATION('',(#10936),#10940);
#10936 = LINE('',#10937,#10938);
#10937 = CARTESIAN_POINT('',(16.4,-0.5));
#10938 = VECTOR('',#10939,1.);
#10939 = DIRECTION('',(0.,-1.));
#10940 = ( GEOMETRIC_REPRESENTATION_CONTEXT(2) 
PARAMETRIC_REPRESENTATION_CONTEXT() REPRESENTATION_CONTEXT('2D SPACE',''
  ) );
#10941 = PCURVE('',#7978,#10942);
#10942 = DEFINITIONAL_REPRESENTATION('',(#10943),#10947);
#10943 = LINE('',#10944,#10945);
#10944 = CARTESIAN_POINT('',(1.030776406404,0.));
#10945 = VECTOR('',#10946,1.);
#10946 = DIRECTION('',(0.,-1.));
#10947 = ( GEOMETRIC_REPRESENTATION_CONTEXT(2) 
PARAMETRIC_REPRESENTATION_CONTEXT() REPRESENTATION_CONTEXT('2D SPACE',''
  ) );
#10948 = ORIENTED_EDGE('',*,*,#10949,.T.);
#10949 = EDGE_CURVE('',#10927,#10950,#10952,.T.);
#10950 = VERTEX_POINT('',#10951);
#10951 = CARTESIAN_POINT('',(2.55,28.4,12.));
#10952 = SURFACE_CURVE('',#10953,(#10957,#10964),.PCURVE_S1.);
#10953 = LINE('',#10954,#10955);
#10954 = CARTESIAN_POINT('',(2.55,22.4,12.));
#10955 = VECTOR('',#10956,1.);
#10956 = DIRECTION('',(2.22044604925E-16,1.,0.));
#10957 = PCURVE('',#7950,#10958);
#10958 = DEFINITIONAL_REPRESENTATION('',(#10959),#10963);
#10959 = LINE('',#10960,#10961);
#10960 = CARTESIAN_POINT('',(16.4,-0.5));
#10961 = VECTOR('',#10962,1.);
#10962 = DIRECTION('',(1.,0.));
#10963 = ( GEOMETRIC_REPRESENTATION_CONTEXT(2) 
PARAMETRIC_REPRESENTATION_CONTEXT() REPRESENTATION_CONTEXT('2D SPACE',''
  ) );
#10964 = PCURVE('',#10965,#10970);
#10965 = PLANE('',#10966);
#10966 = AXIS2_PLACEMENT_3D('',#10967,#10968,#10969);
#10967 = CARTESIAN_POINT('',(2.445727016155,25.4,12.));
#10968 = DIRECTION('',(0.,0.,1.));
#10969 = DIRECTION('',(2.22044604925E-16,1.,0.));
#10970 = DEFINITIONAL_REPRESENTATION('',(#10971),#10975);
#10971 = LINE('',#10972,#10973);
#10972 = CARTESIAN_POINT('',(-3.,-0.104272983845));
#10973 = VECTOR('',#10974,1.);
#10974 = DIRECTION('',(1.,0.));
#10975 = ( GEOMETRIC_REPRESENTATION_CONTEXT(2) 
PARAMETRIC_REPRESENTATION_CONTEXT() REPRESENTATION_CONTEXT('2D SPACE',''
  ) );
#10976 = ORIENTED_EDGE('',*,*,#10977,.T.);
#10977 = EDGE_CURVE('',#10950,#8019,#10978,.T.);
#10978 = SURFACE_CURVE('',#10979,(#10983,#10990),.PCURVE_S1.);
#10979 = LINE('',#10980,#10981);
#10980 = CARTESIAN_POINT('',(2.55,28.4,12.));
#10981 = VECTOR('',#10982,1.);
#10982 = DIRECTION('',(0.,0.,1.));
#10983 = PCURVE('',#7950,#10984);
#10984 = DEFINITIONAL_REPRESENTATION('',(#10985),#10989);
#10985 = LINE('',#10986,#10987);
#10986 = CARTESIAN_POINT('',(22.4,-0.5));
#10987 = VECTOR('',#10988,1.);
#10988 = DIRECTION('',(0.,-1.));
#10989 = ( GEOMETRIC_REPRESENTATION_CONTEXT(2) 
PARAMETRIC_REPRESENTATION_CONTEXT() REPRESENTATION_CONTEXT('2D SPACE',''
  ) );
#10990 = PCURVE('',#8034,#10991);
#10991 = DEFINITIONAL_REPRESENTATION('',(#10992),#10996);
#10992 = LINE('',#10993,#10994);
#10993 = CARTESIAN_POINT('',(0.,0.));
#10994 = VECTOR('',#10995,1.);
#10995 = DIRECTION('',(0.,-1.));
#10996 = ( GEOMETRIC_REPRESENTATION_CONTEXT(2) 
PARAMETRIC_REPRESENTATION_CONTEXT() REPRESENTATION_CONTEXT('2D SPACE',''
  ) );
#10997 = ORIENTED_EDGE('',*,*,#8046,.T.);
#10998 = ORIENTED_EDGE('',*,*,#10999,.F.);
#10999 = EDGE_CURVE('',#11000,#8047,#11002,.T.);
#11000 = VERTEX_POINT('',#11001);
#11001 = CARTESIAN_POINT('',(2.55,52.4,12.));
#11002 = SURFACE_CURVE('',#11003,(#11007,#11014),.PCURVE_S1.);
#11003 = LINE('',#11004,#11005);
#11004 = CARTESIAN_POINT('',(2.55,52.4,12.));
#11005 = VECTOR('',#11006,1.);
#11006 = DIRECTION('',(0.,0.,1.));
#11007 = PCURVE('',#7950,#11008);
#11008 = DEFINITIONAL_REPRESENTATION('',(#11009),#11013);
#11009 = LINE('',#11010,#11011);
#11010 = CARTESIAN_POINT('',(46.4,-0.5));
#11011 = VECTOR('',#11012,1.);
#11012 = DIRECTION('',(0.,-1.));
#11013 = ( GEOMETRIC_REPRESENTATION_CONTEXT(2) 
PARAMETRIC_REPRESENTATION_CONTEXT() REPRESENTATION_CONTEXT('2D SPACE',''
  ) );
#11014 = PCURVE('',#8085,#11015);
#11015 = DEFINITIONAL_REPRESENTATION('',(#11016),#11020);
#11016 = LINE('',#11017,#11018);
#11017 = CARTESIAN_POINT('',(1.030776406404,0.));
#11018 = VECTOR('',#11019,1.);
#11019 = DIRECTION('',(0.,-1.));
#11020 = ( GEOMETRIC_REPRESENTATION_CONTEXT(2) 
PARAMETRIC_REPRESENTATION_CONTEXT() REPRESENTATION_CONTEXT('2D SPACE',''
  ) );
#11021 = ORIENTED_EDGE('',*,*,#11022,.T.);
#11022 = EDGE_CURVE('',#11000,#11023,#11025,.T.);
#11023 = VERTEX_POINT('',#11024);
#11024 = CARTESIAN_POINT('',(2.55,58.4,12.));
#11025 = SURFACE_CURVE('',#11026,(#11030,#11037),.PCURVE_S1.);
#11026 = LINE('',#11027,#11028);
#11027 = CARTESIAN_POINT('',(2.55,52.4,12.));
#11028 = VECTOR('',#11029,1.);
#11029 = DIRECTION('',(2.22044604925E-16,1.,0.));
#11030 = PCURVE('',#7950,#11031);
#11031 = DEFINITIONAL_REPRESENTATION('',(#11032),#11036);
#11032 = LINE('',#11033,#11034);
#11033 = CARTESIAN_POINT('',(46.4,-0.5));
#11034 = VECTOR('',#11035,1.);
#11035 = DIRECTION('',(1.,0.));
#11036 = ( GEOMETRIC_REPRESENTATION_CONTEXT(2) 
PARAMETRIC_REPRESENTATION_CONTEXT() REPRESENTATION_CONTEXT('2D SPACE',''
  ) );
#11037 = PCURVE('',#11038,#11043);
#11038 = PLANE('',#11039);
#11039 = AXIS2_PLACEMENT_3D('',#11040,#11041,#11042);
#11040 = CARTESIAN_POINT('',(2.445727016155,55.4,12.));
#11041 = DIRECTION('',(0.,0.,1.));
#11042 = DIRECTION('',(2.22044604925E-16,1.,0.));
#11043 = DEFINITIONAL_REPRESENTATION('',(#11044),#11048);
#11044 = LINE('',#11045,#11046);
#11045 = CARTESIAN_POINT('',(-3.,-0.104272983845));
#11046 = VECTOR('',#11047,1.);
#11047 = DIRECTION('',(1.,0.));
#11048 = ( GEOMETRIC_REPRESENTATION_CONTEXT(2) 
PARAMETRIC_REPRESENTATION_CONTEXT() REPRESENTATION_CONTEXT('2D SPACE',''
  ) );
#11049 = ORIENTED_EDGE('',*,*,#11050,.T.);
#11050 = EDGE_CURVE('',#11023,#8126,#11051,.T.);
#11051 = SURFACE_CURVE('',#11052,(#11056,#11063),.PCURVE_S1.);
#11052 = LINE('',#11053,#11054);
#11053 = CARTESIAN_POINT('',(2.55,58.4,12.));
#11054 = VECTOR('',#11055,1.);
#11055 = DIRECTION('',(0.,0.,1.));
#11056 = PCURVE('',#7950,#11057);
#11057 = DEFINITIONAL_REPRESENTATION('',(#11058),#11062);
#11058 = LINE('',#11059,#11060);
#11059 = CARTESIAN_POINT('',(52.4,-0.5));
#11060 = VECTOR('',#11061,1.);
#11061 = DIRECTION('',(0.,-1.));
#11062 = ( GEOMETRIC_REPRESENTATION_CONTEXT(2) 
PARAMETRIC_REPRESENTATION_CONTEXT() REPRESENTATION_CONTEXT('2D SPACE',''
  ) );
#11063 = PCURVE('',#8141,#11064);
#11064 = DEFINITIONAL_REPRESENTATION('',(#11065),#11069);
#11065 = LINE('',#11066,#11067);
#11066 = CARTESIAN_POINT('',(0.,0.));
#11067 = VECTOR('',#11068,1.);
#11068 = DIRECTION('',(0.,-1.));
#11069 = ( GEOMETRIC_REPRESENTATION_CONTEXT(2) 
PARAMETRIC_REPRESENTATION_CONTEXT() REPRESENTATION_CONTEXT('2D SPACE',''
  ) );
#11070 = ORIENTED_EDGE('',*,*,#8153,.T.);
#11071 = ORIENTED_EDGE('',*,*,#10822,.F.);
#11072 = ADVANCED_FACE('',(#11073),#8141,.F.);
#11073 = FACE_BOUND('',#11074,.F.);
#11074 = EDGE_LOOP('',(#11075,#11076,#11077,#11100));
#11075 = ORIENTED_EDGE('',*,*,#11050,.T.);
#11076 = ORIENTED_EDGE('',*,*,#8125,.T.);
#11077 = ORIENTED_EDGE('',*,*,#11078,.F.);
#11078 = EDGE_CURVE('',#11079,#8098,#11081,.T.);
#11079 = VERTEX_POINT('',#11080);
#11080 = CARTESIAN_POINT('',(2.3,57.4,12.));
#11081 = SURFACE_CURVE('',#11082,(#11086,#11093),.PCURVE_S1.);
#11082 = LINE('',#11083,#11084);
#11083 = CARTESIAN_POINT('',(2.3,57.4,12.));
#11084 = VECTOR('',#11085,1.);
#11085 = DIRECTION('',(0.,0.,1.));
#11086 = PCURVE('',#8141,#11087);
#11087 = DEFINITIONAL_REPRESENTATION('',(#11088),#11092);
#11088 = LINE('',#11089,#11090);
#11089 = CARTESIAN_POINT('',(1.030776406404,0.));
#11090 = VECTOR('',#11091,1.);
#11091 = DIRECTION('',(0.,-1.));
#11092 = ( GEOMETRIC_REPRESENTATION_CONTEXT(2) 
PARAMETRIC_REPRESENTATION_CONTEXT() REPRESENTATION_CONTEXT('2D SPACE',''
  ) );
#11093 = PCURVE('',#8113,#11094);
#11094 = DEFINITIONAL_REPRESENTATION('',(#11095),#11099);
#11095 = LINE('',#11096,#11097);
#11096 = CARTESIAN_POINT('',(0.,-0.));
#11097 = VECTOR('',#11098,1.);
#11098 = DIRECTION('',(0.,-1.));
#11099 = ( GEOMETRIC_REPRESENTATION_CONTEXT(2) 
PARAMETRIC_REPRESENTATION_CONTEXT() REPRESENTATION_CONTEXT('2D SPACE',''
  ) );
#11100 = ORIENTED_EDGE('',*,*,#11101,.F.);
#11101 = EDGE_CURVE('',#11023,#11079,#11102,.T.);
#11102 = SURFACE_CURVE('',#11103,(#11107,#11114),.PCURVE_S1.);
#11103 = LINE('',#11104,#11105);
#11104 = CARTESIAN_POINT('',(2.55,58.4,12.));
#11105 = VECTOR('',#11106,1.);
#11106 = DIRECTION('',(-0.242535625036,-0.970142500145,0.));
#11107 = PCURVE('',#8141,#11108);
#11108 = DEFINITIONAL_REPRESENTATION('',(#11109),#11113);
#11109 = LINE('',#11110,#11111);
#11110 = CARTESIAN_POINT('',(0.,0.));
#11111 = VECTOR('',#11112,1.);
#11112 = DIRECTION('',(1.,0.));
#11113 = ( GEOMETRIC_REPRESENTATION_CONTEXT(2) 
PARAMETRIC_REPRESENTATION_CONTEXT() REPRESENTATION_CONTEXT('2D SPACE',''
  ) );
#11114 = PCURVE('',#11038,#11115);
#11115 = DEFINITIONAL_REPRESENTATION('',(#11116),#11120);
#11116 = LINE('',#11117,#11118);
#11117 = CARTESIAN_POINT('',(3.,-0.104272983845));
#11118 = VECTOR('',#11119,1.);
#11119 = DIRECTION('',(-0.970142500145,0.242535625036));
#11120 = ( GEOMETRIC_REPRESENTATION_CONTEXT(2) 
PARAMETRIC_REPRESENTATION_CONTEXT() REPRESENTATION_CONTEXT('2D SPACE',''
  ) );
#11121 = ADVANCED_FACE('',(#11122),#8113,.F.);
#11122 = FACE_BOUND('',#11123,.F.);
#11123 = EDGE_LOOP('',(#11124,#11125,#11126,#11149));
#11124 = ORIENTED_EDGE('',*,*,#11078,.T.);
#11125 = ORIENTED_EDGE('',*,*,#8097,.T.);
#11126 = ORIENTED_EDGE('',*,*,#11127,.F.);
#11127 = EDGE_CURVE('',#11128,#8070,#11130,.T.);
#11128 = VERTEX_POINT('',#11129);
#11129 = CARTESIAN_POINT('',(2.3,53.4,12.));
#11130 = SURFACE_CURVE('',#11131,(#11135,#11142),.PCURVE_S1.);
#11131 = LINE('',#11132,#11133);
#11132 = CARTESIAN_POINT('',(2.3,53.4,12.));
#11133 = VECTOR('',#11134,1.);
#11134 = DIRECTION('',(0.,0.,1.));
#11135 = PCURVE('',#8113,#11136);
#11136 = DEFINITIONAL_REPRESENTATION('',(#11137),#11141);
#11137 = LINE('',#11138,#11139);
#11138 = CARTESIAN_POINT('',(4.,0.));
#11139 = VECTOR('',#11140,1.);
#11140 = DIRECTION('',(0.,-1.));
#11141 = ( GEOMETRIC_REPRESENTATION_CONTEXT(2) 
PARAMETRIC_REPRESENTATION_CONTEXT() REPRESENTATION_CONTEXT('2D SPACE',''
  ) );
#11142 = PCURVE('',#8085,#11143);
#11143 = DEFINITIONAL_REPRESENTATION('',(#11144),#11148);
#11144 = LINE('',#11145,#11146);
#11145 = CARTESIAN_POINT('',(0.,0.));
#11146 = VECTOR('',#11147,1.);
#11147 = DIRECTION('',(0.,-1.));
#11148 = ( GEOMETRIC_REPRESENTATION_CONTEXT(2) 
PARAMETRIC_REPRESENTATION_CONTEXT() REPRESENTATION_CONTEXT('2D SPACE',''
  ) );
#11149 = ORIENTED_EDGE('',*,*,#11150,.F.);
#11150 = EDGE_CURVE('',#11079,#11128,#11151,.T.);
#11151 = SURFACE_CURVE('',#11152,(#11156,#11163),.PCURVE_S1.);
#11152 = LINE('',#11153,#11154);
#11153 = CARTESIAN_POINT('',(2.3,57.4,12.));
#11154 = VECTOR('',#11155,1.);
#11155 = DIRECTION('',(-2.22044604925E-16,-1.,0.));
#11156 = PCURVE('',#8113,#11157);
#11157 = DEFINITIONAL_REPRESENTATION('',(#11158),#11162);
#11158 = LINE('',#11159,#11160);
#11159 = CARTESIAN_POINT('',(0.,-0.));
#11160 = VECTOR('',#11161,1.);
#11161 = DIRECTION('',(1.,0.));
#11162 = ( GEOMETRIC_REPRESENTATION_CONTEXT(2) 
PARAMETRIC_REPRESENTATION_CONTEXT() REPRESENTATION_CONTEXT('2D SPACE',''
  ) );
#11163 = PCURVE('',#11038,#11164);
#11164 = DEFINITIONAL_REPRESENTATION('',(#11165),#11169);
#11165 = LINE('',#11166,#11167);
#11166 = CARTESIAN_POINT('',(2.,0.145727016155));
#11167 = VECTOR('',#11168,1.);
#11168 = DIRECTION('',(-1.,0.));
#11169 = ( GEOMETRIC_REPRESENTATION_CONTEXT(2) 
PARAMETRIC_REPRESENTATION_CONTEXT() REPRESENTATION_CONTEXT('2D SPACE',''
  ) );
#11170 = ADVANCED_FACE('',(#11171),#8085,.F.);
#11171 = FACE_BOUND('',#11172,.F.);
#11172 = EDGE_LOOP('',(#11173,#11174,#11175,#11176));
#11173 = ORIENTED_EDGE('',*,*,#11127,.T.);
#11174 = ORIENTED_EDGE('',*,*,#8069,.T.);
#11175 = ORIENTED_EDGE('',*,*,#10999,.F.);
#11176 = ORIENTED_EDGE('',*,*,#11177,.F.);
#11177 = EDGE_CURVE('',#11128,#11000,#11178,.T.);
#11178 = SURFACE_CURVE('',#11179,(#11183,#11190),.PCURVE_S1.);
#11179 = LINE('',#11180,#11181);
#11180 = CARTESIAN_POINT('',(2.3,53.4,12.));
#11181 = VECTOR('',#11182,1.);
#11182 = DIRECTION('',(0.242535625036,-0.970142500145,0.));
#11183 = PCURVE('',#8085,#11184);
#11184 = DEFINITIONAL_REPRESENTATION('',(#11185),#11189);
#11185 = LINE('',#11186,#11187);
#11186 = CARTESIAN_POINT('',(0.,0.));
#11187 = VECTOR('',#11188,1.);
#11188 = DIRECTION('',(1.,0.));
#11189 = ( GEOMETRIC_REPRESENTATION_CONTEXT(2) 
PARAMETRIC_REPRESENTATION_CONTEXT() REPRESENTATION_CONTEXT('2D SPACE',''
  ) );
#11190 = PCURVE('',#11038,#11191);
#11191 = DEFINITIONAL_REPRESENTATION('',(#11192),#11196);
#11192 = LINE('',#11193,#11194);
#11193 = CARTESIAN_POINT('',(-2.,0.145727016155));
#11194 = VECTOR('',#11195,1.);
#11195 = DIRECTION('',(-0.970142500145,-0.242535625036));
#11196 = ( GEOMETRIC_REPRESENTATION_CONTEXT(2) 
PARAMETRIC_REPRESENTATION_CONTEXT() REPRESENTATION_CONTEXT('2D SPACE',''
  ) );
#11197 = ADVANCED_FACE('',(#11198),#8034,.F.);
#11198 = FACE_BOUND('',#11199,.F.);
#11199 = EDGE_LOOP('',(#11200,#11201,#11202,#11225));
#11200 = ORIENTED_EDGE('',*,*,#10977,.T.);
#11201 = ORIENTED_EDGE('',*,*,#8018,.T.);
#11202 = ORIENTED_EDGE('',*,*,#11203,.F.);
#11203 = EDGE_CURVE('',#11204,#7991,#11206,.T.);
#11204 = VERTEX_POINT('',#11205);
#11205 = CARTESIAN_POINT('',(2.3,27.4,12.));
#11206 = SURFACE_CURVE('',#11207,(#11211,#11218),.PCURVE_S1.);
#11207 = LINE('',#11208,#11209);
#11208 = CARTESIAN_POINT('',(2.3,27.4,12.));
#11209 = VECTOR('',#11210,1.);
#11210 = DIRECTION('',(0.,0.,1.));
#11211 = PCURVE('',#8034,#11212);
#11212 = DEFINITIONAL_REPRESENTATION('',(#11213),#11217);
#11213 = LINE('',#11214,#11215);
#11214 = CARTESIAN_POINT('',(1.030776406404,0.));
#11215 = VECTOR('',#11216,1.);
#11216 = DIRECTION('',(0.,-1.));
#11217 = ( GEOMETRIC_REPRESENTATION_CONTEXT(2) 
PARAMETRIC_REPRESENTATION_CONTEXT() REPRESENTATION_CONTEXT('2D SPACE',''
  ) );
#11218 = PCURVE('',#8006,#11219);
#11219 = DEFINITIONAL_REPRESENTATION('',(#11220),#11224);
#11220 = LINE('',#11221,#11222);
#11221 = CARTESIAN_POINT('',(0.,-0.));
#11222 = VECTOR('',#11223,1.);
#11223 = DIRECTION('',(0.,-1.));
#11224 = ( GEOMETRIC_REPRESENTATION_CONTEXT(2) 
PARAMETRIC_REPRESENTATION_CONTEXT() REPRESENTATION_CONTEXT('2D SPACE',''
  ) );
#11225 = ORIENTED_EDGE('',*,*,#11226,.F.);
#11226 = EDGE_CURVE('',#10950,#11204,#11227,.T.);
#11227 = SURFACE_CURVE('',#11228,(#11232,#11239),.PCURVE_S1.);
#11228 = LINE('',#11229,#11230);
#11229 = CARTESIAN_POINT('',(2.55,28.4,12.));
#11230 = VECTOR('',#11231,1.);
#11231 = DIRECTION('',(-0.242535625036,-0.970142500145,0.));
#11232 = PCURVE('',#8034,#11233);
#11233 = DEFINITIONAL_REPRESENTATION('',(#11234),#11238);
#11234 = LINE('',#11235,#11236);
#11235 = CARTESIAN_POINT('',(0.,0.));
#11236 = VECTOR('',#11237,1.);
#11237 = DIRECTION('',(1.,0.));
#11238 = ( GEOMETRIC_REPRESENTATION_CONTEXT(2) 
PARAMETRIC_REPRESENTATION_CONTEXT() REPRESENTATION_CONTEXT('2D SPACE',''
  ) );
#11239 = PCURVE('',#10965,#11240);
#11240 = DEFINITIONAL_REPRESENTATION('',(#11241),#11245);
#11241 = LINE('',#11242,#11243);
#11242 = CARTESIAN_POINT('',(3.,-0.104272983845));
#11243 = VECTOR('',#11244,1.);
#11244 = DIRECTION('',(-0.970142500145,0.242535625036));
#11245 = ( GEOMETRIC_REPRESENTATION_CONTEXT(2) 
PARAMETRIC_REPRESENTATION_CONTEXT() REPRESENTATION_CONTEXT('2D SPACE',''
  ) );
#11246 = ADVANCED_FACE('',(#11247),#8006,.F.);
#11247 = FACE_BOUND('',#11248,.F.);
#11248 = EDGE_LOOP('',(#11249,#11250,#11251,#11274));
#11249 = ORIENTED_EDGE('',*,*,#11203,.T.);
#11250 = ORIENTED_EDGE('',*,*,#7990,.T.);
#11251 = ORIENTED_EDGE('',*,*,#11252,.F.);
#11252 = EDGE_CURVE('',#11253,#7963,#11255,.T.);
#11253 = VERTEX_POINT('',#11254);
#11254 = CARTESIAN_POINT('',(2.3,23.4,12.));
#11255 = SURFACE_CURVE('',#11256,(#11260,#11267),.PCURVE_S1.);
#11256 = LINE('',#11257,#11258);
#11257 = CARTESIAN_POINT('',(2.3,23.4,12.));
#11258 = VECTOR('',#11259,1.);
#11259 = DIRECTION('',(0.,0.,1.));
#11260 = PCURVE('',#8006,#11261);
#11261 = DEFINITIONAL_REPRESENTATION('',(#11262),#11266);
#11262 = LINE('',#11263,#11264);
#11263 = CARTESIAN_POINT('',(4.,0.));
#11264 = VECTOR('',#11265,1.);
#11265 = DIRECTION('',(0.,-1.));
#11266 = ( GEOMETRIC_REPRESENTATION_CONTEXT(2) 
PARAMETRIC_REPRESENTATION_CONTEXT() REPRESENTATION_CONTEXT('2D SPACE',''
  ) );
#11267 = PCURVE('',#7978,#11268);
#11268 = DEFINITIONAL_REPRESENTATION('',(#11269),#11273);
#11269 = LINE('',#11270,#11271);
#11270 = CARTESIAN_POINT('',(0.,0.));
#11271 = VECTOR('',#11272,1.);
#11272 = DIRECTION('',(0.,-1.));
#11273 = ( GEOMETRIC_REPRESENTATION_CONTEXT(2) 
PARAMETRIC_REPRESENTATION_CONTEXT() REPRESENTATION_CONTEXT('2D SPACE',''
  ) );
#11274 = ORIENTED_EDGE('',*,*,#11275,.F.);
#11275 = EDGE_CURVE('',#11204,#11253,#11276,.T.);
#11276 = SURFACE_CURVE('',#11277,(#11281,#11288),.PCURVE_S1.);
#11277 = LINE('',#11278,#11279);
#11278 = CARTESIAN_POINT('',(2.3,27.4,12.));
#11279 = VECTOR('',#11280,1.);
#11280 = DIRECTION('',(-2.22044604925E-16,-1.,0.));
#11281 = PCURVE('',#8006,#11282);
#11282 = DEFINITIONAL_REPRESENTATION('',(#11283),#11287);
#11283 = LINE('',#11284,#11285);
#11284 = CARTESIAN_POINT('',(0.,-0.));
#11285 = VECTOR('',#11286,1.);
#11286 = DIRECTION('',(1.,0.));
#11287 = ( GEOMETRIC_REPRESENTATION_CONTEXT(2) 
PARAMETRIC_REPRESENTATION_CONTEXT() REPRESENTATION_CONTEXT('2D SPACE',''
  ) );
#11288 = PCURVE('',#10965,#11289);
#11289 = DEFINITIONAL_REPRESENTATION('',(#11290),#11294);
#11290 = LINE('',#11291,#11292);
#11291 = CARTESIAN_POINT('',(2.,0.145727016155));
#11292 = VECTOR('',#11293,1.);
#11293 = DIRECTION('',(-1.,0.));
#11294 = ( GEOMETRIC_REPRESENTATION_CONTEXT(2) 
PARAMETRIC_REPRESENTATION_CONTEXT() REPRESENTATION_CONTEXT('2D SPACE',''
  ) );
#11295 = ADVANCED_FACE('',(#11296),#7978,.F.);
#11296 = FACE_BOUND('',#11297,.F.);
#11297 = EDGE_LOOP('',(#11298,#11299,#11300,#11301));
#11298 = ORIENTED_EDGE('',*,*,#11252,.T.);
#11299 = ORIENTED_EDGE('',*,*,#7962,.T.);
#11300 = ORIENTED_EDGE('',*,*,#10926,.F.);
#11301 = ORIENTED_EDGE('',*,*,#11302,.F.);
#11302 = EDGE_CURVE('',#11253,#10927,#11303,.T.);
#11303 = SURFACE_CURVE('',#11304,(#11308,#11315),.PCURVE_S1.);
#11304 = LINE('',#11305,#11306);
#11305 = CARTESIAN_POINT('',(2.3,23.4,12.));
#11306 = VECTOR('',#11307,1.);
#11307 = DIRECTION('',(0.242535625036,-0.970142500145,0.));
#11308 = PCURVE('',#7978,#11309);
#11309 = DEFINITIONAL_REPRESENTATION('',(#11310),#11314);
#11310 = LINE('',#11311,#11312);
#11311 = CARTESIAN_POINT('',(0.,0.));
#11312 = VECTOR('',#11313,1.);
#11313 = DIRECTION('',(1.,0.));
#11314 = ( GEOMETRIC_REPRESENTATION_CONTEXT(2) 
PARAMETRIC_REPRESENTATION_CONTEXT() REPRESENTATION_CONTEXT('2D SPACE',''
  ) );
#11315 = PCURVE('',#10965,#11316);
#11316 = DEFINITIONAL_REPRESENTATION('',(#11317),#11321);
#11317 = LINE('',#11318,#11319);
#11318 = CARTESIAN_POINT('',(-2.,0.145727016155));
#11319 = VECTOR('',#11320,1.);
#11320 = DIRECTION('',(-0.970142500145,-0.242535625036));
#11321 = ( GEOMETRIC_REPRESENTATION_CONTEXT(2) 
PARAMETRIC_REPRESENTATION_CONTEXT() REPRESENTATION_CONTEXT('2D SPACE',''
  ) );
#11322 = ADVANCED_FACE('',(#11323),#7922,.T.);
#11323 = FACE_BOUND('',#11324,.T.);
#11324 = EDGE_LOOP('',(#11325,#11326,#11327,#11328));
#11325 = ORIENTED_EDGE('',*,*,#9741,.T.);
#11326 = ORIENTED_EDGE('',*,*,#7901,.T.);
#11327 = ORIENTED_EDGE('',*,*,#10904,.F.);
#11328 = ORIENTED_EDGE('',*,*,#11329,.F.);
#11329 = EDGE_CURVE('',#9712,#10877,#11330,.T.);
#11330 = SURFACE_CURVE('',#11331,(#11336,#11343),.PCURVE_S1.);
#11331 = CIRCLE('',#11332,3.45);
#11332 = AXIS2_PLACEMENT_3D('',#11333,#11334,#11335);
#11333 = CARTESIAN_POINT('',(6.,6.,11.5));
#11334 = DIRECTION('',(0.,0.,-1.));
#11335 = DIRECTION('',(-1.,0.,0.));
#11336 = PCURVE('',#7922,#11337);
#11337 = DEFINITIONAL_REPRESENTATION('',(#11338),#11342);
#11338 = LINE('',#11339,#11340);
#11339 = CARTESIAN_POINT('',(0.,0.));
#11340 = VECTOR('',#11341,1.);
#11341 = DIRECTION('',(1.,0.));
#11342 = ( GEOMETRIC_REPRESENTATION_CONTEXT(2) 
PARAMETRIC_REPRESENTATION_CONTEXT() REPRESENTATION_CONTEXT('2D SPACE',''
  ) );
#11343 = PCURVE('',#11344,#11349);
#11344 = CONICAL_SURFACE('',#11345,2.85,0.785398163397);
#11345 = AXIS2_PLACEMENT_3D('',#11346,#11347,#11348);
#11346 = CARTESIAN_POINT('',(6.,6.,10.9));
#11347 = DIRECTION('',(-0.,-0.,1.));
#11348 = DIRECTION('',(-1.,0.,0.));
#11349 = DEFINITIONAL_REPRESENTATION('',(#11350),#11353);
#11350 = B_SPLINE_CURVE_WITH_KNOTS('',1,(#11351,#11352),.UNSPECIFIED.,
  .F.,.F.,(2,2),(4.712388980385,6.28318530718),
  .PIECEWISE_BEZIER_KNOTS.);
#11351 = CARTESIAN_POINT('',(1.570796326795,0.6));
#11352 = CARTESIAN_POINT('',(0.,0.6));
#11353 = ( GEOMETRIC_REPRESENTATION_CONTEXT(2) 
PARAMETRIC_REPRESENTATION_CONTEXT() REPRESENTATION_CONTEXT('2D SPACE',''
  ) );
#11354 = ADVANCED_FACE('',(#11355),#8797,.T.);
#11355 = FACE_BOUND('',#11356,.T.);
#11356 = EDGE_LOOP('',(#11357,#11358,#11359,#11382,#11406,#11429,#11453,
    #11474));
#11357 = ORIENTED_EDGE('',*,*,#8781,.F.);
#11358 = ORIENTED_EDGE('',*,*,#9178,.T.);
#11359 = ORIENTED_EDGE('',*,*,#11360,.T.);
#11360 = EDGE_CURVE('',#9159,#11361,#11363,.T.);
#11361 = VERTEX_POINT('',#11362);
#11362 = CARTESIAN_POINT('',(41.209999997831,0.4,38.8));
#11363 = SURFACE_CURVE('',#11364,(#11368,#11375),.PCURVE_S1.);
#11364 = LINE('',#11365,#11366);
#11365 = CARTESIAN_POINT('',(23.605,0.4,38.8));
#11366 = VECTOR('',#11367,1.);
#11367 = DIRECTION('',(1.,0.,0.));
#11368 = PCURVE('',#8797,#11369);
#11369 = DEFINITIONAL_REPRESENTATION('',(#11370),#11374);
#11370 = LINE('',#11371,#11372);
#11371 = CARTESIAN_POINT('',(17.605,-5.6));
#11372 = VECTOR('',#11373,1.);
#11373 = DIRECTION('',(1.,0.));
#11374 = ( GEOMETRIC_REPRESENTATION_CONTEXT(2) 
PARAMETRIC_REPRESENTATION_CONTEXT() REPRESENTATION_CONTEXT('2D SPACE',''
  ) );
#11375 = PCURVE('',#8847,#11376);
#11376 = DEFINITIONAL_REPRESENTATION('',(#11377),#11381);
#11377 = LINE('',#11378,#11379);
#11378 = CARTESIAN_POINT('',(0.,0.));
#11379 = VECTOR('',#11380,1.);
#11380 = DIRECTION('',(1.,0.));
#11381 = ( GEOMETRIC_REPRESENTATION_CONTEXT(2) 
PARAMETRIC_REPRESENTATION_CONTEXT() REPRESENTATION_CONTEXT('2D SPACE',''
  ) );
#11382 = ORIENTED_EDGE('',*,*,#11383,.T.);
#11383 = EDGE_CURVE('',#11361,#11384,#11386,.T.);
#11384 = VERTEX_POINT('',#11385);
#11385 = CARTESIAN_POINT('',(46.809999998916,6.,38.8));
#11386 = SURFACE_CURVE('',#11387,(#11392,#11399),.PCURVE_S1.);
#11387 = CIRCLE('',#11388,5.6);
#11388 = AXIS2_PLACEMENT_3D('',#11389,#11390,#11391);
#11389 = CARTESIAN_POINT('',(41.209999997831,6.,38.8));
#11390 = DIRECTION('',(0.,0.,1.));
#11391 = DIRECTION('',(1.,0.,0.));
#11392 = PCURVE('',#8797,#11393);
#11393 = DEFINITIONAL_REPRESENTATION('',(#11394),#11398);
#11394 = CIRCLE('',#11395,5.6);
#11395 = AXIS2_PLACEMENT_2D('',#11396,#11397);
#11396 = CARTESIAN_POINT('',(35.209999997831,0.));
#11397 = DIRECTION('',(1.,0.));
#11398 = ( GEOMETRIC_REPRESENTATION_CONTEXT(2) 
PARAMETRIC_REPRESENTATION_CONTEXT() REPRESENTATION_CONTEXT('2D SPACE',''
  ) );
#11399 = PCURVE('',#9561,#11400);
#11400 = DEFINITIONAL_REPRESENTATION('',(#11401),#11405);
#11401 = LINE('',#11402,#11403);
#11402 = CARTESIAN_POINT('',(0.,1.));
#11403 = VECTOR('',#11404,1.);
#11404 = DIRECTION('',(1.,0.));
#11405 = ( GEOMETRIC_REPRESENTATION_CONTEXT(2) 
PARAMETRIC_REPRESENTATION_CONTEXT() REPRESENTATION_CONTEXT('2D SPACE',''
  ) );
#11406 = ORIENTED_EDGE('',*,*,#11407,.T.);
#11407 = EDGE_CURVE('',#11384,#11408,#11410,.T.);
#11408 = VERTEX_POINT('',#11409);
#11409 = CARTESIAN_POINT('',(46.809999998916,74.8,38.8));
#11410 = SURFACE_CURVE('',#11411,(#11415,#11422),.PCURVE_S1.);
#11411 = LINE('',#11412,#11413);
#11412 = CARTESIAN_POINT('',(46.81,40.4,38.8));
#11413 = VECTOR('',#11414,1.);
#11414 = DIRECTION('',(0.,1.,0.));
#11415 = PCURVE('',#8797,#11416);
#11416 = DEFINITIONAL_REPRESENTATION('',(#11417),#11421);
#11417 = LINE('',#11418,#11419);
#11418 = CARTESIAN_POINT('',(40.81,34.4));
#11419 = VECTOR('',#11420,1.);
#11420 = DIRECTION('',(0.,1.));
#11421 = ( GEOMETRIC_REPRESENTATION_CONTEXT(2) 
PARAMETRIC_REPRESENTATION_CONTEXT() REPRESENTATION_CONTEXT('2D SPACE',''
  ) );
#11422 = PCURVE('',#9694,#11423);
#11423 = DEFINITIONAL_REPRESENTATION('',(#11424),#11428);
#11424 = LINE('',#11425,#11426);
#11425 = CARTESIAN_POINT('',(0.,0.));
#11426 = VECTOR('',#11427,1.);
#11427 = DIRECTION('',(1.,0.));
#11428 = ( GEOMETRIC_REPRESENTATION_CONTEXT(2) 
PARAMETRIC_REPRESENTATION_CONTEXT() REPRESENTATION_CONTEXT('2D SPACE',''
  ) );
#11429 = ORIENTED_EDGE('',*,*,#11430,.T.);
#11430 = EDGE_CURVE('',#11408,#11431,#11433,.T.);
#11431 = VERTEX_POINT('',#11432);
#11432 = CARTESIAN_POINT('',(41.209999997831,80.4,38.8));
#11433 = SURFACE_CURVE('',#11434,(#11439,#11446),.PCURVE_S1.);
#11434 = CIRCLE('',#11435,5.6);
#11435 = AXIS2_PLACEMENT_3D('',#11436,#11437,#11438);
#11436 = CARTESIAN_POINT('',(41.209999997831,74.8,38.8));
#11437 = DIRECTION('',(0.,0.,1.));
#11438 = DIRECTION('',(1.,0.,0.));
#11439 = PCURVE('',#8797,#11440);
#11440 = DEFINITIONAL_REPRESENTATION('',(#11441),#11445);
#11441 = CIRCLE('',#11442,5.6);
#11442 = AXIS2_PLACEMENT_2D('',#11443,#11444);
#11443 = CARTESIAN_POINT('',(35.209999997831,68.8));
#11444 = DIRECTION('',(1.,0.));
#11445 = ( GEOMETRIC_REPRESENTATION_CONTEXT(2) 
PARAMETRIC_REPRESENTATION_CONTEXT() REPRESENTATION_CONTEXT('2D SPACE',''
  ) );
#11446 = PCURVE('',#9649,#11447);
#11447 = DEFINITIONAL_REPRESENTATION('',(#11448),#11452);
#11448 = LINE('',#11449,#11450);
#11449 = CARTESIAN_POINT('',(0.,1.));
#11450 = VECTOR('',#11451,1.);
#11451 = DIRECTION('',(1.,0.));
#11452 = ( GEOMETRIC_REPRESENTATION_CONTEXT(2) 
PARAMETRIC_REPRESENTATION_CONTEXT() REPRESENTATION_CONTEXT('2D SPACE',''
  ) );
#11453 = ORIENTED_EDGE('',*,*,#11454,.F.);
#11454 = EDGE_CURVE('',#9498,#11431,#11455,.T.);
#11455 = SURFACE_CURVE('',#11456,(#11460,#11467),.PCURVE_S1.);
#11456 = LINE('',#11457,#11458);
#11457 = CARTESIAN_POINT('',(23.605,80.4,38.8));
#11458 = VECTOR('',#11459,1.);
#11459 = DIRECTION('',(1.,0.,0.));
#11460 = PCURVE('',#8797,#11461);
#11461 = DEFINITIONAL_REPRESENTATION('',(#11462),#11466);
#11462 = LINE('',#11463,#11464);
#11463 = CARTESIAN_POINT('',(17.605,74.4));
#11464 = VECTOR('',#11465,1.);
#11465 = DIRECTION('',(1.,0.));
#11466 = ( GEOMETRIC_REPRESENTATION_CONTEXT(2) 
PARAMETRIC_REPRESENTATION_CONTEXT() REPRESENTATION_CONTEXT('2D SPACE',''
  ) );
#11467 = PCURVE('',#9221,#11468);
#11468 = DEFINITIONAL_REPRESENTATION('',(#11469),#11473);
#11469 = LINE('',#11470,#11471);
#11470 = CARTESIAN_POINT('',(0.,1.));
#11471 = VECTOR('',#11472,1.);
#11472 = DIRECTION('',(-1.,0.));
#11473 = ( GEOMETRIC_REPRESENTATION_CONTEXT(2) 
PARAMETRIC_REPRESENTATION_CONTEXT() REPRESENTATION_CONTEXT('2D SPACE',''
  ) );
#11474 = ORIENTED_EDGE('',*,*,#9497,.T.);
#11475 = ADVANCED_FACE('',(#11476),#8847,.T.);
#11476 = FACE_BOUND('',#11477,.T.);
#11477 = EDGE_LOOP('',(#11478,#11479,#11498,#11499));
#11478 = ORIENTED_EDGE('',*,*,#8831,.T.);
#11479 = ORIENTED_EDGE('',*,*,#11480,.T.);
#11480 = EDGE_CURVE('',#8832,#11361,#11481,.T.);
#11481 = SURFACE_CURVE('',#11482,(#11485,#11491),.PCURVE_S1.);
#11482 = B_SPLINE_CURVE_WITH_KNOTS('',1,(#11483,#11484),.UNSPECIFIED.,
  .F.,.F.,(2,2),(0.,1.),.PIECEWISE_BEZIER_KNOTS.);
#11483 = CARTESIAN_POINT('',(41.20999999796,0.,38.4));
#11484 = CARTESIAN_POINT('',(41.209999997831,0.4,38.8));
#11485 = PCURVE('',#8847,#11486);
#11486 = DEFINITIONAL_REPRESENTATION('',(#11487),#11490);
#11487 = B_SPLINE_CURVE_WITH_KNOTS('',1,(#11488,#11489),.UNSPECIFIED.,
  .F.,.F.,(2,2),(0.,1.),.PIECEWISE_BEZIER_KNOTS.);
#11488 = CARTESIAN_POINT('',(17.60499999796,-0.565685424949));
#11489 = CARTESIAN_POINT('',(17.604999997831,0.));
#11490 = ( GEOMETRIC_REPRESENTATION_CONTEXT(2) 
PARAMETRIC_REPRESENTATION_CONTEXT() REPRESENTATION_CONTEXT('2D SPACE',''
  ) );
#11491 = PCURVE('',#9561,#11492);
#11492 = DEFINITIONAL_REPRESENTATION('',(#11493),#11497);
#11493 = LINE('',#11494,#11495);
#11494 = CARTESIAN_POINT('',(4.712388980385,0.));
#11495 = VECTOR('',#11496,1.);
#11496 = DIRECTION('',(0.,1.));
#11497 = ( GEOMETRIC_REPRESENTATION_CONTEXT(2) 
PARAMETRIC_REPRESENTATION_CONTEXT() REPRESENTATION_CONTEXT('2D SPACE',''
  ) );
#11498 = ORIENTED_EDGE('',*,*,#11360,.F.);
#11499 = ORIENTED_EDGE('',*,*,#9158,.F.);
#11500 = ADVANCED_FACE('',(#11501),#8900,.F.);
#11501 = FACE_BOUND('',#11502,.F.);
#11502 = EDGE_LOOP('',(#11503,#11504,#11527,#11553));
#11503 = ORIENTED_EDGE('',*,*,#8883,.T.);
#11504 = ORIENTED_EDGE('',*,*,#11505,.T.);
#11505 = EDGE_CURVE('',#8886,#11506,#11508,.T.);
#11506 = VERTEX_POINT('',#11507);
#11507 = CARTESIAN_POINT('',(8.105,2.4,30.575000028159));
#11508 = SURFACE_CURVE('',#11509,(#11513,#11520),.PCURVE_S1.);
#11509 = LINE('',#11510,#11511);
#11510 = CARTESIAN_POINT('',(8.105,-1.,30.575000028159));
#11511 = VECTOR('',#11512,1.);
#11512 = DIRECTION('',(0.,1.,2.22044604925E-16));
#11513 = PCURVE('',#8900,#11514);
#11514 = DEFINITIONAL_REPRESENTATION('',(#11515),#11519);
#11515 = LINE('',#11516,#11517);
#11516 = CARTESIAN_POINT('',(-2.22044604925E-16,0.));
#11517 = VECTOR('',#11518,1.);
#11518 = DIRECTION('',(0.,-1.));
#11519 = ( GEOMETRIC_REPRESENTATION_CONTEXT(2) 
PARAMETRIC_REPRESENTATION_CONTEXT() REPRESENTATION_CONTEXT('2D SPACE',''
  ) );
#11520 = PCURVE('',#9107,#11521);
#11521 = DEFINITIONAL_REPRESENTATION('',(#11522),#11526);
#11522 = LINE('',#11523,#11524);
#11523 = CARTESIAN_POINT('',(6.28318530718,0.));
#11524 = VECTOR('',#11525,1.);
#11525 = DIRECTION('',(0.,-1.));
#11526 = ( GEOMETRIC_REPRESENTATION_CONTEXT(2) 
PARAMETRIC_REPRESENTATION_CONTEXT() REPRESENTATION_CONTEXT('2D SPACE',''
  ) );
#11527 = ORIENTED_EDGE('',*,*,#11528,.F.);
#11528 = EDGE_CURVE('',#11529,#11506,#11531,.T.);
#11529 = VERTEX_POINT('',#11530);
#11530 = CARTESIAN_POINT('',(8.105,2.4,27.574999977126));
#11531 = SURFACE_CURVE('',#11532,(#11536,#11542),.PCURVE_S1.);
#11532 = LINE('',#11533,#11534);
#11533 = CARTESIAN_POINT('',(8.105,2.4,26.162500014079));
#11534 = VECTOR('',#11535,1.);
#11535 = DIRECTION('',(0.,-0.,1.));
#11536 = PCURVE('',#8900,#11537);
#11537 = DEFINITIONAL_REPRESENTATION('',(#11538),#11541);
#11538 = B_SPLINE_CURVE_WITH_KNOTS('',1,(#11539,#11540),.UNSPECIFIED.,
  .F.,.F.,(2,2),(1.412499963046,4.412500014079),
  .PIECEWISE_BEZIER_KNOTS.);
#11539 = CARTESIAN_POINT('',(3.000000051033,-3.4));
#11540 = CARTESIAN_POINT('',(0.,-3.4));
#11541 = ( GEOMETRIC_REPRESENTATION_CONTEXT(2) 
PARAMETRIC_REPRESENTATION_CONTEXT() REPRESENTATION_CONTEXT('2D SPACE',''
  ) );
#11542 = PCURVE('',#11543,#11548);
#11543 = PLANE('',#11544);
#11544 = AXIS2_PLACEMENT_3D('',#11545,#11546,#11547);
#11545 = CARTESIAN_POINT('',(6.,2.4,21.75));
#11546 = DIRECTION('',(0.,1.,0.));
#11547 = DIRECTION('',(1.,0.,0.));
#11548 = DEFINITIONAL_REPRESENTATION('',(#11549),#11552);
#11549 = B_SPLINE_CURVE_WITH_KNOTS('',1,(#11550,#11551),.UNSPECIFIED.,
  .F.,.F.,(2,2),(1.412499963046,4.412500014079),
  .PIECEWISE_BEZIER_KNOTS.);
#11550 = CARTESIAN_POINT('',(2.105,-5.824999977126));
#11551 = CARTESIAN_POINT('',(2.105,-8.825000028159));
#11552 = ( GEOMETRIC_REPRESENTATION_CONTEXT(2) 
PARAMETRIC_REPRESENTATION_CONTEXT() REPRESENTATION_CONTEXT('2D SPACE',''
  ) );
#11553 = ORIENTED_EDGE('',*,*,#11554,.F.);
#11554 = EDGE_CURVE('',#8884,#11529,#11555,.T.);
#11555 = SURFACE_CURVE('',#11556,(#11560,#11567),.PCURVE_S1.);
#11556 = LINE('',#11557,#11558);
#11557 = CARTESIAN_POINT('',(8.105,-1.,27.574999977126));
#11558 = VECTOR('',#11559,1.);
#11559 = DIRECTION('',(0.,1.,2.22044604925E-16));
#11560 = PCURVE('',#8900,#11561);
#11561 = DEFINITIONAL_REPRESENTATION('',(#11562),#11566);
#11562 = LINE('',#11563,#11564);
#11563 = CARTESIAN_POINT('',(3.000000051033,0.));
#11564 = VECTOR('',#11565,1.);
#11565 = DIRECTION('',(0.,-1.));
#11566 = ( GEOMETRIC_REPRESENTATION_CONTEXT(2) 
PARAMETRIC_REPRESENTATION_CONTEXT() REPRESENTATION_CONTEXT('2D SPACE',''
  ) );
#11567 = PCURVE('',#8932,#11568);
#11568 = DEFINITIONAL_REPRESENTATION('',(#11569),#11573);
#11569 = LINE('',#11570,#11571);
#11570 = CARTESIAN_POINT('',(0.,0.));
#11571 = VECTOR('',#11572,1.);
#11572 = DIRECTION('',(0.,-1.));
#11573 = ( GEOMETRIC_REPRESENTATION_CONTEXT(2) 
PARAMETRIC_REPRESENTATION_CONTEXT() REPRESENTATION_CONTEXT('2D SPACE',''
  ) );
#11574 = ADVANCED_FACE('',(#11575),#9107,.F.);
#11575 = FACE_BOUND('',#11576,.F.);
#11576 = EDGE_LOOP('',(#11577,#11578,#11601,#11627));
#11577 = ORIENTED_EDGE('',*,*,#9088,.F.);
#11578 = ORIENTED_EDGE('',*,*,#11579,.T.);
#11579 = EDGE_CURVE('',#9063,#11580,#11582,.T.);
#11580 = VERTEX_POINT('',#11581);
#11581 = CARTESIAN_POINT('',(9.605,2.4,32.075));
#11582 = SURFACE_CURVE('',#11583,(#11587,#11594),.PCURVE_S1.);
#11583 = LINE('',#11584,#11585);
#11584 = CARTESIAN_POINT('',(9.605,-1.,32.075));
#11585 = VECTOR('',#11586,1.);
#11586 = DIRECTION('',(0.,1.,2.22044604925E-16));
#11587 = PCURVE('',#9107,#11588);
#11588 = DEFINITIONAL_REPRESENTATION('',(#11589),#11593);
#11589 = LINE('',#11590,#11591);
#11590 = CARTESIAN_POINT('',(4.712388980385,0.));
#11591 = VECTOR('',#11592,1.);
#11592 = DIRECTION('',(0.,-1.));
#11593 = ( GEOMETRIC_REPRESENTATION_CONTEXT(2) 
PARAMETRIC_REPRESENTATION_CONTEXT() REPRESENTATION_CONTEXT('2D SPACE',''
  ) );
#11594 = PCURVE('',#9077,#11595);
#11595 = DEFINITIONAL_REPRESENTATION('',(#11596),#11600);
#11596 = LINE('',#11597,#11598);
#11597 = CARTESIAN_POINT('',(0.,0.));
#11598 = VECTOR('',#11599,1.);
#11599 = DIRECTION('',(0.,-1.));
#11600 = ( GEOMETRIC_REPRESENTATION_CONTEXT(2) 
PARAMETRIC_REPRESENTATION_CONTEXT() REPRESENTATION_CONTEXT('2D SPACE',''
  ) );
#11601 = ORIENTED_EDGE('',*,*,#11602,.T.);
#11602 = EDGE_CURVE('',#11580,#11506,#11603,.T.);
#11603 = SURFACE_CURVE('',#11604,(#11609,#11616),.PCURVE_S1.);
#11604 = CIRCLE('',#11605,1.5);
#11605 = AXIS2_PLACEMENT_3D('',#11606,#11607,#11608);
#11606 = CARTESIAN_POINT('',(9.605,2.4,30.575000028159));
#11607 = DIRECTION('',(0.,-1.,-2.22044604925E-16));
#11608 = DIRECTION('',(-1.,-0.,0.));
#11609 = PCURVE('',#9107,#11610);
#11610 = DEFINITIONAL_REPRESENTATION('',(#11611),#11615);
#11611 = LINE('',#11612,#11613);
#11612 = CARTESIAN_POINT('',(0.,-3.4));
#11613 = VECTOR('',#11614,1.);
#11614 = DIRECTION('',(1.,0.));
#11615 = ( GEOMETRIC_REPRESENTATION_CONTEXT(2) 
PARAMETRIC_REPRESENTATION_CONTEXT() REPRESENTATION_CONTEXT('2D SPACE',''
  ) );
#11616 = PCURVE('',#11543,#11617);
#11617 = DEFINITIONAL_REPRESENTATION('',(#11618),#11626);
#11618 = ( BOUNDED_CURVE() B_SPLINE_CURVE(2,(#11619,#11620,#11621,#11622
    ,#11623,#11624,#11625),.UNSPECIFIED.,.T.,.F.) 
B_SPLINE_CURVE_WITH_KNOTS((1,2,2,2,2,1),(-2.094395102393,0.,
    2.094395102393,4.188790204786,6.28318530718,8.377580409573),
.UNSPECIFIED.) CURVE() GEOMETRIC_REPRESENTATION_ITEM() 
RATIONAL_B_SPLINE_CURVE((1.,0.5,1.,0.5,1.,0.5,1.)) REPRESENTATION_ITEM(
  '') );
#11619 = CARTESIAN_POINT('',(2.105,-8.825000028159));
#11620 = CARTESIAN_POINT('',(2.105,-6.226923816805));
#11621 = CARTESIAN_POINT('',(4.355,-7.525961922482));
#11622 = CARTESIAN_POINT('',(6.605,-8.825000028159));
#11623 = CARTESIAN_POINT('',(4.355,-10.12403813383));
#11624 = CARTESIAN_POINT('',(2.105,-11.42307623951));
#11625 = CARTESIAN_POINT('',(2.105,-8.825000028159));
#11626 = ( GEOMETRIC_REPRESENTATION_CONTEXT(2) 
PARAMETRIC_REPRESENTATION_CONTEXT() REPRESENTATION_CONTEXT('2D SPACE',''
  ) );
#11627 = ORIENTED_EDGE('',*,*,#11505,.F.);
#11628 = ADVANCED_FACE('',(#11629),#9077,.T.);
#11629 = FACE_BOUND('',#11630,.T.);
#11630 = EDGE_LOOP('',(#11631,#11632,#11633,#11654));
#11631 = ORIENTED_EDGE('',*,*,#9062,.T.);
#11632 = ORIENTED_EDGE('',*,*,#11579,.T.);
#11633 = ORIENTED_EDGE('',*,*,#11634,.F.);
#11634 = EDGE_CURVE('',#11635,#11580,#11637,.T.);
#11635 = VERTEX_POINT('',#11636);
#11636 = CARTESIAN_POINT('',(13.604999989188,2.4,32.074999971841));
#11637 = SURFACE_CURVE('',#11638,(#11642,#11648),.PCURVE_S1.);
#11638 = LINE('',#11639,#11640);
#11639 = CARTESIAN_POINT('',(7.8025,2.4,32.074999971841));
#11640 = VECTOR('',#11641,1.);
#11641 = DIRECTION('',(-1.,0.,0.));
#11642 = PCURVE('',#9077,#11643);
#11643 = DEFINITIONAL_REPRESENTATION('',(#11644),#11647);
#11644 = B_SPLINE_CURVE_WITH_KNOTS('',1,(#11645,#11646),.UNSPECIFIED.,
  .F.,.F.,(2,2),(-5.802499989188,-1.8025),.PIECEWISE_BEZIER_KNOTS.);
#11645 = CARTESIAN_POINT('',(3.999999989188,-3.4));
#11646 = CARTESIAN_POINT('',(0.,-3.4));
#11647 = ( GEOMETRIC_REPRESENTATION_CONTEXT(2) 
PARAMETRIC_REPRESENTATION_CONTEXT() REPRESENTATION_CONTEXT('2D SPACE',''
  ) );
#11648 = PCURVE('',#11543,#11649);
#11649 = DEFINITIONAL_REPRESENTATION('',(#11650),#11653);
#11650 = B_SPLINE_CURVE_WITH_KNOTS('',1,(#11651,#11652),.UNSPECIFIED.,
  .F.,.F.,(2,2),(-5.802499989188,-1.8025),.PIECEWISE_BEZIER_KNOTS.);
#11651 = CARTESIAN_POINT('',(7.604999989188,-10.32499997184));
#11652 = CARTESIAN_POINT('',(3.605,-10.32499997184));
#11653 = ( GEOMETRIC_REPRESENTATION_CONTEXT(2) 
PARAMETRIC_REPRESENTATION_CONTEXT() REPRESENTATION_CONTEXT('2D SPACE',''
  ) );
#11654 = ORIENTED_EDGE('',*,*,#11655,.F.);
#11655 = EDGE_CURVE('',#9030,#11635,#11656,.T.);
#11656 = SURFACE_CURVE('',#11657,(#11661,#11668),.PCURVE_S1.);
#11657 = LINE('',#11658,#11659);
#11658 = CARTESIAN_POINT('',(13.604999989188,-1.,32.074999971841));
#11659 = VECTOR('',#11660,1.);
#11660 = DIRECTION('',(0.,1.,2.22044604925E-16));
#11661 = PCURVE('',#9077,#11662);
#11662 = DEFINITIONAL_REPRESENTATION('',(#11663),#11667);
#11663 = LINE('',#11664,#11665);
#11664 = CARTESIAN_POINT('',(3.999999989188,0.));
#11665 = VECTOR('',#11666,1.);
#11666 = DIRECTION('',(0.,-1.));
#11667 = ( GEOMETRIC_REPRESENTATION_CONTEXT(2) 
PARAMETRIC_REPRESENTATION_CONTEXT() REPRESENTATION_CONTEXT('2D SPACE',''
  ) );
#11668 = PCURVE('',#9050,#11669);
#11669 = DEFINITIONAL_REPRESENTATION('',(#11670),#11674);
#11670 = LINE('',#11671,#11672);
#11671 = CARTESIAN_POINT('',(4.712388980385,0.));
#11672 = VECTOR('',#11673,1.);
#11673 = DIRECTION('',(0.,-1.));
#11674 = ( GEOMETRIC_REPRESENTATION_CONTEXT(2) 
PARAMETRIC_REPRESENTATION_CONTEXT() REPRESENTATION_CONTEXT('2D SPACE',''
  ) );
#11675 = ADVANCED_FACE('',(#11676),#9050,.F.);
#11676 = FACE_BOUND('',#11677,.F.);
#11677 = EDGE_LOOP('',(#11678,#11679,#11702,#11728));
#11678 = ORIENTED_EDGE('',*,*,#9029,.F.);
#11679 = ORIENTED_EDGE('',*,*,#11680,.T.);
#11680 = EDGE_CURVE('',#9004,#11681,#11683,.T.);
#11681 = VERTEX_POINT('',#11682);
#11682 = CARTESIAN_POINT('',(15.104999994594,2.4,30.574999971841));
#11683 = SURFACE_CURVE('',#11684,(#11688,#11695),.PCURVE_S1.);
#11684 = LINE('',#11685,#11686);
#11685 = CARTESIAN_POINT('',(15.104999994594,-1.,30.574999971841));
#11686 = VECTOR('',#11687,1.);
#11687 = DIRECTION('',(0.,1.,2.22044604925E-16));
#11688 = PCURVE('',#9050,#11689);
#11689 = DEFINITIONAL_REPRESENTATION('',(#11690),#11694);
#11690 = LINE('',#11691,#11692);
#11691 = CARTESIAN_POINT('',(3.14159265359,0.));
#11692 = VECTOR('',#11693,1.);
#11693 = DIRECTION('',(0.,-1.));
#11694 = ( GEOMETRIC_REPRESENTATION_CONTEXT(2) 
PARAMETRIC_REPRESENTATION_CONTEXT() REPRESENTATION_CONTEXT('2D SPACE',''
  ) );
#11695 = PCURVE('',#9018,#11696);
#11696 = DEFINITIONAL_REPRESENTATION('',(#11697),#11701);
#11697 = LINE('',#11698,#11699);
#11698 = CARTESIAN_POINT('',(0.,0.));
#11699 = VECTOR('',#11700,1.);
#11700 = DIRECTION('',(0.,-1.));
#11701 = ( GEOMETRIC_REPRESENTATION_CONTEXT(2) 
PARAMETRIC_REPRESENTATION_CONTEXT() REPRESENTATION_CONTEXT('2D SPACE',''
  ) );
#11702 = ORIENTED_EDGE('',*,*,#11703,.T.);
#11703 = EDGE_CURVE('',#11681,#11635,#11704,.T.);
#11704 = SURFACE_CURVE('',#11705,(#11710,#11717),.PCURVE_S1.);
#11705 = CIRCLE('',#11706,1.5);
#11706 = AXIS2_PLACEMENT_3D('',#11707,#11708,#11709);
#11707 = CARTESIAN_POINT('',(13.604999989188,2.4,30.574999971841));
#11708 = DIRECTION('',(0.,-1.,-2.22044604925E-16));
#11709 = DIRECTION('',(-1.,-0.,0.));
#11710 = PCURVE('',#9050,#11711);
#11711 = DEFINITIONAL_REPRESENTATION('',(#11712),#11716);
#11712 = LINE('',#11713,#11714);
#11713 = CARTESIAN_POINT('',(0.,-3.4));
#11714 = VECTOR('',#11715,1.);
#11715 = DIRECTION('',(1.,0.));
#11716 = ( GEOMETRIC_REPRESENTATION_CONTEXT(2) 
PARAMETRIC_REPRESENTATION_CONTEXT() REPRESENTATION_CONTEXT('2D SPACE',''
  ) );
#11717 = PCURVE('',#11543,#11718);
#11718 = DEFINITIONAL_REPRESENTATION('',(#11719),#11727);
#11719 = ( BOUNDED_CURVE() B_SPLINE_CURVE(2,(#11720,#11721,#11722,#11723
    ,#11724,#11725,#11726),.UNSPECIFIED.,.T.,.F.) 
B_SPLINE_CURVE_WITH_KNOTS((1,2,2,2,2,1),(-2.094395102393,0.,
    2.094395102393,4.188790204786,6.28318530718,8.377580409573),
.UNSPECIFIED.) CURVE() GEOMETRIC_REPRESENTATION_ITEM() 
RATIONAL_B_SPLINE_CURVE((1.,0.5,1.,0.5,1.,0.5,1.)) REPRESENTATION_ITEM(
  '') );
#11720 = CARTESIAN_POINT('',(6.104999989188,-8.824999971841));
#11721 = CARTESIAN_POINT('',(6.104999989188,-6.226923760488));
#11722 = CARTESIAN_POINT('',(8.354999989188,-7.525961866165));
#11723 = CARTESIAN_POINT('',(10.604999989188,-8.824999971841));
#11724 = CARTESIAN_POINT('',(8.354999989188,-10.12403807751));
#11725 = CARTESIAN_POINT('',(6.104999989188,-11.42307618319));
#11726 = CARTESIAN_POINT('',(6.104999989188,-8.824999971841));
#11727 = ( GEOMETRIC_REPRESENTATION_CONTEXT(2) 
PARAMETRIC_REPRESENTATION_CONTEXT() REPRESENTATION_CONTEXT('2D SPACE',''
  ) );
#11728 = ORIENTED_EDGE('',*,*,#11655,.F.);
#11729 = ADVANCED_FACE('',(#11730),#9018,.T.);
#11730 = FACE_BOUND('',#11731,.T.);
#11731 = EDGE_LOOP('',(#11732,#11733,#11734,#11755));
#11732 = ORIENTED_EDGE('',*,*,#9003,.T.);
#11733 = ORIENTED_EDGE('',*,*,#11680,.T.);
#11734 = ORIENTED_EDGE('',*,*,#11735,.F.);
#11735 = EDGE_CURVE('',#11736,#11681,#11738,.T.);
#11736 = VERTEX_POINT('',#11737);
#11737 = CARTESIAN_POINT('',(15.105,2.4,27.574999977126));
#11738 = SURFACE_CURVE('',#11739,(#11743,#11749),.PCURVE_S1.);
#11739 = LINE('',#11740,#11741);
#11740 = CARTESIAN_POINT('',(15.105,2.4,26.162499985921));
#11741 = VECTOR('',#11742,1.);
#11742 = DIRECTION('',(0.,-0.,1.));
#11743 = PCURVE('',#9018,#11744);
#11744 = DEFINITIONAL_REPRESENTATION('',(#11745),#11748);
#11745 = B_SPLINE_CURVE_WITH_KNOTS('',1,(#11746,#11747),.UNSPECIFIED.,
  .F.,.F.,(2,2),(1.412499991205,4.412499985921),
  .PIECEWISE_BEZIER_KNOTS.);
#11746 = CARTESIAN_POINT('',(2.999999994716,-3.4));
#11747 = CARTESIAN_POINT('',(0.,-3.4));
#11748 = ( GEOMETRIC_REPRESENTATION_CONTEXT(2) 
PARAMETRIC_REPRESENTATION_CONTEXT() REPRESENTATION_CONTEXT('2D SPACE',''
  ) );
#11749 = PCURVE('',#11543,#11750);
#11750 = DEFINITIONAL_REPRESENTATION('',(#11751),#11754);
#11751 = B_SPLINE_CURVE_WITH_KNOTS('',1,(#11752,#11753),.UNSPECIFIED.,
  .F.,.F.,(2,2),(1.412499991205,4.412499985921),
  .PIECEWISE_BEZIER_KNOTS.);
#11752 = CARTESIAN_POINT('',(9.105,-5.824999977126));
#11753 = CARTESIAN_POINT('',(9.105,-8.824999971841));
#11754 = ( GEOMETRIC_REPRESENTATION_CONTEXT(2) 
PARAMETRIC_REPRESENTATION_CONTEXT() REPRESENTATION_CONTEXT('2D SPACE',''
  ) );
#11755 = ORIENTED_EDGE('',*,*,#11756,.F.);
#11756 = EDGE_CURVE('',#8971,#11736,#11757,.T.);
#11757 = SURFACE_CURVE('',#11758,(#11762,#11769),.PCURVE_S1.);
#11758 = LINE('',#11759,#11760);
#11759 = CARTESIAN_POINT('',(15.105,-1.,27.574999977126));
#11760 = VECTOR('',#11761,1.);
#11761 = DIRECTION('',(0.,1.,2.22044604925E-16));
#11762 = PCURVE('',#9018,#11763);
#11763 = DEFINITIONAL_REPRESENTATION('',(#11764),#11768);
#11764 = LINE('',#11765,#11766);
#11765 = CARTESIAN_POINT('',(2.999999994716,0.));
#11766 = VECTOR('',#11767,1.);
#11767 = DIRECTION('',(0.,-1.));
#11768 = ( GEOMETRIC_REPRESENTATION_CONTEXT(2) 
PARAMETRIC_REPRESENTATION_CONTEXT() REPRESENTATION_CONTEXT('2D SPACE',''
  ) );
#11769 = PCURVE('',#8991,#11770);
#11770 = DEFINITIONAL_REPRESENTATION('',(#11771),#11775);
#11771 = LINE('',#11772,#11773);
#11772 = CARTESIAN_POINT('',(3.14159265359,0.));
#11773 = VECTOR('',#11774,1.);
#11774 = DIRECTION('',(0.,-1.));
#11775 = ( GEOMETRIC_REPRESENTATION_CONTEXT(2) 
PARAMETRIC_REPRESENTATION_CONTEXT() REPRESENTATION_CONTEXT('2D SPACE',''
  ) );
#11776 = ADVANCED_FACE('',(#11777),#8991,.F.);
#11777 = FACE_BOUND('',#11778,.F.);
#11778 = EDGE_LOOP('',(#11779,#11780,#11803,#11829));
#11779 = ORIENTED_EDGE('',*,*,#8970,.F.);
#11780 = ORIENTED_EDGE('',*,*,#11781,.T.);
#11781 = EDGE_CURVE('',#8945,#11782,#11784,.T.);
#11782 = VERTEX_POINT('',#11783);
#11783 = CARTESIAN_POINT('',(13.605,2.4,26.074999974484));
#11784 = SURFACE_CURVE('',#11785,(#11789,#11796),.PCURVE_S1.);
#11785 = LINE('',#11786,#11787);
#11786 = CARTESIAN_POINT('',(13.605,-1.,26.074999974484));
#11787 = VECTOR('',#11788,1.);
#11788 = DIRECTION('',(0.,1.,2.22044604925E-16));
#11789 = PCURVE('',#8991,#11790);
#11790 = DEFINITIONAL_REPRESENTATION('',(#11791),#11795);
#11791 = LINE('',#11792,#11793);
#11792 = CARTESIAN_POINT('',(1.570796326795,0.));
#11793 = VECTOR('',#11794,1.);
#11794 = DIRECTION('',(0.,-1.));
#11795 = ( GEOMETRIC_REPRESENTATION_CONTEXT(2) 
PARAMETRIC_REPRESENTATION_CONTEXT() REPRESENTATION_CONTEXT('2D SPACE',''
  ) );
#11796 = PCURVE('',#8959,#11797);
#11797 = DEFINITIONAL_REPRESENTATION('',(#11798),#11802);
#11798 = LINE('',#11799,#11800);
#11799 = CARTESIAN_POINT('',(4.,0.));
#11800 = VECTOR('',#11801,1.);
#11801 = DIRECTION('',(0.,-1.));
#11802 = ( GEOMETRIC_REPRESENTATION_CONTEXT(2) 
PARAMETRIC_REPRESENTATION_CONTEXT() REPRESENTATION_CONTEXT('2D SPACE',''
  ) );
#11803 = ORIENTED_EDGE('',*,*,#11804,.T.);
#11804 = EDGE_CURVE('',#11782,#11736,#11805,.T.);
#11805 = SURFACE_CURVE('',#11806,(#11811,#11818),.PCURVE_S1.);
#11806 = CIRCLE('',#11807,1.5);
#11807 = AXIS2_PLACEMENT_3D('',#11808,#11809,#11810);
#11808 = CARTESIAN_POINT('',(13.605,2.4,27.574999977126));
#11809 = DIRECTION('',(0.,-1.,-2.22044604925E-16));
#11810 = DIRECTION('',(-1.,-0.,0.));
#11811 = PCURVE('',#8991,#11812);
#11812 = DEFINITIONAL_REPRESENTATION('',(#11813),#11817);
#11813 = LINE('',#11814,#11815);
#11814 = CARTESIAN_POINT('',(0.,-3.4));
#11815 = VECTOR('',#11816,1.);
#11816 = DIRECTION('',(1.,0.));
#11817 = ( GEOMETRIC_REPRESENTATION_CONTEXT(2) 
PARAMETRIC_REPRESENTATION_CONTEXT() REPRESENTATION_CONTEXT('2D SPACE',''
  ) );
#11818 = PCURVE('',#11543,#11819);
#11819 = DEFINITIONAL_REPRESENTATION('',(#11820),#11828);
#11820 = ( BOUNDED_CURVE() B_SPLINE_CURVE(2,(#11821,#11822,#11823,#11824
    ,#11825,#11826,#11827),.UNSPECIFIED.,.T.,.F.) 
B_SPLINE_CURVE_WITH_KNOTS((1,2,2,2,2,1),(-2.094395102393,0.,
    2.094395102393,4.188790204786,6.28318530718,8.377580409573),
.UNSPECIFIED.) CURVE() GEOMETRIC_REPRESENTATION_ITEM() 
RATIONAL_B_SPLINE_CURVE((1.,0.5,1.,0.5,1.,0.5,1.)) REPRESENTATION_ITEM(
  '') );
#11821 = CARTESIAN_POINT('',(6.105,-5.824999977126));
#11822 = CARTESIAN_POINT('',(6.105,-3.226923765772));
#11823 = CARTESIAN_POINT('',(8.355,-4.525961871449));
#11824 = CARTESIAN_POINT('',(10.605,-5.824999977126));
#11825 = CARTESIAN_POINT('',(8.355,-7.124038082802));
#11826 = CARTESIAN_POINT('',(6.105,-8.423076188479));
#11827 = CARTESIAN_POINT('',(6.105,-5.824999977126));
#11828 = ( GEOMETRIC_REPRESENTATION_CONTEXT(2) 
PARAMETRIC_REPRESENTATION_CONTEXT() REPRESENTATION_CONTEXT('2D SPACE',''
  ) );
#11829 = ORIENTED_EDGE('',*,*,#11756,.F.);
#11830 = ADVANCED_FACE('',(#11831),#8959,.F.);
#11831 = FACE_BOUND('',#11832,.F.);
#11832 = EDGE_LOOP('',(#11833,#11834,#11857,#11876));
#11833 = ORIENTED_EDGE('',*,*,#8944,.T.);
#11834 = ORIENTED_EDGE('',*,*,#11835,.T.);
#11835 = EDGE_CURVE('',#8912,#11836,#11838,.T.);
#11836 = VERTEX_POINT('',#11837);
#11837 = CARTESIAN_POINT('',(9.605,2.4,26.074999974484));
#11838 = SURFACE_CURVE('',#11839,(#11843,#11850),.PCURVE_S1.);
#11839 = LINE('',#11840,#11841);
#11840 = CARTESIAN_POINT('',(9.605,-1.,26.074999974484));
#11841 = VECTOR('',#11842,1.);
#11842 = DIRECTION('',(0.,1.,2.22044604925E-16));
#11843 = PCURVE('',#8959,#11844);
#11844 = DEFINITIONAL_REPRESENTATION('',(#11845),#11849);
#11845 = LINE('',#11846,#11847);
#11846 = CARTESIAN_POINT('',(0.,0.));
#11847 = VECTOR('',#11848,1.);
#11848 = DIRECTION('',(0.,-1.));
#11849 = ( GEOMETRIC_REPRESENTATION_CONTEXT(2) 
PARAMETRIC_REPRESENTATION_CONTEXT() REPRESENTATION_CONTEXT('2D SPACE',''
  ) );
#11850 = PCURVE('',#8932,#11851);
#11851 = DEFINITIONAL_REPRESENTATION('',(#11852),#11856);
#11852 = LINE('',#11853,#11854);
#11853 = CARTESIAN_POINT('',(1.570796326795,0.));
#11854 = VECTOR('',#11855,1.);
#11855 = DIRECTION('',(0.,-1.));
#11856 = ( GEOMETRIC_REPRESENTATION_CONTEXT(2) 
PARAMETRIC_REPRESENTATION_CONTEXT() REPRESENTATION_CONTEXT('2D SPACE',''
  ) );
#11857 = ORIENTED_EDGE('',*,*,#11858,.F.);
#11858 = EDGE_CURVE('',#11782,#11836,#11859,.T.);
#11859 = SURFACE_CURVE('',#11860,(#11864,#11870),.PCURVE_S1.);
#11860 = LINE('',#11861,#11862);
#11861 = CARTESIAN_POINT('',(7.8025,2.4,26.074999971841));
#11862 = VECTOR('',#11863,1.);
#11863 = DIRECTION('',(-1.,0.,0.));
#11864 = PCURVE('',#8959,#11865);
#11865 = DEFINITIONAL_REPRESENTATION('',(#11866),#11869);
#11866 = B_SPLINE_CURVE_WITH_KNOTS('',1,(#11867,#11868),.UNSPECIFIED.,
  .F.,.F.,(2,2),(-5.8025,-1.8025),.PIECEWISE_BEZIER_KNOTS.);
#11867 = CARTESIAN_POINT('',(4.,-3.4));
#11868 = CARTESIAN_POINT('',(0.,-3.4));
#11869 = ( GEOMETRIC_REPRESENTATION_CONTEXT(2) 
PARAMETRIC_REPRESENTATION_CONTEXT() REPRESENTATION_CONTEXT('2D SPACE',''
  ) );
#11870 = PCURVE('',#11543,#11871);
#11871 = DEFINITIONAL_REPRESENTATION('',(#11872),#11875);
#11872 = B_SPLINE_CURVE_WITH_KNOTS('',1,(#11873,#11874),.UNSPECIFIED.,
  .F.,.F.,(2,2),(-5.8025,-1.8025),.PIECEWISE_BEZIER_KNOTS.);
#11873 = CARTESIAN_POINT('',(7.605,-4.324999971841));
#11874 = CARTESIAN_POINT('',(3.605,-4.324999971841));
#11875 = ( GEOMETRIC_REPRESENTATION_CONTEXT(2) 
PARAMETRIC_REPRESENTATION_CONTEXT() REPRESENTATION_CONTEXT('2D SPACE',''
  ) );
#11876 = ORIENTED_EDGE('',*,*,#11781,.F.);
#11877 = ADVANCED_FACE('',(#11878),#8932,.F.);
#11878 = FACE_BOUND('',#11879,.F.);
#11879 = EDGE_LOOP('',(#11880,#11881,#11882,#11908));
#11880 = ORIENTED_EDGE('',*,*,#8911,.F.);
#11881 = ORIENTED_EDGE('',*,*,#11554,.T.);
#11882 = ORIENTED_EDGE('',*,*,#11883,.T.);
#11883 = EDGE_CURVE('',#11529,#11836,#11884,.T.);
#11884 = SURFACE_CURVE('',#11885,(#11890,#11897),.PCURVE_S1.);
#11885 = CIRCLE('',#11886,1.5);
#11886 = AXIS2_PLACEMENT_3D('',#11887,#11888,#11889);
#11887 = CARTESIAN_POINT('',(9.605,2.4,27.574999977126));
#11888 = DIRECTION('',(0.,-1.,-2.22044604925E-16));
#11889 = DIRECTION('',(-1.,-0.,0.));
#11890 = PCURVE('',#8932,#11891);
#11891 = DEFINITIONAL_REPRESENTATION('',(#11892),#11896);
#11892 = LINE('',#11893,#11894);
#11893 = CARTESIAN_POINT('',(0.,-3.4));
#11894 = VECTOR('',#11895,1.);
#11895 = DIRECTION('',(1.,0.));
#11896 = ( GEOMETRIC_REPRESENTATION_CONTEXT(2) 
PARAMETRIC_REPRESENTATION_CONTEXT() REPRESENTATION_CONTEXT('2D SPACE',''
  ) );
#11897 = PCURVE('',#11543,#11898);
#11898 = DEFINITIONAL_REPRESENTATION('',(#11899),#11907);
#11899 = ( BOUNDED_CURVE() B_SPLINE_CURVE(2,(#11900,#11901,#11902,#11903
    ,#11904,#11905,#11906),.UNSPECIFIED.,.T.,.F.) 
B_SPLINE_CURVE_WITH_KNOTS((1,2,2,2,2,1),(-2.094395102393,0.,
    2.094395102393,4.188790204786,6.28318530718,8.377580409573),
.UNSPECIFIED.) CURVE() GEOMETRIC_REPRESENTATION_ITEM() 
RATIONAL_B_SPLINE_CURVE((1.,0.5,1.,0.5,1.,0.5,1.)) REPRESENTATION_ITEM(
  '') );
#11900 = CARTESIAN_POINT('',(2.105,-5.824999977126));
#11901 = CARTESIAN_POINT('',(2.105,-3.226923765772));
#11902 = CARTESIAN_POINT('',(4.355,-4.525961871449));
#11903 = CARTESIAN_POINT('',(6.605,-5.824999977126));
#11904 = CARTESIAN_POINT('',(4.355,-7.124038082802));
#11905 = CARTESIAN_POINT('',(2.105,-8.423076188479));
#11906 = CARTESIAN_POINT('',(2.105,-5.824999977126));
#11907 = ( GEOMETRIC_REPRESENTATION_CONTEXT(2) 
PARAMETRIC_REPRESENTATION_CONTEXT() REPRESENTATION_CONTEXT('2D SPACE',''
  ) );
#11908 = ORIENTED_EDGE('',*,*,#11835,.F.);
#11909 = ADVANCED_FACE('',(#11910),#9142,.F.);
#11910 = FACE_BOUND('',#11911,.T.);
#11911 = EDGE_LOOP('',(#11912,#11913,#11936,#11962));
#11912 = ORIENTED_EDGE('',*,*,#9121,.T.);
#11913 = ORIENTED_EDGE('',*,*,#11914,.T.);
#11914 = EDGE_CURVE('',#9122,#11915,#11917,.T.);
#11915 = VERTEX_POINT('',#11916);
#11916 = CARTESIAN_POINT('',(27.365,2.4,29.075));
#11917 = SEAM_CURVE('',#11918,(#11922,#11929),.PCURVE_S1.);
#11918 = LINE('',#11919,#11920);
#11919 = CARTESIAN_POINT('',(27.365,-1.,29.075));
#11920 = VECTOR('',#11921,1.);
#11921 = DIRECTION('',(0.,1.,2.22044604925E-16));
#11922 = PCURVE('',#9142,#11923);
#11923 = DEFINITIONAL_REPRESENTATION('',(#11924),#11928);
#11924 = LINE('',#11925,#11926);
#11925 = CARTESIAN_POINT('',(-6.28318530718,0.));
#11926 = VECTOR('',#11927,1.);
#11927 = DIRECTION('',(-0.,-1.));
#11928 = ( GEOMETRIC_REPRESENTATION_CONTEXT(2) 
PARAMETRIC_REPRESENTATION_CONTEXT() REPRESENTATION_CONTEXT('2D SPACE',''
  ) );
#11929 = PCURVE('',#9142,#11930);
#11930 = DEFINITIONAL_REPRESENTATION('',(#11931),#11935);
#11931 = LINE('',#11932,#11933);
#11932 = CARTESIAN_POINT('',(-0.,0.));
#11933 = VECTOR('',#11934,1.);
#11934 = DIRECTION('',(-0.,-1.));
#11935 = ( GEOMETRIC_REPRESENTATION_CONTEXT(2) 
PARAMETRIC_REPRESENTATION_CONTEXT() REPRESENTATION_CONTEXT('2D SPACE',''
  ) );
#11936 = ORIENTED_EDGE('',*,*,#11937,.F.);
#11937 = EDGE_CURVE('',#11915,#11915,#11938,.T.);
#11938 = SURFACE_CURVE('',#11939,(#11944,#11951),.PCURVE_S1.);
#11939 = CIRCLE('',#11940,3.76);
#11940 = AXIS2_PLACEMENT_3D('',#11941,#11942,#11943);
#11941 = CARTESIAN_POINT('',(23.605,2.4,29.075));
#11942 = DIRECTION('',(0.,-1.,-2.22044604925E-16));
#11943 = DIRECTION('',(1.,0.,0.));
#11944 = PCURVE('',#9142,#11945);
#11945 = DEFINITIONAL_REPRESENTATION('',(#11946),#11950);
#11946 = LINE('',#11947,#11948);
#11947 = CARTESIAN_POINT('',(-6.28318530718,-3.4));
#11948 = VECTOR('',#11949,1.);
#11949 = DIRECTION('',(1.,-0.));
#11950 = ( GEOMETRIC_REPRESENTATION_CONTEXT(2) 
PARAMETRIC_REPRESENTATION_CONTEXT() REPRESENTATION_CONTEXT('2D SPACE',''
  ) );
#11951 = PCURVE('',#11543,#11952);
#11952 = DEFINITIONAL_REPRESENTATION('',(#11953),#11961);
#11953 = ( BOUNDED_CURVE() B_SPLINE_CURVE(2,(#11954,#11955,#11956,#11957
    ,#11958,#11959,#11960),.UNSPECIFIED.,.T.,.F.) 
B_SPLINE_CURVE_WITH_KNOTS((1,2,2,2,2,1),(-2.094395102393,0.,
    2.094395102393,4.188790204786,6.28318530718,8.377580409573),
.UNSPECIFIED.) CURVE() GEOMETRIC_REPRESENTATION_ITEM() 
RATIONAL_B_SPLINE_CURVE((1.,0.5,1.,0.5,1.,0.5,1.)) REPRESENTATION_ITEM(
  '') );
#11954 = CARTESIAN_POINT('',(21.365,-7.325));
#11955 = CARTESIAN_POINT('',(21.365,-13.83751103645));
#11956 = CARTESIAN_POINT('',(15.725,-10.58125551822));
#11957 = CARTESIAN_POINT('',(10.085,-7.325));
#11958 = CARTESIAN_POINT('',(15.725,-4.068744481771));
#11959 = CARTESIAN_POINT('',(21.365,-0.812488963541));
#11960 = CARTESIAN_POINT('',(21.365,-7.325));
#11961 = ( GEOMETRIC_REPRESENTATION_CONTEXT(2) 
PARAMETRIC_REPRESENTATION_CONTEXT() REPRESENTATION_CONTEXT('2D SPACE',''
  ) );
#11962 = ORIENTED_EDGE('',*,*,#11914,.F.);
#11963 = ADVANCED_FACE('',(#11964),#9221,.T.);
#11964 = FACE_BOUND('',#11965,.T.);
#11965 = EDGE_LOOP('',(#11966,#11967,#11968,#11969));
#11966 = ORIENTED_EDGE('',*,*,#9205,.F.);
#11967 = ORIENTED_EDGE('',*,*,#9521,.T.);
#11968 = ORIENTED_EDGE('',*,*,#11454,.T.);
#11969 = ORIENTED_EDGE('',*,*,#11970,.F.);
#11970 = EDGE_CURVE('',#9206,#11431,#11971,.T.);
#11971 = SURFACE_CURVE('',#11972,(#11975,#11982),.PCURVE_S1.);
#11972 = B_SPLINE_CURVE_WITH_KNOTS('',1,(#11973,#11974),.UNSPECIFIED.,
  .F.,.F.,(2,2),(0.,1.),.PIECEWISE_BEZIER_KNOTS.);
#11973 = CARTESIAN_POINT('',(41.20999999796,80.8,38.4));
#11974 = CARTESIAN_POINT('',(41.209999997831,80.4,38.8));
#11975 = PCURVE('',#9221,#11976);
#11976 = DEFINITIONAL_REPRESENTATION('',(#11977),#11981);
#11977 = LINE('',#11978,#11979);
#11978 = CARTESIAN_POINT('',(-17.60499999796,0.));
#11979 = VECTOR('',#11980,1.);
#11980 = DIRECTION('',(0.,1.));
#11981 = ( GEOMETRIC_REPRESENTATION_CONTEXT(2) 
PARAMETRIC_REPRESENTATION_CONTEXT() REPRESENTATION_CONTEXT('2D SPACE',''
  ) );
#11982 = PCURVE('',#9649,#11983);
#11983 = DEFINITIONAL_REPRESENTATION('',(#11984),#11988);
#11984 = LINE('',#11985,#11986);
#11985 = CARTESIAN_POINT('',(1.570796326795,0.));
#11986 = VECTOR('',#11987,1.);
#11987 = DIRECTION('',(0.,1.));
#11988 = ( GEOMETRIC_REPRESENTATION_CONTEXT(2) 
PARAMETRIC_REPRESENTATION_CONTEXT() REPRESENTATION_CONTEXT('2D SPACE',''
  ) );
#11989 = ADVANCED_FACE('',(#11990),#9273,.F.);
#11990 = FACE_BOUND('',#11991,.F.);
#11991 = EDGE_LOOP('',(#11992,#12020,#12041,#12042));
#11992 = ORIENTED_EDGE('',*,*,#11993,.T.);
#11993 = EDGE_CURVE('',#11994,#11996,#11998,.T.);
#11994 = VERTEX_POINT('',#11995);
#11995 = CARTESIAN_POINT('',(16.105,78.4,28.079999966458));
#11996 = VERTEX_POINT('',#11997);
#11997 = CARTESIAN_POINT('',(16.105,78.4,32.580000040124));
#11998 = SURFACE_CURVE('',#11999,(#12003,#12009),.PCURVE_S1.);
#11999 = LINE('',#12000,#12001);
#12000 = CARTESIAN_POINT('',(16.105,78.4,27.165000020062));
#12001 = VECTOR('',#12002,1.);
#12002 = DIRECTION('',(0.,-0.,1.));
#12003 = PCURVE('',#9273,#12004);
#12004 = DEFINITIONAL_REPRESENTATION('',(#12005),#12008);
#12005 = B_SPLINE_CURVE_WITH_KNOTS('',1,(#12006,#12007),.UNSPECIFIED.,
  .F.,.F.,(2,2),(0.914999946396,5.415000020062),
  .PIECEWISE_BEZIER_KNOTS.);
#12006 = CARTESIAN_POINT('',(4.500000073666,-1.));
#12007 = CARTESIAN_POINT('',(0.,-1.));
#12008 = ( GEOMETRIC_REPRESENTATION_CONTEXT(2) 
PARAMETRIC_REPRESENTATION_CONTEXT() REPRESENTATION_CONTEXT('2D SPACE',''
  ) );
#12009 = PCURVE('',#12010,#12015);
#12010 = PLANE('',#12011);
#12011 = AXIS2_PLACEMENT_3D('',#12012,#12013,#12014);
#12012 = CARTESIAN_POINT('',(6.,78.4,21.75));
#12013 = DIRECTION('',(0.,1.,0.));
#12014 = DIRECTION('',(1.,0.,0.));
#12015 = DEFINITIONAL_REPRESENTATION('',(#12016),#12019);
#12016 = B_SPLINE_CURVE_WITH_KNOTS('',1,(#12017,#12018),.UNSPECIFIED.,
  .F.,.F.,(2,2),(0.914999946396,5.415000020062),
  .PIECEWISE_BEZIER_KNOTS.);
#12017 = CARTESIAN_POINT('',(10.105,-6.329999966458));
#12018 = CARTESIAN_POINT('',(10.105,-10.83000004012));
#12019 = ( GEOMETRIC_REPRESENTATION_CONTEXT(2) 
PARAMETRIC_REPRESENTATION_CONTEXT() REPRESENTATION_CONTEXT('2D SPACE',''
  ) );
#12020 = ORIENTED_EDGE('',*,*,#12021,.T.);
#12021 = EDGE_CURVE('',#11996,#9259,#12022,.T.);
#12022 = SURFACE_CURVE('',#12023,(#12027,#12034),.PCURVE_S1.);
#12023 = LINE('',#12024,#12025);
#12024 = CARTESIAN_POINT('',(16.105,77.4,32.580000040124));
#12025 = VECTOR('',#12026,1.);
#12026 = DIRECTION('',(0.,1.,2.22044604925E-16));
#12027 = PCURVE('',#9273,#12028);
#12028 = DEFINITIONAL_REPRESENTATION('',(#12029),#12033);
#12029 = LINE('',#12030,#12031);
#12030 = CARTESIAN_POINT('',(4.440892098501E-16,0.));
#12031 = VECTOR('',#12032,1.);
#12032 = DIRECTION('',(0.,-1.));
#12033 = ( GEOMETRIC_REPRESENTATION_CONTEXT(2) 
PARAMETRIC_REPRESENTATION_CONTEXT() REPRESENTATION_CONTEXT('2D SPACE',''
  ) );
#12034 = PCURVE('',#9480,#12035);
#12035 = DEFINITIONAL_REPRESENTATION('',(#12036),#12040);
#12036 = LINE('',#12037,#12038);
#12037 = CARTESIAN_POINT('',(-3.14159265359,0.));
#12038 = VECTOR('',#12039,1.);
#12039 = DIRECTION('',(-0.,-1.));
#12040 = ( GEOMETRIC_REPRESENTATION_CONTEXT(2) 
PARAMETRIC_REPRESENTATION_CONTEXT() REPRESENTATION_CONTEXT('2D SPACE',''
  ) );
#12041 = ORIENTED_EDGE('',*,*,#9256,.F.);
#12042 = ORIENTED_EDGE('',*,*,#12043,.F.);
#12043 = EDGE_CURVE('',#11994,#9257,#12044,.T.);
#12044 = SURFACE_CURVE('',#12045,(#12049,#12056),.PCURVE_S1.);
#12045 = LINE('',#12046,#12047);
#12046 = CARTESIAN_POINT('',(16.105,77.4,28.079999966458));
#12047 = VECTOR('',#12048,1.);
#12048 = DIRECTION('',(0.,1.,2.22044604925E-16));
#12049 = PCURVE('',#9273,#12050);
#12050 = DEFINITIONAL_REPRESENTATION('',(#12051),#12055);
#12051 = LINE('',#12052,#12053);
#12052 = CARTESIAN_POINT('',(4.500000073666,0.));
#12053 = VECTOR('',#12054,1.);
#12054 = DIRECTION('',(0.,-1.));
#12055 = ( GEOMETRIC_REPRESENTATION_CONTEXT(2) 
PARAMETRIC_REPRESENTATION_CONTEXT() REPRESENTATION_CONTEXT('2D SPACE',''
  ) );
#12056 = PCURVE('',#9305,#12057);
#12057 = DEFINITIONAL_REPRESENTATION('',(#12058),#12062);
#12058 = LINE('',#12059,#12060);
#12059 = CARTESIAN_POINT('',(-3.14159265359,0.));
#12060 = VECTOR('',#12061,1.);
#12061 = DIRECTION('',(-0.,-1.));
#12062 = ( GEOMETRIC_REPRESENTATION_CONTEXT(2) 
PARAMETRIC_REPRESENTATION_CONTEXT() REPRESENTATION_CONTEXT('2D SPACE',''
  ) );
#12063 = ADVANCED_FACE('',(#12064),#9480,.F.);
#12064 = FACE_BOUND('',#12065,.T.);
#12065 = EDGE_LOOP('',(#12066,#12094,#12095,#12096));
#12066 = ORIENTED_EDGE('',*,*,#12067,.T.);
#12067 = EDGE_CURVE('',#12068,#11996,#12070,.T.);
#12068 = VERTEX_POINT('',#12069);
#12069 = CARTESIAN_POINT('',(18.605,78.4,35.08));
#12070 = SURFACE_CURVE('',#12071,(#12076,#12083),.PCURVE_S1.);
#12071 = CIRCLE('',#12072,2.5);
#12072 = AXIS2_PLACEMENT_3D('',#12073,#12074,#12075);
#12073 = CARTESIAN_POINT('',(18.605,78.4,32.580000040124));
#12074 = DIRECTION('',(0.,-1.,-2.22044604925E-16));
#12075 = DIRECTION('',(1.,0.,0.));
#12076 = PCURVE('',#9480,#12077);
#12077 = DEFINITIONAL_REPRESENTATION('',(#12078),#12082);
#12078 = LINE('',#12079,#12080);
#12079 = CARTESIAN_POINT('',(-6.28318530718,-1.));
#12080 = VECTOR('',#12081,1.);
#12081 = DIRECTION('',(1.,-0.));
#12082 = ( GEOMETRIC_REPRESENTATION_CONTEXT(2) 
PARAMETRIC_REPRESENTATION_CONTEXT() REPRESENTATION_CONTEXT('2D SPACE',''
  ) );
#12083 = PCURVE('',#12010,#12084);
#12084 = DEFINITIONAL_REPRESENTATION('',(#12085),#12093);
#12085 = ( BOUNDED_CURVE() B_SPLINE_CURVE(2,(#12086,#12087,#12088,#12089
    ,#12090,#12091,#12092),.UNSPECIFIED.,.T.,.F.) 
B_SPLINE_CURVE_WITH_KNOTS((1,2,2,2,2,1),(-2.094395102393,0.,
    2.094395102393,4.188790204786,6.28318530718,8.377580409573),
.UNSPECIFIED.) CURVE() GEOMETRIC_REPRESENTATION_ITEM() 
RATIONAL_B_SPLINE_CURVE((1.,0.5,1.,0.5,1.,0.5,1.)) REPRESENTATION_ITEM(
  '') );
#12086 = CARTESIAN_POINT('',(15.105,-10.83000004012));
#12087 = CARTESIAN_POINT('',(15.105,-15.16012705904));
#12088 = CARTESIAN_POINT('',(11.355,-12.99506354958));
#12089 = CARTESIAN_POINT('',(7.605,-10.83000004012));
#12090 = CARTESIAN_POINT('',(11.355,-8.664936530663));
#12091 = CARTESIAN_POINT('',(15.105,-6.499873021201));
#12092 = CARTESIAN_POINT('',(15.105,-10.83000004012));
#12093 = ( GEOMETRIC_REPRESENTATION_CONTEXT(2) 
PARAMETRIC_REPRESENTATION_CONTEXT() REPRESENTATION_CONTEXT('2D SPACE',''
  ) );
#12094 = ORIENTED_EDGE('',*,*,#12021,.T.);
#12095 = ORIENTED_EDGE('',*,*,#9461,.F.);
#12096 = ORIENTED_EDGE('',*,*,#12097,.F.);
#12097 = EDGE_CURVE('',#12068,#9436,#12098,.T.);
#12098 = SURFACE_CURVE('',#12099,(#12103,#12110),.PCURVE_S1.);
#12099 = LINE('',#12100,#12101);
#12100 = CARTESIAN_POINT('',(18.605,77.4,35.08));
#12101 = VECTOR('',#12102,1.);
#12102 = DIRECTION('',(0.,1.,2.22044604925E-16));
#12103 = PCURVE('',#9480,#12104);
#12104 = DEFINITIONAL_REPRESENTATION('',(#12105),#12109);
#12105 = LINE('',#12106,#12107);
#12106 = CARTESIAN_POINT('',(-4.712388980385,0.));
#12107 = VECTOR('',#12108,1.);
#12108 = DIRECTION('',(-0.,-1.));
#12109 = ( GEOMETRIC_REPRESENTATION_CONTEXT(2) 
PARAMETRIC_REPRESENTATION_CONTEXT() REPRESENTATION_CONTEXT('2D SPACE',''
  ) );
#12110 = PCURVE('',#9450,#12111);
#12111 = DEFINITIONAL_REPRESENTATION('',(#12112),#12116);
#12112 = LINE('',#12113,#12114);
#12113 = CARTESIAN_POINT('',(0.,0.));
#12114 = VECTOR('',#12115,1.);
#12115 = DIRECTION('',(0.,-1.));
#12116 = ( GEOMETRIC_REPRESENTATION_CONTEXT(2) 
PARAMETRIC_REPRESENTATION_CONTEXT() REPRESENTATION_CONTEXT('2D SPACE',''
  ) );
#12117 = ADVANCED_FACE('',(#12118),#9450,.T.);
#12118 = FACE_BOUND('',#12119,.T.);
#12119 = EDGE_LOOP('',(#12120,#12141,#12142,#12143));
#12120 = ORIENTED_EDGE('',*,*,#12121,.T.);
#12121 = EDGE_CURVE('',#12122,#12068,#12124,.T.);
#12122 = VERTEX_POINT('',#12123);
#12123 = CARTESIAN_POINT('',(28.605,78.4,35.08));
#12124 = SURFACE_CURVE('',#12125,(#12129,#12135),.PCURVE_S1.);
#12125 = LINE('',#12126,#12127);
#12126 = CARTESIAN_POINT('',(12.3025,78.4,35.079999959876));
#12127 = VECTOR('',#12128,1.);
#12128 = DIRECTION('',(-1.,0.,0.));
#12129 = PCURVE('',#9450,#12130);
#12130 = DEFINITIONAL_REPRESENTATION('',(#12131),#12134);
#12131 = B_SPLINE_CURVE_WITH_KNOTS('',1,(#12132,#12133),.UNSPECIFIED.,
  .F.,.F.,(2,2),(-16.3025,-6.3025),.PIECEWISE_BEZIER_KNOTS.);
#12132 = CARTESIAN_POINT('',(10.,-1.));
#12133 = CARTESIAN_POINT('',(0.,-1.));
#12134 = ( GEOMETRIC_REPRESENTATION_CONTEXT(2) 
PARAMETRIC_REPRESENTATION_CONTEXT() REPRESENTATION_CONTEXT('2D SPACE',''
  ) );
#12135 = PCURVE('',#12010,#12136);
#12136 = DEFINITIONAL_REPRESENTATION('',(#12137),#12140);
#12137 = B_SPLINE_CURVE_WITH_KNOTS('',1,(#12138,#12139),.UNSPECIFIED.,
  .F.,.F.,(2,2),(-16.3025,-6.3025),.PIECEWISE_BEZIER_KNOTS.);
#12138 = CARTESIAN_POINT('',(22.605,-13.32999995987));
#12139 = CARTESIAN_POINT('',(12.605,-13.32999995987));
#12140 = ( GEOMETRIC_REPRESENTATION_CONTEXT(2) 
PARAMETRIC_REPRESENTATION_CONTEXT() REPRESENTATION_CONTEXT('2D SPACE',''
  ) );
#12141 = ORIENTED_EDGE('',*,*,#12097,.T.);
#12142 = ORIENTED_EDGE('',*,*,#9435,.F.);
#12143 = ORIENTED_EDGE('',*,*,#12144,.F.);
#12144 = EDGE_CURVE('',#12122,#9403,#12145,.T.);
#12145 = SURFACE_CURVE('',#12146,(#12150,#12157),.PCURVE_S1.);
#12146 = LINE('',#12147,#12148);
#12147 = CARTESIAN_POINT('',(28.605,77.4,35.08));
#12148 = VECTOR('',#12149,1.);
#12149 = DIRECTION('',(0.,1.,2.22044604925E-16));
#12150 = PCURVE('',#9450,#12151);
#12151 = DEFINITIONAL_REPRESENTATION('',(#12152),#12156);
#12152 = LINE('',#12153,#12154);
#12153 = CARTESIAN_POINT('',(10.,0.));
#12154 = VECTOR('',#12155,1.);
#12155 = DIRECTION('',(0.,-1.));
#12156 = ( GEOMETRIC_REPRESENTATION_CONTEXT(2) 
PARAMETRIC_REPRESENTATION_CONTEXT() REPRESENTATION_CONTEXT('2D SPACE',''
  ) );
#12157 = PCURVE('',#9423,#12158);
#12158 = DEFINITIONAL_REPRESENTATION('',(#12159),#12163);
#12159 = LINE('',#12160,#12161);
#12160 = CARTESIAN_POINT('',(-4.712388980385,0.));
#12161 = VECTOR('',#12162,1.);
#12162 = DIRECTION('',(-0.,-1.));
#12163 = ( GEOMETRIC_REPRESENTATION_CONTEXT(2) 
PARAMETRIC_REPRESENTATION_CONTEXT() REPRESENTATION_CONTEXT('2D SPACE',''
  ) );
#12164 = ADVANCED_FACE('',(#12165),#9423,.F.);
#12165 = FACE_BOUND('',#12166,.T.);
#12166 = EDGE_LOOP('',(#12167,#12195,#12196,#12197));
#12167 = ORIENTED_EDGE('',*,*,#12168,.T.);
#12168 = EDGE_CURVE('',#12169,#12122,#12171,.T.);
#12169 = VERTEX_POINT('',#12170);
#12170 = CARTESIAN_POINT('',(31.105,78.4,32.580000040124));
#12171 = SURFACE_CURVE('',#12172,(#12177,#12184),.PCURVE_S1.);
#12172 = CIRCLE('',#12173,2.5);
#12173 = AXIS2_PLACEMENT_3D('',#12174,#12175,#12176);
#12174 = CARTESIAN_POINT('',(28.605,78.4,32.580000040124));
#12175 = DIRECTION('',(0.,-1.,-2.22044604925E-16));
#12176 = DIRECTION('',(1.,0.,0.));
#12177 = PCURVE('',#9423,#12178);
#12178 = DEFINITIONAL_REPRESENTATION('',(#12179),#12183);
#12179 = LINE('',#12180,#12181);
#12180 = CARTESIAN_POINT('',(-6.28318530718,-1.));
#12181 = VECTOR('',#12182,1.);
#12182 = DIRECTION('',(1.,-0.));
#12183 = ( GEOMETRIC_REPRESENTATION_CONTEXT(2) 
PARAMETRIC_REPRESENTATION_CONTEXT() REPRESENTATION_CONTEXT('2D SPACE',''
  ) );
#12184 = PCURVE('',#12010,#12185);
#12185 = DEFINITIONAL_REPRESENTATION('',(#12186),#12194);
#12186 = ( BOUNDED_CURVE() B_SPLINE_CURVE(2,(#12187,#12188,#12189,#12190
    ,#12191,#12192,#12193),.UNSPECIFIED.,.T.,.F.) 
B_SPLINE_CURVE_WITH_KNOTS((1,2,2,2,2,1),(-2.094395102393,0.,
    2.094395102393,4.188790204786,6.28318530718,8.377580409573),
.UNSPECIFIED.) CURVE() GEOMETRIC_REPRESENTATION_ITEM() 
RATIONAL_B_SPLINE_CURVE((1.,0.5,1.,0.5,1.,0.5,1.)) REPRESENTATION_ITEM(
  '') );
#12187 = CARTESIAN_POINT('',(25.105,-10.83000004012));
#12188 = CARTESIAN_POINT('',(25.105,-15.16012705904));
#12189 = CARTESIAN_POINT('',(21.355,-12.99506354958));
#12190 = CARTESIAN_POINT('',(17.605,-10.83000004012));
#12191 = CARTESIAN_POINT('',(21.355,-8.664936530663));
#12192 = CARTESIAN_POINT('',(25.105,-6.499873021201));
#12193 = CARTESIAN_POINT('',(25.105,-10.83000004012));
#12194 = ( GEOMETRIC_REPRESENTATION_CONTEXT(2) 
PARAMETRIC_REPRESENTATION_CONTEXT() REPRESENTATION_CONTEXT('2D SPACE',''
  ) );
#12195 = ORIENTED_EDGE('',*,*,#12144,.T.);
#12196 = ORIENTED_EDGE('',*,*,#9402,.F.);
#12197 = ORIENTED_EDGE('',*,*,#12198,.F.);
#12198 = EDGE_CURVE('',#12169,#9377,#12199,.T.);
#12199 = SURFACE_CURVE('',#12200,(#12204,#12211),.PCURVE_S1.);
#12200 = LINE('',#12201,#12202);
#12201 = CARTESIAN_POINT('',(31.105,77.4,32.580000040124));
#12202 = VECTOR('',#12203,1.);
#12203 = DIRECTION('',(0.,1.,2.22044604925E-16));
#12204 = PCURVE('',#9423,#12205);
#12205 = DEFINITIONAL_REPRESENTATION('',(#12206),#12210);
#12206 = LINE('',#12207,#12208);
#12207 = CARTESIAN_POINT('',(-6.28318530718,0.));
#12208 = VECTOR('',#12209,1.);
#12209 = DIRECTION('',(-0.,-1.));
#12210 = ( GEOMETRIC_REPRESENTATION_CONTEXT(2) 
PARAMETRIC_REPRESENTATION_CONTEXT() REPRESENTATION_CONTEXT('2D SPACE',''
  ) );
#12211 = PCURVE('',#9391,#12212);
#12212 = DEFINITIONAL_REPRESENTATION('',(#12213),#12217);
#12213 = LINE('',#12214,#12215);
#12214 = CARTESIAN_POINT('',(-4.440892098501E-16,0.));
#12215 = VECTOR('',#12216,1.);
#12216 = DIRECTION('',(0.,-1.));
#12217 = ( GEOMETRIC_REPRESENTATION_CONTEXT(2) 
PARAMETRIC_REPRESENTATION_CONTEXT() REPRESENTATION_CONTEXT('2D SPACE',''
  ) );
#12218 = ADVANCED_FACE('',(#12219),#9391,.T.);
#12219 = FACE_BOUND('',#12220,.T.);
#12220 = EDGE_LOOP('',(#12221,#12242,#12243,#12244));
#12221 = ORIENTED_EDGE('',*,*,#12222,.T.);
#12222 = EDGE_CURVE('',#12223,#12169,#12225,.T.);
#12223 = VERTEX_POINT('',#12224);
#12224 = CARTESIAN_POINT('',(31.105,78.4,28.079999966458));
#12225 = SURFACE_CURVE('',#12226,(#12230,#12236),.PCURVE_S1.);
#12226 = LINE('',#12227,#12228);
#12227 = CARTESIAN_POINT('',(31.105,78.4,27.165000020062));
#12228 = VECTOR('',#12229,1.);
#12229 = DIRECTION('',(0.,-0.,1.));
#12230 = PCURVE('',#9391,#12231);
#12231 = DEFINITIONAL_REPRESENTATION('',(#12232),#12235);
#12232 = B_SPLINE_CURVE_WITH_KNOTS('',1,(#12233,#12234),.UNSPECIFIED.,
  .F.,.F.,(2,2),(0.914999946396,5.415000020062),
  .PIECEWISE_BEZIER_KNOTS.);
#12233 = CARTESIAN_POINT('',(4.500000073666,-1.));
#12234 = CARTESIAN_POINT('',(0.,-1.));
#12235 = ( GEOMETRIC_REPRESENTATION_CONTEXT(2) 
PARAMETRIC_REPRESENTATION_CONTEXT() REPRESENTATION_CONTEXT('2D SPACE',''
  ) );
#12236 = PCURVE('',#12010,#12237);
#12237 = DEFINITIONAL_REPRESENTATION('',(#12238),#12241);
#12238 = B_SPLINE_CURVE_WITH_KNOTS('',1,(#12239,#12240),.UNSPECIFIED.,
  .F.,.F.,(2,2),(0.914999946396,5.415000020062),
  .PIECEWISE_BEZIER_KNOTS.);
#12239 = CARTESIAN_POINT('',(25.105,-6.329999966458));
#12240 = CARTESIAN_POINT('',(25.105,-10.83000004012));
#12241 = ( GEOMETRIC_REPRESENTATION_CONTEXT(2) 
PARAMETRIC_REPRESENTATION_CONTEXT() REPRESENTATION_CONTEXT('2D SPACE',''
  ) );
#12242 = ORIENTED_EDGE('',*,*,#12198,.T.);
#12243 = ORIENTED_EDGE('',*,*,#9376,.F.);
#12244 = ORIENTED_EDGE('',*,*,#12245,.F.);
#12245 = EDGE_CURVE('',#12223,#9344,#12246,.T.);
#12246 = SURFACE_CURVE('',#12247,(#12251,#12258),.PCURVE_S1.);
#12247 = LINE('',#12248,#12249);
#12248 = CARTESIAN_POINT('',(31.105,77.4,28.079999966458));
#12249 = VECTOR('',#12250,1.);
#12250 = DIRECTION('',(0.,1.,2.22044604925E-16));
#12251 = PCURVE('',#9391,#12252);
#12252 = DEFINITIONAL_REPRESENTATION('',(#12253),#12257);
#12253 = LINE('',#12254,#12255);
#12254 = CARTESIAN_POINT('',(4.500000073666,0.));
#12255 = VECTOR('',#12256,1.);
#12256 = DIRECTION('',(0.,-1.));
#12257 = ( GEOMETRIC_REPRESENTATION_CONTEXT(2) 
PARAMETRIC_REPRESENTATION_CONTEXT() REPRESENTATION_CONTEXT('2D SPACE',''
  ) );
#12258 = PCURVE('',#9364,#12259);
#12259 = DEFINITIONAL_REPRESENTATION('',(#12260),#12264);
#12260 = LINE('',#12261,#12262);
#12261 = CARTESIAN_POINT('',(-0.,0.));
#12262 = VECTOR('',#12263,1.);
#12263 = DIRECTION('',(-0.,-1.));
#12264 = ( GEOMETRIC_REPRESENTATION_CONTEXT(2) 
PARAMETRIC_REPRESENTATION_CONTEXT() REPRESENTATION_CONTEXT('2D SPACE',''
  ) );
#12265 = ADVANCED_FACE('',(#12266),#9364,.F.);
#12266 = FACE_BOUND('',#12267,.T.);
#12267 = EDGE_LOOP('',(#12268,#12296,#12297,#12298));
#12268 = ORIENTED_EDGE('',*,*,#12269,.T.);
#12269 = EDGE_CURVE('',#12270,#12223,#12272,.T.);
#12270 = VERTEX_POINT('',#12271);
#12271 = CARTESIAN_POINT('',(28.605,78.4,25.579999963167));
#12272 = SURFACE_CURVE('',#12273,(#12278,#12285),.PCURVE_S1.);
#12273 = CIRCLE('',#12274,2.5);
#12274 = AXIS2_PLACEMENT_3D('',#12275,#12276,#12277);
#12275 = CARTESIAN_POINT('',(28.605,78.4,28.079999966458));
#12276 = DIRECTION('',(0.,-1.,-2.22044604925E-16));
#12277 = DIRECTION('',(1.,0.,0.));
#12278 = PCURVE('',#9364,#12279);
#12279 = DEFINITIONAL_REPRESENTATION('',(#12280),#12284);
#12280 = LINE('',#12281,#12282);
#12281 = CARTESIAN_POINT('',(-6.28318530718,-1.));
#12282 = VECTOR('',#12283,1.);
#12283 = DIRECTION('',(1.,-0.));
#12284 = ( GEOMETRIC_REPRESENTATION_CONTEXT(2) 
PARAMETRIC_REPRESENTATION_CONTEXT() REPRESENTATION_CONTEXT('2D SPACE',''
  ) );
#12285 = PCURVE('',#12010,#12286);
#12286 = DEFINITIONAL_REPRESENTATION('',(#12287),#12295);
#12287 = ( BOUNDED_CURVE() B_SPLINE_CURVE(2,(#12288,#12289,#12290,#12291
    ,#12292,#12293,#12294),.UNSPECIFIED.,.T.,.F.) 
B_SPLINE_CURVE_WITH_KNOTS((1,2,2,2,2,1),(-2.094395102393,0.,
    2.094395102393,4.188790204786,6.28318530718,8.377580409573),
.UNSPECIFIED.) CURVE() GEOMETRIC_REPRESENTATION_ITEM() 
RATIONAL_B_SPLINE_CURVE((1.,0.5,1.,0.5,1.,0.5,1.)) REPRESENTATION_ITEM(
  '') );
#12288 = CARTESIAN_POINT('',(25.105,-6.329999966458));
#12289 = CARTESIAN_POINT('',(25.105,-10.66012698538));
#12290 = CARTESIAN_POINT('',(21.355,-8.495063475919));
#12291 = CARTESIAN_POINT('',(17.605,-6.329999966458));
#12292 = CARTESIAN_POINT('',(21.355,-4.164936456997));
#12293 = CARTESIAN_POINT('',(25.105,-1.999872947536));
#12294 = CARTESIAN_POINT('',(25.105,-6.329999966458));
#12295 = ( GEOMETRIC_REPRESENTATION_CONTEXT(2) 
PARAMETRIC_REPRESENTATION_CONTEXT() REPRESENTATION_CONTEXT('2D SPACE',''
  ) );
#12296 = ORIENTED_EDGE('',*,*,#12245,.T.);
#12297 = ORIENTED_EDGE('',*,*,#9343,.F.);
#12298 = ORIENTED_EDGE('',*,*,#12299,.F.);
#12299 = EDGE_CURVE('',#12270,#9318,#12300,.T.);
#12300 = SURFACE_CURVE('',#12301,(#12305,#12312),.PCURVE_S1.);
#12301 = LINE('',#12302,#12303);
#12302 = CARTESIAN_POINT('',(28.605,77.4,25.579999963167));
#12303 = VECTOR('',#12304,1.);
#12304 = DIRECTION('',(0.,1.,2.22044604925E-16));
#12305 = PCURVE('',#9364,#12306);
#12306 = DEFINITIONAL_REPRESENTATION('',(#12307),#12311);
#12307 = LINE('',#12308,#12309);
#12308 = CARTESIAN_POINT('',(-1.570796326795,0.));
#12309 = VECTOR('',#12310,1.);
#12310 = DIRECTION('',(-0.,-1.));
#12311 = ( GEOMETRIC_REPRESENTATION_CONTEXT(2) 
PARAMETRIC_REPRESENTATION_CONTEXT() REPRESENTATION_CONTEXT('2D SPACE',''
  ) );
#12312 = PCURVE('',#9332,#12313);
#12313 = DEFINITIONAL_REPRESENTATION('',(#12314),#12318);
#12314 = LINE('',#12315,#12316);
#12315 = CARTESIAN_POINT('',(10.,0.));
#12316 = VECTOR('',#12317,1.);
#12317 = DIRECTION('',(0.,-1.));
#12318 = ( GEOMETRIC_REPRESENTATION_CONTEXT(2) 
PARAMETRIC_REPRESENTATION_CONTEXT() REPRESENTATION_CONTEXT('2D SPACE',''
  ) );
#12319 = ADVANCED_FACE('',(#12320),#9332,.F.);
#12320 = FACE_BOUND('',#12321,.F.);
#12321 = EDGE_LOOP('',(#12322,#12343,#12364,#12365));
#12322 = ORIENTED_EDGE('',*,*,#12323,.T.);
#12323 = EDGE_CURVE('',#12270,#12324,#12326,.T.);
#12324 = VERTEX_POINT('',#12325);
#12325 = CARTESIAN_POINT('',(18.605,78.4,25.579999963167));
#12326 = SURFACE_CURVE('',#12327,(#12331,#12337),.PCURVE_S1.);
#12327 = LINE('',#12328,#12329);
#12328 = CARTESIAN_POINT('',(12.3025,78.4,25.579999959876));
#12329 = VECTOR('',#12330,1.);
#12330 = DIRECTION('',(-1.,0.,0.));
#12331 = PCURVE('',#9332,#12332);
#12332 = DEFINITIONAL_REPRESENTATION('',(#12333),#12336);
#12333 = B_SPLINE_CURVE_WITH_KNOTS('',1,(#12334,#12335),.UNSPECIFIED.,
  .F.,.F.,(2,2),(-16.3025,-6.3025),.PIECEWISE_BEZIER_KNOTS.);
#12334 = CARTESIAN_POINT('',(10.,-1.));
#12335 = CARTESIAN_POINT('',(0.,-1.));
#12336 = ( GEOMETRIC_REPRESENTATION_CONTEXT(2) 
PARAMETRIC_REPRESENTATION_CONTEXT() REPRESENTATION_CONTEXT('2D SPACE',''
  ) );
#12337 = PCURVE('',#12010,#12338);
#12338 = DEFINITIONAL_REPRESENTATION('',(#12339),#12342);
#12339 = B_SPLINE_CURVE_WITH_KNOTS('',1,(#12340,#12341),.UNSPECIFIED.,
  .F.,.F.,(2,2),(-16.3025,-6.3025),.PIECEWISE_BEZIER_KNOTS.);
#12340 = CARTESIAN_POINT('',(22.605,-3.829999959876));
#12341 = CARTESIAN_POINT('',(12.605,-3.829999959876));
#12342 = ( GEOMETRIC_REPRESENTATION_CONTEXT(2) 
PARAMETRIC_REPRESENTATION_CONTEXT() REPRESENTATION_CONTEXT('2D SPACE',''
  ) );
#12343 = ORIENTED_EDGE('',*,*,#12344,.T.);
#12344 = EDGE_CURVE('',#12324,#9285,#12345,.T.);
#12345 = SURFACE_CURVE('',#12346,(#12350,#12357),.PCURVE_S1.);
#12346 = LINE('',#12347,#12348);
#12347 = CARTESIAN_POINT('',(18.605,77.4,25.579999963167));
#12348 = VECTOR('',#12349,1.);
#12349 = DIRECTION('',(0.,1.,2.22044604925E-16));
#12350 = PCURVE('',#9332,#12351);
#12351 = DEFINITIONAL_REPRESENTATION('',(#12352),#12356);
#12352 = LINE('',#12353,#12354);
#12353 = CARTESIAN_POINT('',(0.,0.));
#12354 = VECTOR('',#12355,1.);
#12355 = DIRECTION('',(0.,-1.));
#12356 = ( GEOMETRIC_REPRESENTATION_CONTEXT(2) 
PARAMETRIC_REPRESENTATION_CONTEXT() REPRESENTATION_CONTEXT('2D SPACE',''
  ) );
#12357 = PCURVE('',#9305,#12358);
#12358 = DEFINITIONAL_REPRESENTATION('',(#12359),#12363);
#12359 = LINE('',#12360,#12361);
#12360 = CARTESIAN_POINT('',(-1.570796326795,0.));
#12361 = VECTOR('',#12362,1.);
#12362 = DIRECTION('',(-0.,-1.));
#12363 = ( GEOMETRIC_REPRESENTATION_CONTEXT(2) 
PARAMETRIC_REPRESENTATION_CONTEXT() REPRESENTATION_CONTEXT('2D SPACE',''
  ) );
#12364 = ORIENTED_EDGE('',*,*,#9317,.F.);
#12365 = ORIENTED_EDGE('',*,*,#12299,.F.);
#12366 = ADVANCED_FACE('',(#12367),#9305,.F.);
#12367 = FACE_BOUND('',#12368,.T.);
#12368 = EDGE_LOOP('',(#12369,#12395,#12396,#12397));
#12369 = ORIENTED_EDGE('',*,*,#12370,.T.);
#12370 = EDGE_CURVE('',#11994,#12324,#12371,.T.);
#12371 = SURFACE_CURVE('',#12372,(#12377,#12384),.PCURVE_S1.);
#12372 = CIRCLE('',#12373,2.5);
#12373 = AXIS2_PLACEMENT_3D('',#12374,#12375,#12376);
#12374 = CARTESIAN_POINT('',(18.605,78.4,28.079999966458));
#12375 = DIRECTION('',(0.,-1.,-2.22044604925E-16));
#12376 = DIRECTION('',(1.,0.,0.));
#12377 = PCURVE('',#9305,#12378);
#12378 = DEFINITIONAL_REPRESENTATION('',(#12379),#12383);
#12379 = LINE('',#12380,#12381);
#12380 = CARTESIAN_POINT('',(-6.28318530718,-1.));
#12381 = VECTOR('',#12382,1.);
#12382 = DIRECTION('',(1.,-0.));
#12383 = ( GEOMETRIC_REPRESENTATION_CONTEXT(2) 
PARAMETRIC_REPRESENTATION_CONTEXT() REPRESENTATION_CONTEXT('2D SPACE',''
  ) );
#12384 = PCURVE('',#12010,#12385);
#12385 = DEFINITIONAL_REPRESENTATION('',(#12386),#12394);
#12386 = ( BOUNDED_CURVE() B_SPLINE_CURVE(2,(#12387,#12388,#12389,#12390
    ,#12391,#12392,#12393),.UNSPECIFIED.,.T.,.F.) 
B_SPLINE_CURVE_WITH_KNOTS((1,2,2,2,2,1),(-2.094395102393,0.,
    2.094395102393,4.188790204786,6.28318530718,8.377580409573),
.UNSPECIFIED.) CURVE() GEOMETRIC_REPRESENTATION_ITEM() 
RATIONAL_B_SPLINE_CURVE((1.,0.5,1.,0.5,1.,0.5,1.)) REPRESENTATION_ITEM(
  '') );
#12387 = CARTESIAN_POINT('',(15.105,-6.329999966458));
#12388 = CARTESIAN_POINT('',(15.105,-10.66012698538));
#12389 = CARTESIAN_POINT('',(11.355,-8.495063475919));
#12390 = CARTESIAN_POINT('',(7.605,-6.329999966458));
#12391 = CARTESIAN_POINT('',(11.355,-4.164936456997));
#12392 = CARTESIAN_POINT('',(15.105,-1.999872947536));
#12393 = CARTESIAN_POINT('',(15.105,-6.329999966458));
#12394 = ( GEOMETRIC_REPRESENTATION_CONTEXT(2) 
PARAMETRIC_REPRESENTATION_CONTEXT() REPRESENTATION_CONTEXT('2D SPACE',''
  ) );
#12395 = ORIENTED_EDGE('',*,*,#12344,.T.);
#12396 = ORIENTED_EDGE('',*,*,#9284,.F.);
#12397 = ORIENTED_EDGE('',*,*,#12043,.F.);
#12398 = ADVANCED_FACE('',(#12399),#9561,.T.);
#12399 = FACE_BOUND('',#12400,.T.);
#12400 = EDGE_LOOP('',(#12401,#12402,#12421,#12422));
#12401 = ORIENTED_EDGE('',*,*,#9544,.T.);
#12402 = ORIENTED_EDGE('',*,*,#12403,.T.);
#12403 = EDGE_CURVE('',#9545,#11384,#12404,.T.);
#12404 = SURFACE_CURVE('',#12405,(#12408,#12415),.PCURVE_S1.);
#12405 = B_SPLINE_CURVE_WITH_KNOTS('',1,(#12406,#12407),.UNSPECIFIED.,
  .F.,.F.,(2,2),(0.,1.),.PIECEWISE_BEZIER_KNOTS.);
#12406 = CARTESIAN_POINT('',(47.20999999796,6.,38.4));
#12407 = CARTESIAN_POINT('',(46.809999997831,6.,38.8));
#12408 = PCURVE('',#9561,#12409);
#12409 = DEFINITIONAL_REPRESENTATION('',(#12410),#12414);
#12410 = LINE('',#12411,#12412);
#12411 = CARTESIAN_POINT('',(6.28318530718,0.));
#12412 = VECTOR('',#12413,1.);
#12413 = DIRECTION('',(0.,1.));
#12414 = ( GEOMETRIC_REPRESENTATION_CONTEXT(2) 
PARAMETRIC_REPRESENTATION_CONTEXT() REPRESENTATION_CONTEXT('2D SPACE',''
  ) );
#12415 = PCURVE('',#9694,#12416);
#12416 = DEFINITIONAL_REPRESENTATION('',(#12417),#12420);
#12417 = B_SPLINE_CURVE_WITH_KNOTS('',1,(#12418,#12419),.UNSPECIFIED.,
  .F.,.F.,(2,2),(0.,1.),.PIECEWISE_BEZIER_KNOTS.);
#12418 = CARTESIAN_POINT('',(-34.4,-0.565685423506));
#12419 = CARTESIAN_POINT('',(-34.4,1.533582150159E-09));
#12420 = ( GEOMETRIC_REPRESENTATION_CONTEXT(2) 
PARAMETRIC_REPRESENTATION_CONTEXT() REPRESENTATION_CONTEXT('2D SPACE',''
  ) );
#12421 = ORIENTED_EDGE('',*,*,#11383,.F.);
#12422 = ORIENTED_EDGE('',*,*,#11480,.F.);
#12423 = ADVANCED_FACE('',(#12424),#9649,.T.);
#12424 = FACE_BOUND('',#12425,.T.);
#12425 = EDGE_LOOP('',(#12426,#12427,#12428,#12429));
#12426 = ORIENTED_EDGE('',*,*,#9634,.T.);
#12427 = ORIENTED_EDGE('',*,*,#11970,.T.);
#12428 = ORIENTED_EDGE('',*,*,#11430,.F.);
#12429 = ORIENTED_EDGE('',*,*,#12430,.F.);
#12430 = EDGE_CURVE('',#9612,#11408,#12431,.T.);
#12431 = SURFACE_CURVE('',#12432,(#12435,#12442),.PCURVE_S1.);
#12432 = B_SPLINE_CURVE_WITH_KNOTS('',1,(#12433,#12434),.UNSPECIFIED.,
  .F.,.F.,(2,2),(0.,1.),.PIECEWISE_BEZIER_KNOTS.);
#12433 = CARTESIAN_POINT('',(47.20999999898,74.8,38.4));
#12434 = CARTESIAN_POINT('',(46.809999998916,74.8,38.8));
#12435 = PCURVE('',#9649,#12436);
#12436 = DEFINITIONAL_REPRESENTATION('',(#12437),#12441);
#12437 = LINE('',#12438,#12439);
#12438 = CARTESIAN_POINT('',(0.,0.));
#12439 = VECTOR('',#12440,1.);
#12440 = DIRECTION('',(0.,1.));
#12441 = ( GEOMETRIC_REPRESENTATION_CONTEXT(2) 
PARAMETRIC_REPRESENTATION_CONTEXT() REPRESENTATION_CONTEXT('2D SPACE',''
  ) );
#12442 = PCURVE('',#9694,#12443);
#12443 = DEFINITIONAL_REPRESENTATION('',(#12444),#12447);
#12444 = B_SPLINE_CURVE_WITH_KNOTS('',1,(#12445,#12446),.UNSPECIFIED.,
  .F.,.F.,(2,2),(0.,1.),.PIECEWISE_BEZIER_KNOTS.);
#12445 = CARTESIAN_POINT('',(34.4,-0.565685424228));
#12446 = CARTESIAN_POINT('',(34.4,7.667928514365E-10));
#12447 = ( GEOMETRIC_REPRESENTATION_CONTEXT(2) 
PARAMETRIC_REPRESENTATION_CONTEXT() REPRESENTATION_CONTEXT('2D SPACE',''
  ) );
#12448 = ADVANCED_FACE('',(#12449),#9694,.T.);
#12449 = FACE_BOUND('',#12450,.T.);
#12450 = EDGE_LOOP('',(#12451,#12452,#12453,#12454));
#12451 = ORIENTED_EDGE('',*,*,#9680,.T.);
#12452 = ORIENTED_EDGE('',*,*,#12430,.T.);
#12453 = ORIENTED_EDGE('',*,*,#11407,.F.);
#12454 = ORIENTED_EDGE('',*,*,#12403,.F.);
#12455 = ADVANCED_FACE('',(#12456),#9729,.T.);
#12456 = FACE_BOUND('',#12457,.T.);
#12457 = EDGE_LOOP('',(#12458,#12488,#12507,#12508));
#12458 = ORIENTED_EDGE('',*,*,#12459,.T.);
#12459 = EDGE_CURVE('',#12460,#12462,#12464,.T.);
#12460 = VERTEX_POINT('',#12461);
#12461 = CARTESIAN_POINT('',(6.,3.15,10.9));
#12462 = VERTEX_POINT('',#12463);
#12463 = CARTESIAN_POINT('',(41.209999996338,3.15,10.9));
#12464 = SURFACE_CURVE('',#12465,(#12469,#12476),.PCURVE_S1.);
#12465 = LINE('',#12466,#12467);
#12466 = CARTESIAN_POINT('',(23.605,3.15,10.9));
#12467 = VECTOR('',#12468,1.);
#12468 = DIRECTION('',(1.,0.,0.));
#12469 = PCURVE('',#9729,#12470);
#12470 = DEFINITIONAL_REPRESENTATION('',(#12471),#12475);
#12471 = LINE('',#12472,#12473);
#12472 = CARTESIAN_POINT('',(9.769962616701E-14,-0.848528137424));
#12473 = VECTOR('',#12474,1.);
#12474 = DIRECTION('',(1.,0.));
#12475 = ( GEOMETRIC_REPRESENTATION_CONTEXT(2) 
PARAMETRIC_REPRESENTATION_CONTEXT() REPRESENTATION_CONTEXT('2D SPACE',''
  ) );
#12476 = PCURVE('',#12477,#12482);
#12477 = PLANE('',#12478);
#12478 = AXIS2_PLACEMENT_3D('',#12479,#12480,#12481);
#12479 = CARTESIAN_POINT('',(6.,6.,10.9));
#12480 = DIRECTION('',(0.,0.,-1.));
#12481 = DIRECTION('',(-1.,0.,0.));
#12482 = DEFINITIONAL_REPRESENTATION('',(#12483),#12487);
#12483 = LINE('',#12484,#12485);
#12484 = CARTESIAN_POINT('',(-17.605,-2.85));
#12485 = VECTOR('',#12486,1.);
#12486 = DIRECTION('',(-1.,0.));
#12487 = ( GEOMETRIC_REPRESENTATION_CONTEXT(2) 
PARAMETRIC_REPRESENTATION_CONTEXT() REPRESENTATION_CONTEXT('2D SPACE',''
  ) );
#12488 = ORIENTED_EDGE('',*,*,#12489,.T.);
#12489 = EDGE_CURVE('',#12462,#9714,#12490,.T.);
#12490 = SURFACE_CURVE('',#12491,(#12494,#12500),.PCURVE_S1.);
#12491 = B_SPLINE_CURVE_WITH_KNOTS('',1,(#12492,#12493),.UNSPECIFIED.,
  .F.,.F.,(2,2),(0.,1.),.PIECEWISE_BEZIER_KNOTS.);
#12492 = CARTESIAN_POINT('',(41.209999996338,3.15,10.9));
#12493 = CARTESIAN_POINT('',(41.2099999968,2.55,11.5));
#12494 = PCURVE('',#9729,#12495);
#12495 = DEFINITIONAL_REPRESENTATION('',(#12496),#12499);
#12496 = B_SPLINE_CURVE_WITH_KNOTS('',1,(#12497,#12498),.UNSPECIFIED.,
  .F.,.F.,(2,2),(0.,1.),.PIECEWISE_BEZIER_KNOTS.);
#12497 = CARTESIAN_POINT('',(17.604999996338,-0.848528137424));
#12498 = CARTESIAN_POINT('',(17.604999996799,0.));
#12499 = ( GEOMETRIC_REPRESENTATION_CONTEXT(2) 
PARAMETRIC_REPRESENTATION_CONTEXT() REPRESENTATION_CONTEXT('2D SPACE',''
  ) );
#12500 = PCURVE('',#10025,#12501);
#12501 = DEFINITIONAL_REPRESENTATION('',(#12502),#12506);
#12502 = LINE('',#12503,#12504);
#12503 = CARTESIAN_POINT('',(1.570796326795,0.));
#12504 = VECTOR('',#12505,1.);
#12505 = DIRECTION('',(0.,1.));
#12506 = ( GEOMETRIC_REPRESENTATION_CONTEXT(2) 
PARAMETRIC_REPRESENTATION_CONTEXT() REPRESENTATION_CONTEXT('2D SPACE',''
  ) );
#12507 = ORIENTED_EDGE('',*,*,#9711,.F.);
#12508 = ORIENTED_EDGE('',*,*,#12509,.F.);
#12509 = EDGE_CURVE('',#12460,#9712,#12510,.T.);
#12510 = SURFACE_CURVE('',#12511,(#12514,#12520),.PCURVE_S1.);
#12511 = B_SPLINE_CURVE_WITH_KNOTS('',1,(#12512,#12513),.UNSPECIFIED.,
  .F.,.F.,(2,2),(0.,1.),.PIECEWISE_BEZIER_KNOTS.);
#12512 = CARTESIAN_POINT('',(6.,3.15,10.9));
#12513 = CARTESIAN_POINT('',(6.,2.55,11.5));
#12514 = PCURVE('',#9729,#12515);
#12515 = DEFINITIONAL_REPRESENTATION('',(#12516),#12519);
#12516 = B_SPLINE_CURVE_WITH_KNOTS('',1,(#12517,#12518),.UNSPECIFIED.,
  .F.,.F.,(2,2),(0.,1.),.PIECEWISE_BEZIER_KNOTS.);
#12517 = CARTESIAN_POINT('',(-17.605,-0.848528137424));
#12518 = CARTESIAN_POINT('',(-17.605,0.));
#12519 = ( GEOMETRIC_REPRESENTATION_CONTEXT(2) 
PARAMETRIC_REPRESENTATION_CONTEXT() REPRESENTATION_CONTEXT('2D SPACE',''
  ) );
#12520 = PCURVE('',#11344,#12521);
#12521 = DEFINITIONAL_REPRESENTATION('',(#12522),#12525);
#12522 = B_SPLINE_CURVE_WITH_KNOTS('',1,(#12523,#12524),.UNSPECIFIED.,
  .F.,.F.,(2,2),(0.,1.),.PIECEWISE_BEZIER_KNOTS.);
#12523 = CARTESIAN_POINT('',(1.570796326795,0.));
#12524 = CARTESIAN_POINT('',(1.570796326795,0.6));
#12525 = ( GEOMETRIC_REPRESENTATION_CONTEXT(2) 
PARAMETRIC_REPRESENTATION_CONTEXT() REPRESENTATION_CONTEXT('2D SPACE',''
  ) );
#12526 = ADVANCED_FACE('',(#12527),#9802,.F.);
#12527 = FACE_BOUND('',#12528,.F.);
#12528 = EDGE_LOOP('',(#12529,#12530,#12531,#12532));
#12529 = ORIENTED_EDGE('',*,*,#9786,.T.);
#12530 = ORIENTED_EDGE('',*,*,#9885,.T.);
#12531 = ORIENTED_EDGE('',*,*,#9934,.T.);
#12532 = ORIENTED_EDGE('',*,*,#9961,.T.);
#12533 = ADVANCED_FACE('',(#12534),#10025,.T.);
#12534 = FACE_BOUND('',#12535,.T.);
#12535 = EDGE_LOOP('',(#12536,#12560,#12579,#12580));
#12536 = ORIENTED_EDGE('',*,*,#12537,.F.);
#12537 = EDGE_CURVE('',#12538,#12462,#12540,.T.);
#12538 = VERTEX_POINT('',#12539);
#12539 = CARTESIAN_POINT('',(44.059999998169,6.,10.9));
#12540 = SURFACE_CURVE('',#12541,(#12546,#12553),.PCURVE_S1.);
#12541 = CIRCLE('',#12542,2.85);
#12542 = AXIS2_PLACEMENT_3D('',#12543,#12544,#12545);
#12543 = CARTESIAN_POINT('',(41.209999996338,6.,10.9));
#12544 = DIRECTION('',(0.,0.,-1.));
#12545 = DIRECTION('',(-1.,0.,0.));
#12546 = PCURVE('',#10025,#12547);
#12547 = DEFINITIONAL_REPRESENTATION('',(#12548),#12552);
#12548 = LINE('',#12549,#12550);
#12549 = CARTESIAN_POINT('',(6.28318530718,0.));
#12550 = VECTOR('',#12551,1.);
#12551 = DIRECTION('',(-1.,0.));
#12552 = ( GEOMETRIC_REPRESENTATION_CONTEXT(2) 
PARAMETRIC_REPRESENTATION_CONTEXT() REPRESENTATION_CONTEXT('2D SPACE',''
  ) );
#12553 = PCURVE('',#12477,#12554);
#12554 = DEFINITIONAL_REPRESENTATION('',(#12555),#12559);
#12555 = CIRCLE('',#12556,2.85);
#12556 = AXIS2_PLACEMENT_2D('',#12557,#12558);
#12557 = CARTESIAN_POINT('',(-35.20999999633,0.));
#12558 = DIRECTION('',(1.,0.));
#12559 = ( GEOMETRIC_REPRESENTATION_CONTEXT(2) 
PARAMETRIC_REPRESENTATION_CONTEXT() REPRESENTATION_CONTEXT('2D SPACE',''
  ) );
#12560 = ORIENTED_EDGE('',*,*,#12561,.T.);
#12561 = EDGE_CURVE('',#12538,#9986,#12562,.T.);
#12562 = SURFACE_CURVE('',#12563,(#12566,#12573),.PCURVE_S1.);
#12563 = B_SPLINE_CURVE_WITH_KNOTS('',1,(#12564,#12565),.UNSPECIFIED.,
  .F.,.F.,(2,2),(0.,1.),.PIECEWISE_BEZIER_KNOTS.);
#12564 = CARTESIAN_POINT('',(44.059999996338,6.,10.9));
#12565 = CARTESIAN_POINT('',(44.6599999968,6.,11.5));
#12566 = PCURVE('',#10025,#12567);
#12567 = DEFINITIONAL_REPRESENTATION('',(#12568),#12572);
#12568 = LINE('',#12569,#12570);
#12569 = CARTESIAN_POINT('',(3.14159265359,0.));
#12570 = VECTOR('',#12571,1.);
#12571 = DIRECTION('',(0.,1.));
#12572 = ( GEOMETRIC_REPRESENTATION_CONTEXT(2) 
PARAMETRIC_REPRESENTATION_CONTEXT() REPRESENTATION_CONTEXT('2D SPACE',''
  ) );
#12573 = PCURVE('',#10069,#12574);
#12574 = DEFINITIONAL_REPRESENTATION('',(#12575),#12578);
#12575 = B_SPLINE_CURVE_WITH_KNOTS('',1,(#12576,#12577),.UNSPECIFIED.,
  .F.,.F.,(2,2),(0.,1.),.PIECEWISE_BEZIER_KNOTS.);
#12576 = CARTESIAN_POINT('',(-34.4,-0.848528140013));
#12577 = CARTESIAN_POINT('',(-34.4,-2.263107035105E-09));
#12578 = ( GEOMETRIC_REPRESENTATION_CONTEXT(2) 
PARAMETRIC_REPRESENTATION_CONTEXT() REPRESENTATION_CONTEXT('2D SPACE',''
  ) );
#12579 = ORIENTED_EDGE('',*,*,#10010,.T.);
#12580 = ORIENTED_EDGE('',*,*,#12489,.F.);
#12581 = ADVANCED_FACE('',(#12582),#10069,.T.);
#12582 = FACE_BOUND('',#12583,.T.);
#12583 = EDGE_LOOP('',(#12584,#12607,#12626,#12627));
#12584 = ORIENTED_EDGE('',*,*,#12585,.T.);
#12585 = EDGE_CURVE('',#12538,#12586,#12588,.T.);
#12586 = VERTEX_POINT('',#12587);
#12587 = CARTESIAN_POINT('',(44.059999998169,74.8,10.9));
#12588 = SURFACE_CURVE('',#12589,(#12593,#12600),.PCURVE_S1.);
#12589 = LINE('',#12590,#12591);
#12590 = CARTESIAN_POINT('',(44.06,40.4,10.9));
#12591 = VECTOR('',#12592,1.);
#12592 = DIRECTION('',(0.,1.,0.));
#12593 = PCURVE('',#10069,#12594);
#12594 = DEFINITIONAL_REPRESENTATION('',(#12595),#12599);
#12595 = LINE('',#12596,#12597);
#12596 = CARTESIAN_POINT('',(-3.552713678801E-15,-0.848528137424));
#12597 = VECTOR('',#12598,1.);
#12598 = DIRECTION('',(1.,0.));
#12599 = ( GEOMETRIC_REPRESENTATION_CONTEXT(2) 
PARAMETRIC_REPRESENTATION_CONTEXT() REPRESENTATION_CONTEXT('2D SPACE',''
  ) );
#12600 = PCURVE('',#12477,#12601);
#12601 = DEFINITIONAL_REPRESENTATION('',(#12602),#12606);
#12602 = LINE('',#12603,#12604);
#12603 = CARTESIAN_POINT('',(-38.06,34.4));
#12604 = VECTOR('',#12605,1.);
#12605 = DIRECTION('',(0.,1.));
#12606 = ( GEOMETRIC_REPRESENTATION_CONTEXT(2) 
PARAMETRIC_REPRESENTATION_CONTEXT() REPRESENTATION_CONTEXT('2D SPACE',''
  ) );
#12607 = ORIENTED_EDGE('',*,*,#12608,.T.);
#12608 = EDGE_CURVE('',#12586,#10054,#12609,.T.);
#12609 = SURFACE_CURVE('',#12610,(#12613,#12619),.PCURVE_S1.);
#12610 = B_SPLINE_CURVE_WITH_KNOTS('',1,(#12611,#12612),.UNSPECIFIED.,
  .F.,.F.,(2,2),(0.,1.),.PIECEWISE_BEZIER_KNOTS.);
#12611 = CARTESIAN_POINT('',(44.059999998169,74.8,10.9));
#12612 = CARTESIAN_POINT('',(44.6599999984,74.8,11.5));
#12613 = PCURVE('',#10069,#12614);
#12614 = DEFINITIONAL_REPRESENTATION('',(#12615),#12618);
#12615 = B_SPLINE_CURVE_WITH_KNOTS('',1,(#12616,#12617),.UNSPECIFIED.,
  .F.,.F.,(2,2),(0.,1.),.PIECEWISE_BEZIER_KNOTS.);
#12616 = CARTESIAN_POINT('',(34.4,-0.848528138718));
#12617 = CARTESIAN_POINT('',(34.4,-1.131557070266E-09));
#12618 = ( GEOMETRIC_REPRESENTATION_CONTEXT(2) 
PARAMETRIC_REPRESENTATION_CONTEXT() REPRESENTATION_CONTEXT('2D SPACE',''
  ) );
#12619 = PCURVE('',#10543,#12620);
#12620 = DEFINITIONAL_REPRESENTATION('',(#12621),#12625);
#12621 = LINE('',#12622,#12623);
#12622 = CARTESIAN_POINT('',(3.14159265359,0.));
#12623 = VECTOR('',#12624,1.);
#12624 = DIRECTION('',(0.,1.));
#12625 = ( GEOMETRIC_REPRESENTATION_CONTEXT(2) 
PARAMETRIC_REPRESENTATION_CONTEXT() REPRESENTATION_CONTEXT('2D SPACE',''
  ) );
#12626 = ORIENTED_EDGE('',*,*,#10053,.F.);
#12627 = ORIENTED_EDGE('',*,*,#12561,.F.);
#12628 = ADVANCED_FACE('',(#12629),#10195,.F.);
#12629 = FACE_BOUND('',#12630,.F.);
#12630 = EDGE_LOOP('',(#12631,#12632,#12633,#12634));
#12631 = ORIENTED_EDGE('',*,*,#10179,.T.);
#12632 = ORIENTED_EDGE('',*,*,#10403,.T.);
#12633 = ORIENTED_EDGE('',*,*,#10452,.T.);
#12634 = ORIENTED_EDGE('',*,*,#10479,.T.);
#12635 = ADVANCED_FACE('',(#12636),#10122,.F.);
#12636 = FACE_BOUND('',#12637,.F.);
#12637 = EDGE_LOOP('',(#12638,#12639,#12640,#12641));
#12638 = ORIENTED_EDGE('',*,*,#10106,.T.);
#12639 = ORIENTED_EDGE('',*,*,#10278,.T.);
#12640 = ORIENTED_EDGE('',*,*,#10327,.T.);
#12641 = ORIENTED_EDGE('',*,*,#10354,.T.);
#12642 = ADVANCED_FACE('',(#12643),#10543,.T.);
#12643 = FACE_BOUND('',#12644,.T.);
#12644 = EDGE_LOOP('',(#12645,#12669,#12689,#12690));
#12645 = ORIENTED_EDGE('',*,*,#12646,.F.);
#12646 = EDGE_CURVE('',#12647,#12586,#12649,.T.);
#12647 = VERTEX_POINT('',#12648);
#12648 = CARTESIAN_POINT('',(41.209999996338,77.65,10.9));
#12649 = SURFACE_CURVE('',#12650,(#12655,#12662),.PCURVE_S1.);
#12650 = CIRCLE('',#12651,2.85);
#12651 = AXIS2_PLACEMENT_3D('',#12652,#12653,#12654);
#12652 = CARTESIAN_POINT('',(41.209999996338,74.8,10.9));
#12653 = DIRECTION('',(0.,0.,-1.));
#12654 = DIRECTION('',(-1.,0.,0.));
#12655 = PCURVE('',#10543,#12656);
#12656 = DEFINITIONAL_REPRESENTATION('',(#12657),#12661);
#12657 = LINE('',#12658,#12659);
#12658 = CARTESIAN_POINT('',(6.28318530718,0.));
#12659 = VECTOR('',#12660,1.);
#12660 = DIRECTION('',(-1.,0.));
#12661 = ( GEOMETRIC_REPRESENTATION_CONTEXT(2) 
PARAMETRIC_REPRESENTATION_CONTEXT() REPRESENTATION_CONTEXT('2D SPACE',''
  ) );
#12662 = PCURVE('',#12477,#12663);
#12663 = DEFINITIONAL_REPRESENTATION('',(#12664),#12668);
#12664 = CIRCLE('',#12665,2.85);
#12665 = AXIS2_PLACEMENT_2D('',#12666,#12667);
#12666 = CARTESIAN_POINT('',(-35.20999999633,68.8));
#12667 = DIRECTION('',(1.,0.));
#12668 = ( GEOMETRIC_REPRESENTATION_CONTEXT(2) 
PARAMETRIC_REPRESENTATION_CONTEXT() REPRESENTATION_CONTEXT('2D SPACE',''
  ) );
#12669 = ORIENTED_EDGE('',*,*,#12670,.T.);
#12670 = EDGE_CURVE('',#12647,#10504,#12671,.T.);
#12671 = SURFACE_CURVE('',#12672,(#12675,#12682),.PCURVE_S1.);
#12672 = B_SPLINE_CURVE_WITH_KNOTS('',1,(#12673,#12674),.UNSPECIFIED.,
  .F.,.F.,(2,2),(0.,1.),.PIECEWISE_BEZIER_KNOTS.);
#12673 = CARTESIAN_POINT('',(41.209999996338,77.65,10.9));
#12674 = CARTESIAN_POINT('',(41.2099999968,78.25,11.5));
#12675 = PCURVE('',#10543,#12676);
#12676 = DEFINITIONAL_REPRESENTATION('',(#12677),#12681);
#12677 = LINE('',#12678,#12679);
#12678 = CARTESIAN_POINT('',(4.712388980385,0.));
#12679 = VECTOR('',#12680,1.);
#12680 = DIRECTION('',(0.,1.));
#12681 = ( GEOMETRIC_REPRESENTATION_CONTEXT(2) 
PARAMETRIC_REPRESENTATION_CONTEXT() REPRESENTATION_CONTEXT('2D SPACE',''
  ) );
#12682 = PCURVE('',#10587,#12683);
#12683 = DEFINITIONAL_REPRESENTATION('',(#12684),#12688);
#12684 = LINE('',#12685,#12686);
#12685 = CARTESIAN_POINT('',(-17.60499999679,0.));
#12686 = VECTOR('',#12687,1.);
#12687 = DIRECTION('',(0.,1.));
#12688 = ( GEOMETRIC_REPRESENTATION_CONTEXT(2) 
PARAMETRIC_REPRESENTATION_CONTEXT() REPRESENTATION_CONTEXT('2D SPACE',''
  ) );
#12689 = ORIENTED_EDGE('',*,*,#10528,.T.);
#12690 = ORIENTED_EDGE('',*,*,#12608,.F.);
#12691 = ADVANCED_FACE('',(#12692),#10587,.T.);
#12692 = FACE_BOUND('',#12693,.T.);
#12693 = EDGE_LOOP('',(#12694,#12717,#12736,#12737));
#12694 = ORIENTED_EDGE('',*,*,#12695,.F.);
#12695 = EDGE_CURVE('',#12696,#12647,#12698,.T.);
#12696 = VERTEX_POINT('',#12697);
#12697 = CARTESIAN_POINT('',(6.,77.65,10.9));
#12698 = SURFACE_CURVE('',#12699,(#12703,#12710),.PCURVE_S1.);
#12699 = LINE('',#12700,#12701);
#12700 = CARTESIAN_POINT('',(23.605,77.65,10.9));
#12701 = VECTOR('',#12702,1.);
#12702 = DIRECTION('',(1.,0.,0.));
#12703 = PCURVE('',#10587,#12704);
#12704 = DEFINITIONAL_REPRESENTATION('',(#12705),#12709);
#12705 = LINE('',#12706,#12707);
#12706 = CARTESIAN_POINT('',(0.,0.));
#12707 = VECTOR('',#12708,1.);
#12708 = DIRECTION('',(-1.,0.));
#12709 = ( GEOMETRIC_REPRESENTATION_CONTEXT(2) 
PARAMETRIC_REPRESENTATION_CONTEXT() REPRESENTATION_CONTEXT('2D SPACE',''
  ) );
#12710 = PCURVE('',#12477,#12711);
#12711 = DEFINITIONAL_REPRESENTATION('',(#12712),#12716);
#12712 = LINE('',#12713,#12714);
#12713 = CARTESIAN_POINT('',(-17.605,71.65));
#12714 = VECTOR('',#12715,1.);
#12715 = DIRECTION('',(-1.,0.));
#12716 = ( GEOMETRIC_REPRESENTATION_CONTEXT(2) 
PARAMETRIC_REPRESENTATION_CONTEXT() REPRESENTATION_CONTEXT('2D SPACE',''
  ) );
#12717 = ORIENTED_EDGE('',*,*,#12718,.T.);
#12718 = EDGE_CURVE('',#12696,#10572,#12719,.T.);
#12719 = SURFACE_CURVE('',#12720,(#12723,#12730),.PCURVE_S1.);
#12720 = B_SPLINE_CURVE_WITH_KNOTS('',1,(#12721,#12722),.UNSPECIFIED.,
  .F.,.F.,(2,2),(0.,1.),.PIECEWISE_BEZIER_KNOTS.);
#12721 = CARTESIAN_POINT('',(6.,77.65,10.9));
#12722 = CARTESIAN_POINT('',(6.,78.25,11.5));
#12723 = PCURVE('',#10587,#12724);
#12724 = DEFINITIONAL_REPRESENTATION('',(#12725),#12729);
#12725 = LINE('',#12726,#12727);
#12726 = CARTESIAN_POINT('',(17.605,0.));
#12727 = VECTOR('',#12728,1.);
#12728 = DIRECTION('',(0.,1.));
#12729 = ( GEOMETRIC_REPRESENTATION_CONTEXT(2) 
PARAMETRIC_REPRESENTATION_CONTEXT() REPRESENTATION_CONTEXT('2D SPACE',''
  ) );
#12730 = PCURVE('',#10862,#12731);
#12731 = DEFINITIONAL_REPRESENTATION('',(#12732),#12735);
#12732 = B_SPLINE_CURVE_WITH_KNOTS('',1,(#12733,#12734),.UNSPECIFIED.,
  .F.,.F.,(2,2),(0.,1.),.PIECEWISE_BEZIER_KNOTS.);
#12733 = CARTESIAN_POINT('',(4.712388980385,0.));
#12734 = CARTESIAN_POINT('',(4.712388980385,0.6));
#12735 = ( GEOMETRIC_REPRESENTATION_CONTEXT(2) 
PARAMETRIC_REPRESENTATION_CONTEXT() REPRESENTATION_CONTEXT('2D SPACE',''
  ) );
#12736 = ORIENTED_EDGE('',*,*,#10571,.T.);
#12737 = ORIENTED_EDGE('',*,*,#12670,.F.);
#12738 = ADVANCED_FACE('',(#12739),#10659,.F.);
#12739 = FACE_BOUND('',#12740,.F.);
#12740 = EDGE_LOOP('',(#12741,#12742,#12743,#12744));
#12741 = ORIENTED_EDGE('',*,*,#10643,.T.);
#12742 = ORIENTED_EDGE('',*,*,#10722,.T.);
#12743 = ORIENTED_EDGE('',*,*,#10771,.T.);
#12744 = ORIENTED_EDGE('',*,*,#10798,.T.);
#12745 = ADVANCED_FACE('',(#12746),#10862,.T.);
#12746 = FACE_BOUND('',#12747,.T.);
#12747 = EDGE_LOOP('',(#12748,#12772,#12790,#12791));
#12748 = ORIENTED_EDGE('',*,*,#12749,.F.);
#12749 = EDGE_CURVE('',#12750,#12696,#12752,.T.);
#12750 = VERTEX_POINT('',#12751);
#12751 = CARTESIAN_POINT('',(3.15,74.8,10.9));
#12752 = SURFACE_CURVE('',#12753,(#12758,#12765),.PCURVE_S1.);
#12753 = CIRCLE('',#12754,2.85);
#12754 = AXIS2_PLACEMENT_3D('',#12755,#12756,#12757);
#12755 = CARTESIAN_POINT('',(6.,74.8,10.9));
#12756 = DIRECTION('',(0.,0.,-1.));
#12757 = DIRECTION('',(-1.,0.,0.));
#12758 = PCURVE('',#10862,#12759);
#12759 = DEFINITIONAL_REPRESENTATION('',(#12760),#12764);
#12760 = LINE('',#12761,#12762);
#12761 = CARTESIAN_POINT('',(6.28318530718,0.));
#12762 = VECTOR('',#12763,1.);
#12763 = DIRECTION('',(-1.,0.));
#12764 = ( GEOMETRIC_REPRESENTATION_CONTEXT(2) 
PARAMETRIC_REPRESENTATION_CONTEXT() REPRESENTATION_CONTEXT('2D SPACE',''
  ) );
#12765 = PCURVE('',#12477,#12766);
#12766 = DEFINITIONAL_REPRESENTATION('',(#12767),#12771);
#12767 = CIRCLE('',#12768,2.85);
#12768 = AXIS2_PLACEMENT_2D('',#12769,#12770);
#12769 = CARTESIAN_POINT('',(0.,68.8));
#12770 = DIRECTION('',(1.,0.));
#12771 = ( GEOMETRIC_REPRESENTATION_CONTEXT(2) 
PARAMETRIC_REPRESENTATION_CONTEXT() REPRESENTATION_CONTEXT('2D SPACE',''
  ) );
#12772 = ORIENTED_EDGE('',*,*,#12773,.T.);
#12773 = EDGE_CURVE('',#12750,#10823,#12774,.T.);
#12774 = SURFACE_CURVE('',#12775,(#12778,#12784),.PCURVE_S1.);
#12775 = B_SPLINE_CURVE_WITH_KNOTS('',1,(#12776,#12777),.UNSPECIFIED.,
  .F.,.F.,(2,2),(0.,1.),.PIECEWISE_BEZIER_KNOTS.);
#12776 = CARTESIAN_POINT('',(3.15,74.8,10.9));
#12777 = CARTESIAN_POINT('',(2.55,74.8,11.5));
#12778 = PCURVE('',#10862,#12779);
#12779 = DEFINITIONAL_REPRESENTATION('',(#12780),#12783);
#12780 = B_SPLINE_CURVE_WITH_KNOTS('',1,(#12781,#12782),.UNSPECIFIED.,
  .F.,.F.,(2,2),(0.,1.),.PIECEWISE_BEZIER_KNOTS.);
#12781 = CARTESIAN_POINT('',(6.28318530718,0.));
#12782 = CARTESIAN_POINT('',(6.28318530718,0.6));
#12783 = ( GEOMETRIC_REPRESENTATION_CONTEXT(2) 
PARAMETRIC_REPRESENTATION_CONTEXT() REPRESENTATION_CONTEXT('2D SPACE',''
  ) );
#12784 = PCURVE('',#10892,#12785);
#12785 = DEFINITIONAL_REPRESENTATION('',(#12786),#12789);
#12786 = B_SPLINE_CURVE_WITH_KNOTS('',1,(#12787,#12788),.UNSPECIFIED.,
  .F.,.F.,(2,2),(0.,1.),.PIECEWISE_BEZIER_KNOTS.);
#12787 = CARTESIAN_POINT('',(-34.4,-0.848528137424));
#12788 = CARTESIAN_POINT('',(-34.4,1.740829702612E-13));
#12789 = ( GEOMETRIC_REPRESENTATION_CONTEXT(2) 
PARAMETRIC_REPRESENTATION_CONTEXT() REPRESENTATION_CONTEXT('2D SPACE',''
  ) );
#12790 = ORIENTED_EDGE('',*,*,#10847,.T.);
#12791 = ORIENTED_EDGE('',*,*,#12718,.F.);
#12792 = ADVANCED_FACE('',(#12793),#10892,.T.);
#12793 = FACE_BOUND('',#12794,.T.);
#12794 = EDGE_LOOP('',(#12795,#12818,#12836,#12837));
#12795 = ORIENTED_EDGE('',*,*,#12796,.F.);
#12796 = EDGE_CURVE('',#12797,#12750,#12799,.T.);
#12797 = VERTEX_POINT('',#12798);
#12798 = CARTESIAN_POINT('',(3.15,6.,10.9));
#12799 = SURFACE_CURVE('',#12800,(#12804,#12811),.PCURVE_S1.);
#12800 = LINE('',#12801,#12802);
#12801 = CARTESIAN_POINT('',(3.15,40.4,10.9));
#12802 = VECTOR('',#12803,1.);
#12803 = DIRECTION('',(0.,1.,0.));
#12804 = PCURVE('',#10892,#12805);
#12805 = DEFINITIONAL_REPRESENTATION('',(#12806),#12810);
#12806 = LINE('',#12807,#12808);
#12807 = CARTESIAN_POINT('',(3.552713678801E-15,-0.848528137424));
#12808 = VECTOR('',#12809,1.);
#12809 = DIRECTION('',(-1.,0.));
#12810 = ( GEOMETRIC_REPRESENTATION_CONTEXT(2) 
PARAMETRIC_REPRESENTATION_CONTEXT() REPRESENTATION_CONTEXT('2D SPACE',''
  ) );
#12811 = PCURVE('',#12477,#12812);
#12812 = DEFINITIONAL_REPRESENTATION('',(#12813),#12817);
#12813 = LINE('',#12814,#12815);
#12814 = CARTESIAN_POINT('',(2.849999999999,34.4));
#12815 = VECTOR('',#12816,1.);
#12816 = DIRECTION('',(0.,1.));
#12817 = ( GEOMETRIC_REPRESENTATION_CONTEXT(2) 
PARAMETRIC_REPRESENTATION_CONTEXT() REPRESENTATION_CONTEXT('2D SPACE',''
  ) );
#12818 = ORIENTED_EDGE('',*,*,#12819,.T.);
#12819 = EDGE_CURVE('',#12797,#10877,#12820,.T.);
#12820 = SURFACE_CURVE('',#12821,(#12824,#12830),.PCURVE_S1.);
#12821 = B_SPLINE_CURVE_WITH_KNOTS('',1,(#12822,#12823),.UNSPECIFIED.,
  .F.,.F.,(2,2),(0.,1.),.PIECEWISE_BEZIER_KNOTS.);
#12822 = CARTESIAN_POINT('',(3.15,6.,10.9));
#12823 = CARTESIAN_POINT('',(2.55,6.,11.5));
#12824 = PCURVE('',#10892,#12825);
#12825 = DEFINITIONAL_REPRESENTATION('',(#12826),#12829);
#12826 = B_SPLINE_CURVE_WITH_KNOTS('',1,(#12827,#12828),.UNSPECIFIED.,
  .F.,.F.,(2,2),(0.,1.),.PIECEWISE_BEZIER_KNOTS.);
#12827 = CARTESIAN_POINT('',(34.4,-0.848528137424));
#12828 = CARTESIAN_POINT('',(34.4,1.705302565824E-13));
#12829 = ( GEOMETRIC_REPRESENTATION_CONTEXT(2) 
PARAMETRIC_REPRESENTATION_CONTEXT() REPRESENTATION_CONTEXT('2D SPACE',''
  ) );
#12830 = PCURVE('',#11344,#12831);
#12831 = DEFINITIONAL_REPRESENTATION('',(#12832),#12835);
#12832 = B_SPLINE_CURVE_WITH_KNOTS('',1,(#12833,#12834),.UNSPECIFIED.,
  .F.,.F.,(2,2),(0.,1.),.PIECEWISE_BEZIER_KNOTS.);
#12833 = CARTESIAN_POINT('',(0.,0.));
#12834 = CARTESIAN_POINT('',(0.,0.6));
#12835 = ( GEOMETRIC_REPRESENTATION_CONTEXT(2) 
PARAMETRIC_REPRESENTATION_CONTEXT() REPRESENTATION_CONTEXT('2D SPACE',''
  ) );
#12836 = ORIENTED_EDGE('',*,*,#10876,.T.);
#12837 = ORIENTED_EDGE('',*,*,#12773,.F.);
#12838 = ADVANCED_FACE('',(#12839),#11038,.F.);
#12839 = FACE_BOUND('',#12840,.F.);
#12840 = EDGE_LOOP('',(#12841,#12842,#12843,#12844));
#12841 = ORIENTED_EDGE('',*,*,#11022,.T.);
#12842 = ORIENTED_EDGE('',*,*,#11101,.T.);
#12843 = ORIENTED_EDGE('',*,*,#11150,.T.);
#12844 = ORIENTED_EDGE('',*,*,#11177,.T.);
#12845 = ADVANCED_FACE('',(#12846),#10965,.F.);
#12846 = FACE_BOUND('',#12847,.F.);
#12847 = EDGE_LOOP('',(#12848,#12849,#12850,#12851));
#12848 = ORIENTED_EDGE('',*,*,#10949,.T.);
#12849 = ORIENTED_EDGE('',*,*,#11226,.T.);
#12850 = ORIENTED_EDGE('',*,*,#11275,.T.);
#12851 = ORIENTED_EDGE('',*,*,#11302,.T.);
#12852 = ADVANCED_FACE('',(#12853),#11344,.T.);
#12853 = FACE_BOUND('',#12854,.T.);
#12854 = EDGE_LOOP('',(#12855,#12877,#12878,#12879));
#12855 = ORIENTED_EDGE('',*,*,#12856,.F.);
#12856 = EDGE_CURVE('',#12460,#12797,#12857,.T.);
#12857 = SURFACE_CURVE('',#12858,(#12863,#12870),.PCURVE_S1.);
#12858 = CIRCLE('',#12859,2.85);
#12859 = AXIS2_PLACEMENT_3D('',#12860,#12861,#12862);
#12860 = CARTESIAN_POINT('',(6.,6.,10.9));
#12861 = DIRECTION('',(0.,0.,-1.));
#12862 = DIRECTION('',(-1.,0.,0.));
#12863 = PCURVE('',#11344,#12864);
#12864 = DEFINITIONAL_REPRESENTATION('',(#12865),#12869);
#12865 = LINE('',#12866,#12867);
#12866 = CARTESIAN_POINT('',(6.28318530718,0.));
#12867 = VECTOR('',#12868,1.);
#12868 = DIRECTION('',(-1.,0.));
#12869 = ( GEOMETRIC_REPRESENTATION_CONTEXT(2) 
PARAMETRIC_REPRESENTATION_CONTEXT() REPRESENTATION_CONTEXT('2D SPACE',''
  ) );
#12870 = PCURVE('',#12477,#12871);
#12871 = DEFINITIONAL_REPRESENTATION('',(#12872),#12876);
#12872 = CIRCLE('',#12873,2.85);
#12873 = AXIS2_PLACEMENT_2D('',#12874,#12875);
#12874 = CARTESIAN_POINT('',(0.,0.));
#12875 = DIRECTION('',(1.,0.));
#12876 = ( GEOMETRIC_REPRESENTATION_CONTEXT(2) 
PARAMETRIC_REPRESENTATION_CONTEXT() REPRESENTATION_CONTEXT('2D SPACE',''
  ) );
#12877 = ORIENTED_EDGE('',*,*,#12509,.T.);
#12878 = ORIENTED_EDGE('',*,*,#11329,.T.);
#12879 = ORIENTED_EDGE('',*,*,#12819,.F.);
#12880 = ADVANCED_FACE('',(#12881,#12995,#13005),#11543,.T.);
#12881 = FACE_BOUND('',#12882,.T.);
#12882 = EDGE_LOOP('',(#12883,#12913,#12941,#12969));
#12883 = ORIENTED_EDGE('',*,*,#12884,.T.);
#12884 = EDGE_CURVE('',#12885,#12887,#12889,.T.);
#12885 = VERTEX_POINT('',#12886);
#12886 = CARTESIAN_POINT('',(6.,2.4,21.75));
#12887 = VERTEX_POINT('',#12888);
#12888 = CARTESIAN_POINT('',(6.,2.4,36.4));
#12889 = SURFACE_CURVE('',#12890,(#12894,#12901),.PCURVE_S1.);
#12890 = LINE('',#12891,#12892);
#12891 = CARTESIAN_POINT('',(6.,2.4,21.75));
#12892 = VECTOR('',#12893,1.);
#12893 = DIRECTION('',(0.,0.,1.));
#12894 = PCURVE('',#11543,#12895);
#12895 = DEFINITIONAL_REPRESENTATION('',(#12896),#12900);
#12896 = LINE('',#12897,#12898);
#12897 = CARTESIAN_POINT('',(3.552713678801E-15,0.));
#12898 = VECTOR('',#12899,1.);
#12899 = DIRECTION('',(0.,-1.));
#12900 = ( GEOMETRIC_REPRESENTATION_CONTEXT(2) 
PARAMETRIC_REPRESENTATION_CONTEXT() REPRESENTATION_CONTEXT('2D SPACE',''
  ) );
#12901 = PCURVE('',#12902,#12907);
#12902 = CYLINDRICAL_SURFACE('',#12903,3.6);
#12903 = AXIS2_PLACEMENT_3D('',#12904,#12905,#12906);
#12904 = CARTESIAN_POINT('',(6.,6.,21.75));
#12905 = DIRECTION('',(0.,0.,-1.));
#12906 = DIRECTION('',(-1.,0.,0.));
#12907 = DEFINITIONAL_REPRESENTATION('',(#12908),#12912);
#12908 = LINE('',#12909,#12910);
#12909 = CARTESIAN_POINT('',(4.712388980385,0.));
#12910 = VECTOR('',#12911,1.);
#12911 = DIRECTION('',(0.,-1.));
#12912 = ( GEOMETRIC_REPRESENTATION_CONTEXT(2) 
PARAMETRIC_REPRESENTATION_CONTEXT() REPRESENTATION_CONTEXT('2D SPACE',''
  ) );
#12913 = ORIENTED_EDGE('',*,*,#12914,.T.);
#12914 = EDGE_CURVE('',#12887,#12915,#12917,.T.);
#12915 = VERTEX_POINT('',#12916);
#12916 = CARTESIAN_POINT('',(41.209999996899,2.4,36.4));
#12917 = SURFACE_CURVE('',#12918,(#12922,#12929),.PCURVE_S1.);
#12918 = LINE('',#12919,#12920);
#12919 = CARTESIAN_POINT('',(23.605,2.4,36.4));
#12920 = VECTOR('',#12921,1.);
#12921 = DIRECTION('',(1.,0.,0.));
#12922 = PCURVE('',#11543,#12923);
#12923 = DEFINITIONAL_REPRESENTATION('',(#12924),#12928);
#12924 = LINE('',#12925,#12926);
#12925 = CARTESIAN_POINT('',(17.605,-14.65));
#12926 = VECTOR('',#12927,1.);
#12927 = DIRECTION('',(1.,0.));
#12928 = ( GEOMETRIC_REPRESENTATION_CONTEXT(2) 
PARAMETRIC_REPRESENTATION_CONTEXT() REPRESENTATION_CONTEXT('2D SPACE',''
  ) );
#12929 = PCURVE('',#12930,#12935);
#12930 = PLANE('',#12931);
#12931 = AXIS2_PLACEMENT_3D('',#12932,#12933,#12934);
#12932 = CARTESIAN_POINT('',(23.604999999376,40.4,36.4));
#12933 = DIRECTION('',(0.,0.,1.));
#12934 = DIRECTION('',(1.,0.,0.));
#12935 = DEFINITIONAL_REPRESENTATION('',(#12936),#12940);
#12936 = LINE('',#12937,#12938);
#12937 = CARTESIAN_POINT('',(6.246319942199E-10,-38.));
#12938 = VECTOR('',#12939,1.);
#12939 = DIRECTION('',(1.,0.));
#12940 = ( GEOMETRIC_REPRESENTATION_CONTEXT(2) 
PARAMETRIC_REPRESENTATION_CONTEXT() REPRESENTATION_CONTEXT('2D SPACE',''
  ) );
#12941 = ORIENTED_EDGE('',*,*,#12942,.F.);
#12942 = EDGE_CURVE('',#12943,#12915,#12945,.T.);
#12943 = VERTEX_POINT('',#12944);
#12944 = CARTESIAN_POINT('',(41.209999996899,2.4,21.75));
#12945 = SURFACE_CURVE('',#12946,(#12950,#12957),.PCURVE_S1.);
#12946 = LINE('',#12947,#12948);
#12947 = CARTESIAN_POINT('',(41.209999996899,2.4,21.75));
#12948 = VECTOR('',#12949,1.);
#12949 = DIRECTION('',(0.,0.,1.));
#12950 = PCURVE('',#11543,#12951);
#12951 = DEFINITIONAL_REPRESENTATION('',(#12952),#12956);
#12952 = LINE('',#12953,#12954);
#12953 = CARTESIAN_POINT('',(35.209999996899,0.));
#12954 = VECTOR('',#12955,1.);
#12955 = DIRECTION('',(0.,-1.));
#12956 = ( GEOMETRIC_REPRESENTATION_CONTEXT(2) 
PARAMETRIC_REPRESENTATION_CONTEXT() REPRESENTATION_CONTEXT('2D SPACE',''
  ) );
#12957 = PCURVE('',#12958,#12963);
#12958 = CYLINDRICAL_SURFACE('',#12959,3.6);
#12959 = AXIS2_PLACEMENT_3D('',#12960,#12961,#12962);
#12960 = CARTESIAN_POINT('',(41.209999996899,6.,21.75));
#12961 = DIRECTION('',(0.,0.,-1.));
#12962 = DIRECTION('',(-1.,0.,0.));
#12963 = DEFINITIONAL_REPRESENTATION('',(#12964),#12968);
#12964 = LINE('',#12965,#12966);
#12965 = CARTESIAN_POINT('',(4.712388980385,0.));
#12966 = VECTOR('',#12967,1.);
#12967 = DIRECTION('',(0.,-1.));
#12968 = ( GEOMETRIC_REPRESENTATION_CONTEXT(2) 
PARAMETRIC_REPRESENTATION_CONTEXT() REPRESENTATION_CONTEXT('2D SPACE',''
  ) );
#12969 = ORIENTED_EDGE('',*,*,#12970,.F.);
#12970 = EDGE_CURVE('',#12885,#12943,#12971,.T.);
#12971 = SURFACE_CURVE('',#12972,(#12976,#12983),.PCURVE_S1.);
#12972 = LINE('',#12973,#12974);
#12973 = CARTESIAN_POINT('',(23.605,2.4,21.75));
#12974 = VECTOR('',#12975,1.);
#12975 = DIRECTION('',(1.,0.,0.));
#12976 = PCURVE('',#11543,#12977);
#12977 = DEFINITIONAL_REPRESENTATION('',(#12978),#12982);
#12978 = LINE('',#12979,#12980);
#12979 = CARTESIAN_POINT('',(17.605,0.));
#12980 = VECTOR('',#12981,1.);
#12981 = DIRECTION('',(1.,0.));
#12982 = ( GEOMETRIC_REPRESENTATION_CONTEXT(2) 
PARAMETRIC_REPRESENTATION_CONTEXT() REPRESENTATION_CONTEXT('2D SPACE',''
  ) );
#12983 = PCURVE('',#12984,#12989);
#12984 = PLANE('',#12985);
#12985 = AXIS2_PLACEMENT_3D('',#12986,#12987,#12988);
#12986 = CARTESIAN_POINT('',(23.605,2.4,21.75));
#12987 = DIRECTION('',(0.,-0.707106781187,-0.707106781187));
#12988 = DIRECTION('',(1.,0.,0.));
#12989 = DEFINITIONAL_REPRESENTATION('',(#12990),#12994);
#12990 = LINE('',#12991,#12992);
#12991 = CARTESIAN_POINT('',(0.,0.));
#12992 = VECTOR('',#12993,1.);
#12993 = DIRECTION('',(1.,0.));
#12994 = ( GEOMETRIC_REPRESENTATION_CONTEXT(2) 
PARAMETRIC_REPRESENTATION_CONTEXT() REPRESENTATION_CONTEXT('2D SPACE',''
  ) );
#12995 = FACE_BOUND('',#12996,.T.);
#12996 = EDGE_LOOP('',(#12997,#12998,#12999,#13000,#13001,#13002,#13003,
    #13004));
#12997 = ORIENTED_EDGE('',*,*,#11528,.F.);
#12998 = ORIENTED_EDGE('',*,*,#11883,.T.);
#12999 = ORIENTED_EDGE('',*,*,#11858,.F.);
#13000 = ORIENTED_EDGE('',*,*,#11804,.T.);
#13001 = ORIENTED_EDGE('',*,*,#11735,.T.);
#13002 = ORIENTED_EDGE('',*,*,#11703,.T.);
#13003 = ORIENTED_EDGE('',*,*,#11634,.T.);
#13004 = ORIENTED_EDGE('',*,*,#11602,.T.);
#13005 = FACE_BOUND('',#13006,.T.);
#13006 = EDGE_LOOP('',(#13007));
#13007 = ORIENTED_EDGE('',*,*,#11937,.T.);
#13008 = ADVANCED_FACE('',(#13009,#13118),#12010,.F.);
#13009 = FACE_BOUND('',#13010,.F.);
#13010 = EDGE_LOOP('',(#13011,#13041,#13064,#13092));
#13011 = ORIENTED_EDGE('',*,*,#13012,.T.);
#13012 = EDGE_CURVE('',#13013,#13015,#13017,.T.);
#13013 = VERTEX_POINT('',#13014);
#13014 = CARTESIAN_POINT('',(6.,78.4,21.75));
#13015 = VERTEX_POINT('',#13016);
#13016 = CARTESIAN_POINT('',(6.,78.4,36.4));
#13017 = SURFACE_CURVE('',#13018,(#13022,#13029),.PCURVE_S1.);
#13018 = LINE('',#13019,#13020);
#13019 = CARTESIAN_POINT('',(6.,78.4,21.75));
#13020 = VECTOR('',#13021,1.);
#13021 = DIRECTION('',(0.,0.,1.));
#13022 = PCURVE('',#12010,#13023);
#13023 = DEFINITIONAL_REPRESENTATION('',(#13024),#13028);
#13024 = LINE('',#13025,#13026);
#13025 = CARTESIAN_POINT('',(3.552713678801E-15,0.));
#13026 = VECTOR('',#13027,1.);
#13027 = DIRECTION('',(0.,-1.));
#13028 = ( GEOMETRIC_REPRESENTATION_CONTEXT(2) 
PARAMETRIC_REPRESENTATION_CONTEXT() REPRESENTATION_CONTEXT('2D SPACE',''
  ) );
#13029 = PCURVE('',#13030,#13035);
#13030 = CYLINDRICAL_SURFACE('',#13031,3.6);
#13031 = AXIS2_PLACEMENT_3D('',#13032,#13033,#13034);
#13032 = CARTESIAN_POINT('',(6.,74.8,21.75));
#13033 = DIRECTION('',(0.,0.,-1.));
#13034 = DIRECTION('',(-1.,0.,0.));
#13035 = DEFINITIONAL_REPRESENTATION('',(#13036),#13040);
#13036 = LINE('',#13037,#13038);
#13037 = CARTESIAN_POINT('',(1.570796326795,0.));
#13038 = VECTOR('',#13039,1.);
#13039 = DIRECTION('',(0.,-1.));
#13040 = ( GEOMETRIC_REPRESENTATION_CONTEXT(2) 
PARAMETRIC_REPRESENTATION_CONTEXT() REPRESENTATION_CONTEXT('2D SPACE',''
  ) );
#13041 = ORIENTED_EDGE('',*,*,#13042,.T.);
#13042 = EDGE_CURVE('',#13015,#13043,#13045,.T.);
#13043 = VERTEX_POINT('',#13044);
#13044 = CARTESIAN_POINT('',(41.209999996899,78.4,36.4));
#13045 = SURFACE_CURVE('',#13046,(#13050,#13057),.PCURVE_S1.);
#13046 = LINE('',#13047,#13048);
#13047 = CARTESIAN_POINT('',(23.605,78.4,36.4));
#13048 = VECTOR('',#13049,1.);
#13049 = DIRECTION('',(1.,0.,0.));
#13050 = PCURVE('',#12010,#13051);
#13051 = DEFINITIONAL_REPRESENTATION('',(#13052),#13056);
#13052 = LINE('',#13053,#13054);
#13053 = CARTESIAN_POINT('',(17.605,-14.65));
#13054 = VECTOR('',#13055,1.);
#13055 = DIRECTION('',(1.,0.));
#13056 = ( GEOMETRIC_REPRESENTATION_CONTEXT(2) 
PARAMETRIC_REPRESENTATION_CONTEXT() REPRESENTATION_CONTEXT('2D SPACE',''
  ) );
#13057 = PCURVE('',#12930,#13058);
#13058 = DEFINITIONAL_REPRESENTATION('',(#13059),#13063);
#13059 = LINE('',#13060,#13061);
#13060 = CARTESIAN_POINT('',(6.246319942199E-10,38.));
#13061 = VECTOR('',#13062,1.);
#13062 = DIRECTION('',(1.,0.));
#13063 = ( GEOMETRIC_REPRESENTATION_CONTEXT(2) 
PARAMETRIC_REPRESENTATION_CONTEXT() REPRESENTATION_CONTEXT('2D SPACE',''
  ) );
#13064 = ORIENTED_EDGE('',*,*,#13065,.F.);
#13065 = EDGE_CURVE('',#13066,#13043,#13068,.T.);
#13066 = VERTEX_POINT('',#13067);
#13067 = CARTESIAN_POINT('',(41.209999996899,78.4,21.75));
#13068 = SURFACE_CURVE('',#13069,(#13073,#13080),.PCURVE_S1.);
#13069 = LINE('',#13070,#13071);
#13070 = CARTESIAN_POINT('',(41.209999996899,78.4,21.75));
#13071 = VECTOR('',#13072,1.);
#13072 = DIRECTION('',(0.,0.,1.));
#13073 = PCURVE('',#12010,#13074);
#13074 = DEFINITIONAL_REPRESENTATION('',(#13075),#13079);
#13075 = LINE('',#13076,#13077);
#13076 = CARTESIAN_POINT('',(35.209999996899,0.));
#13077 = VECTOR('',#13078,1.);
#13078 = DIRECTION('',(0.,-1.));
#13079 = ( GEOMETRIC_REPRESENTATION_CONTEXT(2) 
PARAMETRIC_REPRESENTATION_CONTEXT() REPRESENTATION_CONTEXT('2D SPACE',''
  ) );
#13080 = PCURVE('',#13081,#13086);
#13081 = CYLINDRICAL_SURFACE('',#13082,3.6);
#13082 = AXIS2_PLACEMENT_3D('',#13083,#13084,#13085);
#13083 = CARTESIAN_POINT('',(41.209999996899,74.8,21.75));
#13084 = DIRECTION('',(0.,0.,-1.));
#13085 = DIRECTION('',(-1.,0.,0.));
#13086 = DEFINITIONAL_REPRESENTATION('',(#13087),#13091);
#13087 = LINE('',#13088,#13089);
#13088 = CARTESIAN_POINT('',(1.570796326795,0.));
#13089 = VECTOR('',#13090,1.);
#13090 = DIRECTION('',(0.,-1.));
#13091 = ( GEOMETRIC_REPRESENTATION_CONTEXT(2) 
PARAMETRIC_REPRESENTATION_CONTEXT() REPRESENTATION_CONTEXT('2D SPACE',''
  ) );
#13092 = ORIENTED_EDGE('',*,*,#13093,.F.);
#13093 = EDGE_CURVE('',#13013,#13066,#13094,.T.);
#13094 = SURFACE_CURVE('',#13095,(#13099,#13106),.PCURVE_S1.);
#13095 = LINE('',#13096,#13097);
#13096 = CARTESIAN_POINT('',(23.605,78.4,21.75));
#13097 = VECTOR('',#13098,1.);
#13098 = DIRECTION('',(1.,0.,0.));
#13099 = PCURVE('',#12010,#13100);
#13100 = DEFINITIONAL_REPRESENTATION('',(#13101),#13105);
#13101 = LINE('',#13102,#13103);
#13102 = CARTESIAN_POINT('',(17.605,0.));
#13103 = VECTOR('',#13104,1.);
#13104 = DIRECTION('',(1.,0.));
#13105 = ( GEOMETRIC_REPRESENTATION_CONTEXT(2) 
PARAMETRIC_REPRESENTATION_CONTEXT() REPRESENTATION_CONTEXT('2D SPACE',''
  ) );
#13106 = PCURVE('',#13107,#13112);
#13107 = B_SPLINE_SURFACE_WITH_KNOTS('',1,1,(
    (#13108,#13109)
    ,(#13110,#13111
    )),.UNSPECIFIED.,.F.,.F.,.F.,(2,2),(2,2),(-17.60499999689,17.605),(
    0.,1.),.PIECEWISE_BEZIER_KNOTS.);
#13108 = CARTESIAN_POINT('',(41.209999995133,76.65,20.));
#13109 = CARTESIAN_POINT('',(41.209999996899,78.4,21.75));
#13110 = CARTESIAN_POINT('',(5.999999999999,76.65,20.));
#13111 = CARTESIAN_POINT('',(6.,78.4,21.75));
#13112 = DEFINITIONAL_REPRESENTATION('',(#13113),#13117);
#13113 = LINE('',#13114,#13115);
#13114 = CARTESIAN_POINT('',(0.,1.));
#13115 = VECTOR('',#13116,1.);
#13116 = DIRECTION('',(-1.,0.));
#13117 = ( GEOMETRIC_REPRESENTATION_CONTEXT(2) 
PARAMETRIC_REPRESENTATION_CONTEXT() REPRESENTATION_CONTEXT('2D SPACE',''
  ) );
#13118 = FACE_BOUND('',#13119,.F.);
#13119 = EDGE_LOOP('',(#13120,#13121,#13122,#13123,#13124,#13125,#13126,
    #13127));
#13120 = ORIENTED_EDGE('',*,*,#11993,.F.);
#13121 = ORIENTED_EDGE('',*,*,#12370,.T.);
#13122 = ORIENTED_EDGE('',*,*,#12323,.F.);
#13123 = ORIENTED_EDGE('',*,*,#12269,.T.);
#13124 = ORIENTED_EDGE('',*,*,#12222,.T.);
#13125 = ORIENTED_EDGE('',*,*,#12168,.T.);
#13126 = ORIENTED_EDGE('',*,*,#12121,.T.);
#13127 = ORIENTED_EDGE('',*,*,#12067,.T.);
#13128 = ADVANCED_FACE('',(#13129,#13139),#12477,.T.);
#13129 = FACE_BOUND('',#13130,.T.);
#13130 = EDGE_LOOP('',(#13131,#13132,#13133,#13134,#13135,#13136,#13137,
    #13138));
#13131 = ORIENTED_EDGE('',*,*,#12796,.T.);
#13132 = ORIENTED_EDGE('',*,*,#12749,.T.);
#13133 = ORIENTED_EDGE('',*,*,#12695,.T.);
#13134 = ORIENTED_EDGE('',*,*,#12646,.T.);
#13135 = ORIENTED_EDGE('',*,*,#12585,.F.);
#13136 = ORIENTED_EDGE('',*,*,#12537,.T.);
#13137 = ORIENTED_EDGE('',*,*,#12459,.F.);
#13138 = ORIENTED_EDGE('',*,*,#12856,.T.);
#13139 = FACE_BOUND('',#13140,.T.);
#13140 = EDGE_LOOP('',(#13141,#13170,#13199,#13226,#13255,#13282,#13311,
    #13338));
#13141 = ORIENTED_EDGE('',*,*,#13142,.F.);
#13142 = EDGE_CURVE('',#13143,#13145,#13147,.T.);
#13143 = VERTEX_POINT('',#13144);
#13144 = CARTESIAN_POINT('',(4.15,6.,10.9));
#13145 = VERTEX_POINT('',#13146);
#13146 = CARTESIAN_POINT('',(4.15,74.8,10.9));
#13147 = SURFACE_CURVE('',#13148,(#13152,#13158),.PCURVE_S1.);
#13148 = LINE('',#13149,#13150);
#13149 = CARTESIAN_POINT('',(4.150000000001,6.,10.9));
#13150 = VECTOR('',#13151,1.);
#13151 = DIRECTION('',(0.,1.,0.));
#13152 = PCURVE('',#12477,#13153);
#13153 = DEFINITIONAL_REPRESENTATION('',(#13154),#13157);
#13154 = B_SPLINE_CURVE_WITH_KNOTS('',1,(#13155,#13156),.UNSPECIFIED.,
  .F.,.F.,(2,2),(3.552713678801E-15,68.8),.PIECEWISE_BEZIER_KNOTS.);
#13155 = CARTESIAN_POINT('',(1.849999999999,7.105427357601E-15));
#13156 = CARTESIAN_POINT('',(1.849999999999,68.8));
#13157 = ( GEOMETRIC_REPRESENTATION_CONTEXT(2) 
PARAMETRIC_REPRESENTATION_CONTEXT() REPRESENTATION_CONTEXT('2D SPACE',''
  ) );
#13158 = PCURVE('',#13159,#13164);
#13159 = PLANE('',#13160);
#13160 = AXIS2_PLACEMENT_3D('',#13161,#13162,#13163);
#13161 = CARTESIAN_POINT('',(4.150000000001,6.,9.9));
#13162 = DIRECTION('',(-1.,0.,0.));
#13163 = DIRECTION('',(0.,1.,0.));
#13164 = DEFINITIONAL_REPRESENTATION('',(#13165),#13169);
#13165 = LINE('',#13166,#13167);
#13166 = CARTESIAN_POINT('',(-3.552713678801E-15,-1.));
#13167 = VECTOR('',#13168,1.);
#13168 = DIRECTION('',(1.,0.));
#13169 = ( GEOMETRIC_REPRESENTATION_CONTEXT(2) 
PARAMETRIC_REPRESENTATION_CONTEXT() REPRESENTATION_CONTEXT('2D SPACE',''
  ) );
#13170 = ORIENTED_EDGE('',*,*,#13171,.F.);
#13171 = EDGE_CURVE('',#13172,#13143,#13174,.T.);
#13172 = VERTEX_POINT('',#13173);
#13173 = CARTESIAN_POINT('',(5.999999999999,4.15,10.9));
#13174 = SURFACE_CURVE('',#13175,(#13180,#13187),.PCURVE_S1.);
#13175 = CIRCLE('',#13176,1.85);
#13176 = AXIS2_PLACEMENT_3D('',#13177,#13178,#13179);
#13177 = CARTESIAN_POINT('',(5.999999999999,6.,10.9));
#13178 = DIRECTION('',(0.,0.,-1.));
#13179 = DIRECTION('',(-1.,0.,0.));
#13180 = PCURVE('',#12477,#13181);
#13181 = DEFINITIONAL_REPRESENTATION('',(#13182),#13186);
#13182 = CIRCLE('',#13183,1.85);
#13183 = AXIS2_PLACEMENT_2D('',#13184,#13185);
#13184 = CARTESIAN_POINT('',(4.050093593833E-13,7.105427357601E-15));
#13185 = DIRECTION('',(1.,0.));
#13186 = ( GEOMETRIC_REPRESENTATION_CONTEXT(2) 
PARAMETRIC_REPRESENTATION_CONTEXT() REPRESENTATION_CONTEXT('2D SPACE',''
  ) );
#13187 = PCURVE('',#13188,#13193);
#13188 = CYLINDRICAL_SURFACE('',#13189,1.85);
#13189 = AXIS2_PLACEMENT_3D('',#13190,#13191,#13192);
#13190 = CARTESIAN_POINT('',(5.999999999999,6.,9.9));
#13191 = DIRECTION('',(0.,0.,-1.));
#13192 = DIRECTION('',(-1.,0.,0.));
#13193 = DEFINITIONAL_REPRESENTATION('',(#13194),#13198);
#13194 = LINE('',#13195,#13196);
#13195 = CARTESIAN_POINT('',(0.,-1.));
#13196 = VECTOR('',#13197,1.);
#13197 = DIRECTION('',(1.,0.));
#13198 = ( GEOMETRIC_REPRESENTATION_CONTEXT(2) 
PARAMETRIC_REPRESENTATION_CONTEXT() REPRESENTATION_CONTEXT('2D SPACE',''
  ) );
#13199 = ORIENTED_EDGE('',*,*,#13200,.T.);
#13200 = EDGE_CURVE('',#13172,#13201,#13203,.T.);
#13201 = VERTEX_POINT('',#13202);
#13202 = CARTESIAN_POINT('',(41.209999995133,4.15,10.9));
#13203 = SURFACE_CURVE('',#13204,(#13208,#13214),.PCURVE_S1.);
#13204 = LINE('',#13205,#13206);
#13205 = CARTESIAN_POINT('',(5.999999999999,4.15,10.9));
#13206 = VECTOR('',#13207,1.);
#13207 = DIRECTION('',(1.,-0.,0.));
#13208 = PCURVE('',#12477,#13209);
#13209 = DEFINITIONAL_REPRESENTATION('',(#13210),#13213);
#13210 = B_SPLINE_CURVE_WITH_KNOTS('',1,(#13211,#13212),.UNSPECIFIED.,
  .F.,.F.,(2,2),(-2.025046796916E-13,35.209999995133),
  .PIECEWISE_BEZIER_KNOTS.);
#13211 = CARTESIAN_POINT('',(4.050093593833E-13,-1.85));
#13212 = CARTESIAN_POINT('',(-35.20999999513,-1.85));
#13213 = ( GEOMETRIC_REPRESENTATION_CONTEXT(2) 
PARAMETRIC_REPRESENTATION_CONTEXT() REPRESENTATION_CONTEXT('2D SPACE',''
  ) );
#13214 = PCURVE('',#13215,#13220);
#13215 = PLANE('',#13216);
#13216 = AXIS2_PLACEMENT_3D('',#13217,#13218,#13219);
#13217 = CARTESIAN_POINT('',(5.999999999999,4.15,9.9));
#13218 = DIRECTION('',(0.,1.,0.));
#13219 = DIRECTION('',(1.,0.,0.));
#13220 = DEFINITIONAL_REPRESENTATION('',(#13221),#13225);
#13221 = LINE('',#13222,#13223);
#13222 = CARTESIAN_POINT('',(2.025046796916E-13,-1.));
#13223 = VECTOR('',#13224,1.);
#13224 = DIRECTION('',(1.,0.));
#13225 = ( GEOMETRIC_REPRESENTATION_CONTEXT(2) 
PARAMETRIC_REPRESENTATION_CONTEXT() REPRESENTATION_CONTEXT('2D SPACE',''
  ) );
#13226 = ORIENTED_EDGE('',*,*,#13227,.F.);
#13227 = EDGE_CURVE('',#13228,#13201,#13230,.T.);
#13228 = VERTEX_POINT('',#13229);
#13229 = CARTESIAN_POINT('',(43.059999997567,6.,10.9));
#13230 = SURFACE_CURVE('',#13231,(#13236,#13243),.PCURVE_S1.);
#13231 = CIRCLE('',#13232,1.85);
#13232 = AXIS2_PLACEMENT_3D('',#13233,#13234,#13235);
#13233 = CARTESIAN_POINT('',(41.209999995133,6.,10.9));
#13234 = DIRECTION('',(0.,0.,-1.));
#13235 = DIRECTION('',(-1.,0.,0.));
#13236 = PCURVE('',#12477,#13237);
#13237 = DEFINITIONAL_REPRESENTATION('',(#13238),#13242);
#13238 = CIRCLE('',#13239,1.85);
#13239 = AXIS2_PLACEMENT_2D('',#13240,#13241);
#13240 = CARTESIAN_POINT('',(-35.20999999513,7.105427357601E-15));
#13241 = DIRECTION('',(1.,0.));
#13242 = ( GEOMETRIC_REPRESENTATION_CONTEXT(2) 
PARAMETRIC_REPRESENTATION_CONTEXT() REPRESENTATION_CONTEXT('2D SPACE',''
  ) );
#13243 = PCURVE('',#13244,#13249);
#13244 = CYLINDRICAL_SURFACE('',#13245,1.85);
#13245 = AXIS2_PLACEMENT_3D('',#13246,#13247,#13248);
#13246 = CARTESIAN_POINT('',(41.209999995133,6.,9.9));
#13247 = DIRECTION('',(0.,0.,-1.));
#13248 = DIRECTION('',(-1.,0.,0.));
#13249 = DEFINITIONAL_REPRESENTATION('',(#13250),#13254);
#13250 = LINE('',#13251,#13252);
#13251 = CARTESIAN_POINT('',(0.,-1.));
#13252 = VECTOR('',#13253,1.);
#13253 = DIRECTION('',(1.,0.));
#13254 = ( GEOMETRIC_REPRESENTATION_CONTEXT(2) 
PARAMETRIC_REPRESENTATION_CONTEXT() REPRESENTATION_CONTEXT('2D SPACE',''
  ) );
#13255 = ORIENTED_EDGE('',*,*,#13256,.T.);
#13256 = EDGE_CURVE('',#13228,#13257,#13259,.T.);
#13257 = VERTEX_POINT('',#13258);
#13258 = CARTESIAN_POINT('',(43.059999997567,74.8,10.9));
#13259 = SURFACE_CURVE('',#13260,(#13264,#13270),.PCURVE_S1.);
#13260 = LINE('',#13261,#13262);
#13261 = CARTESIAN_POINT('',(43.060000000001,6.,10.9));
#13262 = VECTOR('',#13263,1.);
#13263 = DIRECTION('',(0.,1.,0.));
#13264 = PCURVE('',#12477,#13265);
#13265 = DEFINITIONAL_REPRESENTATION('',(#13266),#13269);
#13266 = B_SPLINE_CURVE_WITH_KNOTS('',1,(#13267,#13268),.UNSPECIFIED.,
  .F.,.F.,(2,2),(3.552713678801E-15,68.8),.PIECEWISE_BEZIER_KNOTS.);
#13267 = CARTESIAN_POINT('',(-37.06,7.105427357601E-15));
#13268 = CARTESIAN_POINT('',(-37.06,68.8));
#13269 = ( GEOMETRIC_REPRESENTATION_CONTEXT(2) 
PARAMETRIC_REPRESENTATION_CONTEXT() REPRESENTATION_CONTEXT('2D SPACE',''
  ) );
#13270 = PCURVE('',#13271,#13276);
#13271 = PLANE('',#13272);
#13272 = AXIS2_PLACEMENT_3D('',#13273,#13274,#13275);
#13273 = CARTESIAN_POINT('',(43.060000000001,6.,9.9));
#13274 = DIRECTION('',(-1.,0.,0.));
#13275 = DIRECTION('',(0.,1.,0.));
#13276 = DEFINITIONAL_REPRESENTATION('',(#13277),#13281);
#13277 = LINE('',#13278,#13279);
#13278 = CARTESIAN_POINT('',(-3.552713678801E-15,-1.));
#13279 = VECTOR('',#13280,1.);
#13280 = DIRECTION('',(1.,0.));
#13281 = ( GEOMETRIC_REPRESENTATION_CONTEXT(2) 
PARAMETRIC_REPRESENTATION_CONTEXT() REPRESENTATION_CONTEXT('2D SPACE',''
  ) );
#13282 = ORIENTED_EDGE('',*,*,#13283,.F.);
#13283 = EDGE_CURVE('',#13284,#13257,#13286,.T.);
#13284 = VERTEX_POINT('',#13285);
#13285 = CARTESIAN_POINT('',(41.209999995133,76.65,10.9));
#13286 = SURFACE_CURVE('',#13287,(#13292,#13299),.PCURVE_S1.);
#13287 = CIRCLE('',#13288,1.85);
#13288 = AXIS2_PLACEMENT_3D('',#13289,#13290,#13291);
#13289 = CARTESIAN_POINT('',(41.209999995133,74.8,10.9));
#13290 = DIRECTION('',(0.,0.,-1.));
#13291 = DIRECTION('',(-1.,0.,0.));
#13292 = PCURVE('',#12477,#13293);
#13293 = DEFINITIONAL_REPRESENTATION('',(#13294),#13298);
#13294 = CIRCLE('',#13295,1.85);
#13295 = AXIS2_PLACEMENT_2D('',#13296,#13297);
#13296 = CARTESIAN_POINT('',(-35.20999999513,68.8));
#13297 = DIRECTION('',(1.,0.));
#13298 = ( GEOMETRIC_REPRESENTATION_CONTEXT(2) 
PARAMETRIC_REPRESENTATION_CONTEXT() REPRESENTATION_CONTEXT('2D SPACE',''
  ) );
#13299 = PCURVE('',#13300,#13305);
#13300 = CYLINDRICAL_SURFACE('',#13301,1.85);
#13301 = AXIS2_PLACEMENT_3D('',#13302,#13303,#13304);
#13302 = CARTESIAN_POINT('',(41.209999995133,74.8,9.9));
#13303 = DIRECTION('',(0.,0.,-1.));
#13304 = DIRECTION('',(-1.,0.,0.));
#13305 = DEFINITIONAL_REPRESENTATION('',(#13306),#13310);
#13306 = LINE('',#13307,#13308);
#13307 = CARTESIAN_POINT('',(0.,-1.));
#13308 = VECTOR('',#13309,1.);
#13309 = DIRECTION('',(1.,0.));
#13310 = ( GEOMETRIC_REPRESENTATION_CONTEXT(2) 
PARAMETRIC_REPRESENTATION_CONTEXT() REPRESENTATION_CONTEXT('2D SPACE',''
  ) );
#13311 = ORIENTED_EDGE('',*,*,#13312,.F.);
#13312 = EDGE_CURVE('',#13313,#13284,#13315,.T.);
#13313 = VERTEX_POINT('',#13314);
#13314 = CARTESIAN_POINT('',(5.999999999999,76.65,10.9));
#13315 = SURFACE_CURVE('',#13316,(#13320,#13326),.PCURVE_S1.);
#13316 = LINE('',#13317,#13318);
#13317 = CARTESIAN_POINT('',(5.999999999999,76.65,10.9));
#13318 = VECTOR('',#13319,1.);
#13319 = DIRECTION('',(1.,-0.,0.));
#13320 = PCURVE('',#12477,#13321);
#13321 = DEFINITIONAL_REPRESENTATION('',(#13322),#13325);
#13322 = B_SPLINE_CURVE_WITH_KNOTS('',1,(#13323,#13324),.UNSPECIFIED.,
  .F.,.F.,(2,2),(-2.025046796916E-13,35.209999995133),
  .PIECEWISE_BEZIER_KNOTS.);
#13323 = CARTESIAN_POINT('',(4.050093593833E-13,70.65));
#13324 = CARTESIAN_POINT('',(-35.20999999513,70.65));
#13325 = ( GEOMETRIC_REPRESENTATION_CONTEXT(2) 
PARAMETRIC_REPRESENTATION_CONTEXT() REPRESENTATION_CONTEXT('2D SPACE',''
  ) );
#13326 = PCURVE('',#13327,#13332);
#13327 = PLANE('',#13328);
#13328 = AXIS2_PLACEMENT_3D('',#13329,#13330,#13331);
#13329 = CARTESIAN_POINT('',(5.999999999999,76.65,9.9));
#13330 = DIRECTION('',(0.,1.,0.));
#13331 = DIRECTION('',(1.,0.,0.));
#13332 = DEFINITIONAL_REPRESENTATION('',(#13333),#13337);
#13333 = LINE('',#13334,#13335);
#13334 = CARTESIAN_POINT('',(2.025046796916E-13,-1.));
#13335 = VECTOR('',#13336,1.);
#13336 = DIRECTION('',(1.,0.));
#13337 = ( GEOMETRIC_REPRESENTATION_CONTEXT(2) 
PARAMETRIC_REPRESENTATION_CONTEXT() REPRESENTATION_CONTEXT('2D SPACE',''
  ) );
#13338 = ORIENTED_EDGE('',*,*,#13339,.F.);
#13339 = EDGE_CURVE('',#13145,#13313,#13340,.T.);
#13340 = SURFACE_CURVE('',#13341,(#13346,#13353),.PCURVE_S1.);
#13341 = CIRCLE('',#13342,1.85);
#13342 = AXIS2_PLACEMENT_3D('',#13343,#13344,#13345);
#13343 = CARTESIAN_POINT('',(5.999999999999,74.8,10.9));
#13344 = DIRECTION('',(0.,0.,-1.));
#13345 = DIRECTION('',(-1.,0.,0.));
#13346 = PCURVE('',#12477,#13347);
#13347 = DEFINITIONAL_REPRESENTATION('',(#13348),#13352);
#13348 = CIRCLE('',#13349,1.85);
#13349 = AXIS2_PLACEMENT_2D('',#13350,#13351);
#13350 = CARTESIAN_POINT('',(4.050093593833E-13,68.8));
#13351 = DIRECTION('',(1.,0.));
#13352 = ( GEOMETRIC_REPRESENTATION_CONTEXT(2) 
PARAMETRIC_REPRESENTATION_CONTEXT() REPRESENTATION_CONTEXT('2D SPACE',''
  ) );
#13353 = PCURVE('',#13354,#13359);
#13354 = CYLINDRICAL_SURFACE('',#13355,1.85);
#13355 = AXIS2_PLACEMENT_3D('',#13356,#13357,#13358);
#13356 = CARTESIAN_POINT('',(5.999999999999,74.8,9.9));
#13357 = DIRECTION('',(0.,0.,-1.));
#13358 = DIRECTION('',(-1.,0.,0.));
#13359 = DEFINITIONAL_REPRESENTATION('',(#13360),#13364);
#13360 = LINE('',#13361,#13362);
#13361 = CARTESIAN_POINT('',(0.,-1.));
#13362 = VECTOR('',#13363,1.);
#13363 = DIRECTION('',(1.,0.));
#13364 = ( GEOMETRIC_REPRESENTATION_CONTEXT(2) 
PARAMETRIC_REPRESENTATION_CONTEXT() REPRESENTATION_CONTEXT('2D SPACE',''
  ) );
#13365 = ADVANCED_FACE('',(#13366),#12902,.F.);
#13366 = FACE_BOUND('',#13367,.F.);
#13367 = EDGE_LOOP('',(#13368,#13369,#13397,#13425));
#13368 = ORIENTED_EDGE('',*,*,#12884,.T.);
#13369 = ORIENTED_EDGE('',*,*,#13370,.T.);
#13370 = EDGE_CURVE('',#12887,#13371,#13373,.T.);
#13371 = VERTEX_POINT('',#13372);
#13372 = CARTESIAN_POINT('',(2.4,6.,36.4));
#13373 = SURFACE_CURVE('',#13374,(#13379,#13386),.PCURVE_S1.);
#13374 = CIRCLE('',#13375,3.6);
#13375 = AXIS2_PLACEMENT_3D('',#13376,#13377,#13378);
#13376 = CARTESIAN_POINT('',(6.,6.,36.4));
#13377 = DIRECTION('',(0.,0.,-1.));
#13378 = DIRECTION('',(-1.,0.,0.));
#13379 = PCURVE('',#12902,#13380);
#13380 = DEFINITIONAL_REPRESENTATION('',(#13381),#13385);
#13381 = LINE('',#13382,#13383);
#13382 = CARTESIAN_POINT('',(0.,-14.65));
#13383 = VECTOR('',#13384,1.);
#13384 = DIRECTION('',(1.,0.));
#13385 = ( GEOMETRIC_REPRESENTATION_CONTEXT(2) 
PARAMETRIC_REPRESENTATION_CONTEXT() REPRESENTATION_CONTEXT('2D SPACE',''
  ) );
#13386 = PCURVE('',#12930,#13387);
#13387 = DEFINITIONAL_REPRESENTATION('',(#13388),#13396);
#13388 = ( BOUNDED_CURVE() B_SPLINE_CURVE(2,(#13389,#13390,#13391,#13392
    ,#13393,#13394,#13395),.UNSPECIFIED.,.T.,.F.) 
B_SPLINE_CURVE_WITH_KNOTS((1,2,2,2,2,1),(-2.094395102393,0.,
    2.094395102393,4.188790204786,6.28318530718,8.377580409573),
.UNSPECIFIED.) CURVE() GEOMETRIC_REPRESENTATION_ITEM() 
RATIONAL_B_SPLINE_CURVE((1.,0.5,1.,0.5,1.,0.5,1.)) REPRESENTATION_ITEM(
  '') );
#13389 = CARTESIAN_POINT('',(-21.20499999937,-34.4));
#13390 = CARTESIAN_POINT('',(-21.20499999937,-28.16461709275));
#13391 = CARTESIAN_POINT('',(-15.80499999937,-31.28230854637));
#13392 = CARTESIAN_POINT('',(-10.40499999937,-34.4));
#13393 = CARTESIAN_POINT('',(-15.80499999937,-37.51769145362));
#13394 = CARTESIAN_POINT('',(-21.20499999937,-40.63538290724));
#13395 = CARTESIAN_POINT('',(-21.20499999937,-34.4));
#13396 = ( GEOMETRIC_REPRESENTATION_CONTEXT(2) 
PARAMETRIC_REPRESENTATION_CONTEXT() REPRESENTATION_CONTEXT('2D SPACE',''
  ) );
#13397 = ORIENTED_EDGE('',*,*,#13398,.F.);
#13398 = EDGE_CURVE('',#13399,#13371,#13401,.T.);
#13399 = VERTEX_POINT('',#13400);
#13400 = CARTESIAN_POINT('',(2.4,6.,21.75));
#13401 = SURFACE_CURVE('',#13402,(#13406,#13413),.PCURVE_S1.);
#13402 = LINE('',#13403,#13404);
#13403 = CARTESIAN_POINT('',(2.4,6.,21.75));
#13404 = VECTOR('',#13405,1.);
#13405 = DIRECTION('',(0.,0.,1.));
#13406 = PCURVE('',#12902,#13407);
#13407 = DEFINITIONAL_REPRESENTATION('',(#13408),#13412);
#13408 = LINE('',#13409,#13410);
#13409 = CARTESIAN_POINT('',(6.28318530718,0.));
#13410 = VECTOR('',#13411,1.);
#13411 = DIRECTION('',(0.,-1.));
#13412 = ( GEOMETRIC_REPRESENTATION_CONTEXT(2) 
PARAMETRIC_REPRESENTATION_CONTEXT() REPRESENTATION_CONTEXT('2D SPACE',''
  ) );
#13413 = PCURVE('',#13414,#13419);
#13414 = PLANE('',#13415);
#13415 = AXIS2_PLACEMENT_3D('',#13416,#13417,#13418);
#13416 = CARTESIAN_POINT('',(2.4,6.,21.75));
#13417 = DIRECTION('',(-1.,0.,0.));
#13418 = DIRECTION('',(0.,1.,0.));
#13419 = DEFINITIONAL_REPRESENTATION('',(#13420),#13424);
#13420 = LINE('',#13421,#13422);
#13421 = CARTESIAN_POINT('',(0.,0.));
#13422 = VECTOR('',#13423,1.);
#13423 = DIRECTION('',(0.,-1.));
#13424 = ( GEOMETRIC_REPRESENTATION_CONTEXT(2) 
PARAMETRIC_REPRESENTATION_CONTEXT() REPRESENTATION_CONTEXT('2D SPACE',''
  ) );
#13425 = ORIENTED_EDGE('',*,*,#13426,.F.);
#13426 = EDGE_CURVE('',#12885,#13399,#13427,.T.);
#13427 = SURFACE_CURVE('',#13428,(#13433,#13439),.PCURVE_S1.);
#13428 = CIRCLE('',#13429,3.6);
#13429 = AXIS2_PLACEMENT_3D('',#13430,#13431,#13432);
#13430 = CARTESIAN_POINT('',(6.,6.,21.75));
#13431 = DIRECTION('',(0.,0.,-1.));
#13432 = DIRECTION('',(-1.,0.,0.));
#13433 = PCURVE('',#12902,#13434);
#13434 = DEFINITIONAL_REPRESENTATION('',(#13435),#13438);
#13435 = B_SPLINE_CURVE_WITH_KNOTS('',1,(#13436,#13437),.UNSPECIFIED.,
  .F.,.F.,(2,2),(4.712388980385,6.28318530718),
  .PIECEWISE_BEZIER_KNOTS.);
#13436 = CARTESIAN_POINT('',(4.712388980385,0.));
#13437 = CARTESIAN_POINT('',(6.28318530718,0.));
#13438 = ( GEOMETRIC_REPRESENTATION_CONTEXT(2) 
PARAMETRIC_REPRESENTATION_CONTEXT() REPRESENTATION_CONTEXT('2D SPACE',''
  ) );
#13439 = PCURVE('',#13440,#13445);
#13440 = CONICAL_SURFACE('',#13441,1.85,0.785398163397);
#13441 = AXIS2_PLACEMENT_3D('',#13442,#13443,#13444);
#13442 = CARTESIAN_POINT('',(5.999999999999,6.,20.));
#13443 = DIRECTION('',(-0.,-0.,1.));
#13444 = DIRECTION('',(-1.,0.,0.));
#13445 = DEFINITIONAL_REPRESENTATION('',(#13446),#13450);
#13446 = LINE('',#13447,#13448);
#13447 = CARTESIAN_POINT('',(6.28318530718,1.75));
#13448 = VECTOR('',#13449,1.);
#13449 = DIRECTION('',(-1.,0.));
#13450 = ( GEOMETRIC_REPRESENTATION_CONTEXT(2) 
PARAMETRIC_REPRESENTATION_CONTEXT() REPRESENTATION_CONTEXT('2D SPACE',''
  ) );
#13451 = ADVANCED_FACE('',(#13452),#12984,.F.);
#13452 = FACE_BOUND('',#13453,.F.);
#13453 = EDGE_LOOP('',(#13454,#13479,#13517,#13518));
#13454 = ORIENTED_EDGE('',*,*,#13455,.T.);
#13455 = EDGE_CURVE('',#13456,#13458,#13460,.T.);
#13456 = VERTEX_POINT('',#13457);
#13457 = CARTESIAN_POINT('',(5.999999999999,4.15,20.));
#13458 = VERTEX_POINT('',#13459);
#13459 = CARTESIAN_POINT('',(41.209999995133,4.15,20.));
#13460 = SURFACE_CURVE('',#13461,(#13465,#13472),.PCURVE_S1.);
#13461 = LINE('',#13462,#13463);
#13462 = CARTESIAN_POINT('',(23.605000000001,4.15,20.));
#13463 = VECTOR('',#13464,1.);
#13464 = DIRECTION('',(1.,0.,0.));
#13465 = PCURVE('',#12984,#13466);
#13466 = DEFINITIONAL_REPRESENTATION('',(#13467),#13471);
#13467 = LINE('',#13468,#13469);
#13468 = CARTESIAN_POINT('',(5.222489107837E-13,-2.474873734153));
#13469 = VECTOR('',#13470,1.);
#13470 = DIRECTION('',(1.,0.));
#13471 = ( GEOMETRIC_REPRESENTATION_CONTEXT(2) 
PARAMETRIC_REPRESENTATION_CONTEXT() REPRESENTATION_CONTEXT('2D SPACE',''
  ) );
#13472 = PCURVE('',#13215,#13473);
#13473 = DEFINITIONAL_REPRESENTATION('',(#13474),#13478);
#13474 = LINE('',#13475,#13476);
#13475 = CARTESIAN_POINT('',(17.605000000001,-10.1));
#13476 = VECTOR('',#13477,1.);
#13477 = DIRECTION('',(1.,0.));
#13478 = ( GEOMETRIC_REPRESENTATION_CONTEXT(2) 
PARAMETRIC_REPRESENTATION_CONTEXT() REPRESENTATION_CONTEXT('2D SPACE',''
  ) );
#13479 = ORIENTED_EDGE('',*,*,#13480,.T.);
#13480 = EDGE_CURVE('',#13458,#12943,#13481,.T.);
#13481 = SURFACE_CURVE('',#13482,(#13485,#13491),.PCURVE_S1.);
#13482 = B_SPLINE_CURVE_WITH_KNOTS('',1,(#13483,#13484),.UNSPECIFIED.,
  .F.,.F.,(2,2),(0.,1.),.PIECEWISE_BEZIER_KNOTS.);
#13483 = CARTESIAN_POINT('',(41.209999995133,4.15,20.));
#13484 = CARTESIAN_POINT('',(41.209999996899,2.4,21.75));
#13485 = PCURVE('',#12984,#13486);
#13486 = DEFINITIONAL_REPRESENTATION('',(#13487),#13490);
#13487 = B_SPLINE_CURVE_WITH_KNOTS('',1,(#13488,#13489),.UNSPECIFIED.,
  .F.,.F.,(2,2),(0.,1.),.PIECEWISE_BEZIER_KNOTS.);
#13488 = CARTESIAN_POINT('',(17.604999995132,-2.474873734153));
#13489 = CARTESIAN_POINT('',(17.604999996898,0.));
#13490 = ( GEOMETRIC_REPRESENTATION_CONTEXT(2) 
PARAMETRIC_REPRESENTATION_CONTEXT() REPRESENTATION_CONTEXT('2D SPACE',''
  ) );
#13491 = PCURVE('',#13492,#13511);
#13492 = B_SPLINE_SURFACE_WITH_KNOTS('',8,1,(
    (#13493,#13494)
    ,(#13495,#13496)
    ,(#13497,#13498)
    ,(#13499,#13500)
    ,(#13501,#13502)
    ,(#13503,#13504)
    ,(#13505,#13506)
    ,(#13507,#13508)
    ,(#13509,#13510
    )),.UNSPECIFIED.,.F.,.F.,.F.,(9,9),(2,2),(1.570796326795,
    3.14159265359),(0.,1.),.PIECEWISE_BEZIER_KNOTS.);
#13493 = CARTESIAN_POINT('',(41.209999995133,4.15,20.));
#13494 = CARTESIAN_POINT('',(41.209999996899,2.4,21.75));
#13495 = CARTESIAN_POINT('',(41.573246645704,4.15,20.));
#13496 = CARTESIAN_POINT('',(41.916858343956,2.4,21.75));
#13497 = CARTESIAN_POINT('',(41.936493410616,4.231512459578,20.));
#13498 = CARTESIAN_POINT('',(42.623716913514,2.55861884026,21.75));
#13499 = CARTESIAN_POINT('',(42.278399478652,4.394536578138,
    19.999999999999));
#13500 = CARTESIAN_POINT('',(43.289047640504,2.875854962864,21.75));
#13501 = CARTESIAN_POINT('',(42.577628693326,4.632371301807,
    20.000000000001));
#13502 = CARTESIAN_POINT('',(43.871331517707,3.338668479191,21.75));
#13503 = CARTESIAN_POINT('',(42.815463416994,4.93160051648,
    19.999999999999));
#13504 = CARTESIAN_POINT('',(44.334145034036,3.920952356395,21.75));
#13505 = CARTESIAN_POINT('',(42.978487535555,5.273506584517,20.));
#13506 = CARTESIAN_POINT('',(44.651381156638,4.586283083384,21.75));
#13507 = CARTESIAN_POINT('',(43.059999995133,5.636753349429,20.));
#13508 = CARTESIAN_POINT('',(44.809999996899,5.293141652942,21.75));
#13509 = CARTESIAN_POINT('',(43.059999995133,6.,20.));
#13510 = CARTESIAN_POINT('',(44.809999996899,6.,21.75));
#13511 = DEFINITIONAL_REPRESENTATION('',(#13512),#13516);
#13512 = LINE('',#13513,#13514);
#13513 = CARTESIAN_POINT('',(1.570796326795,0.));
#13514 = VECTOR('',#13515,1.);
#13515 = DIRECTION('',(0.,1.));
#13516 = ( GEOMETRIC_REPRESENTATION_CONTEXT(2) 
PARAMETRIC_REPRESENTATION_CONTEXT() REPRESENTATION_CONTEXT('2D SPACE',''
  ) );
#13517 = ORIENTED_EDGE('',*,*,#12970,.F.);
#13518 = ORIENTED_EDGE('',*,*,#13519,.F.);
#13519 = EDGE_CURVE('',#13456,#12885,#13520,.T.);
#13520 = SURFACE_CURVE('',#13521,(#13524,#13530),.PCURVE_S1.);
#13521 = B_SPLINE_CURVE_WITH_KNOTS('',1,(#13522,#13523),.UNSPECIFIED.,
  .F.,.F.,(2,2),(0.,1.),.PIECEWISE_BEZIER_KNOTS.);
#13522 = CARTESIAN_POINT('',(5.999999999999,4.15,20.));
#13523 = CARTESIAN_POINT('',(6.,2.4,21.75));
#13524 = PCURVE('',#12984,#13525);
#13525 = DEFINITIONAL_REPRESENTATION('',(#13526),#13529);
#13526 = B_SPLINE_CURVE_WITH_KNOTS('',1,(#13527,#13528),.UNSPECIFIED.,
  .F.,.F.,(2,2),(0.,1.),.PIECEWISE_BEZIER_KNOTS.);
#13527 = CARTESIAN_POINT('',(-17.605,-2.474873734153));
#13528 = CARTESIAN_POINT('',(-17.605,0.));
#13529 = ( GEOMETRIC_REPRESENTATION_CONTEXT(2) 
PARAMETRIC_REPRESENTATION_CONTEXT() REPRESENTATION_CONTEXT('2D SPACE',''
  ) );
#13530 = PCURVE('',#13440,#13531);
#13531 = DEFINITIONAL_REPRESENTATION('',(#13532),#13535);
#13532 = B_SPLINE_CURVE_WITH_KNOTS('',1,(#13533,#13534),.UNSPECIFIED.,
  .F.,.F.,(2,2),(0.,1.),.PIECEWISE_BEZIER_KNOTS.);
#13533 = CARTESIAN_POINT('',(1.570796326795,0.));
#13534 = CARTESIAN_POINT('',(1.570796326795,1.75));
#13535 = ( GEOMETRIC_REPRESENTATION_CONTEXT(2) 
PARAMETRIC_REPRESENTATION_CONTEXT() REPRESENTATION_CONTEXT('2D SPACE',''
  ) );
#13536 = ADVANCED_FACE('',(#13537,#13673,#13704,#13735,#13766),#12930,
  .F.);
#13537 = FACE_BOUND('',#13538,.F.);
#13538 = EDGE_LOOP('',(#13539,#13562,#13563,#13564,#13592,#13620,#13646,
    #13647));
#13539 = ORIENTED_EDGE('',*,*,#13540,.F.);
#13540 = EDGE_CURVE('',#13371,#13541,#13543,.T.);
#13541 = VERTEX_POINT('',#13542);
#13542 = CARTESIAN_POINT('',(2.4,74.8,36.4));
#13543 = SURFACE_CURVE('',#13544,(#13548,#13555),.PCURVE_S1.);
#13544 = LINE('',#13545,#13546);
#13545 = CARTESIAN_POINT('',(2.4,40.4,36.4));
#13546 = VECTOR('',#13547,1.);
#13547 = DIRECTION('',(0.,1.,0.));
#13548 = PCURVE('',#12930,#13549);
#13549 = DEFINITIONAL_REPRESENTATION('',(#13550),#13554);
#13550 = LINE('',#13551,#13552);
#13551 = CARTESIAN_POINT('',(-21.20499999937,-5.088920530334E-15));
#13552 = VECTOR('',#13553,1.);
#13553 = DIRECTION('',(0.,1.));
#13554 = ( GEOMETRIC_REPRESENTATION_CONTEXT(2) 
PARAMETRIC_REPRESENTATION_CONTEXT() REPRESENTATION_CONTEXT('2D SPACE',''
  ) );
#13555 = PCURVE('',#13414,#13556);
#13556 = DEFINITIONAL_REPRESENTATION('',(#13557),#13561);
#13557 = LINE('',#13558,#13559);
#13558 = CARTESIAN_POINT('',(34.4,-14.65));
#13559 = VECTOR('',#13560,1.);
#13560 = DIRECTION('',(1.,0.));
#13561 = ( GEOMETRIC_REPRESENTATION_CONTEXT(2) 
PARAMETRIC_REPRESENTATION_CONTEXT() REPRESENTATION_CONTEXT('2D SPACE',''
  ) );
#13562 = ORIENTED_EDGE('',*,*,#13370,.F.);
#13563 = ORIENTED_EDGE('',*,*,#12914,.T.);
#13564 = ORIENTED_EDGE('',*,*,#13565,.F.);
#13565 = EDGE_CURVE('',#13566,#12915,#13568,.T.);
#13566 = VERTEX_POINT('',#13567);
#13567 = CARTESIAN_POINT('',(44.809999998449,6.,36.4));
#13568 = SURFACE_CURVE('',#13569,(#13574,#13585),.PCURVE_S1.);
#13569 = CIRCLE('',#13570,3.6);
#13570 = AXIS2_PLACEMENT_3D('',#13571,#13572,#13573);
#13571 = CARTESIAN_POINT('',(41.209999996899,6.,36.4));
#13572 = DIRECTION('',(0.,0.,-1.));
#13573 = DIRECTION('',(-1.,0.,0.));
#13574 = PCURVE('',#12930,#13575);
#13575 = DEFINITIONAL_REPRESENTATION('',(#13576),#13584);
#13576 = ( BOUNDED_CURVE() B_SPLINE_CURVE(2,(#13577,#13578,#13579,#13580
    ,#13581,#13582,#13583),.UNSPECIFIED.,.T.,.F.) 
B_SPLINE_CURVE_WITH_KNOTS((1,2,2,2,2,1),(-2.094395102393,0.,
    2.094395102393,4.188790204786,6.28318530718,8.377580409573),
.UNSPECIFIED.) CURVE() GEOMETRIC_REPRESENTATION_ITEM() 
RATIONAL_B_SPLINE_CURVE((1.,0.5,1.,0.5,1.,0.5,1.)) REPRESENTATION_ITEM(
  '') );
#13577 = CARTESIAN_POINT('',(14.004999997523,-34.4));
#13578 = CARTESIAN_POINT('',(14.004999997523,-28.16461709275));
#13579 = CARTESIAN_POINT('',(19.404999997523,-31.28230854637));
#13580 = CARTESIAN_POINT('',(24.804999997523,-34.4));
#13581 = CARTESIAN_POINT('',(19.404999997523,-37.51769145362));
#13582 = CARTESIAN_POINT('',(14.004999997523,-40.63538290724));
#13583 = CARTESIAN_POINT('',(14.004999997523,-34.4));
#13584 = ( GEOMETRIC_REPRESENTATION_CONTEXT(2) 
PARAMETRIC_REPRESENTATION_CONTEXT() REPRESENTATION_CONTEXT('2D SPACE',''
  ) );
#13585 = PCURVE('',#12958,#13586);
#13586 = DEFINITIONAL_REPRESENTATION('',(#13587),#13591);
#13587 = LINE('',#13588,#13589);
#13588 = CARTESIAN_POINT('',(0.,-14.65));
#13589 = VECTOR('',#13590,1.);
#13590 = DIRECTION('',(1.,0.));
#13591 = ( GEOMETRIC_REPRESENTATION_CONTEXT(2) 
PARAMETRIC_REPRESENTATION_CONTEXT() REPRESENTATION_CONTEXT('2D SPACE',''
  ) );
#13592 = ORIENTED_EDGE('',*,*,#13593,.T.);
#13593 = EDGE_CURVE('',#13566,#13594,#13596,.T.);
#13594 = VERTEX_POINT('',#13595);
#13595 = CARTESIAN_POINT('',(44.809999998449,74.8,36.4));
#13596 = SURFACE_CURVE('',#13597,(#13601,#13608),.PCURVE_S1.);
#13597 = LINE('',#13598,#13599);
#13598 = CARTESIAN_POINT('',(44.81,40.4,36.4));
#13599 = VECTOR('',#13600,1.);
#13600 = DIRECTION('',(0.,1.,0.));
#13601 = PCURVE('',#12930,#13602);
#13602 = DEFINITIONAL_REPRESENTATION('',(#13603),#13607);
#13603 = LINE('',#13604,#13605);
#13604 = CARTESIAN_POINT('',(21.205000000625,-5.088920530334E-15));
#13605 = VECTOR('',#13606,1.);
#13606 = DIRECTION('',(0.,1.));
#13607 = ( GEOMETRIC_REPRESENTATION_CONTEXT(2) 
PARAMETRIC_REPRESENTATION_CONTEXT() REPRESENTATION_CONTEXT('2D SPACE',''
  ) );
#13608 = PCURVE('',#13609,#13614);
#13609 = PLANE('',#13610);
#13610 = AXIS2_PLACEMENT_3D('',#13611,#13612,#13613);
#13611 = CARTESIAN_POINT('',(44.81,6.,21.75));
#13612 = DIRECTION('',(-1.,0.,0.));
#13613 = DIRECTION('',(0.,1.,0.));
#13614 = DEFINITIONAL_REPRESENTATION('',(#13615),#13619);
#13615 = LINE('',#13616,#13617);
#13616 = CARTESIAN_POINT('',(34.4,-14.65));
#13617 = VECTOR('',#13618,1.);
#13618 = DIRECTION('',(1.,0.));
#13619 = ( GEOMETRIC_REPRESENTATION_CONTEXT(2) 
PARAMETRIC_REPRESENTATION_CONTEXT() REPRESENTATION_CONTEXT('2D SPACE',''
  ) );
#13620 = ORIENTED_EDGE('',*,*,#13621,.F.);
#13621 = EDGE_CURVE('',#13043,#13594,#13622,.T.);
#13622 = SURFACE_CURVE('',#13623,(#13628,#13639),.PCURVE_S1.);
#13623 = CIRCLE('',#13624,3.6);
#13624 = AXIS2_PLACEMENT_3D('',#13625,#13626,#13627);
#13625 = CARTESIAN_POINT('',(41.209999996899,74.8,36.4));
#13626 = DIRECTION('',(0.,0.,-1.));
#13627 = DIRECTION('',(-1.,0.,0.));
#13628 = PCURVE('',#12930,#13629);
#13629 = DEFINITIONAL_REPRESENTATION('',(#13630),#13638);
#13630 = ( BOUNDED_CURVE() B_SPLINE_CURVE(2,(#13631,#13632,#13633,#13634
    ,#13635,#13636,#13637),.UNSPECIFIED.,.T.,.F.) 
B_SPLINE_CURVE_WITH_KNOTS((1,2,2,2,2,1),(-2.094395102393,0.,
    2.094395102393,4.188790204786,6.28318530718,8.377580409573),
.UNSPECIFIED.) CURVE() GEOMETRIC_REPRESENTATION_ITEM() 
RATIONAL_B_SPLINE_CURVE((1.,0.5,1.,0.5,1.,0.5,1.)) REPRESENTATION_ITEM(
  '') );
#13631 = CARTESIAN_POINT('',(14.004999997523,34.4));
#13632 = CARTESIAN_POINT('',(14.004999997523,40.635382907248));
#13633 = CARTESIAN_POINT('',(19.404999997523,37.517691453624));
#13634 = CARTESIAN_POINT('',(24.804999997523,34.4));
#13635 = CARTESIAN_POINT('',(19.404999997523,31.282308546376));
#13636 = CARTESIAN_POINT('',(14.004999997523,28.164617092752));
#13637 = CARTESIAN_POINT('',(14.004999997523,34.4));
#13638 = ( GEOMETRIC_REPRESENTATION_CONTEXT(2) 
PARAMETRIC_REPRESENTATION_CONTEXT() REPRESENTATION_CONTEXT('2D SPACE',''
  ) );
#13639 = PCURVE('',#13081,#13640);
#13640 = DEFINITIONAL_REPRESENTATION('',(#13641),#13645);
#13641 = LINE('',#13642,#13643);
#13642 = CARTESIAN_POINT('',(0.,-14.65));
#13643 = VECTOR('',#13644,1.);
#13644 = DIRECTION('',(1.,0.));
#13645 = ( GEOMETRIC_REPRESENTATION_CONTEXT(2) 
PARAMETRIC_REPRESENTATION_CONTEXT() REPRESENTATION_CONTEXT('2D SPACE',''
  ) );
#13646 = ORIENTED_EDGE('',*,*,#13042,.F.);
#13647 = ORIENTED_EDGE('',*,*,#13648,.F.);
#13648 = EDGE_CURVE('',#13541,#13015,#13649,.T.);
#13649 = SURFACE_CURVE('',#13650,(#13655,#13666),.PCURVE_S1.);
#13650 = CIRCLE('',#13651,3.6);
#13651 = AXIS2_PLACEMENT_3D('',#13652,#13653,#13654);
#13652 = CARTESIAN_POINT('',(6.,74.8,36.4));
#13653 = DIRECTION('',(0.,0.,-1.));
#13654 = DIRECTION('',(-1.,0.,0.));
#13655 = PCURVE('',#12930,#13656);
#13656 = DEFINITIONAL_REPRESENTATION('',(#13657),#13665);
#13657 = ( BOUNDED_CURVE() B_SPLINE_CURVE(2,(#13658,#13659,#13660,#13661
    ,#13662,#13663,#13664),.UNSPECIFIED.,.T.,.F.) 
B_SPLINE_CURVE_WITH_KNOTS((1,2,2,2,2,1),(-2.094395102393,0.,
    2.094395102393,4.188790204786,6.28318530718,8.377580409573),
.UNSPECIFIED.) CURVE() GEOMETRIC_REPRESENTATION_ITEM() 
RATIONAL_B_SPLINE_CURVE((1.,0.5,1.,0.5,1.,0.5,1.)) REPRESENTATION_ITEM(
  '') );
#13658 = CARTESIAN_POINT('',(-21.20499999937,34.4));
#13659 = CARTESIAN_POINT('',(-21.20499999937,40.635382907248));
#13660 = CARTESIAN_POINT('',(-15.80499999937,37.517691453624));
#13661 = CARTESIAN_POINT('',(-10.40499999937,34.4));
#13662 = CARTESIAN_POINT('',(-15.80499999937,31.282308546376));
#13663 = CARTESIAN_POINT('',(-21.20499999937,28.164617092752));
#13664 = CARTESIAN_POINT('',(-21.20499999937,34.4));
#13665 = ( GEOMETRIC_REPRESENTATION_CONTEXT(2) 
PARAMETRIC_REPRESENTATION_CONTEXT() REPRESENTATION_CONTEXT('2D SPACE',''
  ) );
#13666 = PCURVE('',#13030,#13667);
#13667 = DEFINITIONAL_REPRESENTATION('',(#13668),#13672);
#13668 = LINE('',#13669,#13670);
#13669 = CARTESIAN_POINT('',(0.,-14.65));
#13670 = VECTOR('',#13671,1.);
#13671 = DIRECTION('',(1.,0.));
#13672 = ( GEOMETRIC_REPRESENTATION_CONTEXT(2) 
PARAMETRIC_REPRESENTATION_CONTEXT() REPRESENTATION_CONTEXT('2D SPACE',''
  ) );
#13673 = FACE_BOUND('',#13674,.F.);
#13674 = EDGE_LOOP('',(#13675));
#13675 = ORIENTED_EDGE('',*,*,#13676,.F.);
#13676 = EDGE_CURVE('',#13677,#13677,#13679,.T.);
#13677 = VERTEX_POINT('',#13678);
#13678 = CARTESIAN_POINT('',(13.02,53.54,36.4));
#13679 = SURFACE_CURVE('',#13680,(#13685,#13692),.PCURVE_S1.);
#13680 = CIRCLE('',#13681,2.75);
#13681 = AXIS2_PLACEMENT_3D('',#13682,#13683,#13684);
#13682 = CARTESIAN_POINT('',(10.27,53.54,36.4));
#13683 = DIRECTION('',(0.,0.,1.));
#13684 = DIRECTION('',(1.,0.,-0.));
#13685 = PCURVE('',#12930,#13686);
#13686 = DEFINITIONAL_REPRESENTATION('',(#13687),#13691);
#13687 = CIRCLE('',#13688,2.75);
#13688 = AXIS2_PLACEMENT_2D('',#13689,#13690);
#13689 = CARTESIAN_POINT('',(-13.33499999937,13.14));
#13690 = DIRECTION('',(1.,0.));
#13691 = ( GEOMETRIC_REPRESENTATION_CONTEXT(2) 
PARAMETRIC_REPRESENTATION_CONTEXT() REPRESENTATION_CONTEXT('2D SPACE',''
  ) );
#13692 = PCURVE('',#13693,#13698);
#13693 = CYLINDRICAL_SURFACE('',#13694,2.75);
#13694 = AXIS2_PLACEMENT_3D('',#13695,#13696,#13697);
#13695 = CARTESIAN_POINT('',(10.27,53.54,33.));
#13696 = DIRECTION('',(0.,0.,1.));
#13697 = DIRECTION('',(1.,0.,-0.));
#13698 = DEFINITIONAL_REPRESENTATION('',(#13699),#13703);
#13699 = LINE('',#13700,#13701);
#13700 = CARTESIAN_POINT('',(0.,3.4));
#13701 = VECTOR('',#13702,1.);
#13702 = DIRECTION('',(1.,0.));
#13703 = ( GEOMETRIC_REPRESENTATION_CONTEXT(2) 
PARAMETRIC_REPRESENTATION_CONTEXT() REPRESENTATION_CONTEXT('2D SPACE',''
  ) );
#13704 = FACE_BOUND('',#13705,.F.);
#13705 = EDGE_LOOP('',(#13706));
#13706 = ORIENTED_EDGE('',*,*,#13707,.F.);
#13707 = EDGE_CURVE('',#13708,#13708,#13710,.T.);
#13708 = VERTEX_POINT('',#13709);
#13709 = CARTESIAN_POINT('',(39.69,53.54,36.4));
#13710 = SURFACE_CURVE('',#13711,(#13716,#13723),.PCURVE_S1.);
#13711 = CIRCLE('',#13712,2.75);
#13712 = AXIS2_PLACEMENT_3D('',#13713,#13714,#13715);
#13713 = CARTESIAN_POINT('',(36.94,53.54,36.4));
#13714 = DIRECTION('',(0.,0.,1.));
#13715 = DIRECTION('',(1.,0.,-0.));
#13716 = PCURVE('',#12930,#13717);
#13717 = DEFINITIONAL_REPRESENTATION('',(#13718),#13722);
#13718 = CIRCLE('',#13719,2.75);
#13719 = AXIS2_PLACEMENT_2D('',#13720,#13721);
#13720 = CARTESIAN_POINT('',(13.335000000624,13.14));
#13721 = DIRECTION('',(1.,0.));
#13722 = ( GEOMETRIC_REPRESENTATION_CONTEXT(2) 
PARAMETRIC_REPRESENTATION_CONTEXT() REPRESENTATION_CONTEXT('2D SPACE',''
  ) );
#13723 = PCURVE('',#13724,#13729);
#13724 = CYLINDRICAL_SURFACE('',#13725,2.75);
#13725 = AXIS2_PLACEMENT_3D('',#13726,#13727,#13728);
#13726 = CARTESIAN_POINT('',(36.94,53.54,33.));
#13727 = DIRECTION('',(0.,0.,1.));
#13728 = DIRECTION('',(1.,0.,-0.));
#13729 = DEFINITIONAL_REPRESENTATION('',(#13730),#13734);
#13730 = LINE('',#13731,#13732);
#13731 = CARTESIAN_POINT('',(0.,3.4));
#13732 = VECTOR('',#13733,1.);
#13733 = DIRECTION('',(1.,0.));
#13734 = ( GEOMETRIC_REPRESENTATION_CONTEXT(2) 
PARAMETRIC_REPRESENTATION_CONTEXT() REPRESENTATION_CONTEXT('2D SPACE',''
  ) );
#13735 = FACE_BOUND('',#13736,.F.);
#13736 = EDGE_LOOP('',(#13737));
#13737 = ORIENTED_EDGE('',*,*,#13738,.F.);
#13738 = EDGE_CURVE('',#13739,#13739,#13741,.T.);
#13739 = VERTEX_POINT('',#13740);
#13740 = CARTESIAN_POINT('',(13.02,73.86,36.4));
#13741 = SURFACE_CURVE('',#13742,(#13747,#13754),.PCURVE_S1.);
#13742 = CIRCLE('',#13743,2.75);
#13743 = AXIS2_PLACEMENT_3D('',#13744,#13745,#13746);
#13744 = CARTESIAN_POINT('',(10.27,73.86,36.4));
#13745 = DIRECTION('',(0.,0.,1.));
#13746 = DIRECTION('',(1.,0.,-0.));
#13747 = PCURVE('',#12930,#13748);
#13748 = DEFINITIONAL_REPRESENTATION('',(#13749),#13753);
#13749 = CIRCLE('',#13750,2.75);
#13750 = AXIS2_PLACEMENT_2D('',#13751,#13752);
#13751 = CARTESIAN_POINT('',(-13.33499999937,33.46));
#13752 = DIRECTION('',(1.,0.));
#13753 = ( GEOMETRIC_REPRESENTATION_CONTEXT(2) 
PARAMETRIC_REPRESENTATION_CONTEXT() REPRESENTATION_CONTEXT('2D SPACE',''
  ) );
#13754 = PCURVE('',#13755,#13760);
#13755 = CYLINDRICAL_SURFACE('',#13756,2.75);
#13756 = AXIS2_PLACEMENT_3D('',#13757,#13758,#13759);
#13757 = CARTESIAN_POINT('',(10.27,73.86,33.));
#13758 = DIRECTION('',(0.,0.,1.));
#13759 = DIRECTION('',(1.,0.,-0.));
#13760 = DEFINITIONAL_REPRESENTATION('',(#13761),#13765);
#13761 = LINE('',#13762,#13763);
#13762 = CARTESIAN_POINT('',(0.,3.4));
#13763 = VECTOR('',#13764,1.);
#13764 = DIRECTION('',(1.,0.));
#13765 = ( GEOMETRIC_REPRESENTATION_CONTEXT(2) 
PARAMETRIC_REPRESENTATION_CONTEXT() REPRESENTATION_CONTEXT('2D SPACE',''
  ) );
#13766 = FACE_BOUND('',#13767,.F.);
#13767 = EDGE_LOOP('',(#13768));
#13768 = ORIENTED_EDGE('',*,*,#13769,.F.);
#13769 = EDGE_CURVE('',#13770,#13770,#13772,.T.);
#13770 = VERTEX_POINT('',#13771);
#13771 = CARTESIAN_POINT('',(39.69,73.86,36.4));
#13772 = SURFACE_CURVE('',#13773,(#13778,#13785),.PCURVE_S1.);
#13773 = CIRCLE('',#13774,2.75);
#13774 = AXIS2_PLACEMENT_3D('',#13775,#13776,#13777);
#13775 = CARTESIAN_POINT('',(36.94,73.86,36.4));
#13776 = DIRECTION('',(0.,0.,1.));
#13777 = DIRECTION('',(1.,0.,-0.));
#13778 = PCURVE('',#12930,#13779);
#13779 = DEFINITIONAL_REPRESENTATION('',(#13780),#13784);
#13780 = CIRCLE('',#13781,2.75);
#13781 = AXIS2_PLACEMENT_2D('',#13782,#13783);
#13782 = CARTESIAN_POINT('',(13.335000000624,33.46));
#13783 = DIRECTION('',(1.,0.));
#13784 = ( GEOMETRIC_REPRESENTATION_CONTEXT(2) 
PARAMETRIC_REPRESENTATION_CONTEXT() REPRESENTATION_CONTEXT('2D SPACE',''
  ) );
#13785 = PCURVE('',#13786,#13791);
#13786 = CYLINDRICAL_SURFACE('',#13787,2.75);
#13787 = AXIS2_PLACEMENT_3D('',#13788,#13789,#13790);
#13788 = CARTESIAN_POINT('',(36.94,73.86,33.));
#13789 = DIRECTION('',(0.,0.,1.));
#13790 = DIRECTION('',(1.,0.,-0.));
#13791 = DEFINITIONAL_REPRESENTATION('',(#13792),#13796);
#13792 = LINE('',#13793,#13794);
#13793 = CARTESIAN_POINT('',(0.,3.4));
#13794 = VECTOR('',#13795,1.);
#13795 = DIRECTION('',(1.,0.));
#13796 = ( GEOMETRIC_REPRESENTATION_CONTEXT(2) 
PARAMETRIC_REPRESENTATION_CONTEXT() REPRESENTATION_CONTEXT('2D SPACE',''
  ) );
#13797 = ADVANCED_FACE('',(#13798),#12958,.F.);
#13798 = FACE_BOUND('',#13799,.F.);
#13799 = EDGE_LOOP('',(#13800,#13823,#13824,#13825));
#13800 = ORIENTED_EDGE('',*,*,#13801,.T.);
#13801 = EDGE_CURVE('',#13802,#13566,#13804,.T.);
#13802 = VERTEX_POINT('',#13803);
#13803 = CARTESIAN_POINT('',(44.809999998449,6.,21.75));
#13804 = SURFACE_CURVE('',#13805,(#13809,#13816),.PCURVE_S1.);
#13805 = LINE('',#13806,#13807);
#13806 = CARTESIAN_POINT('',(44.809999998449,6.,21.75));
#13807 = VECTOR('',#13808,1.);
#13808 = DIRECTION('',(0.,0.,1.));
#13809 = PCURVE('',#12958,#13810);
#13810 = DEFINITIONAL_REPRESENTATION('',(#13811),#13815);
#13811 = LINE('',#13812,#13813);
#13812 = CARTESIAN_POINT('',(3.14159265359,0.));
#13813 = VECTOR('',#13814,1.);
#13814 = DIRECTION('',(0.,-1.));
#13815 = ( GEOMETRIC_REPRESENTATION_CONTEXT(2) 
PARAMETRIC_REPRESENTATION_CONTEXT() REPRESENTATION_CONTEXT('2D SPACE',''
  ) );
#13816 = PCURVE('',#13609,#13817);
#13817 = DEFINITIONAL_REPRESENTATION('',(#13818),#13822);
#13818 = LINE('',#13819,#13820);
#13819 = CARTESIAN_POINT('',(0.,0.));
#13820 = VECTOR('',#13821,1.);
#13821 = DIRECTION('',(0.,-1.));
#13822 = ( GEOMETRIC_REPRESENTATION_CONTEXT(2) 
PARAMETRIC_REPRESENTATION_CONTEXT() REPRESENTATION_CONTEXT('2D SPACE',''
  ) );
#13823 = ORIENTED_EDGE('',*,*,#13565,.T.);
#13824 = ORIENTED_EDGE('',*,*,#12942,.F.);
#13825 = ORIENTED_EDGE('',*,*,#13826,.F.);
#13826 = EDGE_CURVE('',#13802,#12943,#13827,.T.);
#13827 = SURFACE_CURVE('',#13828,(#13833,#13839),.PCURVE_S1.);
#13828 = CIRCLE('',#13829,3.6);
#13829 = AXIS2_PLACEMENT_3D('',#13830,#13831,#13832);
#13830 = CARTESIAN_POINT('',(41.209999996899,6.,21.75));
#13831 = DIRECTION('',(0.,0.,-1.));
#13832 = DIRECTION('',(-1.,0.,0.));
#13833 = PCURVE('',#12958,#13834);
#13834 = DEFINITIONAL_REPRESENTATION('',(#13835),#13838);
#13835 = B_SPLINE_CURVE_WITH_KNOTS('',1,(#13836,#13837),.UNSPECIFIED.,
  .F.,.F.,(2,2),(3.14159265359,4.712388980385),
  .PIECEWISE_BEZIER_KNOTS.);
#13836 = CARTESIAN_POINT('',(3.14159265359,0.));
#13837 = CARTESIAN_POINT('',(4.712388980385,0.));
#13838 = ( GEOMETRIC_REPRESENTATION_CONTEXT(2) 
PARAMETRIC_REPRESENTATION_CONTEXT() REPRESENTATION_CONTEXT('2D SPACE',''
  ) );
#13839 = PCURVE('',#13492,#13840);
#13840 = DEFINITIONAL_REPRESENTATION('',(#13841),#13845);
#13841 = LINE('',#13842,#13843);
#13842 = CARTESIAN_POINT('',(6.28318530718,1.));
#13843 = VECTOR('',#13844,1.);
#13844 = DIRECTION('',(-1.,0.));
#13845 = ( GEOMETRIC_REPRESENTATION_CONTEXT(2) 
PARAMETRIC_REPRESENTATION_CONTEXT() REPRESENTATION_CONTEXT('2D SPACE',''
  ) );
#13846 = ADVANCED_FACE('',(#13847),#13030,.F.);
#13847 = FACE_BOUND('',#13848,.F.);
#13848 = EDGE_LOOP('',(#13849,#13872,#13873,#13874));
#13849 = ORIENTED_EDGE('',*,*,#13850,.T.);
#13850 = EDGE_CURVE('',#13851,#13541,#13853,.T.);
#13851 = VERTEX_POINT('',#13852);
#13852 = CARTESIAN_POINT('',(2.4,74.8,21.75));
#13853 = SURFACE_CURVE('',#13854,(#13858,#13865),.PCURVE_S1.);
#13854 = LINE('',#13855,#13856);
#13855 = CARTESIAN_POINT('',(2.4,74.8,21.75));
#13856 = VECTOR('',#13857,1.);
#13857 = DIRECTION('',(0.,0.,1.));
#13858 = PCURVE('',#13030,#13859);
#13859 = DEFINITIONAL_REPRESENTATION('',(#13860),#13864);
#13860 = LINE('',#13861,#13862);
#13861 = CARTESIAN_POINT('',(0.,0.));
#13862 = VECTOR('',#13863,1.);
#13863 = DIRECTION('',(0.,-1.));
#13864 = ( GEOMETRIC_REPRESENTATION_CONTEXT(2) 
PARAMETRIC_REPRESENTATION_CONTEXT() REPRESENTATION_CONTEXT('2D SPACE',''
  ) );
#13865 = PCURVE('',#13414,#13866);
#13866 = DEFINITIONAL_REPRESENTATION('',(#13867),#13871);
#13867 = LINE('',#13868,#13869);
#13868 = CARTESIAN_POINT('',(68.8,0.));
#13869 = VECTOR('',#13870,1.);
#13870 = DIRECTION('',(0.,-1.));
#13871 = ( GEOMETRIC_REPRESENTATION_CONTEXT(2) 
PARAMETRIC_REPRESENTATION_CONTEXT() REPRESENTATION_CONTEXT('2D SPACE',''
  ) );
#13872 = ORIENTED_EDGE('',*,*,#13648,.T.);
#13873 = ORIENTED_EDGE('',*,*,#13012,.F.);
#13874 = ORIENTED_EDGE('',*,*,#13875,.F.);
#13875 = EDGE_CURVE('',#13851,#13013,#13876,.T.);
#13876 = SURFACE_CURVE('',#13877,(#13882,#13888),.PCURVE_S1.);
#13877 = CIRCLE('',#13878,3.6);
#13878 = AXIS2_PLACEMENT_3D('',#13879,#13880,#13881);
#13879 = CARTESIAN_POINT('',(6.,74.8,21.75));
#13880 = DIRECTION('',(0.,0.,-1.));
#13881 = DIRECTION('',(-1.,0.,0.));
#13882 = PCURVE('',#13030,#13883);
#13883 = DEFINITIONAL_REPRESENTATION('',(#13884),#13887);
#13884 = B_SPLINE_CURVE_WITH_KNOTS('',1,(#13885,#13886),.UNSPECIFIED.,
  .F.,.F.,(2,2),(0.,1.570796326795),.PIECEWISE_BEZIER_KNOTS.);
#13885 = CARTESIAN_POINT('',(0.,0.));
#13886 = CARTESIAN_POINT('',(1.570796326795,0.));
#13887 = ( GEOMETRIC_REPRESENTATION_CONTEXT(2) 
PARAMETRIC_REPRESENTATION_CONTEXT() REPRESENTATION_CONTEXT('2D SPACE',''
  ) );
#13888 = PCURVE('',#13889,#13894);
#13889 = CONICAL_SURFACE('',#13890,1.85,0.785398163397);
#13890 = AXIS2_PLACEMENT_3D('',#13891,#13892,#13893);
#13891 = CARTESIAN_POINT('',(5.999999999999,74.8,20.));
#13892 = DIRECTION('',(-0.,-0.,1.));
#13893 = DIRECTION('',(-1.,0.,0.));
#13894 = DEFINITIONAL_REPRESENTATION('',(#13895),#13899);
#13895 = LINE('',#13896,#13897);
#13896 = CARTESIAN_POINT('',(6.28318530718,1.75));
#13897 = VECTOR('',#13898,1.);
#13898 = DIRECTION('',(-1.,0.));
#13899 = ( GEOMETRIC_REPRESENTATION_CONTEXT(2) 
PARAMETRIC_REPRESENTATION_CONTEXT() REPRESENTATION_CONTEXT('2D SPACE',''
  ) );
#13900 = ADVANCED_FACE('',(#13901),#13107,.F.);
#13901 = FACE_BOUND('',#13902,.F.);
#13902 = EDGE_LOOP('',(#13903,#13927,#13946,#13947));
#13903 = ORIENTED_EDGE('',*,*,#13904,.F.);
#13904 = EDGE_CURVE('',#13905,#13907,#13909,.T.);
#13905 = VERTEX_POINT('',#13906);
#13906 = CARTESIAN_POINT('',(5.999999999999,76.65,20.));
#13907 = VERTEX_POINT('',#13908);
#13908 = CARTESIAN_POINT('',(41.209999995133,76.65,20.));
#13909 = SURFACE_CURVE('',#13910,(#13914,#13920),.PCURVE_S1.);
#13910 = LINE('',#13911,#13912);
#13911 = CARTESIAN_POINT('',(23.605000000001,76.65,20.));
#13912 = VECTOR('',#13913,1.);
#13913 = DIRECTION('',(1.,0.,0.));
#13914 = PCURVE('',#13107,#13915);
#13915 = DEFINITIONAL_REPRESENTATION('',(#13916),#13919);
#13916 = B_SPLINE_CURVE_WITH_KNOTS('',1,(#13917,#13918),.UNSPECIFIED.,
  .F.,.F.,(2,2),(-17.605,17.604999995132),.PIECEWISE_BEZIER_KNOTS.);
#13917 = CARTESIAN_POINT('',(17.605000000001,0.));
#13918 = CARTESIAN_POINT('',(-17.60499999513,0.));
#13919 = ( GEOMETRIC_REPRESENTATION_CONTEXT(2) 
PARAMETRIC_REPRESENTATION_CONTEXT() REPRESENTATION_CONTEXT('2D SPACE',''
  ) );
#13920 = PCURVE('',#13327,#13921);
#13921 = DEFINITIONAL_REPRESENTATION('',(#13922),#13926);
#13922 = LINE('',#13923,#13924);
#13923 = CARTESIAN_POINT('',(17.605000000001,-10.1));
#13924 = VECTOR('',#13925,1.);
#13925 = DIRECTION('',(1.,0.));
#13926 = ( GEOMETRIC_REPRESENTATION_CONTEXT(2) 
PARAMETRIC_REPRESENTATION_CONTEXT() REPRESENTATION_CONTEXT('2D SPACE',''
  ) );
#13927 = ORIENTED_EDGE('',*,*,#13928,.T.);
#13928 = EDGE_CURVE('',#13905,#13013,#13929,.T.);
#13929 = SURFACE_CURVE('',#13930,(#13933,#13940),.PCURVE_S1.);
#13930 = B_SPLINE_CURVE_WITH_KNOTS('',1,(#13931,#13932),.UNSPECIFIED.,
  .F.,.F.,(2,2),(0.,1.),.PIECEWISE_BEZIER_KNOTS.);
#13931 = CARTESIAN_POINT('',(5.999999999999,76.65,20.));
#13932 = CARTESIAN_POINT('',(6.,78.4,21.75));
#13933 = PCURVE('',#13107,#13934);
#13934 = DEFINITIONAL_REPRESENTATION('',(#13935),#13939);
#13935 = LINE('',#13936,#13937);
#13936 = CARTESIAN_POINT('',(17.605,0.));
#13937 = VECTOR('',#13938,1.);
#13938 = DIRECTION('',(0.,1.));
#13939 = ( GEOMETRIC_REPRESENTATION_CONTEXT(2) 
PARAMETRIC_REPRESENTATION_CONTEXT() REPRESENTATION_CONTEXT('2D SPACE',''
  ) );
#13940 = PCURVE('',#13889,#13941);
#13941 = DEFINITIONAL_REPRESENTATION('',(#13942),#13945);
#13942 = B_SPLINE_CURVE_WITH_KNOTS('',1,(#13943,#13944),.UNSPECIFIED.,
  .F.,.F.,(2,2),(0.,1.),.PIECEWISE_BEZIER_KNOTS.);
#13943 = CARTESIAN_POINT('',(4.712388980385,0.));
#13944 = CARTESIAN_POINT('',(4.712388980385,1.75));
#13945 = ( GEOMETRIC_REPRESENTATION_CONTEXT(2) 
PARAMETRIC_REPRESENTATION_CONTEXT() REPRESENTATION_CONTEXT('2D SPACE',''
  ) );
#13946 = ORIENTED_EDGE('',*,*,#13093,.T.);
#13947 = ORIENTED_EDGE('',*,*,#13948,.F.);
#13948 = EDGE_CURVE('',#13907,#13066,#13949,.T.);
#13949 = SURFACE_CURVE('',#13950,(#13953,#13960),.PCURVE_S1.);
#13950 = B_SPLINE_CURVE_WITH_KNOTS('',1,(#13951,#13952),.UNSPECIFIED.,
  .F.,.F.,(2,2),(0.,1.),.PIECEWISE_BEZIER_KNOTS.);
#13951 = CARTESIAN_POINT('',(41.209999995133,76.65,20.));
#13952 = CARTESIAN_POINT('',(41.209999996899,78.4,21.75));
#13953 = PCURVE('',#13107,#13954);
#13954 = DEFINITIONAL_REPRESENTATION('',(#13955),#13959);
#13955 = LINE('',#13956,#13957);
#13956 = CARTESIAN_POINT('',(-17.60499999689,0.));
#13957 = VECTOR('',#13958,1.);
#13958 = DIRECTION('',(0.,1.));
#13959 = ( GEOMETRIC_REPRESENTATION_CONTEXT(2) 
PARAMETRIC_REPRESENTATION_CONTEXT() REPRESENTATION_CONTEXT('2D SPACE',''
  ) );
#13960 = PCURVE('',#13961,#13980);
#13961 = B_SPLINE_SURFACE_WITH_KNOTS('',8,1,(
    (#13962,#13963)
    ,(#13964,#13965)
    ,(#13966,#13967)
    ,(#13968,#13969)
    ,(#13970,#13971)
    ,(#13972,#13973)
    ,(#13974,#13975)
    ,(#13976,#13977)
    ,(#13978,#13979
    )),.UNSPECIFIED.,.F.,.F.,.F.,(9,9),(2,2),(3.14159265359,
    4.712388980385),(0.,1.),.PIECEWISE_BEZIER_KNOTS.);
#13962 = CARTESIAN_POINT('',(43.059999995133,74.8,20.));
#13963 = CARTESIAN_POINT('',(44.809999996899,74.8,21.75));
#13964 = CARTESIAN_POINT('',(43.059999995132,75.163246650571,20.));
#13965 = CARTESIAN_POINT('',(44.809999996898,75.506858347057,21.75));
#13966 = CARTESIAN_POINT('',(42.978487535555,75.526493415484,
    20.000000000001));
#13967 = CARTESIAN_POINT('',(44.651381156639,76.213716916617,
    21.750000000001));
#13968 = CARTESIAN_POINT('',(42.815463416994,75.868399483518,
    19.999999999999));
#13969 = CARTESIAN_POINT('',(44.334145034034,76.879047643603,
    21.749999999999));
#13970 = CARTESIAN_POINT('',(42.577628693327,76.167628698195,
    20.000000000002));
#13971 = CARTESIAN_POINT('',(43.871331517708,77.461331520811,
    21.750000000001));
#13972 = CARTESIAN_POINT('',(42.278399478652,76.405463421861,
    19.999999999999));
#13973 = CARTESIAN_POINT('',(43.289047640503,77.924145037135,
    21.749999999999));
#13974 = CARTESIAN_POINT('',(41.936493410616,76.568487540423,
    20.000000000001));
#13975 = CARTESIAN_POINT('',(42.623716913515,78.241381159741,
    21.750000000001));
#13976 = CARTESIAN_POINT('',(41.573246645704,76.65,20.));
#13977 = CARTESIAN_POINT('',(41.916858343956,78.4,21.75));
#13978 = CARTESIAN_POINT('',(41.209999995133,76.65,20.));
#13979 = CARTESIAN_POINT('',(41.209999996899,78.4,21.75));
#13980 = DEFINITIONAL_REPRESENTATION('',(#13981),#13985);
#13981 = LINE('',#13982,#13983);
#13982 = CARTESIAN_POINT('',(4.712388980385,0.));
#13983 = VECTOR('',#13984,1.);
#13984 = DIRECTION('',(0.,1.));
#13985 = ( GEOMETRIC_REPRESENTATION_CONTEXT(2) 
PARAMETRIC_REPRESENTATION_CONTEXT() REPRESENTATION_CONTEXT('2D SPACE',''
  ) );
#13986 = ADVANCED_FACE('',(#13987),#13081,.F.);
#13987 = FACE_BOUND('',#13988,.F.);
#13988 = EDGE_LOOP('',(#13989,#13990,#13991,#14014));
#13989 = ORIENTED_EDGE('',*,*,#13065,.T.);
#13990 = ORIENTED_EDGE('',*,*,#13621,.T.);
#13991 = ORIENTED_EDGE('',*,*,#13992,.F.);
#13992 = EDGE_CURVE('',#13993,#13594,#13995,.T.);
#13993 = VERTEX_POINT('',#13994);
#13994 = CARTESIAN_POINT('',(44.809999998449,74.8,21.75));
#13995 = SURFACE_CURVE('',#13996,(#14000,#14007),.PCURVE_S1.);
#13996 = LINE('',#13997,#13998);
#13997 = CARTESIAN_POINT('',(44.809999998449,74.8,21.75));
#13998 = VECTOR('',#13999,1.);
#13999 = DIRECTION('',(0.,0.,1.));
#14000 = PCURVE('',#13081,#14001);
#14001 = DEFINITIONAL_REPRESENTATION('',(#14002),#14006);
#14002 = LINE('',#14003,#14004);
#14003 = CARTESIAN_POINT('',(3.14159265359,0.));
#14004 = VECTOR('',#14005,1.);
#14005 = DIRECTION('',(0.,-1.));
#14006 = ( GEOMETRIC_REPRESENTATION_CONTEXT(2) 
PARAMETRIC_REPRESENTATION_CONTEXT() REPRESENTATION_CONTEXT('2D SPACE',''
  ) );
#14007 = PCURVE('',#13609,#14008);
#14008 = DEFINITIONAL_REPRESENTATION('',(#14009),#14013);
#14009 = LINE('',#14010,#14011);
#14010 = CARTESIAN_POINT('',(68.8,0.));
#14011 = VECTOR('',#14012,1.);
#14012 = DIRECTION('',(0.,-1.));
#14013 = ( GEOMETRIC_REPRESENTATION_CONTEXT(2) 
PARAMETRIC_REPRESENTATION_CONTEXT() REPRESENTATION_CONTEXT('2D SPACE',''
  ) );
#14014 = ORIENTED_EDGE('',*,*,#14015,.F.);
#14015 = EDGE_CURVE('',#13066,#13993,#14016,.T.);
#14016 = SURFACE_CURVE('',#14017,(#14022,#14028),.PCURVE_S1.);
#14017 = CIRCLE('',#14018,3.6);
#14018 = AXIS2_PLACEMENT_3D('',#14019,#14020,#14021);
#14019 = CARTESIAN_POINT('',(41.209999996899,74.8,21.75));
#14020 = DIRECTION('',(0.,0.,-1.));
#14021 = DIRECTION('',(-1.,0.,0.));
#14022 = PCURVE('',#13081,#14023);
#14023 = DEFINITIONAL_REPRESENTATION('',(#14024),#14027);
#14024 = B_SPLINE_CURVE_WITH_KNOTS('',1,(#14025,#14026),.UNSPECIFIED.,
  .F.,.F.,(2,2),(1.570796326795,3.14159265359),
  .PIECEWISE_BEZIER_KNOTS.);
#14025 = CARTESIAN_POINT('',(1.570796326795,0.));
#14026 = CARTESIAN_POINT('',(3.14159265359,0.));
#14027 = ( GEOMETRIC_REPRESENTATION_CONTEXT(2) 
PARAMETRIC_REPRESENTATION_CONTEXT() REPRESENTATION_CONTEXT('2D SPACE',''
  ) );
#14028 = PCURVE('',#13961,#14029);
#14029 = DEFINITIONAL_REPRESENTATION('',(#14030),#14034);
#14030 = LINE('',#14031,#14032);
#14031 = CARTESIAN_POINT('',(6.28318530718,1.));
#14032 = VECTOR('',#14033,1.);
#14033 = DIRECTION('',(-1.,0.));
#14034 = ( GEOMETRIC_REPRESENTATION_CONTEXT(2) 
PARAMETRIC_REPRESENTATION_CONTEXT() REPRESENTATION_CONTEXT('2D SPACE',''
  ) );
#14035 = ADVANCED_FACE('',(#14036),#13159,.F.);
#14036 = FACE_BOUND('',#14037,.F.);
#14037 = EDGE_LOOP('',(#14038,#14061,#14089,#14110));
#14038 = ORIENTED_EDGE('',*,*,#14039,.F.);
#14039 = EDGE_CURVE('',#14040,#13143,#14042,.T.);
#14040 = VERTEX_POINT('',#14041);
#14041 = CARTESIAN_POINT('',(4.15,6.,20.));
#14042 = SURFACE_CURVE('',#14043,(#14047,#14054),.PCURVE_S1.);
#14043 = LINE('',#14044,#14045);
#14044 = CARTESIAN_POINT('',(4.15,6.,20.));
#14045 = VECTOR('',#14046,1.);
#14046 = DIRECTION('',(0.,7.80816193143E-16,-1.));
#14047 = PCURVE('',#13159,#14048);
#14048 = DEFINITIONAL_REPRESENTATION('',(#14049),#14053);
#14049 = LINE('',#14050,#14051);
#14050 = CARTESIAN_POINT('',(-7.105427357601E-15,-10.1));
#14051 = VECTOR('',#14052,1.);
#14052 = DIRECTION('',(7.80816193143E-16,1.));
#14053 = ( GEOMETRIC_REPRESENTATION_CONTEXT(2) 
PARAMETRIC_REPRESENTATION_CONTEXT() REPRESENTATION_CONTEXT('2D SPACE',''
  ) );
#14054 = PCURVE('',#13188,#14055);
#14055 = DEFINITIONAL_REPRESENTATION('',(#14056),#14060);
#14056 = LINE('',#14057,#14058);
#14057 = CARTESIAN_POINT('',(6.28318530718,-10.1));
#14058 = VECTOR('',#14059,1.);
#14059 = DIRECTION('',(-0.,1.));
#14060 = ( GEOMETRIC_REPRESENTATION_CONTEXT(2) 
PARAMETRIC_REPRESENTATION_CONTEXT() REPRESENTATION_CONTEXT('2D SPACE',''
  ) );
#14061 = ORIENTED_EDGE('',*,*,#14062,.T.);
#14062 = EDGE_CURVE('',#14040,#14063,#14065,.T.);
#14063 = VERTEX_POINT('',#14064);
#14064 = CARTESIAN_POINT('',(4.15,74.8,20.));
#14065 = SURFACE_CURVE('',#14066,(#14070,#14077),.PCURVE_S1.);
#14066 = LINE('',#14067,#14068);
#14067 = CARTESIAN_POINT('',(4.150000000001,40.4,20.));
#14068 = VECTOR('',#14069,1.);
#14069 = DIRECTION('',(0.,1.,0.));
#14070 = PCURVE('',#13159,#14071);
#14071 = DEFINITIONAL_REPRESENTATION('',(#14072),#14076);
#14072 = LINE('',#14073,#14074);
#14073 = CARTESIAN_POINT('',(34.4,-10.1));
#14074 = VECTOR('',#14075,1.);
#14075 = DIRECTION('',(1.,0.));
#14076 = ( GEOMETRIC_REPRESENTATION_CONTEXT(2) 
PARAMETRIC_REPRESENTATION_CONTEXT() REPRESENTATION_CONTEXT('2D SPACE',''
  ) );
#14077 = PCURVE('',#14078,#14083);
#14078 = PLANE('',#14079);
#14079 = AXIS2_PLACEMENT_3D('',#14080,#14081,#14082);
#14080 = CARTESIAN_POINT('',(2.4,40.4,21.75));
#14081 = DIRECTION('',(-0.707106781186,0.,-0.707106781187));
#14082 = DIRECTION('',(0.,-1.,-0.));
#14083 = DEFINITIONAL_REPRESENTATION('',(#14084),#14088);
#14084 = LINE('',#14085,#14086);
#14085 = CARTESIAN_POINT('',(0.,-2.474873734153));
#14086 = VECTOR('',#14087,1.);
#14087 = DIRECTION('',(-1.,0.));
#14088 = ( GEOMETRIC_REPRESENTATION_CONTEXT(2) 
PARAMETRIC_REPRESENTATION_CONTEXT() REPRESENTATION_CONTEXT('2D SPACE',''
  ) );
#14089 = ORIENTED_EDGE('',*,*,#14090,.F.);
#14090 = EDGE_CURVE('',#13145,#14063,#14091,.T.);
#14091 = SURFACE_CURVE('',#14092,(#14096,#14103),.PCURVE_S1.);
#14092 = LINE('',#14093,#14094);
#14093 = CARTESIAN_POINT('',(4.15,74.8,10.9));
#14094 = VECTOR('',#14095,1.);
#14095 = DIRECTION('',(0.,0.,1.));
#14096 = PCURVE('',#13159,#14097);
#14097 = DEFINITIONAL_REPRESENTATION('',(#14098),#14102);
#14098 = LINE('',#14099,#14100);
#14099 = CARTESIAN_POINT('',(68.8,-1.));
#14100 = VECTOR('',#14101,1.);
#14101 = DIRECTION('',(0.,-1.));
#14102 = ( GEOMETRIC_REPRESENTATION_CONTEXT(2) 
PARAMETRIC_REPRESENTATION_CONTEXT() REPRESENTATION_CONTEXT('2D SPACE',''
  ) );
#14103 = PCURVE('',#13354,#14104);
#14104 = DEFINITIONAL_REPRESENTATION('',(#14105),#14109);
#14105 = LINE('',#14106,#14107);
#14106 = CARTESIAN_POINT('',(0.,-1.));
#14107 = VECTOR('',#14108,1.);
#14108 = DIRECTION('',(0.,-1.));
#14109 = ( GEOMETRIC_REPRESENTATION_CONTEXT(2) 
PARAMETRIC_REPRESENTATION_CONTEXT() REPRESENTATION_CONTEXT('2D SPACE',''
  ) );
#14110 = ORIENTED_EDGE('',*,*,#13142,.F.);
#14111 = ADVANCED_FACE('',(#14112),#13354,.F.);
#14112 = FACE_BOUND('',#14113,.F.);
#14113 = EDGE_LOOP('',(#14114,#14115,#14136,#14157));
#14114 = ORIENTED_EDGE('',*,*,#14090,.T.);
#14115 = ORIENTED_EDGE('',*,*,#14116,.T.);
#14116 = EDGE_CURVE('',#14063,#13905,#14117,.T.);
#14117 = SURFACE_CURVE('',#14118,(#14123,#14130),.PCURVE_S1.);
#14118 = CIRCLE('',#14119,1.85);
#14119 = AXIS2_PLACEMENT_3D('',#14120,#14121,#14122);
#14120 = CARTESIAN_POINT('',(5.999999999999,74.8,20.));
#14121 = DIRECTION('',(0.,0.,-1.));
#14122 = DIRECTION('',(-1.,0.,0.));
#14123 = PCURVE('',#13354,#14124);
#14124 = DEFINITIONAL_REPRESENTATION('',(#14125),#14129);
#14125 = LINE('',#14126,#14127);
#14126 = CARTESIAN_POINT('',(0.,-10.1));
#14127 = VECTOR('',#14128,1.);
#14128 = DIRECTION('',(1.,0.));
#14129 = ( GEOMETRIC_REPRESENTATION_CONTEXT(2) 
PARAMETRIC_REPRESENTATION_CONTEXT() REPRESENTATION_CONTEXT('2D SPACE',''
  ) );
#14130 = PCURVE('',#13889,#14131);
#14131 = DEFINITIONAL_REPRESENTATION('',(#14132),#14135);
#14132 = B_SPLINE_CURVE_WITH_KNOTS('',1,(#14133,#14134),.UNSPECIFIED.,
  .F.,.F.,(2,2),(0.,1.570796326795),.PIECEWISE_BEZIER_KNOTS.);
#14133 = CARTESIAN_POINT('',(6.28318530718,0.));
#14134 = CARTESIAN_POINT('',(4.712388980385,0.));
#14135 = ( GEOMETRIC_REPRESENTATION_CONTEXT(2) 
PARAMETRIC_REPRESENTATION_CONTEXT() REPRESENTATION_CONTEXT('2D SPACE',''
  ) );
#14136 = ORIENTED_EDGE('',*,*,#14137,.F.);
#14137 = EDGE_CURVE('',#13313,#13905,#14138,.T.);
#14138 = SURFACE_CURVE('',#14139,(#14143,#14150),.PCURVE_S1.);
#14139 = LINE('',#14140,#14141);
#14140 = CARTESIAN_POINT('',(5.999999999999,76.65,10.9));
#14141 = VECTOR('',#14142,1.);
#14142 = DIRECTION('',(0.,0.,1.));
#14143 = PCURVE('',#13354,#14144);
#14144 = DEFINITIONAL_REPRESENTATION('',(#14145),#14149);
#14145 = LINE('',#14146,#14147);
#14146 = CARTESIAN_POINT('',(1.570796326795,-1.));
#14147 = VECTOR('',#14148,1.);
#14148 = DIRECTION('',(0.,-1.));
#14149 = ( GEOMETRIC_REPRESENTATION_CONTEXT(2) 
PARAMETRIC_REPRESENTATION_CONTEXT() REPRESENTATION_CONTEXT('2D SPACE',''
  ) );
#14150 = PCURVE('',#13327,#14151);
#14151 = DEFINITIONAL_REPRESENTATION('',(#14152),#14156);
#14152 = LINE('',#14153,#14154);
#14153 = CARTESIAN_POINT('',(0.,-1.));
#14154 = VECTOR('',#14155,1.);
#14155 = DIRECTION('',(0.,-1.));
#14156 = ( GEOMETRIC_REPRESENTATION_CONTEXT(2) 
PARAMETRIC_REPRESENTATION_CONTEXT() REPRESENTATION_CONTEXT('2D SPACE',''
  ) );
#14157 = ORIENTED_EDGE('',*,*,#13339,.F.);
#14158 = ADVANCED_FACE('',(#14159),#13327,.F.);
#14159 = FACE_BOUND('',#14160,.F.);
#14160 = EDGE_LOOP('',(#14161,#14162,#14163,#14184));
#14161 = ORIENTED_EDGE('',*,*,#14137,.T.);
#14162 = ORIENTED_EDGE('',*,*,#13904,.T.);
#14163 = ORIENTED_EDGE('',*,*,#14164,.F.);
#14164 = EDGE_CURVE('',#13284,#13907,#14165,.T.);
#14165 = SURFACE_CURVE('',#14166,(#14170,#14177),.PCURVE_S1.);
#14166 = LINE('',#14167,#14168);
#14167 = CARTESIAN_POINT('',(41.209999995133,76.65,10.9));
#14168 = VECTOR('',#14169,1.);
#14169 = DIRECTION('',(0.,0.,1.));
#14170 = PCURVE('',#13327,#14171);
#14171 = DEFINITIONAL_REPRESENTATION('',(#14172),#14176);
#14172 = LINE('',#14173,#14174);
#14173 = CARTESIAN_POINT('',(35.209999995133,-1.));
#14174 = VECTOR('',#14175,1.);
#14175 = DIRECTION('',(0.,-1.));
#14176 = ( GEOMETRIC_REPRESENTATION_CONTEXT(2) 
PARAMETRIC_REPRESENTATION_CONTEXT() REPRESENTATION_CONTEXT('2D SPACE',''
  ) );
#14177 = PCURVE('',#13300,#14178);
#14178 = DEFINITIONAL_REPRESENTATION('',(#14179),#14183);
#14179 = LINE('',#14180,#14181);
#14180 = CARTESIAN_POINT('',(1.570796326795,-1.));
#14181 = VECTOR('',#14182,1.);
#14182 = DIRECTION('',(0.,-1.));
#14183 = ( GEOMETRIC_REPRESENTATION_CONTEXT(2) 
PARAMETRIC_REPRESENTATION_CONTEXT() REPRESENTATION_CONTEXT('2D SPACE',''
  ) );
#14184 = ORIENTED_EDGE('',*,*,#13312,.F.);
#14185 = ADVANCED_FACE('',(#14186),#13300,.F.);
#14186 = FACE_BOUND('',#14187,.F.);
#14187 = EDGE_LOOP('',(#14188,#14189,#14212,#14233));
#14188 = ORIENTED_EDGE('',*,*,#14164,.T.);
#14189 = ORIENTED_EDGE('',*,*,#14190,.T.);
#14190 = EDGE_CURVE('',#13907,#14191,#14193,.T.);
#14191 = VERTEX_POINT('',#14192);
#14192 = CARTESIAN_POINT('',(43.059999997567,74.8,20.));
#14193 = SURFACE_CURVE('',#14194,(#14199,#14206),.PCURVE_S1.);
#14194 = CIRCLE('',#14195,1.85);
#14195 = AXIS2_PLACEMENT_3D('',#14196,#14197,#14198);
#14196 = CARTESIAN_POINT('',(41.209999995133,74.8,20.));
#14197 = DIRECTION('',(0.,0.,-1.));
#14198 = DIRECTION('',(-1.,0.,0.));
#14199 = PCURVE('',#13300,#14200);
#14200 = DEFINITIONAL_REPRESENTATION('',(#14201),#14205);
#14201 = LINE('',#14202,#14203);
#14202 = CARTESIAN_POINT('',(0.,-10.1));
#14203 = VECTOR('',#14204,1.);
#14204 = DIRECTION('',(1.,0.));
#14205 = ( GEOMETRIC_REPRESENTATION_CONTEXT(2) 
PARAMETRIC_REPRESENTATION_CONTEXT() REPRESENTATION_CONTEXT('2D SPACE',''
  ) );
#14206 = PCURVE('',#13961,#14207);
#14207 = DEFINITIONAL_REPRESENTATION('',(#14208),#14211);
#14208 = B_SPLINE_CURVE_WITH_KNOTS('',1,(#14209,#14210),.UNSPECIFIED.,
  .F.,.F.,(2,2),(1.570796326795,3.14159265359),
  .PIECEWISE_BEZIER_KNOTS.);
#14209 = CARTESIAN_POINT('',(4.712388980385,0.));
#14210 = CARTESIAN_POINT('',(3.14159265359,0.));
#14211 = ( GEOMETRIC_REPRESENTATION_CONTEXT(2) 
PARAMETRIC_REPRESENTATION_CONTEXT() REPRESENTATION_CONTEXT('2D SPACE',''
  ) );
#14212 = ORIENTED_EDGE('',*,*,#14213,.F.);
#14213 = EDGE_CURVE('',#13257,#14191,#14214,.T.);
#14214 = SURFACE_CURVE('',#14215,(#14219,#14226),.PCURVE_S1.);
#14215 = LINE('',#14216,#14217);
#14216 = CARTESIAN_POINT('',(43.059999997567,74.8,10.9));
#14217 = VECTOR('',#14218,1.);
#14218 = DIRECTION('',(0.,0.,1.));
#14219 = PCURVE('',#13300,#14220);
#14220 = DEFINITIONAL_REPRESENTATION('',(#14221),#14225);
#14221 = LINE('',#14222,#14223);
#14222 = CARTESIAN_POINT('',(3.14159265359,-1.));
#14223 = VECTOR('',#14224,1.);
#14224 = DIRECTION('',(0.,-1.));
#14225 = ( GEOMETRIC_REPRESENTATION_CONTEXT(2) 
PARAMETRIC_REPRESENTATION_CONTEXT() REPRESENTATION_CONTEXT('2D SPACE',''
  ) );
#14226 = PCURVE('',#13271,#14227);
#14227 = DEFINITIONAL_REPRESENTATION('',(#14228),#14232);
#14228 = LINE('',#14229,#14230);
#14229 = CARTESIAN_POINT('',(68.8,-1.));
#14230 = VECTOR('',#14231,1.);
#14231 = DIRECTION('',(0.,-1.));
#14232 = ( GEOMETRIC_REPRESENTATION_CONTEXT(2) 
PARAMETRIC_REPRESENTATION_CONTEXT() REPRESENTATION_CONTEXT('2D SPACE',''
  ) );
#14233 = ORIENTED_EDGE('',*,*,#13283,.F.);
#14234 = ADVANCED_FACE('',(#14235),#13271,.T.);
#14235 = FACE_BOUND('',#14236,.T.);
#14236 = EDGE_LOOP('',(#14237,#14260,#14286,#14287));
#14237 = ORIENTED_EDGE('',*,*,#14238,.T.);
#14238 = EDGE_CURVE('',#13228,#14239,#14241,.T.);
#14239 = VERTEX_POINT('',#14240);
#14240 = CARTESIAN_POINT('',(43.059999997567,6.,20.));
#14241 = SURFACE_CURVE('',#14242,(#14246,#14253),.PCURVE_S1.);
#14242 = LINE('',#14243,#14244);
#14243 = CARTESIAN_POINT('',(43.059999997567,6.,10.9));
#14244 = VECTOR('',#14245,1.);
#14245 = DIRECTION('',(0.,-7.80816193143E-16,1.));
#14246 = PCURVE('',#13271,#14247);
#14247 = DEFINITIONAL_REPRESENTATION('',(#14248),#14252);
#14248 = LINE('',#14249,#14250);
#14249 = CARTESIAN_POINT('',(0.,-1.));
#14250 = VECTOR('',#14251,1.);
#14251 = DIRECTION('',(-7.80816193143E-16,-1.));
#14252 = ( GEOMETRIC_REPRESENTATION_CONTEXT(2) 
PARAMETRIC_REPRESENTATION_CONTEXT() REPRESENTATION_CONTEXT('2D SPACE',''
  ) );
#14253 = PCURVE('',#13244,#14254);
#14254 = DEFINITIONAL_REPRESENTATION('',(#14255),#14259);
#14255 = LINE('',#14256,#14257);
#14256 = CARTESIAN_POINT('',(3.14159265359,-1.));
#14257 = VECTOR('',#14258,1.);
#14258 = DIRECTION('',(0.,-1.));
#14259 = ( GEOMETRIC_REPRESENTATION_CONTEXT(2) 
PARAMETRIC_REPRESENTATION_CONTEXT() REPRESENTATION_CONTEXT('2D SPACE',''
  ) );
#14260 = ORIENTED_EDGE('',*,*,#14261,.T.);
#14261 = EDGE_CURVE('',#14239,#14191,#14262,.T.);
#14262 = SURFACE_CURVE('',#14263,(#14267,#14274),.PCURVE_S1.);
#14263 = LINE('',#14264,#14265);
#14264 = CARTESIAN_POINT('',(43.060000000001,40.4,20.));
#14265 = VECTOR('',#14266,1.);
#14266 = DIRECTION('',(0.,1.,0.));
#14267 = PCURVE('',#13271,#14268);
#14268 = DEFINITIONAL_REPRESENTATION('',(#14269),#14273);
#14269 = LINE('',#14270,#14271);
#14270 = CARTESIAN_POINT('',(34.4,-10.1));
#14271 = VECTOR('',#14272,1.);
#14272 = DIRECTION('',(1.,0.));
#14273 = ( GEOMETRIC_REPRESENTATION_CONTEXT(2) 
PARAMETRIC_REPRESENTATION_CONTEXT() REPRESENTATION_CONTEXT('2D SPACE',''
  ) );
#14274 = PCURVE('',#14275,#14280);
#14275 = PLANE('',#14276);
#14276 = AXIS2_PLACEMENT_3D('',#14277,#14278,#14279);
#14277 = CARTESIAN_POINT('',(44.81,40.4,21.75));
#14278 = DIRECTION('',(0.707106781187,0.,-0.707106781186));
#14279 = DIRECTION('',(0.,1.,0.));
#14280 = DEFINITIONAL_REPRESENTATION('',(#14281),#14285);
#14281 = LINE('',#14282,#14283);
#14282 = CARTESIAN_POINT('',(0.,-2.474873734153));
#14283 = VECTOR('',#14284,1.);
#14284 = DIRECTION('',(1.,0.));
#14285 = ( GEOMETRIC_REPRESENTATION_CONTEXT(2) 
PARAMETRIC_REPRESENTATION_CONTEXT() REPRESENTATION_CONTEXT('2D SPACE',''
  ) );
#14286 = ORIENTED_EDGE('',*,*,#14213,.F.);
#14287 = ORIENTED_EDGE('',*,*,#13256,.F.);
#14288 = ADVANCED_FACE('',(#14289),#13244,.F.);
#14289 = FACE_BOUND('',#14290,.F.);
#14290 = EDGE_LOOP('',(#14291,#14292,#14313,#14334));
#14291 = ORIENTED_EDGE('',*,*,#14238,.T.);
#14292 = ORIENTED_EDGE('',*,*,#14293,.T.);
#14293 = EDGE_CURVE('',#14239,#13458,#14294,.T.);
#14294 = SURFACE_CURVE('',#14295,(#14300,#14307),.PCURVE_S1.);
#14295 = CIRCLE('',#14296,1.85);
#14296 = AXIS2_PLACEMENT_3D('',#14297,#14298,#14299);
#14297 = CARTESIAN_POINT('',(41.209999995133,6.,20.));
#14298 = DIRECTION('',(0.,0.,-1.));
#14299 = DIRECTION('',(-1.,0.,0.));
#14300 = PCURVE('',#13244,#14301);
#14301 = DEFINITIONAL_REPRESENTATION('',(#14302),#14306);
#14302 = LINE('',#14303,#14304);
#14303 = CARTESIAN_POINT('',(0.,-10.1));
#14304 = VECTOR('',#14305,1.);
#14305 = DIRECTION('',(1.,0.));
#14306 = ( GEOMETRIC_REPRESENTATION_CONTEXT(2) 
PARAMETRIC_REPRESENTATION_CONTEXT() REPRESENTATION_CONTEXT('2D SPACE',''
  ) );
#14307 = PCURVE('',#13492,#14308);
#14308 = DEFINITIONAL_REPRESENTATION('',(#14309),#14312);
#14309 = B_SPLINE_CURVE_WITH_KNOTS('',1,(#14310,#14311),.UNSPECIFIED.,
  .F.,.F.,(2,2),(3.14159265359,4.712388980385),
  .PIECEWISE_BEZIER_KNOTS.);
#14310 = CARTESIAN_POINT('',(3.14159265359,0.));
#14311 = CARTESIAN_POINT('',(1.570796326795,0.));
#14312 = ( GEOMETRIC_REPRESENTATION_CONTEXT(2) 
PARAMETRIC_REPRESENTATION_CONTEXT() REPRESENTATION_CONTEXT('2D SPACE',''
  ) );
#14313 = ORIENTED_EDGE('',*,*,#14314,.F.);
#14314 = EDGE_CURVE('',#13201,#13458,#14315,.T.);
#14315 = SURFACE_CURVE('',#14316,(#14320,#14327),.PCURVE_S1.);
#14316 = LINE('',#14317,#14318);
#14317 = CARTESIAN_POINT('',(41.209999995133,4.15,10.9));
#14318 = VECTOR('',#14319,1.);
#14319 = DIRECTION('',(0.,0.,1.));
#14320 = PCURVE('',#13244,#14321);
#14321 = DEFINITIONAL_REPRESENTATION('',(#14322),#14326);
#14322 = LINE('',#14323,#14324);
#14323 = CARTESIAN_POINT('',(4.712388980385,-1.));
#14324 = VECTOR('',#14325,1.);
#14325 = DIRECTION('',(0.,-1.));
#14326 = ( GEOMETRIC_REPRESENTATION_CONTEXT(2) 
PARAMETRIC_REPRESENTATION_CONTEXT() REPRESENTATION_CONTEXT('2D SPACE',''
  ) );
#14327 = PCURVE('',#13215,#14328);
#14328 = DEFINITIONAL_REPRESENTATION('',(#14329),#14333);
#14329 = LINE('',#14330,#14331);
#14330 = CARTESIAN_POINT('',(35.209999995133,-1.));
#14331 = VECTOR('',#14332,1.);
#14332 = DIRECTION('',(0.,-1.));
#14333 = ( GEOMETRIC_REPRESENTATION_CONTEXT(2) 
PARAMETRIC_REPRESENTATION_CONTEXT() REPRESENTATION_CONTEXT('2D SPACE',''
  ) );
#14334 = ORIENTED_EDGE('',*,*,#13227,.F.);
#14335 = ADVANCED_FACE('',(#14336),#13215,.T.);
#14336 = FACE_BOUND('',#14337,.T.);
#14337 = EDGE_LOOP('',(#14338,#14359,#14360,#14361));
#14338 = ORIENTED_EDGE('',*,*,#14339,.T.);
#14339 = EDGE_CURVE('',#13172,#13456,#14340,.T.);
#14340 = SURFACE_CURVE('',#14341,(#14345,#14352),.PCURVE_S1.);
#14341 = LINE('',#14342,#14343);
#14342 = CARTESIAN_POINT('',(5.999999999999,4.15,10.9));
#14343 = VECTOR('',#14344,1.);
#14344 = DIRECTION('',(0.,0.,1.));
#14345 = PCURVE('',#13215,#14346);
#14346 = DEFINITIONAL_REPRESENTATION('',(#14347),#14351);
#14347 = LINE('',#14348,#14349);
#14348 = CARTESIAN_POINT('',(0.,-1.));
#14349 = VECTOR('',#14350,1.);
#14350 = DIRECTION('',(0.,-1.));
#14351 = ( GEOMETRIC_REPRESENTATION_CONTEXT(2) 
PARAMETRIC_REPRESENTATION_CONTEXT() REPRESENTATION_CONTEXT('2D SPACE',''
  ) );
#14352 = PCURVE('',#13188,#14353);
#14353 = DEFINITIONAL_REPRESENTATION('',(#14354),#14358);
#14354 = LINE('',#14355,#14356);
#14355 = CARTESIAN_POINT('',(4.712388980385,-1.));
#14356 = VECTOR('',#14357,1.);
#14357 = DIRECTION('',(0.,-1.));
#14358 = ( GEOMETRIC_REPRESENTATION_CONTEXT(2) 
PARAMETRIC_REPRESENTATION_CONTEXT() REPRESENTATION_CONTEXT('2D SPACE',''
  ) );
#14359 = ORIENTED_EDGE('',*,*,#13455,.T.);
#14360 = ORIENTED_EDGE('',*,*,#14314,.F.);
#14361 = ORIENTED_EDGE('',*,*,#13200,.F.);
#14362 = ADVANCED_FACE('',(#14363),#13188,.F.);
#14363 = FACE_BOUND('',#14364,.F.);
#14364 = EDGE_LOOP('',(#14365,#14366,#14387,#14388));
#14365 = ORIENTED_EDGE('',*,*,#14339,.T.);
#14366 = ORIENTED_EDGE('',*,*,#14367,.T.);
#14367 = EDGE_CURVE('',#13456,#14040,#14368,.T.);
#14368 = SURFACE_CURVE('',#14369,(#14374,#14381),.PCURVE_S1.);
#14369 = CIRCLE('',#14370,1.85);
#14370 = AXIS2_PLACEMENT_3D('',#14371,#14372,#14373);
#14371 = CARTESIAN_POINT('',(5.999999999999,6.,20.));
#14372 = DIRECTION('',(0.,0.,-1.));
#14373 = DIRECTION('',(-1.,0.,0.));
#14374 = PCURVE('',#13188,#14375);
#14375 = DEFINITIONAL_REPRESENTATION('',(#14376),#14380);
#14376 = LINE('',#14377,#14378);
#14377 = CARTESIAN_POINT('',(0.,-10.1));
#14378 = VECTOR('',#14379,1.);
#14379 = DIRECTION('',(1.,0.));
#14380 = ( GEOMETRIC_REPRESENTATION_CONTEXT(2) 
PARAMETRIC_REPRESENTATION_CONTEXT() REPRESENTATION_CONTEXT('2D SPACE',''
  ) );
#14381 = PCURVE('',#13440,#14382);
#14382 = DEFINITIONAL_REPRESENTATION('',(#14383),#14386);
#14383 = B_SPLINE_CURVE_WITH_KNOTS('',1,(#14384,#14385),.UNSPECIFIED.,
  .F.,.F.,(2,2),(4.712388980385,6.28318530718),
  .PIECEWISE_BEZIER_KNOTS.);
#14384 = CARTESIAN_POINT('',(1.570796326795,0.));
#14385 = CARTESIAN_POINT('',(0.,0.));
#14386 = ( GEOMETRIC_REPRESENTATION_CONTEXT(2) 
PARAMETRIC_REPRESENTATION_CONTEXT() REPRESENTATION_CONTEXT('2D SPACE',''
  ) );
#14387 = ORIENTED_EDGE('',*,*,#14039,.T.);
#14388 = ORIENTED_EDGE('',*,*,#13171,.F.);
#14389 = ADVANCED_FACE('',(#14390),#13414,.F.);
#14390 = FACE_BOUND('',#14391,.F.);
#14391 = EDGE_LOOP('',(#14392,#14393,#14394,#14395));
#14392 = ORIENTED_EDGE('',*,*,#13398,.T.);
#14393 = ORIENTED_EDGE('',*,*,#13540,.T.);
#14394 = ORIENTED_EDGE('',*,*,#13850,.F.);
#14395 = ORIENTED_EDGE('',*,*,#14396,.F.);
#14396 = EDGE_CURVE('',#13399,#13851,#14397,.T.);
#14397 = SURFACE_CURVE('',#14398,(#14402,#14409),.PCURVE_S1.);
#14398 = LINE('',#14399,#14400);
#14399 = CARTESIAN_POINT('',(2.4,40.4,21.75));
#14400 = VECTOR('',#14401,1.);
#14401 = DIRECTION('',(0.,1.,0.));
#14402 = PCURVE('',#13414,#14403);
#14403 = DEFINITIONAL_REPRESENTATION('',(#14404),#14408);
#14404 = LINE('',#14405,#14406);
#14405 = CARTESIAN_POINT('',(34.4,0.));
#14406 = VECTOR('',#14407,1.);
#14407 = DIRECTION('',(1.,0.));
#14408 = ( GEOMETRIC_REPRESENTATION_CONTEXT(2) 
PARAMETRIC_REPRESENTATION_CONTEXT() REPRESENTATION_CONTEXT('2D SPACE',''
  ) );
#14409 = PCURVE('',#14078,#14410);
#14410 = DEFINITIONAL_REPRESENTATION('',(#14411),#14415);
#14411 = LINE('',#14412,#14413);
#14412 = CARTESIAN_POINT('',(0.,0.));
#14413 = VECTOR('',#14414,1.);
#14414 = DIRECTION('',(-1.,0.));
#14415 = ( GEOMETRIC_REPRESENTATION_CONTEXT(2) 
PARAMETRIC_REPRESENTATION_CONTEXT() REPRESENTATION_CONTEXT('2D SPACE',''
  ) );
#14416 = ADVANCED_FACE('',(#14417),#13440,.F.);
#14417 = FACE_BOUND('',#14418,.F.);
#14418 = EDGE_LOOP('',(#14419,#14420,#14421,#14422));
#14419 = ORIENTED_EDGE('',*,*,#14367,.F.);
#14420 = ORIENTED_EDGE('',*,*,#13519,.T.);
#14421 = ORIENTED_EDGE('',*,*,#13426,.T.);
#14422 = ORIENTED_EDGE('',*,*,#14423,.F.);
#14423 = EDGE_CURVE('',#14040,#13399,#14424,.T.);
#14424 = SURFACE_CURVE('',#14425,(#14428,#14434),.PCURVE_S1.);
#14425 = B_SPLINE_CURVE_WITH_KNOTS('',1,(#14426,#14427),.UNSPECIFIED.,
  .F.,.F.,(2,2),(0.,1.),.PIECEWISE_BEZIER_KNOTS.);
#14426 = CARTESIAN_POINT('',(4.15,6.,20.));
#14427 = CARTESIAN_POINT('',(2.4,6.,21.75));
#14428 = PCURVE('',#13440,#14429);
#14429 = DEFINITIONAL_REPRESENTATION('',(#14430),#14433);
#14430 = B_SPLINE_CURVE_WITH_KNOTS('',1,(#14431,#14432),.UNSPECIFIED.,
  .F.,.F.,(2,2),(0.,1.),.PIECEWISE_BEZIER_KNOTS.);
#14431 = CARTESIAN_POINT('',(0.,0.));
#14432 = CARTESIAN_POINT('',(0.,1.75));
#14433 = ( GEOMETRIC_REPRESENTATION_CONTEXT(2) 
PARAMETRIC_REPRESENTATION_CONTEXT() REPRESENTATION_CONTEXT('2D SPACE',''
  ) );
#14434 = PCURVE('',#14078,#14435);
#14435 = DEFINITIONAL_REPRESENTATION('',(#14436),#14439);
#14436 = B_SPLINE_CURVE_WITH_KNOTS('',1,(#14437,#14438),.UNSPECIFIED.,
  .F.,.F.,(2,2),(0.,1.),.PIECEWISE_BEZIER_KNOTS.);
#14437 = CARTESIAN_POINT('',(34.4,-2.474873734153));
#14438 = CARTESIAN_POINT('',(34.4,1.59872115546E-13));
#14439 = ( GEOMETRIC_REPRESENTATION_CONTEXT(2) 
PARAMETRIC_REPRESENTATION_CONTEXT() REPRESENTATION_CONTEXT('2D SPACE',''
  ) );
#14440 = ADVANCED_FACE('',(#14441),#13492,.F.);
#14441 = FACE_BOUND('',#14442,.F.);
#14442 = EDGE_LOOP('',(#14443,#14444,#14463,#14464));
#14443 = ORIENTED_EDGE('',*,*,#14293,.F.);
#14444 = ORIENTED_EDGE('',*,*,#14445,.T.);
#14445 = EDGE_CURVE('',#14239,#13802,#14446,.T.);
#14446 = SURFACE_CURVE('',#14447,(#14450,#14457),.PCURVE_S1.);
#14447 = B_SPLINE_CURVE_WITH_KNOTS('',1,(#14448,#14449),.UNSPECIFIED.,
  .F.,.F.,(2,2),(0.,1.),.PIECEWISE_BEZIER_KNOTS.);
#14448 = CARTESIAN_POINT('',(43.059999995133,6.,20.));
#14449 = CARTESIAN_POINT('',(44.809999996899,6.,21.75));
#14450 = PCURVE('',#13492,#14451);
#14451 = DEFINITIONAL_REPRESENTATION('',(#14452),#14456);
#14452 = LINE('',#14453,#14454);
#14453 = CARTESIAN_POINT('',(3.14159265359,0.));
#14454 = VECTOR('',#14455,1.);
#14455 = DIRECTION('',(0.,1.));
#14456 = ( GEOMETRIC_REPRESENTATION_CONTEXT(2) 
PARAMETRIC_REPRESENTATION_CONTEXT() REPRESENTATION_CONTEXT('2D SPACE',''
  ) );
#14457 = PCURVE('',#14275,#14458);
#14458 = DEFINITIONAL_REPRESENTATION('',(#14459),#14462);
#14459 = B_SPLINE_CURVE_WITH_KNOTS('',1,(#14460,#14461),.UNSPECIFIED.,
  .F.,.F.,(2,2),(0.,1.),.PIECEWISE_BEZIER_KNOTS.);
#14460 = CARTESIAN_POINT('',(-34.4,-2.474873737595));
#14461 = CARTESIAN_POINT('',(-34.4,-2.193107917492E-09));
#14462 = ( GEOMETRIC_REPRESENTATION_CONTEXT(2) 
PARAMETRIC_REPRESENTATION_CONTEXT() REPRESENTATION_CONTEXT('2D SPACE',''
  ) );
#14463 = ORIENTED_EDGE('',*,*,#13826,.T.);
#14464 = ORIENTED_EDGE('',*,*,#13480,.F.);
#14465 = ADVANCED_FACE('',(#14466),#13609,.T.);
#14466 = FACE_BOUND('',#14467,.T.);
#14467 = EDGE_LOOP('',(#14468,#14469,#14470,#14471));
#14468 = ORIENTED_EDGE('',*,*,#13801,.T.);
#14469 = ORIENTED_EDGE('',*,*,#13593,.T.);
#14470 = ORIENTED_EDGE('',*,*,#13992,.F.);
#14471 = ORIENTED_EDGE('',*,*,#14472,.F.);
#14472 = EDGE_CURVE('',#13802,#13993,#14473,.T.);
#14473 = SURFACE_CURVE('',#14474,(#14478,#14485),.PCURVE_S1.);
#14474 = LINE('',#14475,#14476);
#14475 = CARTESIAN_POINT('',(44.81,40.4,21.75));
#14476 = VECTOR('',#14477,1.);
#14477 = DIRECTION('',(0.,1.,0.));
#14478 = PCURVE('',#13609,#14479);
#14479 = DEFINITIONAL_REPRESENTATION('',(#14480),#14484);
#14480 = LINE('',#14481,#14482);
#14481 = CARTESIAN_POINT('',(34.4,0.));
#14482 = VECTOR('',#14483,1.);
#14483 = DIRECTION('',(1.,0.));
#14484 = ( GEOMETRIC_REPRESENTATION_CONTEXT(2) 
PARAMETRIC_REPRESENTATION_CONTEXT() REPRESENTATION_CONTEXT('2D SPACE',''
  ) );
#14485 = PCURVE('',#14275,#14486);
#14486 = DEFINITIONAL_REPRESENTATION('',(#14487),#14491);
#14487 = LINE('',#14488,#14489);
#14488 = CARTESIAN_POINT('',(0.,0.));
#14489 = VECTOR('',#14490,1.);
#14490 = DIRECTION('',(1.,0.));
#14491 = ( GEOMETRIC_REPRESENTATION_CONTEXT(2) 
PARAMETRIC_REPRESENTATION_CONTEXT() REPRESENTATION_CONTEXT('2D SPACE',''
  ) );
#14492 = ADVANCED_FACE('',(#14493),#13693,.T.);
#14493 = FACE_BOUND('',#14494,.T.);
#14494 = EDGE_LOOP('',(#14495,#14496,#14519,#14546));
#14495 = ORIENTED_EDGE('',*,*,#13676,.F.);
#14496 = ORIENTED_EDGE('',*,*,#14497,.F.);
#14497 = EDGE_CURVE('',#14498,#13677,#14500,.T.);
#14498 = VERTEX_POINT('',#14499);
#14499 = CARTESIAN_POINT('',(13.02,53.54,33.));
#14500 = SEAM_CURVE('',#14501,(#14505,#14512),.PCURVE_S1.);
#14501 = LINE('',#14502,#14503);
#14502 = CARTESIAN_POINT('',(13.02,53.54,33.));
#14503 = VECTOR('',#14504,1.);
#14504 = DIRECTION('',(0.,0.,1.));
#14505 = PCURVE('',#13693,#14506);
#14506 = DEFINITIONAL_REPRESENTATION('',(#14507),#14511);
#14507 = LINE('',#14508,#14509);
#14508 = CARTESIAN_POINT('',(6.28318530718,-0.));
#14509 = VECTOR('',#14510,1.);
#14510 = DIRECTION('',(0.,1.));
#14511 = ( GEOMETRIC_REPRESENTATION_CONTEXT(2) 
PARAMETRIC_REPRESENTATION_CONTEXT() REPRESENTATION_CONTEXT('2D SPACE',''
  ) );
#14512 = PCURVE('',#13693,#14513);
#14513 = DEFINITIONAL_REPRESENTATION('',(#14514),#14518);
#14514 = LINE('',#14515,#14516);
#14515 = CARTESIAN_POINT('',(0.,-0.));
#14516 = VECTOR('',#14517,1.);
#14517 = DIRECTION('',(0.,1.));
#14518 = ( GEOMETRIC_REPRESENTATION_CONTEXT(2) 
PARAMETRIC_REPRESENTATION_CONTEXT() REPRESENTATION_CONTEXT('2D SPACE',''
  ) );
#14519 = ORIENTED_EDGE('',*,*,#14520,.T.);
#14520 = EDGE_CURVE('',#14498,#14498,#14521,.T.);
#14521 = SURFACE_CURVE('',#14522,(#14527,#14534),.PCURVE_S1.);
#14522 = CIRCLE('',#14523,2.75);
#14523 = AXIS2_PLACEMENT_3D('',#14524,#14525,#14526);
#14524 = CARTESIAN_POINT('',(10.27,53.54,33.));
#14525 = DIRECTION('',(0.,0.,1.));
#14526 = DIRECTION('',(1.,0.,-0.));
#14527 = PCURVE('',#13693,#14528);
#14528 = DEFINITIONAL_REPRESENTATION('',(#14529),#14533);
#14529 = LINE('',#14530,#14531);
#14530 = CARTESIAN_POINT('',(0.,0.));
#14531 = VECTOR('',#14532,1.);
#14532 = DIRECTION('',(1.,0.));
#14533 = ( GEOMETRIC_REPRESENTATION_CONTEXT(2) 
PARAMETRIC_REPRESENTATION_CONTEXT() REPRESENTATION_CONTEXT('2D SPACE',''
  ) );
#14534 = PCURVE('',#14535,#14540);
#14535 = PLANE('',#14536);
#14536 = AXIS2_PLACEMENT_3D('',#14537,#14538,#14539);
#14537 = CARTESIAN_POINT('',(10.27,53.54,33.));
#14538 = DIRECTION('',(0.,0.,1.));
#14539 = DIRECTION('',(1.,0.,-0.));
#14540 = DEFINITIONAL_REPRESENTATION('',(#14541),#14545);
#14541 = CIRCLE('',#14542,2.75);
#14542 = AXIS2_PLACEMENT_2D('',#14543,#14544);
#14543 = CARTESIAN_POINT('',(0.,0.));
#14544 = DIRECTION('',(1.,0.));
#14545 = ( GEOMETRIC_REPRESENTATION_CONTEXT(2) 
PARAMETRIC_REPRESENTATION_CONTEXT() REPRESENTATION_CONTEXT('2D SPACE',''
  ) );
#14546 = ORIENTED_EDGE('',*,*,#14497,.T.);
#14547 = ADVANCED_FACE('',(#14548),#13724,.T.);
#14548 = FACE_BOUND('',#14549,.T.);
#14549 = EDGE_LOOP('',(#14550,#14551,#14574,#14601));
#14550 = ORIENTED_EDGE('',*,*,#13707,.F.);
#14551 = ORIENTED_EDGE('',*,*,#14552,.F.);
#14552 = EDGE_CURVE('',#14553,#13708,#14555,.T.);
#14553 = VERTEX_POINT('',#14554);
#14554 = CARTESIAN_POINT('',(39.69,53.54,33.));
#14555 = SEAM_CURVE('',#14556,(#14560,#14567),.PCURVE_S1.);
#14556 = LINE('',#14557,#14558);
#14557 = CARTESIAN_POINT('',(39.69,53.54,33.));
#14558 = VECTOR('',#14559,1.);
#14559 = DIRECTION('',(0.,0.,1.));
#14560 = PCURVE('',#13724,#14561);
#14561 = DEFINITIONAL_REPRESENTATION('',(#14562),#14566);
#14562 = LINE('',#14563,#14564);
#14563 = CARTESIAN_POINT('',(6.28318530718,-0.));
#14564 = VECTOR('',#14565,1.);
#14565 = DIRECTION('',(0.,1.));
#14566 = ( GEOMETRIC_REPRESENTATION_CONTEXT(2) 
PARAMETRIC_REPRESENTATION_CONTEXT() REPRESENTATION_CONTEXT('2D SPACE',''
  ) );
#14567 = PCURVE('',#13724,#14568);
#14568 = DEFINITIONAL_REPRESENTATION('',(#14569),#14573);
#14569 = LINE('',#14570,#14571);
#14570 = CARTESIAN_POINT('',(0.,-0.));
#14571 = VECTOR('',#14572,1.);
#14572 = DIRECTION('',(0.,1.));
#14573 = ( GEOMETRIC_REPRESENTATION_CONTEXT(2) 
PARAMETRIC_REPRESENTATION_CONTEXT() REPRESENTATION_CONTEXT('2D SPACE',''
  ) );
#14574 = ORIENTED_EDGE('',*,*,#14575,.T.);
#14575 = EDGE_CURVE('',#14553,#14553,#14576,.T.);
#14576 = SURFACE_CURVE('',#14577,(#14582,#14589),.PCURVE_S1.);
#14577 = CIRCLE('',#14578,2.75);
#14578 = AXIS2_PLACEMENT_3D('',#14579,#14580,#14581);
#14579 = CARTESIAN_POINT('',(36.94,53.54,33.));
#14580 = DIRECTION('',(0.,0.,1.));
#14581 = DIRECTION('',(1.,0.,-0.));
#14582 = PCURVE('',#13724,#14583);
#14583 = DEFINITIONAL_REPRESENTATION('',(#14584),#14588);
#14584 = LINE('',#14585,#14586);
#14585 = CARTESIAN_POINT('',(0.,0.));
#14586 = VECTOR('',#14587,1.);
#14587 = DIRECTION('',(1.,0.));
#14588 = ( GEOMETRIC_REPRESENTATION_CONTEXT(2) 
PARAMETRIC_REPRESENTATION_CONTEXT() REPRESENTATION_CONTEXT('2D SPACE',''
  ) );
#14589 = PCURVE('',#14590,#14595);
#14590 = PLANE('',#14591);
#14591 = AXIS2_PLACEMENT_3D('',#14592,#14593,#14594);
#14592 = CARTESIAN_POINT('',(36.94,53.54,33.));
#14593 = DIRECTION('',(0.,0.,1.));
#14594 = DIRECTION('',(1.,0.,-0.));
#14595 = DEFINITIONAL_REPRESENTATION('',(#14596),#14600);
#14596 = CIRCLE('',#14597,2.75);
#14597 = AXIS2_PLACEMENT_2D('',#14598,#14599);
#14598 = CARTESIAN_POINT('',(0.,0.));
#14599 = DIRECTION('',(1.,0.));
#14600 = ( GEOMETRIC_REPRESENTATION_CONTEXT(2) 
PARAMETRIC_REPRESENTATION_CONTEXT() REPRESENTATION_CONTEXT('2D SPACE',''
  ) );
#14601 = ORIENTED_EDGE('',*,*,#14552,.T.);
#14602 = ADVANCED_FACE('',(#14603),#13755,.T.);
#14603 = FACE_BOUND('',#14604,.T.);
#14604 = EDGE_LOOP('',(#14605,#14606,#14629,#14656));
#14605 = ORIENTED_EDGE('',*,*,#13738,.F.);
#14606 = ORIENTED_EDGE('',*,*,#14607,.F.);
#14607 = EDGE_CURVE('',#14608,#13739,#14610,.T.);
#14608 = VERTEX_POINT('',#14609);
#14609 = CARTESIAN_POINT('',(13.02,73.86,33.));
#14610 = SEAM_CURVE('',#14611,(#14615,#14622),.PCURVE_S1.);
#14611 = LINE('',#14612,#14613);
#14612 = CARTESIAN_POINT('',(13.02,73.86,33.));
#14613 = VECTOR('',#14614,1.);
#14614 = DIRECTION('',(0.,0.,1.));
#14615 = PCURVE('',#13755,#14616);
#14616 = DEFINITIONAL_REPRESENTATION('',(#14617),#14621);
#14617 = LINE('',#14618,#14619);
#14618 = CARTESIAN_POINT('',(6.28318530718,-0.));
#14619 = VECTOR('',#14620,1.);
#14620 = DIRECTION('',(0.,1.));
#14621 = ( GEOMETRIC_REPRESENTATION_CONTEXT(2) 
PARAMETRIC_REPRESENTATION_CONTEXT() REPRESENTATION_CONTEXT('2D SPACE',''
  ) );
#14622 = PCURVE('',#13755,#14623);
#14623 = DEFINITIONAL_REPRESENTATION('',(#14624),#14628);
#14624 = LINE('',#14625,#14626);
#14625 = CARTESIAN_POINT('',(0.,-0.));
#14626 = VECTOR('',#14627,1.);
#14627 = DIRECTION('',(0.,1.));
#14628 = ( GEOMETRIC_REPRESENTATION_CONTEXT(2) 
PARAMETRIC_REPRESENTATION_CONTEXT() REPRESENTATION_CONTEXT('2D SPACE',''
  ) );
#14629 = ORIENTED_EDGE('',*,*,#14630,.T.);
#14630 = EDGE_CURVE('',#14608,#14608,#14631,.T.);
#14631 = SURFACE_CURVE('',#14632,(#14637,#14644),.PCURVE_S1.);
#14632 = CIRCLE('',#14633,2.75);
#14633 = AXIS2_PLACEMENT_3D('',#14634,#14635,#14636);
#14634 = CARTESIAN_POINT('',(10.27,73.86,33.));
#14635 = DIRECTION('',(0.,0.,1.));
#14636 = DIRECTION('',(1.,0.,-0.));
#14637 = PCURVE('',#13755,#14638);
#14638 = DEFINITIONAL_REPRESENTATION('',(#14639),#14643);
#14639 = LINE('',#14640,#14641);
#14640 = CARTESIAN_POINT('',(0.,0.));
#14641 = VECTOR('',#14642,1.);
#14642 = DIRECTION('',(1.,0.));
#14643 = ( GEOMETRIC_REPRESENTATION_CONTEXT(2) 
PARAMETRIC_REPRESENTATION_CONTEXT() REPRESENTATION_CONTEXT('2D SPACE',''
  ) );
#14644 = PCURVE('',#14645,#14650);
#14645 = PLANE('',#14646);
#14646 = AXIS2_PLACEMENT_3D('',#14647,#14648,#14649);
#14647 = CARTESIAN_POINT('',(10.27,73.86,33.));
#14648 = DIRECTION('',(0.,0.,1.));
#14649 = DIRECTION('',(1.,0.,-0.));
#14650 = DEFINITIONAL_REPRESENTATION('',(#14651),#14655);
#14651 = CIRCLE('',#14652,2.75);
#14652 = AXIS2_PLACEMENT_2D('',#14653,#14654);
#14653 = CARTESIAN_POINT('',(0.,0.));
#14654 = DIRECTION('',(1.,0.));
#14655 = ( GEOMETRIC_REPRESENTATION_CONTEXT(2) 
PARAMETRIC_REPRESENTATION_CONTEXT() REPRESENTATION_CONTEXT('2D SPACE',''
  ) );
#14656 = ORIENTED_EDGE('',*,*,#14607,.T.);
#14657 = ADVANCED_FACE('',(#14658),#13786,.T.);
#14658 = FACE_BOUND('',#14659,.T.);
#14659 = EDGE_LOOP('',(#14660,#14661,#14684,#14711));
#14660 = ORIENTED_EDGE('',*,*,#13769,.F.);
#14661 = ORIENTED_EDGE('',*,*,#14662,.F.);
#14662 = EDGE_CURVE('',#14663,#13770,#14665,.T.);
#14663 = VERTEX_POINT('',#14664);
#14664 = CARTESIAN_POINT('',(39.69,73.86,33.));
#14665 = SEAM_CURVE('',#14666,(#14670,#14677),.PCURVE_S1.);
#14666 = LINE('',#14667,#14668);
#14667 = CARTESIAN_POINT('',(39.69,73.86,33.));
#14668 = VECTOR('',#14669,1.);
#14669 = DIRECTION('',(0.,0.,1.));
#14670 = PCURVE('',#13786,#14671);
#14671 = DEFINITIONAL_REPRESENTATION('',(#14672),#14676);
#14672 = LINE('',#14673,#14674);
#14673 = CARTESIAN_POINT('',(6.28318530718,-0.));
#14674 = VECTOR('',#14675,1.);
#14675 = DIRECTION('',(0.,1.));
#14676 = ( GEOMETRIC_REPRESENTATION_CONTEXT(2) 
PARAMETRIC_REPRESENTATION_CONTEXT() REPRESENTATION_CONTEXT('2D SPACE',''
  ) );
#14677 = PCURVE('',#13786,#14678);
#14678 = DEFINITIONAL_REPRESENTATION('',(#14679),#14683);
#14679 = LINE('',#14680,#14681);
#14680 = CARTESIAN_POINT('',(0.,-0.));
#14681 = VECTOR('',#14682,1.);
#14682 = DIRECTION('',(0.,1.));
#14683 = ( GEOMETRIC_REPRESENTATION_CONTEXT(2) 
PARAMETRIC_REPRESENTATION_CONTEXT() REPRESENTATION_CONTEXT('2D SPACE',''
  ) );
#14684 = ORIENTED_EDGE('',*,*,#14685,.T.);
#14685 = EDGE_CURVE('',#14663,#14663,#14686,.T.);
#14686 = SURFACE_CURVE('',#14687,(#14692,#14699),.PCURVE_S1.);
#14687 = CIRCLE('',#14688,2.75);
#14688 = AXIS2_PLACEMENT_3D('',#14689,#14690,#14691);
#14689 = CARTESIAN_POINT('',(36.94,73.86,33.));
#14690 = DIRECTION('',(0.,0.,1.));
#14691 = DIRECTION('',(1.,0.,-0.));
#14692 = PCURVE('',#13786,#14693);
#14693 = DEFINITIONAL_REPRESENTATION('',(#14694),#14698);
#14694 = LINE('',#14695,#14696);
#14695 = CARTESIAN_POINT('',(0.,0.));
#14696 = VECTOR('',#14697,1.);
#14697 = DIRECTION('',(1.,0.));
#14698 = ( GEOMETRIC_REPRESENTATION_CONTEXT(2) 
PARAMETRIC_REPRESENTATION_CONTEXT() REPRESENTATION_CONTEXT('2D SPACE',''
  ) );
#14699 = PCURVE('',#14700,#14705);
#14700 = PLANE('',#14701);
#14701 = AXIS2_PLACEMENT_3D('',#14702,#14703,#14704);
#14702 = CARTESIAN_POINT('',(36.94,73.86,33.));
#14703 = DIRECTION('',(0.,0.,1.));
#14704 = DIRECTION('',(1.,0.,-0.));
#14705 = DEFINITIONAL_REPRESENTATION('',(#14706),#14710);
#14706 = CIRCLE('',#14707,2.75);
#14707 = AXIS2_PLACEMENT_2D('',#14708,#14709);
#14708 = CARTESIAN_POINT('',(0.,0.));
#14709 = DIRECTION('',(1.,0.));
#14710 = ( GEOMETRIC_REPRESENTATION_CONTEXT(2) 
PARAMETRIC_REPRESENTATION_CONTEXT() REPRESENTATION_CONTEXT('2D SPACE',''
  ) );
#14711 = ORIENTED_EDGE('',*,*,#14662,.T.);
#14712 = ADVANCED_FACE('',(#14713),#13889,.F.);
#14713 = FACE_BOUND('',#14714,.F.);
#14714 = EDGE_LOOP('',(#14715,#14716,#14734,#14735));
#14715 = ORIENTED_EDGE('',*,*,#14116,.F.);
#14716 = ORIENTED_EDGE('',*,*,#14717,.T.);
#14717 = EDGE_CURVE('',#14063,#13851,#14718,.T.);
#14718 = SURFACE_CURVE('',#14719,(#14722,#14728),.PCURVE_S1.);
#14719 = B_SPLINE_CURVE_WITH_KNOTS('',1,(#14720,#14721),.UNSPECIFIED.,
  .F.,.F.,(2,2),(0.,1.),.PIECEWISE_BEZIER_KNOTS.);
#14720 = CARTESIAN_POINT('',(4.15,74.8,20.));
#14721 = CARTESIAN_POINT('',(2.4,74.8,21.75));
#14722 = PCURVE('',#13889,#14723);
#14723 = DEFINITIONAL_REPRESENTATION('',(#14724),#14727);
#14724 = B_SPLINE_CURVE_WITH_KNOTS('',1,(#14725,#14726),.UNSPECIFIED.,
  .F.,.F.,(2,2),(0.,1.),.PIECEWISE_BEZIER_KNOTS.);
#14725 = CARTESIAN_POINT('',(6.28318530718,0.));
#14726 = CARTESIAN_POINT('',(6.28318530718,1.75));
#14727 = ( GEOMETRIC_REPRESENTATION_CONTEXT(2) 
PARAMETRIC_REPRESENTATION_CONTEXT() REPRESENTATION_CONTEXT('2D SPACE',''
  ) );
#14728 = PCURVE('',#14078,#14729);
#14729 = DEFINITIONAL_REPRESENTATION('',(#14730),#14733);
#14730 = B_SPLINE_CURVE_WITH_KNOTS('',1,(#14731,#14732),.UNSPECIFIED.,
  .F.,.F.,(2,2),(0.,1.),.PIECEWISE_BEZIER_KNOTS.);
#14731 = CARTESIAN_POINT('',(-34.4,-2.474873734153));
#14732 = CARTESIAN_POINT('',(-34.4,1.59872115546E-13));
#14733 = ( GEOMETRIC_REPRESENTATION_CONTEXT(2) 
PARAMETRIC_REPRESENTATION_CONTEXT() REPRESENTATION_CONTEXT('2D SPACE',''
  ) );
#14734 = ORIENTED_EDGE('',*,*,#13875,.T.);
#14735 = ORIENTED_EDGE('',*,*,#13928,.F.);
#14736 = ADVANCED_FACE('',(#14737),#13961,.F.);
#14737 = FACE_BOUND('',#14738,.F.);
#14738 = EDGE_LOOP('',(#14739,#14740,#14741,#14742));
#14739 = ORIENTED_EDGE('',*,*,#14190,.F.);
#14740 = ORIENTED_EDGE('',*,*,#13948,.T.);
#14741 = ORIENTED_EDGE('',*,*,#14015,.T.);
#14742 = ORIENTED_EDGE('',*,*,#14743,.F.);
#14743 = EDGE_CURVE('',#14191,#13993,#14744,.T.);
#14744 = SURFACE_CURVE('',#14745,(#14748,#14755),.PCURVE_S1.);
#14745 = B_SPLINE_CURVE_WITH_KNOTS('',1,(#14746,#14747),.UNSPECIFIED.,
  .F.,.F.,(2,2),(0.,1.),.PIECEWISE_BEZIER_KNOTS.);
#14746 = CARTESIAN_POINT('',(43.059999997567,74.8,20.));
#14747 = CARTESIAN_POINT('',(44.809999998449,74.8,21.75));
#14748 = PCURVE('',#13961,#14749);
#14749 = DEFINITIONAL_REPRESENTATION('',(#14750),#14754);
#14750 = LINE('',#14751,#14752);
#14751 = CARTESIAN_POINT('',(3.14159265359,0.));
#14752 = VECTOR('',#14753,1.);
#14753 = DIRECTION('',(0.,1.));
#14754 = ( GEOMETRIC_REPRESENTATION_CONTEXT(2) 
PARAMETRIC_REPRESENTATION_CONTEXT() REPRESENTATION_CONTEXT('2D SPACE',''
  ) );
#14755 = PCURVE('',#14275,#14756);
#14756 = DEFINITIONAL_REPRESENTATION('',(#14757),#14760);
#14757 = B_SPLINE_CURVE_WITH_KNOTS('',1,(#14758,#14759),.UNSPECIFIED.,
  .F.,.F.,(2,2),(0.,1.),.PIECEWISE_BEZIER_KNOTS.);
#14758 = CARTESIAN_POINT('',(34.4,-2.474873735874));
#14759 = CARTESIAN_POINT('',(34.4,-1.096555735103E-09));
#14760 = ( GEOMETRIC_REPRESENTATION_CONTEXT(2) 
PARAMETRIC_REPRESENTATION_CONTEXT() REPRESENTATION_CONTEXT('2D SPACE',''
  ) );
#14761 = ADVANCED_FACE('',(#14762),#14078,.F.);
#14762 = FACE_BOUND('',#14763,.F.);
#14763 = EDGE_LOOP('',(#14764,#14765,#14766,#14767));
#14764 = ORIENTED_EDGE('',*,*,#14062,.F.);
#14765 = ORIENTED_EDGE('',*,*,#14423,.T.);
#14766 = ORIENTED_EDGE('',*,*,#14396,.T.);
#14767 = ORIENTED_EDGE('',*,*,#14717,.F.);
#14768 = ADVANCED_FACE('',(#14769),#14275,.F.);
#14769 = FACE_BOUND('',#14770,.F.);
#14770 = EDGE_LOOP('',(#14771,#14772,#14773,#14774));
#14771 = ORIENTED_EDGE('',*,*,#14261,.T.);
#14772 = ORIENTED_EDGE('',*,*,#14743,.T.);
#14773 = ORIENTED_EDGE('',*,*,#14472,.F.);
#14774 = ORIENTED_EDGE('',*,*,#14445,.F.);
#14775 = ADVANCED_FACE('',(#14776,#14779),#14535,.F.);
#14776 = FACE_BOUND('',#14777,.F.);
#14777 = EDGE_LOOP('',(#14778));
#14778 = ORIENTED_EDGE('',*,*,#14520,.T.);
#14779 = FACE_BOUND('',#14780,.F.);
#14780 = EDGE_LOOP('',(#14781));
#14781 = ORIENTED_EDGE('',*,*,#14782,.F.);
#14782 = EDGE_CURVE('',#14783,#14783,#14785,.T.);
#14783 = VERTEX_POINT('',#14784);
#14784 = CARTESIAN_POINT('',(11.32,53.54,33.));
#14785 = SURFACE_CURVE('',#14786,(#14791,#14798),.PCURVE_S1.);
#14786 = CIRCLE('',#14787,1.05);
#14787 = AXIS2_PLACEMENT_3D('',#14788,#14789,#14790);
#14788 = CARTESIAN_POINT('',(10.27,53.54,33.));
#14789 = DIRECTION('',(0.,0.,1.));
#14790 = DIRECTION('',(1.,0.,-0.));
#14791 = PCURVE('',#14535,#14792);
#14792 = DEFINITIONAL_REPRESENTATION('',(#14793),#14797);
#14793 = CIRCLE('',#14794,1.05);
#14794 = AXIS2_PLACEMENT_2D('',#14795,#14796);
#14795 = CARTESIAN_POINT('',(0.,0.));
#14796 = DIRECTION('',(1.,0.));
#14797 = ( GEOMETRIC_REPRESENTATION_CONTEXT(2) 
PARAMETRIC_REPRESENTATION_CONTEXT() REPRESENTATION_CONTEXT('2D SPACE',''
  ) );
#14798 = PCURVE('',#14799,#14804);
#14799 = CYLINDRICAL_SURFACE('',#14800,1.05);
#14800 = AXIS2_PLACEMENT_3D('',#14801,#14802,#14803);
#14801 = CARTESIAN_POINT('',(10.27,53.54,32.));
#14802 = DIRECTION('',(0.,0.,1.));
#14803 = DIRECTION('',(1.,0.,-0.));
#14804 = DEFINITIONAL_REPRESENTATION('',(#14805),#14809);
#14805 = LINE('',#14806,#14807);
#14806 = CARTESIAN_POINT('',(0.,1.));
#14807 = VECTOR('',#14808,1.);
#14808 = DIRECTION('',(1.,0.));
#14809 = ( GEOMETRIC_REPRESENTATION_CONTEXT(2) 
PARAMETRIC_REPRESENTATION_CONTEXT() REPRESENTATION_CONTEXT('2D SPACE',''
  ) );
#14810 = ADVANCED_FACE('',(#14811,#14814),#14590,.F.);
#14811 = FACE_BOUND('',#14812,.F.);
#14812 = EDGE_LOOP('',(#14813));
#14813 = ORIENTED_EDGE('',*,*,#14575,.T.);
#14814 = FACE_BOUND('',#14815,.F.);
#14815 = EDGE_LOOP('',(#14816));
#14816 = ORIENTED_EDGE('',*,*,#14817,.F.);
#14817 = EDGE_CURVE('',#14818,#14818,#14820,.T.);
#14818 = VERTEX_POINT('',#14819);
#14819 = CARTESIAN_POINT('',(37.99,53.54,33.));
#14820 = SURFACE_CURVE('',#14821,(#14826,#14833),.PCURVE_S1.);
#14821 = CIRCLE('',#14822,1.05);
#14822 = AXIS2_PLACEMENT_3D('',#14823,#14824,#14825);
#14823 = CARTESIAN_POINT('',(36.94,53.54,33.));
#14824 = DIRECTION('',(0.,0.,1.));
#14825 = DIRECTION('',(1.,0.,-0.));
#14826 = PCURVE('',#14590,#14827);
#14827 = DEFINITIONAL_REPRESENTATION('',(#14828),#14832);
#14828 = CIRCLE('',#14829,1.05);
#14829 = AXIS2_PLACEMENT_2D('',#14830,#14831);
#14830 = CARTESIAN_POINT('',(0.,0.));
#14831 = DIRECTION('',(1.,0.));
#14832 = ( GEOMETRIC_REPRESENTATION_CONTEXT(2) 
PARAMETRIC_REPRESENTATION_CONTEXT() REPRESENTATION_CONTEXT('2D SPACE',''
  ) );
#14833 = PCURVE('',#14834,#14839);
#14834 = CYLINDRICAL_SURFACE('',#14835,1.05);
#14835 = AXIS2_PLACEMENT_3D('',#14836,#14837,#14838);
#14836 = CARTESIAN_POINT('',(36.94,53.54,32.));
#14837 = DIRECTION('',(0.,0.,1.));
#14838 = DIRECTION('',(1.,0.,-0.));
#14839 = DEFINITIONAL_REPRESENTATION('',(#14840),#14844);
#14840 = LINE('',#14841,#14842);
#14841 = CARTESIAN_POINT('',(0.,1.));
#14842 = VECTOR('',#14843,1.);
#14843 = DIRECTION('',(1.,0.));
#14844 = ( GEOMETRIC_REPRESENTATION_CONTEXT(2) 
PARAMETRIC_REPRESENTATION_CONTEXT() REPRESENTATION_CONTEXT('2D SPACE',''
  ) );
#14845 = ADVANCED_FACE('',(#14846,#14849),#14645,.F.);
#14846 = FACE_BOUND('',#14847,.F.);
#14847 = EDGE_LOOP('',(#14848));
#14848 = ORIENTED_EDGE('',*,*,#14630,.T.);
#14849 = FACE_BOUND('',#14850,.F.);
#14850 = EDGE_LOOP('',(#14851));
#14851 = ORIENTED_EDGE('',*,*,#14852,.F.);
#14852 = EDGE_CURVE('',#14853,#14853,#14855,.T.);
#14853 = VERTEX_POINT('',#14854);
#14854 = CARTESIAN_POINT('',(11.32,73.86,33.));
#14855 = SURFACE_CURVE('',#14856,(#14861,#14868),.PCURVE_S1.);
#14856 = CIRCLE('',#14857,1.05);
#14857 = AXIS2_PLACEMENT_3D('',#14858,#14859,#14860);
#14858 = CARTESIAN_POINT('',(10.27,73.86,33.));
#14859 = DIRECTION('',(0.,0.,1.));
#14860 = DIRECTION('',(1.,0.,-0.));
#14861 = PCURVE('',#14645,#14862);
#14862 = DEFINITIONAL_REPRESENTATION('',(#14863),#14867);
#14863 = CIRCLE('',#14864,1.05);
#14864 = AXIS2_PLACEMENT_2D('',#14865,#14866);
#14865 = CARTESIAN_POINT('',(0.,0.));
#14866 = DIRECTION('',(1.,0.));
#14867 = ( GEOMETRIC_REPRESENTATION_CONTEXT(2) 
PARAMETRIC_REPRESENTATION_CONTEXT() REPRESENTATION_CONTEXT('2D SPACE',''
  ) );
#14868 = PCURVE('',#14869,#14874);
#14869 = CYLINDRICAL_SURFACE('',#14870,1.05);
#14870 = AXIS2_PLACEMENT_3D('',#14871,#14872,#14873);
#14871 = CARTESIAN_POINT('',(10.27,73.86,32.));
#14872 = DIRECTION('',(0.,0.,1.));
#14873 = DIRECTION('',(1.,0.,-0.));
#14874 = DEFINITIONAL_REPRESENTATION('',(#14875),#14879);
#14875 = LINE('',#14876,#14877);
#14876 = CARTESIAN_POINT('',(0.,1.));
#14877 = VECTOR('',#14878,1.);
#14878 = DIRECTION('',(1.,0.));
#14879 = ( GEOMETRIC_REPRESENTATION_CONTEXT(2) 
PARAMETRIC_REPRESENTATION_CONTEXT() REPRESENTATION_CONTEXT('2D SPACE',''
  ) );
#14880 = ADVANCED_FACE('',(#14881,#14884),#14700,.F.);
#14881 = FACE_BOUND('',#14882,.F.);
#14882 = EDGE_LOOP('',(#14883));
#14883 = ORIENTED_EDGE('',*,*,#14685,.T.);
#14884 = FACE_BOUND('',#14885,.F.);
#14885 = EDGE_LOOP('',(#14886));
#14886 = ORIENTED_EDGE('',*,*,#14887,.F.);
#14887 = EDGE_CURVE('',#14888,#14888,#14890,.T.);
#14888 = VERTEX_POINT('',#14889);
#14889 = CARTESIAN_POINT('',(37.99,73.86,33.));
#14890 = SURFACE_CURVE('',#14891,(#14896,#14903),.PCURVE_S1.);
#14891 = CIRCLE('',#14892,1.05);
#14892 = AXIS2_PLACEMENT_3D('',#14893,#14894,#14895);
#14893 = CARTESIAN_POINT('',(36.94,73.86,33.));
#14894 = DIRECTION('',(0.,0.,1.));
#14895 = DIRECTION('',(1.,0.,-0.));
#14896 = PCURVE('',#14700,#14897);
#14897 = DEFINITIONAL_REPRESENTATION('',(#14898),#14902);
#14898 = CIRCLE('',#14899,1.05);
#14899 = AXIS2_PLACEMENT_2D('',#14900,#14901);
#14900 = CARTESIAN_POINT('',(0.,0.));
#14901 = DIRECTION('',(1.,0.));
#14902 = ( GEOMETRIC_REPRESENTATION_CONTEXT(2) 
PARAMETRIC_REPRESENTATION_CONTEXT() REPRESENTATION_CONTEXT('2D SPACE',''
  ) );
#14903 = PCURVE('',#14904,#14909);
#14904 = CYLINDRICAL_SURFACE('',#14905,1.05);
#14905 = AXIS2_PLACEMENT_3D('',#14906,#14907,#14908);
#14906 = CARTESIAN_POINT('',(36.94,73.86,32.));
#14907 = DIRECTION('',(0.,0.,1.));
#14908 = DIRECTION('',(1.,0.,-0.));
#14909 = DEFINITIONAL_REPRESENTATION('',(#14910),#14914);
#14910 = LINE('',#14911,#14912);
#14911 = CARTESIAN_POINT('',(0.,1.));
#14912 = VECTOR('',#14913,1.);
#14913 = DIRECTION('',(1.,0.));
#14914 = ( GEOMETRIC_REPRESENTATION_CONTEXT(2) 
PARAMETRIC_REPRESENTATION_CONTEXT() REPRESENTATION_CONTEXT('2D SPACE',''
  ) );
#14915 = ADVANCED_FACE('',(#14916),#14799,.F.);
#14916 = FACE_BOUND('',#14917,.F.);
#14917 = EDGE_LOOP('',(#14918,#14941,#14968,#14969));
#14918 = ORIENTED_EDGE('',*,*,#14919,.T.);
#14919 = EDGE_CURVE('',#14783,#14920,#14922,.T.);
#14920 = VERTEX_POINT('',#14921);
#14921 = CARTESIAN_POINT('',(11.32,53.54,37.6));
#14922 = SEAM_CURVE('',#14923,(#14927,#14934),.PCURVE_S1.);
#14923 = LINE('',#14924,#14925);
#14924 = CARTESIAN_POINT('',(11.32,53.54,32.));
#14925 = VECTOR('',#14926,1.);
#14926 = DIRECTION('',(0.,0.,1.));
#14927 = PCURVE('',#14799,#14928);
#14928 = DEFINITIONAL_REPRESENTATION('',(#14929),#14933);
#14929 = LINE('',#14930,#14931);
#14930 = CARTESIAN_POINT('',(6.28318530718,-0.));
#14931 = VECTOR('',#14932,1.);
#14932 = DIRECTION('',(0.,1.));
#14933 = ( GEOMETRIC_REPRESENTATION_CONTEXT(2) 
PARAMETRIC_REPRESENTATION_CONTEXT() REPRESENTATION_CONTEXT('2D SPACE',''
  ) );
#14934 = PCURVE('',#14799,#14935);
#14935 = DEFINITIONAL_REPRESENTATION('',(#14936),#14940);
#14936 = LINE('',#14937,#14938);
#14937 = CARTESIAN_POINT('',(0.,-0.));
#14938 = VECTOR('',#14939,1.);
#14939 = DIRECTION('',(0.,1.));
#14940 = ( GEOMETRIC_REPRESENTATION_CONTEXT(2) 
PARAMETRIC_REPRESENTATION_CONTEXT() REPRESENTATION_CONTEXT('2D SPACE',''
  ) );
#14941 = ORIENTED_EDGE('',*,*,#14942,.F.);
#14942 = EDGE_CURVE('',#14920,#14920,#14943,.T.);
#14943 = SURFACE_CURVE('',#14944,(#14949,#14956),.PCURVE_S1.);
#14944 = CIRCLE('',#14945,1.05);
#14945 = AXIS2_PLACEMENT_3D('',#14946,#14947,#14948);
#14946 = CARTESIAN_POINT('',(10.27,53.54,37.6));
#14947 = DIRECTION('',(0.,0.,1.));
#14948 = DIRECTION('',(1.,0.,-0.));
#14949 = PCURVE('',#14799,#14950);
#14950 = DEFINITIONAL_REPRESENTATION('',(#14951),#14955);
#14951 = LINE('',#14952,#14953);
#14952 = CARTESIAN_POINT('',(0.,5.6));
#14953 = VECTOR('',#14954,1.);
#14954 = DIRECTION('',(1.,0.));
#14955 = ( GEOMETRIC_REPRESENTATION_CONTEXT(2) 
PARAMETRIC_REPRESENTATION_CONTEXT() REPRESENTATION_CONTEXT('2D SPACE',''
  ) );
#14956 = PCURVE('',#14957,#14962);
#14957 = PLANE('',#14958);
#14958 = AXIS2_PLACEMENT_3D('',#14959,#14960,#14961);
#14959 = CARTESIAN_POINT('',(10.27,53.54,37.6));
#14960 = DIRECTION('',(0.,0.,1.));
#14961 = DIRECTION('',(1.,0.,-0.));
#14962 = DEFINITIONAL_REPRESENTATION('',(#14963),#14967);
#14963 = CIRCLE('',#14964,1.05);
#14964 = AXIS2_PLACEMENT_2D('',#14965,#14966);
#14965 = CARTESIAN_POINT('',(0.,0.));
#14966 = DIRECTION('',(1.,0.));
#14967 = ( GEOMETRIC_REPRESENTATION_CONTEXT(2) 
PARAMETRIC_REPRESENTATION_CONTEXT() REPRESENTATION_CONTEXT('2D SPACE',''
  ) );
#14968 = ORIENTED_EDGE('',*,*,#14919,.F.);
#14969 = ORIENTED_EDGE('',*,*,#14782,.T.);
#14970 = ADVANCED_FACE('',(#14971),#14834,.F.);
#14971 = FACE_BOUND('',#14972,.F.);
#14972 = EDGE_LOOP('',(#14973,#14996,#15023,#15024));
#14973 = ORIENTED_EDGE('',*,*,#14974,.T.);
#14974 = EDGE_CURVE('',#14818,#14975,#14977,.T.);
#14975 = VERTEX_POINT('',#14976);
#14976 = CARTESIAN_POINT('',(37.99,53.54,37.6));
#14977 = SEAM_CURVE('',#14978,(#14982,#14989),.PCURVE_S1.);
#14978 = LINE('',#14979,#14980);
#14979 = CARTESIAN_POINT('',(37.99,53.54,32.));
#14980 = VECTOR('',#14981,1.);
#14981 = DIRECTION('',(0.,0.,1.));
#14982 = PCURVE('',#14834,#14983);
#14983 = DEFINITIONAL_REPRESENTATION('',(#14984),#14988);
#14984 = LINE('',#14985,#14986);
#14985 = CARTESIAN_POINT('',(6.28318530718,-0.));
#14986 = VECTOR('',#14987,1.);
#14987 = DIRECTION('',(0.,1.));
#14988 = ( GEOMETRIC_REPRESENTATION_CONTEXT(2) 
PARAMETRIC_REPRESENTATION_CONTEXT() REPRESENTATION_CONTEXT('2D SPACE',''
  ) );
#14989 = PCURVE('',#14834,#14990);
#14990 = DEFINITIONAL_REPRESENTATION('',(#14991),#14995);
#14991 = LINE('',#14992,#14993);
#14992 = CARTESIAN_POINT('',(0.,-0.));
#14993 = VECTOR('',#14994,1.);
#14994 = DIRECTION('',(0.,1.));
#14995 = ( GEOMETRIC_REPRESENTATION_CONTEXT(2) 
PARAMETRIC_REPRESENTATION_CONTEXT() REPRESENTATION_CONTEXT('2D SPACE',''
  ) );
#14996 = ORIENTED_EDGE('',*,*,#14997,.F.);
#14997 = EDGE_CURVE('',#14975,#14975,#14998,.T.);
#14998 = SURFACE_CURVE('',#14999,(#15004,#15011),.PCURVE_S1.);
#14999 = CIRCLE('',#15000,1.05);
#15000 = AXIS2_PLACEMENT_3D('',#15001,#15002,#15003);
#15001 = CARTESIAN_POINT('',(36.94,53.54,37.6));
#15002 = DIRECTION('',(0.,0.,1.));
#15003 = DIRECTION('',(1.,0.,-0.));
#15004 = PCURVE('',#14834,#15005);
#15005 = DEFINITIONAL_REPRESENTATION('',(#15006),#15010);
#15006 = LINE('',#15007,#15008);
#15007 = CARTESIAN_POINT('',(0.,5.6));
#15008 = VECTOR('',#15009,1.);
#15009 = DIRECTION('',(1.,0.));
#15010 = ( GEOMETRIC_REPRESENTATION_CONTEXT(2) 
PARAMETRIC_REPRESENTATION_CONTEXT() REPRESENTATION_CONTEXT('2D SPACE',''
  ) );
#15011 = PCURVE('',#15012,#15017);
#15012 = PLANE('',#15013);
#15013 = AXIS2_PLACEMENT_3D('',#15014,#15015,#15016);
#15014 = CARTESIAN_POINT('',(36.94,53.54,37.6));
#15015 = DIRECTION('',(0.,0.,1.));
#15016 = DIRECTION('',(1.,0.,-0.));
#15017 = DEFINITIONAL_REPRESENTATION('',(#15018),#15022);
#15018 = CIRCLE('',#15019,1.05);
#15019 = AXIS2_PLACEMENT_2D('',#15020,#15021);
#15020 = CARTESIAN_POINT('',(0.,0.));
#15021 = DIRECTION('',(1.,0.));
#15022 = ( GEOMETRIC_REPRESENTATION_CONTEXT(2) 
PARAMETRIC_REPRESENTATION_CONTEXT() REPRESENTATION_CONTEXT('2D SPACE',''
  ) );
#15023 = ORIENTED_EDGE('',*,*,#14974,.F.);
#15024 = ORIENTED_EDGE('',*,*,#14817,.T.);
#15025 = ADVANCED_FACE('',(#15026),#14869,.F.);
#15026 = FACE_BOUND('',#15027,.F.);
#15027 = EDGE_LOOP('',(#15028,#15051,#15078,#15079));
#15028 = ORIENTED_EDGE('',*,*,#15029,.T.);
#15029 = EDGE_CURVE('',#14853,#15030,#15032,.T.);
#15030 = VERTEX_POINT('',#15031);
#15031 = CARTESIAN_POINT('',(11.32,73.86,37.6));
#15032 = SEAM_CURVE('',#15033,(#15037,#15044),.PCURVE_S1.);
#15033 = LINE('',#15034,#15035);
#15034 = CARTESIAN_POINT('',(11.32,73.86,32.));
#15035 = VECTOR('',#15036,1.);
#15036 = DIRECTION('',(0.,0.,1.));
#15037 = PCURVE('',#14869,#15038);
#15038 = DEFINITIONAL_REPRESENTATION('',(#15039),#15043);
#15039 = LINE('',#15040,#15041);
#15040 = CARTESIAN_POINT('',(6.28318530718,-0.));
#15041 = VECTOR('',#15042,1.);
#15042 = DIRECTION('',(0.,1.));
#15043 = ( GEOMETRIC_REPRESENTATION_CONTEXT(2) 
PARAMETRIC_REPRESENTATION_CONTEXT() REPRESENTATION_CONTEXT('2D SPACE',''
  ) );
#15044 = PCURVE('',#14869,#15045);
#15045 = DEFINITIONAL_REPRESENTATION('',(#15046),#15050);
#15046 = LINE('',#15047,#15048);
#15047 = CARTESIAN_POINT('',(0.,-0.));
#15048 = VECTOR('',#15049,1.);
#15049 = DIRECTION('',(0.,1.));
#15050 = ( GEOMETRIC_REPRESENTATION_CONTEXT(2) 
PARAMETRIC_REPRESENTATION_CONTEXT() REPRESENTATION_CONTEXT('2D SPACE',''
  ) );
#15051 = ORIENTED_EDGE('',*,*,#15052,.F.);
#15052 = EDGE_CURVE('',#15030,#15030,#15053,.T.);
#15053 = SURFACE_CURVE('',#15054,(#15059,#15066),.PCURVE_S1.);
#15054 = CIRCLE('',#15055,1.05);
#15055 = AXIS2_PLACEMENT_3D('',#15056,#15057,#15058);
#15056 = CARTESIAN_POINT('',(10.27,73.86,37.6));
#15057 = DIRECTION('',(0.,0.,1.));
#15058 = DIRECTION('',(1.,0.,-0.));
#15059 = PCURVE('',#14869,#15060);
#15060 = DEFINITIONAL_REPRESENTATION('',(#15061),#15065);
#15061 = LINE('',#15062,#15063);
#15062 = CARTESIAN_POINT('',(0.,5.6));
#15063 = VECTOR('',#15064,1.);
#15064 = DIRECTION('',(1.,0.));
#15065 = ( GEOMETRIC_REPRESENTATION_CONTEXT(2) 
PARAMETRIC_REPRESENTATION_CONTEXT() REPRESENTATION_CONTEXT('2D SPACE',''
  ) );
#15066 = PCURVE('',#15067,#15072);
#15067 = PLANE('',#15068);
#15068 = AXIS2_PLACEMENT_3D('',#15069,#15070,#15071);
#15069 = CARTESIAN_POINT('',(10.27,73.86,37.6));
#15070 = DIRECTION('',(0.,0.,1.));
#15071 = DIRECTION('',(1.,0.,-0.));
#15072 = DEFINITIONAL_REPRESENTATION('',(#15073),#15077);
#15073 = CIRCLE('',#15074,1.05);
#15074 = AXIS2_PLACEMENT_2D('',#15075,#15076);
#15075 = CARTESIAN_POINT('',(0.,0.));
#15076 = DIRECTION('',(1.,0.));
#15077 = ( GEOMETRIC_REPRESENTATION_CONTEXT(2) 
PARAMETRIC_REPRESENTATION_CONTEXT() REPRESENTATION_CONTEXT('2D SPACE',''
  ) );
#15078 = ORIENTED_EDGE('',*,*,#15029,.F.);
#15079 = ORIENTED_EDGE('',*,*,#14852,.T.);
#15080 = ADVANCED_FACE('',(#15081),#14904,.F.);
#15081 = FACE_BOUND('',#15082,.F.);
#15082 = EDGE_LOOP('',(#15083,#15106,#15133,#15134));
#15083 = ORIENTED_EDGE('',*,*,#15084,.T.);
#15084 = EDGE_CURVE('',#14888,#15085,#15087,.T.);
#15085 = VERTEX_POINT('',#15086);
#15086 = CARTESIAN_POINT('',(37.99,73.86,37.6));
#15087 = SEAM_CURVE('',#15088,(#15092,#15099),.PCURVE_S1.);
#15088 = LINE('',#15089,#15090);
#15089 = CARTESIAN_POINT('',(37.99,73.86,32.));
#15090 = VECTOR('',#15091,1.);
#15091 = DIRECTION('',(0.,0.,1.));
#15092 = PCURVE('',#14904,#15093);
#15093 = DEFINITIONAL_REPRESENTATION('',(#15094),#15098);
#15094 = LINE('',#15095,#15096);
#15095 = CARTESIAN_POINT('',(6.28318530718,-0.));
#15096 = VECTOR('',#15097,1.);
#15097 = DIRECTION('',(0.,1.));
#15098 = ( GEOMETRIC_REPRESENTATION_CONTEXT(2) 
PARAMETRIC_REPRESENTATION_CONTEXT() REPRESENTATION_CONTEXT('2D SPACE',''
  ) );
#15099 = PCURVE('',#14904,#15100);
#15100 = DEFINITIONAL_REPRESENTATION('',(#15101),#15105);
#15101 = LINE('',#15102,#15103);
#15102 = CARTESIAN_POINT('',(0.,-0.));
#15103 = VECTOR('',#15104,1.);
#15104 = DIRECTION('',(0.,1.));
#15105 = ( GEOMETRIC_REPRESENTATION_CONTEXT(2) 
PARAMETRIC_REPRESENTATION_CONTEXT() REPRESENTATION_CONTEXT('2D SPACE',''
  ) );
#15106 = ORIENTED_EDGE('',*,*,#15107,.F.);
#15107 = EDGE_CURVE('',#15085,#15085,#15108,.T.);
#15108 = SURFACE_CURVE('',#15109,(#15114,#15121),.PCURVE_S1.);
#15109 = CIRCLE('',#15110,1.05);
#15110 = AXIS2_PLACEMENT_3D('',#15111,#15112,#15113);
#15111 = CARTESIAN_POINT('',(36.94,73.86,37.6));
#15112 = DIRECTION('',(0.,0.,1.));
#15113 = DIRECTION('',(1.,0.,-0.));
#15114 = PCURVE('',#14904,#15115);
#15115 = DEFINITIONAL_REPRESENTATION('',(#15116),#15120);
#15116 = LINE('',#15117,#15118);
#15117 = CARTESIAN_POINT('',(0.,5.6));
#15118 = VECTOR('',#15119,1.);
#15119 = DIRECTION('',(1.,0.));
#15120 = ( GEOMETRIC_REPRESENTATION_CONTEXT(2) 
PARAMETRIC_REPRESENTATION_CONTEXT() REPRESENTATION_CONTEXT('2D SPACE',''
  ) );
#15121 = PCURVE('',#15122,#15127);
#15122 = PLANE('',#15123);
#15123 = AXIS2_PLACEMENT_3D('',#15124,#15125,#15126);
#15124 = CARTESIAN_POINT('',(36.94,73.86,37.6));
#15125 = DIRECTION('',(0.,0.,1.));
#15126 = DIRECTION('',(1.,0.,-0.));
#15127 = DEFINITIONAL_REPRESENTATION('',(#15128),#15132);
#15128 = CIRCLE('',#15129,1.05);
#15129 = AXIS2_PLACEMENT_2D('',#15130,#15131);
#15130 = CARTESIAN_POINT('',(0.,0.));
#15131 = DIRECTION('',(1.,0.));
#15132 = ( GEOMETRIC_REPRESENTATION_CONTEXT(2) 
PARAMETRIC_REPRESENTATION_CONTEXT() REPRESENTATION_CONTEXT('2D SPACE',''
  ) );
#15133 = ORIENTED_EDGE('',*,*,#15084,.F.);
#15134 = ORIENTED_EDGE('',*,*,#14887,.T.);
#15135 = ADVANCED_FACE('',(#15136),#14957,.F.);
#15136 = FACE_BOUND('',#15137,.F.);
#15137 = EDGE_LOOP('',(#15138));
#15138 = ORIENTED_EDGE('',*,*,#14942,.T.);
#15139 = ADVANCED_FACE('',(#15140),#15012,.F.);
#15140 = FACE_BOUND('',#15141,.F.);
#15141 = EDGE_LOOP('',(#15142));
#15142 = ORIENTED_EDGE('',*,*,#14997,.T.);
#15143 = ADVANCED_FACE('',(#15144),#15067,.F.);
#15144 = FACE_BOUND('',#15145,.F.);
#15145 = EDGE_LOOP('',(#15146));
#15146 = ORIENTED_EDGE('',*,*,#15052,.T.);
#15147 = ADVANCED_FACE('',(#15148),#15122,.F.);
#15148 = FACE_BOUND('',#15149,.F.);
#15149 = EDGE_LOOP('',(#15150));
#15150 = ORIENTED_EDGE('',*,*,#15107,.T.);
#15151 = ( GEOMETRIC_REPRESENTATION_CONTEXT(3) 
GLOBAL_UNCERTAINTY_ASSIGNED_CONTEXT((#15155)) 
GLOBAL_UNIT_ASSIGNED_CONTEXT((#15152,#15153,#15154)) 
REPRESENTATION_CONTEXT('Context #1',
  '3D Context with UNIT and UNCERTAINTY') );
#15152 = ( LENGTH_UNIT() NAMED_UNIT(*) SI_UNIT(.MILLI.,.METRE.) );
#15153 = ( NAMED_UNIT(*) PLANE_ANGLE_UNIT() SI_UNIT($,.RADIAN.) );
#15154 = ( NAMED_UNIT(*) SI_UNIT($,.STERADIAN.) SOLID_ANGLE_UNIT() );
#15155 = UNCERTAINTY_MEASURE_WITH_UNIT(LENGTH_MEASURE(1.E-07),#15152,
  'distance_accuracy_value','confusion accuracy');
#15156 = CONTEXT_DEPENDENT_SHAPE_REPRESENTATION(#15157,#15159);
#15157 = ( REPRESENTATION_RELATIONSHIP('','',#7445,#10) 
REPRESENTATION_RELATIONSHIP_WITH_TRANSFORMATION(#15158) 
SHAPE_REPRESENTATION_RELATIONSHIP() );
#15158 = ITEM_DEFINED_TRANSFORMATION('','',#11,#23);
#15159 = PRODUCT_DEFINITION_SHAPE('Placement','Placement of an item',
  #15160);
#15160 = NEXT_ASSEMBLY_USAGE_OCCURRENCE('4','back_cup','',#5,#7440,$);
#15161 = PRODUCT_RELATED_PRODUCT_CATEGORY('part',$,(#7442));
#15162 = SHAPE_DEFINITION_REPRESENTATION(#15163,#15169);
#15163 = PRODUCT_DEFINITION_SHAPE('','',#15164);
#15164 = PRODUCT_DEFINITION('design','',#15165,#15168);
#15165 = PRODUCT_DEFINITION_FORMATION('','',#15166);
#15166 = PRODUCT('usb_cap','usb_cap','',(#15167));
#15167 = PRODUCT_CONTEXT('',#2,'mechanical');
#15168 = PRODUCT_DEFINITION_CONTEXT('part definition',#2,'design');
#15169 = ADVANCED_BREP_SHAPE_REPRESENTATION('',(#11,#15170),#18094);
#15170 = MANIFOLD_SOLID_BREP('',#15171);
#15171 = CLOSED_SHELL('',(#15172,#15291,#15387,#15483,#15557,#16147,
    #16201,#16249,#16303,#16351,#16515,#16564,#16613,#16639,#16729,
    #16783,#16837,#16886,#16935,#16984,#17052,#17105,#17173,#17227,
    #17281,#17330,#17379,#17428,#17496,#17527,#17552,#17577,#17603,
    #17629,#17636,#17710,#17779,#17786,#17835,#17883,#17931,#18000,
    #18007,#18056,#18083));
#15172 = ADVANCED_FACE('',(#15173),#15187,.T.);
#15173 = FACE_BOUND('',#15174,.T.);
#15174 = EDGE_LOOP('',(#15175,#15210,#15238,#15266));
#15175 = ORIENTED_EDGE('',*,*,#15176,.T.);
#15176 = EDGE_CURVE('',#15177,#15179,#15181,.T.);
#15177 = VERTEX_POINT('',#15178);
#15178 = CARTESIAN_POINT('',(-9.,-2.750000046086,-1.1));
#15179 = VERTEX_POINT('',#15180);
#15180 = CARTESIAN_POINT('',(-9.,-2.750000046086,0.));
#15181 = SURFACE_CURVE('',#15182,(#15186,#15198),.PCURVE_S1.);
#15182 = LINE('',#15183,#15184);
#15183 = CARTESIAN_POINT('',(-9.,-2.750000046086,-1.1));
#15184 = VECTOR('',#15185,1.);
#15185 = DIRECTION('',(0.,0.,1.));
#15186 = PCURVE('',#15187,#15192);
#15187 = PLANE('',#15188);
#15188 = AXIS2_PLACEMENT_3D('',#15189,#15190,#15191);
#15189 = CARTESIAN_POINT('',(-9.,-2.750000046086,-1.1));
#15190 = DIRECTION('',(-1.,0.,0.));
#15191 = DIRECTION('',(0.,1.,0.));
#15192 = DEFINITIONAL_REPRESENTATION('',(#15193),#15197);
#15193 = LINE('',#15194,#15195);
#15194 = CARTESIAN_POINT('',(4.440892098501E-16,0.));
#15195 = VECTOR('',#15196,1.);
#15196 = DIRECTION('',(0.,-1.));
#15197 = ( GEOMETRIC_REPRESENTATION_CONTEXT(2) 
PARAMETRIC_REPRESENTATION_CONTEXT() REPRESENTATION_CONTEXT('2D SPACE',''
  ) );
#15198 = PCURVE('',#15199,#15204);
#15199 = CYLINDRICAL_SURFACE('',#15200,3.5);
#15200 = AXIS2_PLACEMENT_3D('',#15201,#15202,#15203);
#15201 = CARTESIAN_POINT('',(-5.5,-2.750000046086,-1.1));
#15202 = DIRECTION('',(-0.,-0.,-1.));
#15203 = DIRECTION('',(1.,0.,0.));
#15204 = DEFINITIONAL_REPRESENTATION('',(#15205),#15209);
#15205 = LINE('',#15206,#15207);
#15206 = CARTESIAN_POINT('',(-3.14159265359,0.));
#15207 = VECTOR('',#15208,1.);
#15208 = DIRECTION('',(-0.,-1.));
#15209 = ( GEOMETRIC_REPRESENTATION_CONTEXT(2) 
PARAMETRIC_REPRESENTATION_CONTEXT() REPRESENTATION_CONTEXT('2D SPACE',''
  ) );
#15210 = ORIENTED_EDGE('',*,*,#15211,.T.);
#15211 = EDGE_CURVE('',#15179,#15212,#15214,.T.);
#15212 = VERTEX_POINT('',#15213);
#15213 = CARTESIAN_POINT('',(-9.,2.75000004003,0.));
#15214 = SURFACE_CURVE('',#15215,(#15219,#15226),.PCURVE_S1.);
#15215 = LINE('',#15216,#15217);
#15216 = CARTESIAN_POINT('',(-9.,4.608649817328E-08,0.));
#15217 = VECTOR('',#15218,1.);
#15218 = DIRECTION('',(0.,1.,0.));
#15219 = PCURVE('',#15187,#15220);
#15220 = DEFINITIONAL_REPRESENTATION('',(#15221),#15225);
#15221 = LINE('',#15222,#15223);
#15222 = CARTESIAN_POINT('',(2.750000092173,-1.1));
#15223 = VECTOR('',#15224,1.);
#15224 = DIRECTION('',(1.,0.));
#15225 = ( GEOMETRIC_REPRESENTATION_CONTEXT(2) 
PARAMETRIC_REPRESENTATION_CONTEXT() REPRESENTATION_CONTEXT('2D SPACE',''
  ) );
#15226 = PCURVE('',#15227,#15232);
#15227 = PLANE('',#15228);
#15228 = AXIS2_PLACEMENT_3D('',#15229,#15230,#15231);
#15229 = CARTESIAN_POINT('',(9.735097992745E-17,1.671080396031E-08,0.));
#15230 = DIRECTION('',(0.,0.,1.));
#15231 = DIRECTION('',(1.,0.,0.));
#15232 = DEFINITIONAL_REPRESENTATION('',(#15233),#15237);
#15233 = LINE('',#15234,#15235);
#15234 = CARTESIAN_POINT('',(-9.,2.937569421297E-08));
#15235 = VECTOR('',#15236,1.);
#15236 = DIRECTION('',(0.,1.));
#15237 = ( GEOMETRIC_REPRESENTATION_CONTEXT(2) 
PARAMETRIC_REPRESENTATION_CONTEXT() REPRESENTATION_CONTEXT('2D SPACE',''
  ) );
#15238 = ORIENTED_EDGE('',*,*,#15239,.F.);
#15239 = EDGE_CURVE('',#15240,#15212,#15242,.T.);
#15240 = VERTEX_POINT('',#15241);
#15241 = CARTESIAN_POINT('',(-9.,2.75000004003,-1.1));
#15242 = SURFACE_CURVE('',#15243,(#15247,#15254),.PCURVE_S1.);
#15243 = LINE('',#15244,#15245);
#15244 = CARTESIAN_POINT('',(-9.,2.75000004003,-1.1));
#15245 = VECTOR('',#15246,1.);
#15246 = DIRECTION('',(0.,0.,1.));
#15247 = PCURVE('',#15187,#15248);
#15248 = DEFINITIONAL_REPRESENTATION('',(#15249),#15253);
#15249 = LINE('',#15250,#15251);
#15250 = CARTESIAN_POINT('',(5.500000086117,0.));
#15251 = VECTOR('',#15252,1.);
#15252 = DIRECTION('',(0.,-1.));
#15253 = ( GEOMETRIC_REPRESENTATION_CONTEXT(2) 
PARAMETRIC_REPRESENTATION_CONTEXT() REPRESENTATION_CONTEXT('2D SPACE',''
  ) );
#15254 = PCURVE('',#15255,#15260);
#15255 = CYLINDRICAL_SURFACE('',#15256,3.5);
#15256 = AXIS2_PLACEMENT_3D('',#15257,#15258,#15259);
#15257 = CARTESIAN_POINT('',(-5.5,2.75000004003,-1.1));
#15258 = DIRECTION('',(-0.,-0.,-1.));
#15259 = DIRECTION('',(1.,0.,0.));
#15260 = DEFINITIONAL_REPRESENTATION('',(#15261),#15265);
#15261 = LINE('',#15262,#15263);
#15262 = CARTESIAN_POINT('',(-3.14159265359,0.));
#15263 = VECTOR('',#15264,1.);
#15264 = DIRECTION('',(-0.,-1.));
#15265 = ( GEOMETRIC_REPRESENTATION_CONTEXT(2) 
PARAMETRIC_REPRESENTATION_CONTEXT() REPRESENTATION_CONTEXT('2D SPACE',''
  ) );
#15266 = ORIENTED_EDGE('',*,*,#15267,.F.);
#15267 = EDGE_CURVE('',#15177,#15240,#15268,.T.);
#15268 = SURFACE_CURVE('',#15269,(#15273,#15280),.PCURVE_S1.);
#15269 = LINE('',#15270,#15271);
#15270 = CARTESIAN_POINT('',(-9.,4.608649817328E-08,-1.1));
#15271 = VECTOR('',#15272,1.);
#15272 = DIRECTION('',(0.,1.,0.));
#15273 = PCURVE('',#15187,#15274);
#15274 = DEFINITIONAL_REPRESENTATION('',(#15275),#15279);
#15275 = LINE('',#15276,#15277);
#15276 = CARTESIAN_POINT('',(2.750000092173,0.));
#15277 = VECTOR('',#15278,1.);
#15278 = DIRECTION('',(1.,0.));
#15279 = ( GEOMETRIC_REPRESENTATION_CONTEXT(2) 
PARAMETRIC_REPRESENTATION_CONTEXT() REPRESENTATION_CONTEXT('2D SPACE',''
  ) );
#15280 = PCURVE('',#15281,#15286);
#15281 = B_SPLINE_SURFACE_WITH_KNOTS('',1,1,(
    (#15282,#15283)
    ,(#15284,#15285
    )),.UNSPECIFIED.,.F.,.F.,.F.,(2,2),(2,2),(-2.749999993944,
    2.750000092173),(0.,1.),.PIECEWISE_BEZIER_KNOTS.);
#15282 = CARTESIAN_POINT('',(-8.6,2.749999950877,-1.5));
#15283 = CARTESIAN_POINT('',(-9.,2.75000004003,-1.1));
#15284 = CARTESIAN_POINT('',(-8.6,-2.750000048707,-1.5));
#15285 = CARTESIAN_POINT('',(-9.,-2.750000046086,-1.1));
#15286 = DEFINITIONAL_REPRESENTATION('',(#15287),#15290);
#15287 = B_SPLINE_CURVE_WITH_KNOTS('',1,(#15288,#15289),.UNSPECIFIED.,
  .F.,.F.,(2,2),(-2.750000092173,2.749999993944),
  .PIECEWISE_BEZIER_KNOTS.);
#15288 = CARTESIAN_POINT('',(2.750000092173,1.));
#15289 = CARTESIAN_POINT('',(-2.749999993944,1.));
#15290 = ( GEOMETRIC_REPRESENTATION_CONTEXT(2) 
PARAMETRIC_REPRESENTATION_CONTEXT() REPRESENTATION_CONTEXT('2D SPACE',''
  ) );
#15291 = ADVANCED_FACE('',(#15292),#15199,.T.);
#15292 = FACE_BOUND('',#15293,.F.);
#15293 = EDGE_LOOP('',(#15294,#15295,#15319,#15347));
#15294 = ORIENTED_EDGE('',*,*,#15176,.T.);
#15295 = ORIENTED_EDGE('',*,*,#15296,.T.);
#15296 = EDGE_CURVE('',#15179,#15297,#15299,.T.);
#15297 = VERTEX_POINT('',#15298);
#15298 = CARTESIAN_POINT('',(-5.5,-6.25,0.));
#15299 = SURFACE_CURVE('',#15300,(#15305,#15312),.PCURVE_S1.);
#15300 = CIRCLE('',#15301,3.5);
#15301 = AXIS2_PLACEMENT_3D('',#15302,#15303,#15304);
#15302 = CARTESIAN_POINT('',(-5.5,-2.750000046086,0.));
#15303 = DIRECTION('',(0.,0.,1.));
#15304 = DIRECTION('',(1.,0.,0.));
#15305 = PCURVE('',#15199,#15306);
#15306 = DEFINITIONAL_REPRESENTATION('',(#15307),#15311);
#15307 = LINE('',#15308,#15309);
#15308 = CARTESIAN_POINT('',(-0.,-1.1));
#15309 = VECTOR('',#15310,1.);
#15310 = DIRECTION('',(-1.,0.));
#15311 = ( GEOMETRIC_REPRESENTATION_CONTEXT(2) 
PARAMETRIC_REPRESENTATION_CONTEXT() REPRESENTATION_CONTEXT('2D SPACE',''
  ) );
#15312 = PCURVE('',#15227,#15313);
#15313 = DEFINITIONAL_REPRESENTATION('',(#15314),#15318);
#15314 = CIRCLE('',#15315,3.5);
#15315 = AXIS2_PLACEMENT_2D('',#15316,#15317);
#15316 = CARTESIAN_POINT('',(-5.5,-2.750000062797));
#15317 = DIRECTION('',(1.,0.));
#15318 = ( GEOMETRIC_REPRESENTATION_CONTEXT(2) 
PARAMETRIC_REPRESENTATION_CONTEXT() REPRESENTATION_CONTEXT('2D SPACE',''
  ) );
#15319 = ORIENTED_EDGE('',*,*,#15320,.F.);
#15320 = EDGE_CURVE('',#15321,#15297,#15323,.T.);
#15321 = VERTEX_POINT('',#15322);
#15322 = CARTESIAN_POINT('',(-5.5,-6.25,-1.1));
#15323 = SURFACE_CURVE('',#15324,(#15328,#15335),.PCURVE_S1.);
#15324 = LINE('',#15325,#15326);
#15325 = CARTESIAN_POINT('',(-5.5,-6.25,-1.1));
#15326 = VECTOR('',#15327,1.);
#15327 = DIRECTION('',(0.,0.,1.));
#15328 = PCURVE('',#15199,#15329);
#15329 = DEFINITIONAL_REPRESENTATION('',(#15330),#15334);
#15330 = LINE('',#15331,#15332);
#15331 = CARTESIAN_POINT('',(-4.712388980385,0.));
#15332 = VECTOR('',#15333,1.);
#15333 = DIRECTION('',(-0.,-1.));
#15334 = ( GEOMETRIC_REPRESENTATION_CONTEXT(2) 
PARAMETRIC_REPRESENTATION_CONTEXT() REPRESENTATION_CONTEXT('2D SPACE',''
  ) );
#15335 = PCURVE('',#15336,#15341);
#15336 = PLANE('',#15337);
#15337 = AXIS2_PLACEMENT_3D('',#15338,#15339,#15340);
#15338 = CARTESIAN_POINT('',(-5.5,-6.249999953914,-1.1));
#15339 = DIRECTION('',(0.,1.,0.));
#15340 = DIRECTION('',(1.,0.,0.));
#15341 = DEFINITIONAL_REPRESENTATION('',(#15342),#15346);
#15342 = LINE('',#15343,#15344);
#15343 = CARTESIAN_POINT('',(0.,0.));
#15344 = VECTOR('',#15345,1.);
#15345 = DIRECTION('',(0.,-1.));
#15346 = ( GEOMETRIC_REPRESENTATION_CONTEXT(2) 
PARAMETRIC_REPRESENTATION_CONTEXT() REPRESENTATION_CONTEXT('2D SPACE',''
  ) );
#15347 = ORIENTED_EDGE('',*,*,#15348,.F.);
#15348 = EDGE_CURVE('',#15177,#15321,#15349,.T.);
#15349 = SURFACE_CURVE('',#15350,(#15355,#15362),.PCURVE_S1.);
#15350 = CIRCLE('',#15351,3.5);
#15351 = AXIS2_PLACEMENT_3D('',#15352,#15353,#15354);
#15352 = CARTESIAN_POINT('',(-5.5,-2.750000046086,-1.1));
#15353 = DIRECTION('',(0.,0.,1.));
#15354 = DIRECTION('',(1.,0.,0.));
#15355 = PCURVE('',#15199,#15356);
#15356 = DEFINITIONAL_REPRESENTATION('',(#15357),#15361);
#15357 = LINE('',#15358,#15359);
#15358 = CARTESIAN_POINT('',(-0.,0.));
#15359 = VECTOR('',#15360,1.);
#15360 = DIRECTION('',(-1.,0.));
#15361 = ( GEOMETRIC_REPRESENTATION_CONTEXT(2) 
PARAMETRIC_REPRESENTATION_CONTEXT() REPRESENTATION_CONTEXT('2D SPACE',''
  ) );
#15362 = PCURVE('',#15363,#15382);
#15363 = B_SPLINE_SURFACE_WITH_KNOTS('',8,1,(
    (#15364,#15365)
    ,(#15366,#15367)
    ,(#15368,#15369)
    ,(#15370,#15371)
    ,(#15372,#15373)
    ,(#15374,#15375)
    ,(#15376,#15377)
    ,(#15378,#15379)
    ,(#15380,#15381
    )),.UNSPECIFIED.,.F.,.F.,.F.,(9,9),(2,2),(0.,1.570796326795),(0.,1.)
  ,.PIECEWISE_BEZIER_KNOTS.);
#15364 = CARTESIAN_POINT('',(-8.6,-2.750000048707,-1.5));
#15365 = CARTESIAN_POINT('',(-9.,-2.750000046086,-1.1));
#15366 = CARTESIAN_POINT('',(-8.6,-3.35868362534,-1.5));
#15367 = CARTESIAN_POINT('',(-9.,-3.437223439059,-1.1));
#15368 = CARTESIAN_POINT('',(-8.46341155422,-3.96736739357,-1.5));
#15369 = CARTESIAN_POINT('',(-8.845787238636,-4.124447048351,-1.1));
#15370 = CARTESIAN_POINT('',(-8.190236004201,-4.540291075145,-1.5));
#15371 = CARTESIAN_POINT('',(-8.53736323055,-4.771296366259,-1.1));
#15372 = CARTESIAN_POINT('',(-7.791702142918,-5.041702191624,-1.5));
#15373 = CARTESIAN_POINT('',(-8.08740564523,-5.337405691316,-1.1));
#15374 = CARTESIAN_POINT('',(-7.290291026439,-5.440236052908,-1.5));
#15375 = CARTESIAN_POINT('',(-7.521296320172,-5.787363276636,-1.1));
#15376 = CARTESIAN_POINT('',(-6.717367344863,-5.713411602927,-1.5));
#15377 = CARTESIAN_POINT('',(-6.874447002265,-6.095787284722,-1.1));
#15378 = CARTESIAN_POINT('',(-6.108683576633,-5.850000048707,-1.5));
#15379 = CARTESIAN_POINT('',(-6.187223392973,-6.250000046086,-1.1));
#15380 = CARTESIAN_POINT('',(-5.5,-5.850000048707,-1.5));
#15381 = CARTESIAN_POINT('',(-5.5,-6.250000046086,-1.1));
#15382 = DEFINITIONAL_REPRESENTATION('',(#15383),#15386);
#15383 = B_SPLINE_CURVE_WITH_KNOTS('',1,(#15384,#15385),.UNSPECIFIED.,
  .F.,.F.,(2,2),(3.14159265359,4.712388980385),
  .PIECEWISE_BEZIER_KNOTS.);
#15384 = CARTESIAN_POINT('',(0.,1.));
#15385 = CARTESIAN_POINT('',(1.570796326795,1.));
#15386 = ( GEOMETRIC_REPRESENTATION_CONTEXT(2) 
PARAMETRIC_REPRESENTATION_CONTEXT() REPRESENTATION_CONTEXT('2D SPACE',''
  ) );
#15387 = ADVANCED_FACE('',(#15388),#15255,.T.);
#15388 = FACE_BOUND('',#15389,.F.);
#15389 = EDGE_LOOP('',(#15390,#15420,#15442,#15443));
#15390 = ORIENTED_EDGE('',*,*,#15391,.T.);
#15391 = EDGE_CURVE('',#15392,#15394,#15396,.T.);
#15392 = VERTEX_POINT('',#15393);
#15393 = CARTESIAN_POINT('',(-5.5,6.250000043058,-1.1));
#15394 = VERTEX_POINT('',#15395);
#15395 = CARTESIAN_POINT('',(-5.5,6.250000043058,0.));
#15396 = SURFACE_CURVE('',#15397,(#15401,#15408),.PCURVE_S1.);
#15397 = LINE('',#15398,#15399);
#15398 = CARTESIAN_POINT('',(-5.5,6.250000043058,-1.1));
#15399 = VECTOR('',#15400,1.);
#15400 = DIRECTION('',(0.,0.,1.));
#15401 = PCURVE('',#15255,#15402);
#15402 = DEFINITIONAL_REPRESENTATION('',(#15403),#15407);
#15403 = LINE('',#15404,#15405);
#15404 = CARTESIAN_POINT('',(-1.570796326795,0.));
#15405 = VECTOR('',#15406,1.);
#15406 = DIRECTION('',(-0.,-1.));
#15407 = ( GEOMETRIC_REPRESENTATION_CONTEXT(2) 
PARAMETRIC_REPRESENTATION_CONTEXT() REPRESENTATION_CONTEXT('2D SPACE',''
  ) );
#15408 = PCURVE('',#15409,#15414);
#15409 = PLANE('',#15410);
#15410 = AXIS2_PLACEMENT_3D('',#15411,#15412,#15413);
#15411 = CARTESIAN_POINT('',(-5.5,6.250000046086,-1.1));
#15412 = DIRECTION('',(0.,1.,0.));
#15413 = DIRECTION('',(1.,0.,0.));
#15414 = DEFINITIONAL_REPRESENTATION('',(#15415),#15419);
#15415 = LINE('',#15416,#15417);
#15416 = CARTESIAN_POINT('',(0.,0.));
#15417 = VECTOR('',#15418,1.);
#15418 = DIRECTION('',(0.,-1.));
#15419 = ( GEOMETRIC_REPRESENTATION_CONTEXT(2) 
PARAMETRIC_REPRESENTATION_CONTEXT() REPRESENTATION_CONTEXT('2D SPACE',''
  ) );
#15420 = ORIENTED_EDGE('',*,*,#15421,.T.);
#15421 = EDGE_CURVE('',#15394,#15212,#15422,.T.);
#15422 = SURFACE_CURVE('',#15423,(#15428,#15435),.PCURVE_S1.);
#15423 = CIRCLE('',#15424,3.5);
#15424 = AXIS2_PLACEMENT_3D('',#15425,#15426,#15427);
#15425 = CARTESIAN_POINT('',(-5.5,2.75000004003,0.));
#15426 = DIRECTION('',(0.,0.,1.));
#15427 = DIRECTION('',(1.,0.,0.));
#15428 = PCURVE('',#15255,#15429);
#15429 = DEFINITIONAL_REPRESENTATION('',(#15430),#15434);
#15430 = LINE('',#15431,#15432);
#15431 = CARTESIAN_POINT('',(-0.,-1.1));
#15432 = VECTOR('',#15433,1.);
#15433 = DIRECTION('',(-1.,0.));
#15434 = ( GEOMETRIC_REPRESENTATION_CONTEXT(2) 
PARAMETRIC_REPRESENTATION_CONTEXT() REPRESENTATION_CONTEXT('2D SPACE',''
  ) );
#15435 = PCURVE('',#15227,#15436);
#15436 = DEFINITIONAL_REPRESENTATION('',(#15437),#15441);
#15437 = CIRCLE('',#15438,3.5);
#15438 = AXIS2_PLACEMENT_2D('',#15439,#15440);
#15439 = CARTESIAN_POINT('',(-5.5,2.75000002332));
#15440 = DIRECTION('',(1.,0.));
#15441 = ( GEOMETRIC_REPRESENTATION_CONTEXT(2) 
PARAMETRIC_REPRESENTATION_CONTEXT() REPRESENTATION_CONTEXT('2D SPACE',''
  ) );
#15442 = ORIENTED_EDGE('',*,*,#15239,.F.);
#15443 = ORIENTED_EDGE('',*,*,#15444,.F.);
#15444 = EDGE_CURVE('',#15392,#15240,#15445,.T.);
#15445 = SURFACE_CURVE('',#15446,(#15451,#15458),.PCURVE_S1.);
#15446 = CIRCLE('',#15447,3.5);
#15447 = AXIS2_PLACEMENT_3D('',#15448,#15449,#15450);
#15448 = CARTESIAN_POINT('',(-5.5,2.75000004003,-1.1));
#15449 = DIRECTION('',(0.,0.,1.));
#15450 = DIRECTION('',(1.,0.,0.));
#15451 = PCURVE('',#15255,#15452);
#15452 = DEFINITIONAL_REPRESENTATION('',(#15453),#15457);
#15453 = LINE('',#15454,#15455);
#15454 = CARTESIAN_POINT('',(-0.,0.));
#15455 = VECTOR('',#15456,1.);
#15456 = DIRECTION('',(-1.,0.));
#15457 = ( GEOMETRIC_REPRESENTATION_CONTEXT(2) 
PARAMETRIC_REPRESENTATION_CONTEXT() REPRESENTATION_CONTEXT('2D SPACE',''
  ) );
#15458 = PCURVE('',#15459,#15478);
#15459 = B_SPLINE_SURFACE_WITH_KNOTS('',8,1,(
    (#15460,#15461)
    ,(#15462,#15463)
    ,(#15464,#15465)
    ,(#15466,#15467)
    ,(#15468,#15469)
    ,(#15470,#15471)
    ,(#15472,#15473)
    ,(#15474,#15475)
    ,(#15476,#15477
    )),.UNSPECIFIED.,.F.,.F.,.F.,(9,9),(2,2),(4.712388980385,
    6.28318530718),(0.,1.),.PIECEWISE_BEZIER_KNOTS.);
#15460 = CARTESIAN_POINT('',(-5.5,5.849999950877,-1.5));
#15461 = CARTESIAN_POINT('',(-5.5,6.25000004003,-1.1));
#15462 = CARTESIAN_POINT('',(-6.108683576633,5.849999950877,-1.5));
#15463 = CARTESIAN_POINT('',(-6.187223392973,6.25000004003,-1.1));
#15464 = CARTESIAN_POINT('',(-6.717367344863,5.713411505097,-1.5));
#15465 = CARTESIAN_POINT('',(-6.874447002265,6.095787278666,-1.1));
#15466 = CARTESIAN_POINT('',(-7.290291026438,5.440235955078,-1.5));
#15467 = CARTESIAN_POINT('',(-7.521296320173,5.78736327058,-1.1));
#15468 = CARTESIAN_POINT('',(-7.791702142918,5.041702093795,-1.5));
#15469 = CARTESIAN_POINT('',(-8.08740564523,5.33740568526,-1.1));
#15470 = CARTESIAN_POINT('',(-8.190236004201,4.540290977315,-1.5));
#15471 = CARTESIAN_POINT('',(-8.53736323055,4.771296360203,-1.1));
#15472 = CARTESIAN_POINT('',(-8.463411554221,3.96736729574,-1.5));
#15473 = CARTESIAN_POINT('',(-8.845787238636,4.124447042295,-1.1));
#15474 = CARTESIAN_POINT('',(-8.6,3.35868352751,-1.5));
#15475 = CARTESIAN_POINT('',(-9.,3.437223433003,-1.1));
#15476 = CARTESIAN_POINT('',(-8.6,2.749999950877,-1.5));
#15477 = CARTESIAN_POINT('',(-9.,2.75000004003,-1.1));
#15478 = DEFINITIONAL_REPRESENTATION('',(#15479),#15482);
#15479 = B_SPLINE_CURVE_WITH_KNOTS('',1,(#15480,#15481),.UNSPECIFIED.,
  .F.,.F.,(2,2),(1.570796326795,3.14159265359),
  .PIECEWISE_BEZIER_KNOTS.);
#15480 = CARTESIAN_POINT('',(4.712388980385,1.));
#15481 = CARTESIAN_POINT('',(6.28318530718,1.));
#15482 = ( GEOMETRIC_REPRESENTATION_CONTEXT(2) 
PARAMETRIC_REPRESENTATION_CONTEXT() REPRESENTATION_CONTEXT('2D SPACE',''
  ) );
#15483 = ADVANCED_FACE('',(#15484),#15281,.T.);
#15484 = FACE_BOUND('',#15485,.T.);
#15485 = EDGE_LOOP('',(#15486,#15516,#15536,#15537));
#15486 = ORIENTED_EDGE('',*,*,#15487,.F.);
#15487 = EDGE_CURVE('',#15488,#15490,#15492,.T.);
#15488 = VERTEX_POINT('',#15489);
#15489 = CARTESIAN_POINT('',(-8.6,-2.750000048707,-1.5));
#15490 = VERTEX_POINT('',#15491);
#15491 = CARTESIAN_POINT('',(-8.6,2.749999950877,-1.5));
#15492 = SURFACE_CURVE('',#15493,(#15497,#15504),.PCURVE_S1.);
#15493 = LINE('',#15494,#15495);
#15494 = CARTESIAN_POINT('',(-8.6,4.870656766798E-08,-1.5));
#15495 = VECTOR('',#15496,1.);
#15496 = DIRECTION('',(0.,1.,0.));
#15497 = PCURVE('',#15281,#15498);
#15498 = DEFINITIONAL_REPRESENTATION('',(#15499),#15503);
#15499 = LINE('',#15500,#15501);
#15500 = CARTESIAN_POINT('',(0.,0.));
#15501 = VECTOR('',#15502,1.);
#15502 = DIRECTION('',(-1.,0.));
#15503 = ( GEOMETRIC_REPRESENTATION_CONTEXT(2) 
PARAMETRIC_REPRESENTATION_CONTEXT() REPRESENTATION_CONTEXT('2D SPACE',''
  ) );
#15504 = PCURVE('',#15505,#15510);
#15505 = PLANE('',#15506);
#15506 = AXIS2_PLACEMENT_3D('',#15507,#15508,#15509);
#15507 = CARTESIAN_POINT('',(-5.5,-2.750000048707,-1.5));
#15508 = DIRECTION('',(0.,0.,-1.));
#15509 = DIRECTION('',(-1.,0.,0.));
#15510 = DEFINITIONAL_REPRESENTATION('',(#15511),#15515);
#15511 = LINE('',#15512,#15513);
#15512 = CARTESIAN_POINT('',(3.1,2.750000097413));
#15513 = VECTOR('',#15514,1.);
#15514 = DIRECTION('',(0.,1.));
#15515 = ( GEOMETRIC_REPRESENTATION_CONTEXT(2) 
PARAMETRIC_REPRESENTATION_CONTEXT() REPRESENTATION_CONTEXT('2D SPACE',''
  ) );
#15516 = ORIENTED_EDGE('',*,*,#15517,.T.);
#15517 = EDGE_CURVE('',#15488,#15177,#15518,.T.);
#15518 = SURFACE_CURVE('',#15519,(#15522,#15529),.PCURVE_S1.);
#15519 = B_SPLINE_CURVE_WITH_KNOTS('',1,(#15520,#15521),.UNSPECIFIED.,
  .F.,.F.,(2,2),(0.,1.),.PIECEWISE_BEZIER_KNOTS.);
#15520 = CARTESIAN_POINT('',(-8.6,-2.750000048707,-1.5));
#15521 = CARTESIAN_POINT('',(-9.,-2.750000046086,-1.1));
#15522 = PCURVE('',#15281,#15523);
#15523 = DEFINITIONAL_REPRESENTATION('',(#15524),#15528);
#15524 = LINE('',#15525,#15526);
#15525 = CARTESIAN_POINT('',(2.750000092173,0.));
#15526 = VECTOR('',#15527,1.);
#15527 = DIRECTION('',(0.,1.));
#15528 = ( GEOMETRIC_REPRESENTATION_CONTEXT(2) 
PARAMETRIC_REPRESENTATION_CONTEXT() REPRESENTATION_CONTEXT('2D SPACE',''
  ) );
#15529 = PCURVE('',#15363,#15530);
#15530 = DEFINITIONAL_REPRESENTATION('',(#15531),#15535);
#15531 = LINE('',#15532,#15533);
#15532 = CARTESIAN_POINT('',(0.,0.));
#15533 = VECTOR('',#15534,1.);
#15534 = DIRECTION('',(0.,1.));
#15535 = ( GEOMETRIC_REPRESENTATION_CONTEXT(2) 
PARAMETRIC_REPRESENTATION_CONTEXT() REPRESENTATION_CONTEXT('2D SPACE',''
  ) );
#15536 = ORIENTED_EDGE('',*,*,#15267,.T.);
#15537 = ORIENTED_EDGE('',*,*,#15538,.F.);
#15538 = EDGE_CURVE('',#15490,#15240,#15539,.T.);
#15539 = SURFACE_CURVE('',#15540,(#15543,#15550),.PCURVE_S1.);
#15540 = B_SPLINE_CURVE_WITH_KNOTS('',1,(#15541,#15542),.UNSPECIFIED.,
  .F.,.F.,(2,2),(0.,1.),.PIECEWISE_BEZIER_KNOTS.);
#15541 = CARTESIAN_POINT('',(-8.6,2.749999950877,-1.5));
#15542 = CARTESIAN_POINT('',(-9.,2.75000004003,-1.1));
#15543 = PCURVE('',#15281,#15544);
#15544 = DEFINITIONAL_REPRESENTATION('',(#15545),#15549);
#15545 = LINE('',#15546,#15547);
#15546 = CARTESIAN_POINT('',(-2.749999993944,0.));
#15547 = VECTOR('',#15548,1.);
#15548 = DIRECTION('',(0.,1.));
#15549 = ( GEOMETRIC_REPRESENTATION_CONTEXT(2) 
PARAMETRIC_REPRESENTATION_CONTEXT() REPRESENTATION_CONTEXT('2D SPACE',''
  ) );
#15550 = PCURVE('',#15459,#15551);
#15551 = DEFINITIONAL_REPRESENTATION('',(#15552),#15556);
#15552 = LINE('',#15553,#15554);
#15553 = CARTESIAN_POINT('',(6.28318530718,0.));
#15554 = VECTOR('',#15555,1.);
#15555 = DIRECTION('',(0.,1.));
#15556 = ( GEOMETRIC_REPRESENTATION_CONTEXT(2) 
PARAMETRIC_REPRESENTATION_CONTEXT() REPRESENTATION_CONTEXT('2D SPACE',''
  ) );
#15557 = ADVANCED_FACE('',(#15558,#15693),#15227,.T.);
#15558 = FACE_BOUND('',#15559,.T.);
#15559 = EDGE_LOOP('',(#15560,#15561,#15562,#15585,#15614,#15642,#15671,
    #15692));
#15560 = ORIENTED_EDGE('',*,*,#15211,.F.);
#15561 = ORIENTED_EDGE('',*,*,#15296,.T.);
#15562 = ORIENTED_EDGE('',*,*,#15563,.T.);
#15563 = EDGE_CURVE('',#15297,#15564,#15566,.T.);
#15564 = VERTEX_POINT('',#15565);
#15565 = CARTESIAN_POINT('',(5.5,-6.25,0.));
#15566 = SURFACE_CURVE('',#15567,(#15571,#15578),.PCURVE_S1.);
#15567 = LINE('',#15568,#15569);
#15568 = CARTESIAN_POINT('',(0.,-6.249999953914,0.));
#15569 = VECTOR('',#15570,1.);
#15570 = DIRECTION('',(1.,0.,0.));
#15571 = PCURVE('',#15227,#15572);
#15572 = DEFINITIONAL_REPRESENTATION('',(#15573),#15577);
#15573 = LINE('',#15574,#15575);
#15574 = CARTESIAN_POINT('',(-9.735097992745E-17,-6.249999970624));
#15575 = VECTOR('',#15576,1.);
#15576 = DIRECTION('',(1.,0.));
#15577 = ( GEOMETRIC_REPRESENTATION_CONTEXT(2) 
PARAMETRIC_REPRESENTATION_CONTEXT() REPRESENTATION_CONTEXT('2D SPACE',''
  ) );
#15578 = PCURVE('',#15336,#15579);
#15579 = DEFINITIONAL_REPRESENTATION('',(#15580),#15584);
#15580 = LINE('',#15581,#15582);
#15581 = CARTESIAN_POINT('',(5.5,-1.1));
#15582 = VECTOR('',#15583,1.);
#15583 = DIRECTION('',(1.,0.));
#15584 = ( GEOMETRIC_REPRESENTATION_CONTEXT(2) 
PARAMETRIC_REPRESENTATION_CONTEXT() REPRESENTATION_CONTEXT('2D SPACE',''
  ) );
#15585 = ORIENTED_EDGE('',*,*,#15586,.T.);
#15586 = EDGE_CURVE('',#15564,#15587,#15589,.T.);
#15587 = VERTEX_POINT('',#15588);
#15588 = CARTESIAN_POINT('',(9.,-2.750000046086,0.));
#15589 = SURFACE_CURVE('',#15590,(#15595,#15602),.PCURVE_S1.);
#15590 = CIRCLE('',#15591,3.5);
#15591 = AXIS2_PLACEMENT_3D('',#15592,#15593,#15594);
#15592 = CARTESIAN_POINT('',(5.5,-2.750000046086,0.));
#15593 = DIRECTION('',(0.,0.,1.));
#15594 = DIRECTION('',(1.,0.,0.));
#15595 = PCURVE('',#15227,#15596);
#15596 = DEFINITIONAL_REPRESENTATION('',(#15597),#15601);
#15597 = CIRCLE('',#15598,3.5);
#15598 = AXIS2_PLACEMENT_2D('',#15599,#15600);
#15599 = CARTESIAN_POINT('',(5.5,-2.750000062797));
#15600 = DIRECTION('',(1.,0.));
#15601 = ( GEOMETRIC_REPRESENTATION_CONTEXT(2) 
PARAMETRIC_REPRESENTATION_CONTEXT() REPRESENTATION_CONTEXT('2D SPACE',''
  ) );
#15602 = PCURVE('',#15603,#15608);
#15603 = CYLINDRICAL_SURFACE('',#15604,3.5);
#15604 = AXIS2_PLACEMENT_3D('',#15605,#15606,#15607);
#15605 = CARTESIAN_POINT('',(5.5,-2.750000046086,-1.1));
#15606 = DIRECTION('',(-0.,-0.,-1.));
#15607 = DIRECTION('',(1.,0.,0.));
#15608 = DEFINITIONAL_REPRESENTATION('',(#15609),#15613);
#15609 = LINE('',#15610,#15611);
#15610 = CARTESIAN_POINT('',(-0.,-1.1));
#15611 = VECTOR('',#15612,1.);
#15612 = DIRECTION('',(-1.,0.));
#15613 = ( GEOMETRIC_REPRESENTATION_CONTEXT(2) 
PARAMETRIC_REPRESENTATION_CONTEXT() REPRESENTATION_CONTEXT('2D SPACE',''
  ) );
#15614 = ORIENTED_EDGE('',*,*,#15615,.T.);
#15615 = EDGE_CURVE('',#15587,#15616,#15618,.T.);
#15616 = VERTEX_POINT('',#15617);
#15617 = CARTESIAN_POINT('',(9.,2.75000004003,0.));
#15618 = SURFACE_CURVE('',#15619,(#15623,#15630),.PCURVE_S1.);
#15619 = LINE('',#15620,#15621);
#15620 = CARTESIAN_POINT('',(9.,4.608649817328E-08,0.));
#15621 = VECTOR('',#15622,1.);
#15622 = DIRECTION('',(0.,1.,0.));
#15623 = PCURVE('',#15227,#15624);
#15624 = DEFINITIONAL_REPRESENTATION('',(#15625),#15629);
#15625 = LINE('',#15626,#15627);
#15626 = CARTESIAN_POINT('',(9.,2.937569421297E-08));
#15627 = VECTOR('',#15628,1.);
#15628 = DIRECTION('',(0.,1.));
#15629 = ( GEOMETRIC_REPRESENTATION_CONTEXT(2) 
PARAMETRIC_REPRESENTATION_CONTEXT() REPRESENTATION_CONTEXT('2D SPACE',''
  ) );
#15630 = PCURVE('',#15631,#15636);
#15631 = PLANE('',#15632);
#15632 = AXIS2_PLACEMENT_3D('',#15633,#15634,#15635);
#15633 = CARTESIAN_POINT('',(9.,-2.750000046086,-1.1));
#15634 = DIRECTION('',(-1.,0.,0.));
#15635 = DIRECTION('',(0.,1.,0.));
#15636 = DEFINITIONAL_REPRESENTATION('',(#15637),#15641);
#15637 = LINE('',#15638,#15639);
#15638 = CARTESIAN_POINT('',(2.750000092173,-1.1));
#15639 = VECTOR('',#15640,1.);
#15640 = DIRECTION('',(1.,0.));
#15641 = ( GEOMETRIC_REPRESENTATION_CONTEXT(2) 
PARAMETRIC_REPRESENTATION_CONTEXT() REPRESENTATION_CONTEXT('2D SPACE',''
  ) );
#15642 = ORIENTED_EDGE('',*,*,#15643,.T.);
#15643 = EDGE_CURVE('',#15616,#15644,#15646,.T.);
#15644 = VERTEX_POINT('',#15645);
#15645 = CARTESIAN_POINT('',(5.5,6.250000043058,0.));
#15646 = SURFACE_CURVE('',#15647,(#15652,#15659),.PCURVE_S1.);
#15647 = CIRCLE('',#15648,3.5);
#15648 = AXIS2_PLACEMENT_3D('',#15649,#15650,#15651);
#15649 = CARTESIAN_POINT('',(5.5,2.75000004003,0.));
#15650 = DIRECTION('',(0.,0.,1.));
#15651 = DIRECTION('',(1.,0.,0.));
#15652 = PCURVE('',#15227,#15653);
#15653 = DEFINITIONAL_REPRESENTATION('',(#15654),#15658);
#15654 = CIRCLE('',#15655,3.5);
#15655 = AXIS2_PLACEMENT_2D('',#15656,#15657);
#15656 = CARTESIAN_POINT('',(5.5,2.75000002332));
#15657 = DIRECTION('',(1.,0.));
#15658 = ( GEOMETRIC_REPRESENTATION_CONTEXT(2) 
PARAMETRIC_REPRESENTATION_CONTEXT() REPRESENTATION_CONTEXT('2D SPACE',''
  ) );
#15659 = PCURVE('',#15660,#15665);
#15660 = CYLINDRICAL_SURFACE('',#15661,3.5);
#15661 = AXIS2_PLACEMENT_3D('',#15662,#15663,#15664);
#15662 = CARTESIAN_POINT('',(5.5,2.75000004003,-1.1));
#15663 = DIRECTION('',(-0.,-0.,-1.));
#15664 = DIRECTION('',(1.,0.,0.));
#15665 = DEFINITIONAL_REPRESENTATION('',(#15666),#15670);
#15666 = LINE('',#15667,#15668);
#15667 = CARTESIAN_POINT('',(-0.,-1.1));
#15668 = VECTOR('',#15669,1.);
#15669 = DIRECTION('',(-1.,0.));
#15670 = ( GEOMETRIC_REPRESENTATION_CONTEXT(2) 
PARAMETRIC_REPRESENTATION_CONTEXT() REPRESENTATION_CONTEXT('2D SPACE',''
  ) );
#15671 = ORIENTED_EDGE('',*,*,#15672,.F.);
#15672 = EDGE_CURVE('',#15394,#15644,#15673,.T.);
#15673 = SURFACE_CURVE('',#15674,(#15678,#15685),.PCURVE_S1.);
#15674 = LINE('',#15675,#15676);
#15675 = CARTESIAN_POINT('',(0.,6.250000046086,0.));
#15676 = VECTOR('',#15677,1.);
#15677 = DIRECTION('',(1.,0.,0.));
#15678 = PCURVE('',#15227,#15679);
#15679 = DEFINITIONAL_REPRESENTATION('',(#15680),#15684);
#15680 = LINE('',#15681,#15682);
#15681 = CARTESIAN_POINT('',(-9.735097992745E-17,6.250000029376));
#15682 = VECTOR('',#15683,1.);
#15683 = DIRECTION('',(1.,0.));
#15684 = ( GEOMETRIC_REPRESENTATION_CONTEXT(2) 
PARAMETRIC_REPRESENTATION_CONTEXT() REPRESENTATION_CONTEXT('2D SPACE',''
  ) );
#15685 = PCURVE('',#15409,#15686);
#15686 = DEFINITIONAL_REPRESENTATION('',(#15687),#15691);
#15687 = LINE('',#15688,#15689);
#15688 = CARTESIAN_POINT('',(5.5,-1.1));
#15689 = VECTOR('',#15690,1.);
#15690 = DIRECTION('',(1.,0.));
#15691 = ( GEOMETRIC_REPRESENTATION_CONTEXT(2) 
PARAMETRIC_REPRESENTATION_CONTEXT() REPRESENTATION_CONTEXT('2D SPACE',''
  ) );
#15692 = ORIENTED_EDGE('',*,*,#15421,.T.);
#15693 = FACE_BOUND('',#15694,.T.);
#15694 = EDGE_LOOP('',(#15695,#15726,#15754,#15783,#15811,#15839,#15867,
    #15895,#15923,#15952,#15980,#16009,#16037,#16065,#16093,#16121));
#15695 = ORIENTED_EDGE('',*,*,#15696,.F.);
#15696 = EDGE_CURVE('',#15697,#15699,#15701,.T.);
#15697 = VERTEX_POINT('',#15698);
#15698 = CARTESIAN_POINT('',(-7.35,-2.250000041338,0.));
#15699 = VERTEX_POINT('',#15700);
#15700 = CARTESIAN_POINT('',(-5.,-4.6,0.));
#15701 = SURFACE_CURVE('',#15702,(#15707,#15714),.PCURVE_S1.);
#15702 = CIRCLE('',#15703,2.35);
#15703 = AXIS2_PLACEMENT_3D('',#15704,#15705,#15706);
#15704 = CARTESIAN_POINT('',(-5.,-2.250000041338,0.));
#15705 = DIRECTION('',(0.,0.,1.));
#15706 = DIRECTION('',(1.,0.,0.));
#15707 = PCURVE('',#15227,#15708);
#15708 = DEFINITIONAL_REPRESENTATION('',(#15709),#15713);
#15709 = CIRCLE('',#15710,2.35);
#15710 = AXIS2_PLACEMENT_2D('',#15711,#15712);
#15711 = CARTESIAN_POINT('',(-5.,-2.250000058049));
#15712 = DIRECTION('',(1.,0.));
#15713 = ( GEOMETRIC_REPRESENTATION_CONTEXT(2) 
PARAMETRIC_REPRESENTATION_CONTEXT() REPRESENTATION_CONTEXT('2D SPACE',''
  ) );
#15714 = PCURVE('',#15715,#15720);
#15715 = CYLINDRICAL_SURFACE('',#15716,2.35);
#15716 = AXIS2_PLACEMENT_3D('',#15717,#15718,#15719);
#15717 = CARTESIAN_POINT('',(-5.,-2.250000041338,0.));
#15718 = DIRECTION('',(-0.,-0.,-1.));
#15719 = DIRECTION('',(1.,0.,0.));
#15720 = DEFINITIONAL_REPRESENTATION('',(#15721),#15725);
#15721 = LINE('',#15722,#15723);
#15722 = CARTESIAN_POINT('',(-0.,0.));
#15723 = VECTOR('',#15724,1.);
#15724 = DIRECTION('',(-1.,0.));
#15725 = ( GEOMETRIC_REPRESENTATION_CONTEXT(2) 
PARAMETRIC_REPRESENTATION_CONTEXT() REPRESENTATION_CONTEXT('2D SPACE',''
  ) );
#15726 = ORIENTED_EDGE('',*,*,#15727,.T.);
#15727 = EDGE_CURVE('',#15697,#15728,#15730,.T.);
#15728 = VERTEX_POINT('',#15729);
#15729 = CARTESIAN_POINT('',(-7.35,2.250000033977,0.));
#15730 = SURFACE_CURVE('',#15731,(#15735,#15742),.PCURVE_S1.);
#15731 = LINE('',#15732,#15733);
#15732 = CARTESIAN_POINT('',(-7.35,4.133828435116E-08,0.));
#15733 = VECTOR('',#15734,1.);
#15734 = DIRECTION('',(0.,1.,0.));
#15735 = PCURVE('',#15227,#15736);
#15736 = DEFINITIONAL_REPRESENTATION('',(#15737),#15741);
#15737 = LINE('',#15738,#15739);
#15738 = CARTESIAN_POINT('',(-7.35,2.462748039084E-08));
#15739 = VECTOR('',#15740,1.);
#15740 = DIRECTION('',(0.,1.));
#15741 = ( GEOMETRIC_REPRESENTATION_CONTEXT(2) 
PARAMETRIC_REPRESENTATION_CONTEXT() REPRESENTATION_CONTEXT('2D SPACE',''
  ) );
#15742 = PCURVE('',#15743,#15748);
#15743 = PLANE('',#15744);
#15744 = AXIS2_PLACEMENT_3D('',#15745,#15746,#15747);
#15745 = CARTESIAN_POINT('',(-7.35,-2.250000041338,0.));
#15746 = DIRECTION('',(-1.,0.,0.));
#15747 = DIRECTION('',(0.,1.,0.));
#15748 = DEFINITIONAL_REPRESENTATION('',(#15749),#15753);
#15749 = LINE('',#15750,#15751);
#15750 = CARTESIAN_POINT('',(2.250000082677,0.));
#15751 = VECTOR('',#15752,1.);
#15752 = DIRECTION('',(1.,0.));
#15753 = ( GEOMETRIC_REPRESENTATION_CONTEXT(2) 
PARAMETRIC_REPRESENTATION_CONTEXT() REPRESENTATION_CONTEXT('2D SPACE',''
  ) );
#15754 = ORIENTED_EDGE('',*,*,#15755,.F.);
#15755 = EDGE_CURVE('',#15756,#15728,#15758,.T.);
#15756 = VERTEX_POINT('',#15757);
#15757 = CARTESIAN_POINT('',(-5.,4.600000037658,0.));
#15758 = SURFACE_CURVE('',#15759,(#15764,#15771),.PCURVE_S1.);
#15759 = CIRCLE('',#15760,2.35);
#15760 = AXIS2_PLACEMENT_3D('',#15761,#15762,#15763);
#15761 = CARTESIAN_POINT('',(-5.,2.250000033977,0.));
#15762 = DIRECTION('',(0.,0.,1.));
#15763 = DIRECTION('',(1.,0.,0.));
#15764 = PCURVE('',#15227,#15765);
#15765 = DEFINITIONAL_REPRESENTATION('',(#15766),#15770);
#15766 = CIRCLE('',#15767,2.35);
#15767 = AXIS2_PLACEMENT_2D('',#15768,#15769);
#15768 = CARTESIAN_POINT('',(-5.,2.250000017266));
#15769 = DIRECTION('',(1.,0.));
#15770 = ( GEOMETRIC_REPRESENTATION_CONTEXT(2) 
PARAMETRIC_REPRESENTATION_CONTEXT() REPRESENTATION_CONTEXT('2D SPACE',''
  ) );
#15771 = PCURVE('',#15772,#15777);
#15772 = CYLINDRICAL_SURFACE('',#15773,2.35);
#15773 = AXIS2_PLACEMENT_3D('',#15774,#15775,#15776);
#15774 = CARTESIAN_POINT('',(-5.,2.250000033977,0.));
#15775 = DIRECTION('',(-0.,-0.,-1.));
#15776 = DIRECTION('',(1.,0.,0.));
#15777 = DEFINITIONAL_REPRESENTATION('',(#15778),#15782);
#15778 = LINE('',#15779,#15780);
#15779 = CARTESIAN_POINT('',(-0.,0.));
#15780 = VECTOR('',#15781,1.);
#15781 = DIRECTION('',(-1.,0.));
#15782 = ( GEOMETRIC_REPRESENTATION_CONTEXT(2) 
PARAMETRIC_REPRESENTATION_CONTEXT() REPRESENTATION_CONTEXT('2D SPACE',''
  ) );
#15783 = ORIENTED_EDGE('',*,*,#15784,.T.);
#15784 = EDGE_CURVE('',#15756,#15785,#15787,.T.);
#15785 = VERTEX_POINT('',#15786);
#15786 = CARTESIAN_POINT('',(-3.,4.6,0.));
#15787 = SURFACE_CURVE('',#15788,(#15792,#15799),.PCURVE_S1.);
#15788 = LINE('',#15789,#15790);
#15789 = CARTESIAN_POINT('',(0.,4.600000041338,0.));
#15790 = VECTOR('',#15791,1.);
#15791 = DIRECTION('',(1.,0.,0.));
#15792 = PCURVE('',#15227,#15793);
#15793 = DEFINITIONAL_REPRESENTATION('',(#15794),#15798);
#15794 = LINE('',#15795,#15796);
#15795 = CARTESIAN_POINT('',(-9.735097992745E-17,4.600000024627));
#15796 = VECTOR('',#15797,1.);
#15797 = DIRECTION('',(1.,0.));
#15798 = ( GEOMETRIC_REPRESENTATION_CONTEXT(2) 
PARAMETRIC_REPRESENTATION_CONTEXT() REPRESENTATION_CONTEXT('2D SPACE',''
  ) );
#15799 = PCURVE('',#15800,#15805);
#15800 = PLANE('',#15801);
#15801 = AXIS2_PLACEMENT_3D('',#15802,#15803,#15804);
#15802 = CARTESIAN_POINT('',(-5.,4.600000041338,0.));
#15803 = DIRECTION('',(0.,1.,0.));
#15804 = DIRECTION('',(1.,0.,0.));
#15805 = DEFINITIONAL_REPRESENTATION('',(#15806),#15810);
#15806 = LINE('',#15807,#15808);
#15807 = CARTESIAN_POINT('',(5.,0.));
#15808 = VECTOR('',#15809,1.);
#15809 = DIRECTION('',(1.,0.));
#15810 = ( GEOMETRIC_REPRESENTATION_CONTEXT(2) 
PARAMETRIC_REPRESENTATION_CONTEXT() REPRESENTATION_CONTEXT('2D SPACE',''
  ) );
#15811 = ORIENTED_EDGE('',*,*,#15812,.F.);
#15812 = EDGE_CURVE('',#15813,#15785,#15815,.T.);
#15813 = VERTEX_POINT('',#15814);
#15814 = CARTESIAN_POINT('',(-2.,4.85,0.));
#15815 = SURFACE_CURVE('',#15816,(#15820,#15827),.PCURVE_S1.);
#15816 = LINE('',#15817,#15818);
#15817 = CARTESIAN_POINT('',(-2.,4.85,0.));
#15818 = VECTOR('',#15819,1.);
#15819 = DIRECTION('',(-0.970142500145,-0.242535625036,0.));
#15820 = PCURVE('',#15227,#15821);
#15821 = DEFINITIONAL_REPRESENTATION('',(#15822),#15826);
#15822 = LINE('',#15823,#15824);
#15823 = CARTESIAN_POINT('',(-2.,4.849999983289));
#15824 = VECTOR('',#15825,1.);
#15825 = DIRECTION('',(-0.970142500145,-0.242535625036));
#15826 = ( GEOMETRIC_REPRESENTATION_CONTEXT(2) 
PARAMETRIC_REPRESENTATION_CONTEXT() REPRESENTATION_CONTEXT('2D SPACE',''
  ) );
#15827 = PCURVE('',#15828,#15833);
#15828 = PLANE('',#15829);
#15829 = AXIS2_PLACEMENT_3D('',#15830,#15831,#15832);
#15830 = CARTESIAN_POINT('',(-2.,4.85,0.));
#15831 = DIRECTION('',(0.242535625036,-0.970142500145,0.));
#15832 = DIRECTION('',(-0.970142500145,-0.242535625036,0.));
#15833 = DEFINITIONAL_REPRESENTATION('',(#15834),#15838);
#15834 = LINE('',#15835,#15836);
#15835 = CARTESIAN_POINT('',(0.,0.));
#15836 = VECTOR('',#15837,1.);
#15837 = DIRECTION('',(1.,0.));
#15838 = ( GEOMETRIC_REPRESENTATION_CONTEXT(2) 
PARAMETRIC_REPRESENTATION_CONTEXT() REPRESENTATION_CONTEXT('2D SPACE',''
  ) );
#15839 = ORIENTED_EDGE('',*,*,#15840,.F.);
#15840 = EDGE_CURVE('',#15841,#15813,#15843,.T.);
#15841 = VERTEX_POINT('',#15842);
#15842 = CARTESIAN_POINT('',(2.,4.85,0.));
#15843 = SURFACE_CURVE('',#15844,(#15848,#15855),.PCURVE_S1.);
#15844 = LINE('',#15845,#15846);
#15845 = CARTESIAN_POINT('',(2.,4.85,0.));
#15846 = VECTOR('',#15847,1.);
#15847 = DIRECTION('',(-1.,0.,0.));
#15848 = PCURVE('',#15227,#15849);
#15849 = DEFINITIONAL_REPRESENTATION('',(#15850),#15854);
#15850 = LINE('',#15851,#15852);
#15851 = CARTESIAN_POINT('',(2.,4.849999983289));
#15852 = VECTOR('',#15853,1.);
#15853 = DIRECTION('',(-1.,0.));
#15854 = ( GEOMETRIC_REPRESENTATION_CONTEXT(2) 
PARAMETRIC_REPRESENTATION_CONTEXT() REPRESENTATION_CONTEXT('2D SPACE',''
  ) );
#15855 = PCURVE('',#15856,#15861);
#15856 = PLANE('',#15857);
#15857 = AXIS2_PLACEMENT_3D('',#15858,#15859,#15860);
#15858 = CARTESIAN_POINT('',(2.,4.85,0.));
#15859 = DIRECTION('',(0.,-1.,0.));
#15860 = DIRECTION('',(-1.,0.,0.));
#15861 = DEFINITIONAL_REPRESENTATION('',(#15862),#15866);
#15862 = LINE('',#15863,#15864);
#15863 = CARTESIAN_POINT('',(0.,-0.));
#15864 = VECTOR('',#15865,1.);
#15865 = DIRECTION('',(1.,0.));
#15866 = ( GEOMETRIC_REPRESENTATION_CONTEXT(2) 
PARAMETRIC_REPRESENTATION_CONTEXT() REPRESENTATION_CONTEXT('2D SPACE',''
  ) );
#15867 = ORIENTED_EDGE('',*,*,#15868,.F.);
#15868 = EDGE_CURVE('',#15869,#15841,#15871,.T.);
#15869 = VERTEX_POINT('',#15870);
#15870 = CARTESIAN_POINT('',(3.,4.6,0.));
#15871 = SURFACE_CURVE('',#15872,(#15876,#15883),.PCURVE_S1.);
#15872 = LINE('',#15873,#15874);
#15873 = CARTESIAN_POINT('',(3.,4.6,0.));
#15874 = VECTOR('',#15875,1.);
#15875 = DIRECTION('',(-0.970142500145,0.242535625036,0.));
#15876 = PCURVE('',#15227,#15877);
#15877 = DEFINITIONAL_REPRESENTATION('',(#15878),#15882);
#15878 = LINE('',#15879,#15880);
#15879 = CARTESIAN_POINT('',(3.,4.599999983289));
#15880 = VECTOR('',#15881,1.);
#15881 = DIRECTION('',(-0.970142500145,0.242535625036));
#15882 = ( GEOMETRIC_REPRESENTATION_CONTEXT(2) 
PARAMETRIC_REPRESENTATION_CONTEXT() REPRESENTATION_CONTEXT('2D SPACE',''
  ) );
#15883 = PCURVE('',#15884,#15889);
#15884 = PLANE('',#15885);
#15885 = AXIS2_PLACEMENT_3D('',#15886,#15887,#15888);
#15886 = CARTESIAN_POINT('',(3.,4.6,0.));
#15887 = DIRECTION('',(-0.242535625036,-0.970142500145,0.));
#15888 = DIRECTION('',(-0.970142500145,0.242535625036,0.));
#15889 = DEFINITIONAL_REPRESENTATION('',(#15890),#15894);
#15890 = LINE('',#15891,#15892);
#15891 = CARTESIAN_POINT('',(0.,0.));
#15892 = VECTOR('',#15893,1.);
#15893 = DIRECTION('',(1.,0.));
#15894 = ( GEOMETRIC_REPRESENTATION_CONTEXT(2) 
PARAMETRIC_REPRESENTATION_CONTEXT() REPRESENTATION_CONTEXT('2D SPACE',''
  ) );
#15895 = ORIENTED_EDGE('',*,*,#15896,.T.);
#15896 = EDGE_CURVE('',#15869,#15897,#15899,.T.);
#15897 = VERTEX_POINT('',#15898);
#15898 = CARTESIAN_POINT('',(5.,4.600000037658,0.));
#15899 = SURFACE_CURVE('',#15900,(#15904,#15911),.PCURVE_S1.);
#15900 = LINE('',#15901,#15902);
#15901 = CARTESIAN_POINT('',(0.,4.600000041338,0.));
#15902 = VECTOR('',#15903,1.);
#15903 = DIRECTION('',(1.,0.,0.));
#15904 = PCURVE('',#15227,#15905);
#15905 = DEFINITIONAL_REPRESENTATION('',(#15906),#15910);
#15906 = LINE('',#15907,#15908);
#15907 = CARTESIAN_POINT('',(-9.735097992745E-17,4.600000024627));
#15908 = VECTOR('',#15909,1.);
#15909 = DIRECTION('',(1.,0.));
#15910 = ( GEOMETRIC_REPRESENTATION_CONTEXT(2) 
PARAMETRIC_REPRESENTATION_CONTEXT() REPRESENTATION_CONTEXT('2D SPACE',''
  ) );
#15911 = PCURVE('',#15912,#15917);
#15912 = PLANE('',#15913);
#15913 = AXIS2_PLACEMENT_3D('',#15914,#15915,#15916);
#15914 = CARTESIAN_POINT('',(-5.,4.600000041338,0.));
#15915 = DIRECTION('',(0.,1.,0.));
#15916 = DIRECTION('',(1.,0.,0.));
#15917 = DEFINITIONAL_REPRESENTATION('',(#15918),#15922);
#15918 = LINE('',#15919,#15920);
#15919 = CARTESIAN_POINT('',(5.,0.));
#15920 = VECTOR('',#15921,1.);
#15921 = DIRECTION('',(1.,0.));
#15922 = ( GEOMETRIC_REPRESENTATION_CONTEXT(2) 
PARAMETRIC_REPRESENTATION_CONTEXT() REPRESENTATION_CONTEXT('2D SPACE',''
  ) );
#15923 = ORIENTED_EDGE('',*,*,#15924,.F.);
#15924 = EDGE_CURVE('',#15925,#15897,#15927,.T.);
#15925 = VERTEX_POINT('',#15926);
#15926 = CARTESIAN_POINT('',(7.35,2.250000033977,0.));
#15927 = SURFACE_CURVE('',#15928,(#15933,#15940),.PCURVE_S1.);
#15928 = CIRCLE('',#15929,2.35);
#15929 = AXIS2_PLACEMENT_3D('',#15930,#15931,#15932);
#15930 = CARTESIAN_POINT('',(5.,2.250000033977,0.));
#15931 = DIRECTION('',(0.,0.,1.));
#15932 = DIRECTION('',(1.,0.,0.));
#15933 = PCURVE('',#15227,#15934);
#15934 = DEFINITIONAL_REPRESENTATION('',(#15935),#15939);
#15935 = CIRCLE('',#15936,2.35);
#15936 = AXIS2_PLACEMENT_2D('',#15937,#15938);
#15937 = CARTESIAN_POINT('',(5.,2.250000017266));
#15938 = DIRECTION('',(1.,0.));
#15939 = ( GEOMETRIC_REPRESENTATION_CONTEXT(2) 
PARAMETRIC_REPRESENTATION_CONTEXT() REPRESENTATION_CONTEXT('2D SPACE',''
  ) );
#15940 = PCURVE('',#15941,#15946);
#15941 = CYLINDRICAL_SURFACE('',#15942,2.35);
#15942 = AXIS2_PLACEMENT_3D('',#15943,#15944,#15945);
#15943 = CARTESIAN_POINT('',(5.,2.250000033977,0.));
#15944 = DIRECTION('',(-0.,-0.,-1.));
#15945 = DIRECTION('',(1.,0.,0.));
#15946 = DEFINITIONAL_REPRESENTATION('',(#15947),#15951);
#15947 = LINE('',#15948,#15949);
#15948 = CARTESIAN_POINT('',(-0.,0.));
#15949 = VECTOR('',#15950,1.);
#15950 = DIRECTION('',(-1.,0.));
#15951 = ( GEOMETRIC_REPRESENTATION_CONTEXT(2) 
PARAMETRIC_REPRESENTATION_CONTEXT() REPRESENTATION_CONTEXT('2D SPACE',''
  ) );
#15952 = ORIENTED_EDGE('',*,*,#15953,.F.);
#15953 = EDGE_CURVE('',#15954,#15925,#15956,.T.);
#15954 = VERTEX_POINT('',#15955);
#15955 = CARTESIAN_POINT('',(7.35,-2.250000041338,0.));
#15956 = SURFACE_CURVE('',#15957,(#15961,#15968),.PCURVE_S1.);
#15957 = LINE('',#15958,#15959);
#15958 = CARTESIAN_POINT('',(7.35,4.133828435116E-08,0.));
#15959 = VECTOR('',#15960,1.);
#15960 = DIRECTION('',(0.,1.,0.));
#15961 = PCURVE('',#15227,#15962);
#15962 = DEFINITIONAL_REPRESENTATION('',(#15963),#15967);
#15963 = LINE('',#15964,#15965);
#15964 = CARTESIAN_POINT('',(7.35,2.462748039084E-08));
#15965 = VECTOR('',#15966,1.);
#15966 = DIRECTION('',(0.,1.));
#15967 = ( GEOMETRIC_REPRESENTATION_CONTEXT(2) 
PARAMETRIC_REPRESENTATION_CONTEXT() REPRESENTATION_CONTEXT('2D SPACE',''
  ) );
#15968 = PCURVE('',#15969,#15974);
#15969 = PLANE('',#15970);
#15970 = AXIS2_PLACEMENT_3D('',#15971,#15972,#15973);
#15971 = CARTESIAN_POINT('',(7.35,-2.250000041338,0.));
#15972 = DIRECTION('',(-1.,0.,0.));
#15973 = DIRECTION('',(0.,1.,0.));
#15974 = DEFINITIONAL_REPRESENTATION('',(#15975),#15979);
#15975 = LINE('',#15976,#15977);
#15976 = CARTESIAN_POINT('',(2.250000082677,0.));
#15977 = VECTOR('',#15978,1.);
#15978 = DIRECTION('',(1.,0.));
#15979 = ( GEOMETRIC_REPRESENTATION_CONTEXT(2) 
PARAMETRIC_REPRESENTATION_CONTEXT() REPRESENTATION_CONTEXT('2D SPACE',''
  ) );
#15980 = ORIENTED_EDGE('',*,*,#15981,.F.);
#15981 = EDGE_CURVE('',#15982,#15954,#15984,.T.);
#15982 = VERTEX_POINT('',#15983);
#15983 = CARTESIAN_POINT('',(5.,-4.6,0.));
#15984 = SURFACE_CURVE('',#15985,(#15990,#15997),.PCURVE_S1.);
#15985 = CIRCLE('',#15986,2.35);
#15986 = AXIS2_PLACEMENT_3D('',#15987,#15988,#15989);
#15987 = CARTESIAN_POINT('',(5.,-2.250000041338,0.));
#15988 = DIRECTION('',(0.,0.,1.));
#15989 = DIRECTION('',(1.,0.,0.));
#15990 = PCURVE('',#15227,#15991);
#15991 = DEFINITIONAL_REPRESENTATION('',(#15992),#15996);
#15992 = CIRCLE('',#15993,2.35);
#15993 = AXIS2_PLACEMENT_2D('',#15994,#15995);
#15994 = CARTESIAN_POINT('',(5.,-2.250000058049));
#15995 = DIRECTION('',(1.,0.));
#15996 = ( GEOMETRIC_REPRESENTATION_CONTEXT(2) 
PARAMETRIC_REPRESENTATION_CONTEXT() REPRESENTATION_CONTEXT('2D SPACE',''
  ) );
#15997 = PCURVE('',#15998,#16003);
#15998 = CYLINDRICAL_SURFACE('',#15999,2.35);
#15999 = AXIS2_PLACEMENT_3D('',#16000,#16001,#16002);
#16000 = CARTESIAN_POINT('',(5.,-2.250000041338,0.));
#16001 = DIRECTION('',(-0.,-0.,-1.));
#16002 = DIRECTION('',(1.,0.,0.));
#16003 = DEFINITIONAL_REPRESENTATION('',(#16004),#16008);
#16004 = LINE('',#16005,#16006);
#16005 = CARTESIAN_POINT('',(-0.,0.));
#16006 = VECTOR('',#16007,1.);
#16007 = DIRECTION('',(-1.,0.));
#16008 = ( GEOMETRIC_REPRESENTATION_CONTEXT(2) 
PARAMETRIC_REPRESENTATION_CONTEXT() REPRESENTATION_CONTEXT('2D SPACE',''
  ) );
#16009 = ORIENTED_EDGE('',*,*,#16010,.F.);
#16010 = EDGE_CURVE('',#16011,#15982,#16013,.T.);
#16011 = VERTEX_POINT('',#16012);
#16012 = CARTESIAN_POINT('',(3.,-4.6,0.));
#16013 = SURFACE_CURVE('',#16014,(#16018,#16025),.PCURVE_S1.);
#16014 = LINE('',#16015,#16016);
#16015 = CARTESIAN_POINT('',(0.,-4.599999958662,0.));
#16016 = VECTOR('',#16017,1.);
#16017 = DIRECTION('',(1.,0.,0.));
#16018 = PCURVE('',#15227,#16019);
#16019 = DEFINITIONAL_REPRESENTATION('',(#16020),#16024);
#16020 = LINE('',#16021,#16022);
#16021 = CARTESIAN_POINT('',(-9.735097992745E-17,-4.599999975373));
#16022 = VECTOR('',#16023,1.);
#16023 = DIRECTION('',(1.,0.));
#16024 = ( GEOMETRIC_REPRESENTATION_CONTEXT(2) 
PARAMETRIC_REPRESENTATION_CONTEXT() REPRESENTATION_CONTEXT('2D SPACE',''
  ) );
#16025 = PCURVE('',#16026,#16031);
#16026 = PLANE('',#16027);
#16027 = AXIS2_PLACEMENT_3D('',#16028,#16029,#16030);
#16028 = CARTESIAN_POINT('',(-5.,-4.599999958662,0.));
#16029 = DIRECTION('',(0.,1.,0.));
#16030 = DIRECTION('',(1.,0.,0.));
#16031 = DEFINITIONAL_REPRESENTATION('',(#16032),#16036);
#16032 = LINE('',#16033,#16034);
#16033 = CARTESIAN_POINT('',(5.,0.));
#16034 = VECTOR('',#16035,1.);
#16035 = DIRECTION('',(1.,0.));
#16036 = ( GEOMETRIC_REPRESENTATION_CONTEXT(2) 
PARAMETRIC_REPRESENTATION_CONTEXT() REPRESENTATION_CONTEXT('2D SPACE',''
  ) );
#16037 = ORIENTED_EDGE('',*,*,#16038,.F.);
#16038 = EDGE_CURVE('',#16039,#16011,#16041,.T.);
#16039 = VERTEX_POINT('',#16040);
#16040 = CARTESIAN_POINT('',(2.,-4.85,0.));
#16041 = SURFACE_CURVE('',#16042,(#16046,#16053),.PCURVE_S1.);
#16042 = LINE('',#16043,#16044);
#16043 = CARTESIAN_POINT('',(2.,-4.85,0.));
#16044 = VECTOR('',#16045,1.);
#16045 = DIRECTION('',(0.970142500145,0.242535625036,0.));
#16046 = PCURVE('',#15227,#16047);
#16047 = DEFINITIONAL_REPRESENTATION('',(#16048),#16052);
#16048 = LINE('',#16049,#16050);
#16049 = CARTESIAN_POINT('',(2.,-4.850000016711));
#16050 = VECTOR('',#16051,1.);
#16051 = DIRECTION('',(0.970142500145,0.242535625036));
#16052 = ( GEOMETRIC_REPRESENTATION_CONTEXT(2) 
PARAMETRIC_REPRESENTATION_CONTEXT() REPRESENTATION_CONTEXT('2D SPACE',''
  ) );
#16053 = PCURVE('',#16054,#16059);
#16054 = PLANE('',#16055);
#16055 = AXIS2_PLACEMENT_3D('',#16056,#16057,#16058);
#16056 = CARTESIAN_POINT('',(2.,-4.85,0.));
#16057 = DIRECTION('',(-0.242535625036,0.970142500145,0.));
#16058 = DIRECTION('',(0.970142500145,0.242535625036,0.));
#16059 = DEFINITIONAL_REPRESENTATION('',(#16060),#16064);
#16060 = LINE('',#16061,#16062);
#16061 = CARTESIAN_POINT('',(0.,0.));
#16062 = VECTOR('',#16063,1.);
#16063 = DIRECTION('',(1.,0.));
#16064 = ( GEOMETRIC_REPRESENTATION_CONTEXT(2) 
PARAMETRIC_REPRESENTATION_CONTEXT() REPRESENTATION_CONTEXT('2D SPACE',''
  ) );
#16065 = ORIENTED_EDGE('',*,*,#16066,.F.);
#16066 = EDGE_CURVE('',#16067,#16039,#16069,.T.);
#16067 = VERTEX_POINT('',#16068);
#16068 = CARTESIAN_POINT('',(-2.,-4.85,0.));
#16069 = SURFACE_CURVE('',#16070,(#16074,#16081),.PCURVE_S1.);
#16070 = LINE('',#16071,#16072);
#16071 = CARTESIAN_POINT('',(-2.,-4.85,0.));
#16072 = VECTOR('',#16073,1.);
#16073 = DIRECTION('',(1.,-1.224646799147E-16,0.));
#16074 = PCURVE('',#15227,#16075);
#16075 = DEFINITIONAL_REPRESENTATION('',(#16076),#16080);
#16076 = LINE('',#16077,#16078);
#16077 = CARTESIAN_POINT('',(-2.,-4.850000016711));
#16078 = VECTOR('',#16079,1.);
#16079 = DIRECTION('',(1.,-1.224646799147E-16));
#16080 = ( GEOMETRIC_REPRESENTATION_CONTEXT(2) 
PARAMETRIC_REPRESENTATION_CONTEXT() REPRESENTATION_CONTEXT('2D SPACE',''
  ) );
#16081 = PCURVE('',#16082,#16087);
#16082 = PLANE('',#16083);
#16083 = AXIS2_PLACEMENT_3D('',#16084,#16085,#16086);
#16084 = CARTESIAN_POINT('',(-2.,-4.85,0.));
#16085 = DIRECTION('',(1.224646799147E-16,1.,0.));
#16086 = DIRECTION('',(1.,-1.224646799147E-16,0.));
#16087 = DEFINITIONAL_REPRESENTATION('',(#16088),#16092);
#16088 = LINE('',#16089,#16090);
#16089 = CARTESIAN_POINT('',(0.,-0.));
#16090 = VECTOR('',#16091,1.);
#16091 = DIRECTION('',(1.,0.));
#16092 = ( GEOMETRIC_REPRESENTATION_CONTEXT(2) 
PARAMETRIC_REPRESENTATION_CONTEXT() REPRESENTATION_CONTEXT('2D SPACE',''
  ) );
#16093 = ORIENTED_EDGE('',*,*,#16094,.F.);
#16094 = EDGE_CURVE('',#16095,#16067,#16097,.T.);
#16095 = VERTEX_POINT('',#16096);
#16096 = CARTESIAN_POINT('',(-3.,-4.6,0.));
#16097 = SURFACE_CURVE('',#16098,(#16102,#16109),.PCURVE_S1.);
#16098 = LINE('',#16099,#16100);
#16099 = CARTESIAN_POINT('',(-3.,-4.6,0.));
#16100 = VECTOR('',#16101,1.);
#16101 = DIRECTION('',(0.970142500145,-0.242535625036,0.));
#16102 = PCURVE('',#15227,#16103);
#16103 = DEFINITIONAL_REPRESENTATION('',(#16104),#16108);
#16104 = LINE('',#16105,#16106);
#16105 = CARTESIAN_POINT('',(-3.,-4.600000016711));
#16106 = VECTOR('',#16107,1.);
#16107 = DIRECTION('',(0.970142500145,-0.242535625036));
#16108 = ( GEOMETRIC_REPRESENTATION_CONTEXT(2) 
PARAMETRIC_REPRESENTATION_CONTEXT() REPRESENTATION_CONTEXT('2D SPACE',''
  ) );
#16109 = PCURVE('',#16110,#16115);
#16110 = PLANE('',#16111);
#16111 = AXIS2_PLACEMENT_3D('',#16112,#16113,#16114);
#16112 = CARTESIAN_POINT('',(-3.,-4.6,0.));
#16113 = DIRECTION('',(0.242535625036,0.970142500145,0.));
#16114 = DIRECTION('',(0.970142500145,-0.242535625036,0.));
#16115 = DEFINITIONAL_REPRESENTATION('',(#16116),#16120);
#16116 = LINE('',#16117,#16118);
#16117 = CARTESIAN_POINT('',(0.,0.));
#16118 = VECTOR('',#16119,1.);
#16119 = DIRECTION('',(1.,0.));
#16120 = ( GEOMETRIC_REPRESENTATION_CONTEXT(2) 
PARAMETRIC_REPRESENTATION_CONTEXT() REPRESENTATION_CONTEXT('2D SPACE',''
  ) );
#16121 = ORIENTED_EDGE('',*,*,#16122,.F.);
#16122 = EDGE_CURVE('',#15699,#16095,#16123,.T.);
#16123 = SURFACE_CURVE('',#16124,(#16128,#16135),.PCURVE_S1.);
#16124 = LINE('',#16125,#16126);
#16125 = CARTESIAN_POINT('',(0.,-4.599999958662,0.));
#16126 = VECTOR('',#16127,1.);
#16127 = DIRECTION('',(1.,0.,0.));
#16128 = PCURVE('',#15227,#16129);
#16129 = DEFINITIONAL_REPRESENTATION('',(#16130),#16134);
#16130 = LINE('',#16131,#16132);
#16131 = CARTESIAN_POINT('',(-9.735097992745E-17,-4.599999975373));
#16132 = VECTOR('',#16133,1.);
#16133 = DIRECTION('',(1.,0.));
#16134 = ( GEOMETRIC_REPRESENTATION_CONTEXT(2) 
PARAMETRIC_REPRESENTATION_CONTEXT() REPRESENTATION_CONTEXT('2D SPACE',''
  ) );
#16135 = PCURVE('',#16136,#16141);
#16136 = PLANE('',#16137);
#16137 = AXIS2_PLACEMENT_3D('',#16138,#16139,#16140);
#16138 = CARTESIAN_POINT('',(-5.,-4.599999958662,0.));
#16139 = DIRECTION('',(0.,1.,0.));
#16140 = DIRECTION('',(1.,0.,0.));
#16141 = DEFINITIONAL_REPRESENTATION('',(#16142),#16146);
#16142 = LINE('',#16143,#16144);
#16143 = CARTESIAN_POINT('',(5.,0.));
#16144 = VECTOR('',#16145,1.);
#16145 = DIRECTION('',(1.,0.));
#16146 = ( GEOMETRIC_REPRESENTATION_CONTEXT(2) 
PARAMETRIC_REPRESENTATION_CONTEXT() REPRESENTATION_CONTEXT('2D SPACE',''
  ) );
#16147 = ADVANCED_FACE('',(#16148),#15336,.F.);
#16148 = FACE_BOUND('',#16149,.F.);
#16149 = EDGE_LOOP('',(#16150,#16151,#16152,#16175));
#16150 = ORIENTED_EDGE('',*,*,#15320,.T.);
#16151 = ORIENTED_EDGE('',*,*,#15563,.T.);
#16152 = ORIENTED_EDGE('',*,*,#16153,.F.);
#16153 = EDGE_CURVE('',#16154,#15564,#16156,.T.);
#16154 = VERTEX_POINT('',#16155);
#16155 = CARTESIAN_POINT('',(5.5,-6.25,-1.1));
#16156 = SURFACE_CURVE('',#16157,(#16161,#16168),.PCURVE_S1.);
#16157 = LINE('',#16158,#16159);
#16158 = CARTESIAN_POINT('',(5.5,-6.25,-1.1));
#16159 = VECTOR('',#16160,1.);
#16160 = DIRECTION('',(0.,0.,1.));
#16161 = PCURVE('',#15336,#16162);
#16162 = DEFINITIONAL_REPRESENTATION('',(#16163),#16167);
#16163 = LINE('',#16164,#16165);
#16164 = CARTESIAN_POINT('',(11.,0.));
#16165 = VECTOR('',#16166,1.);
#16166 = DIRECTION('',(0.,-1.));
#16167 = ( GEOMETRIC_REPRESENTATION_CONTEXT(2) 
PARAMETRIC_REPRESENTATION_CONTEXT() REPRESENTATION_CONTEXT('2D SPACE',''
  ) );
#16168 = PCURVE('',#15603,#16169);
#16169 = DEFINITIONAL_REPRESENTATION('',(#16170),#16174);
#16170 = LINE('',#16171,#16172);
#16171 = CARTESIAN_POINT('',(-4.712388980385,0.));
#16172 = VECTOR('',#16173,1.);
#16173 = DIRECTION('',(-0.,-1.));
#16174 = ( GEOMETRIC_REPRESENTATION_CONTEXT(2) 
PARAMETRIC_REPRESENTATION_CONTEXT() REPRESENTATION_CONTEXT('2D SPACE',''
  ) );
#16175 = ORIENTED_EDGE('',*,*,#16176,.F.);
#16176 = EDGE_CURVE('',#15321,#16154,#16177,.T.);
#16177 = SURFACE_CURVE('',#16178,(#16182,#16189),.PCURVE_S1.);
#16178 = LINE('',#16179,#16180);
#16179 = CARTESIAN_POINT('',(0.,-6.249999953914,-1.1));
#16180 = VECTOR('',#16181,1.);
#16181 = DIRECTION('',(1.,0.,0.));
#16182 = PCURVE('',#15336,#16183);
#16183 = DEFINITIONAL_REPRESENTATION('',(#16184),#16188);
#16184 = LINE('',#16185,#16186);
#16185 = CARTESIAN_POINT('',(5.5,0.));
#16186 = VECTOR('',#16187,1.);
#16187 = DIRECTION('',(1.,0.));
#16188 = ( GEOMETRIC_REPRESENTATION_CONTEXT(2) 
PARAMETRIC_REPRESENTATION_CONTEXT() REPRESENTATION_CONTEXT('2D SPACE',''
  ) );
#16189 = PCURVE('',#16190,#16195);
#16190 = PLANE('',#16191);
#16191 = AXIS2_PLACEMENT_3D('',#16192,#16193,#16194);
#16192 = CARTESIAN_POINT('',(0.,-6.249999953914,-1.1));
#16193 = DIRECTION('',(0.,-0.707106778871,-0.707106783502));
#16194 = DIRECTION('',(1.,0.,0.));
#16195 = DEFINITIONAL_REPRESENTATION('',(#16196),#16200);
#16196 = LINE('',#16197,#16198);
#16197 = CARTESIAN_POINT('',(0.,0.));
#16198 = VECTOR('',#16199,1.);
#16199 = DIRECTION('',(1.,0.));
#16200 = ( GEOMETRIC_REPRESENTATION_CONTEXT(2) 
PARAMETRIC_REPRESENTATION_CONTEXT() REPRESENTATION_CONTEXT('2D SPACE',''
  ) );
#16201 = ADVANCED_FACE('',(#16202),#15363,.T.);
#16202 = FACE_BOUND('',#16203,.T.);
#16203 = EDGE_LOOP('',(#16204,#16228,#16247,#16248));
#16204 = ORIENTED_EDGE('',*,*,#16205,.F.);
#16205 = EDGE_CURVE('',#16206,#15488,#16208,.T.);
#16206 = VERTEX_POINT('',#16207);
#16207 = CARTESIAN_POINT('',(-5.5,-5.85,-1.5));
#16208 = SURFACE_CURVE('',#16209,(#16214,#16221),.PCURVE_S1.);
#16209 = CIRCLE('',#16210,3.1);
#16210 = AXIS2_PLACEMENT_3D('',#16211,#16212,#16213);
#16211 = CARTESIAN_POINT('',(-5.5,-2.750000048707,-1.5));
#16212 = DIRECTION('',(0.,0.,-1.));
#16213 = DIRECTION('',(-1.,0.,0.));
#16214 = PCURVE('',#15363,#16215);
#16215 = DEFINITIONAL_REPRESENTATION('',(#16216),#16220);
#16216 = LINE('',#16217,#16218);
#16217 = CARTESIAN_POINT('',(6.28318530718,0.));
#16218 = VECTOR('',#16219,1.);
#16219 = DIRECTION('',(-1.,0.));
#16220 = ( GEOMETRIC_REPRESENTATION_CONTEXT(2) 
PARAMETRIC_REPRESENTATION_CONTEXT() REPRESENTATION_CONTEXT('2D SPACE',''
  ) );
#16221 = PCURVE('',#15505,#16222);
#16222 = DEFINITIONAL_REPRESENTATION('',(#16223),#16227);
#16223 = CIRCLE('',#16224,3.1);
#16224 = AXIS2_PLACEMENT_2D('',#16225,#16226);
#16225 = CARTESIAN_POINT('',(0.,0.));
#16226 = DIRECTION('',(1.,0.));
#16227 = ( GEOMETRIC_REPRESENTATION_CONTEXT(2) 
PARAMETRIC_REPRESENTATION_CONTEXT() REPRESENTATION_CONTEXT('2D SPACE',''
  ) );
#16228 = ORIENTED_EDGE('',*,*,#16229,.T.);
#16229 = EDGE_CURVE('',#16206,#15321,#16230,.T.);
#16230 = SURFACE_CURVE('',#16231,(#16234,#16241),.PCURVE_S1.);
#16231 = B_SPLINE_CURVE_WITH_KNOTS('',1,(#16232,#16233),.UNSPECIFIED.,
  .F.,.F.,(2,2),(0.,1.),.PIECEWISE_BEZIER_KNOTS.);
#16232 = CARTESIAN_POINT('',(-5.5,-5.850000048707,-1.5));
#16233 = CARTESIAN_POINT('',(-5.5,-6.250000046086,-1.1));
#16234 = PCURVE('',#15363,#16235);
#16235 = DEFINITIONAL_REPRESENTATION('',(#16236),#16240);
#16236 = LINE('',#16237,#16238);
#16237 = CARTESIAN_POINT('',(1.570796326795,0.));
#16238 = VECTOR('',#16239,1.);
#16239 = DIRECTION('',(0.,1.));
#16240 = ( GEOMETRIC_REPRESENTATION_CONTEXT(2) 
PARAMETRIC_REPRESENTATION_CONTEXT() REPRESENTATION_CONTEXT('2D SPACE',''
  ) );
#16241 = PCURVE('',#16190,#16242);
#16242 = DEFINITIONAL_REPRESENTATION('',(#16243),#16246);
#16243 = B_SPLINE_CURVE_WITH_KNOTS('',1,(#16244,#16245),.UNSPECIFIED.,
  .F.,.F.,(2,2),(0.,1.),.PIECEWISE_BEZIER_KNOTS.);
#16244 = CARTESIAN_POINT('',(-5.5,-0.56568535792));
#16245 = CARTESIAN_POINT('',(-5.5,6.517615247503E-08));
#16246 = ( GEOMETRIC_REPRESENTATION_CONTEXT(2) 
PARAMETRIC_REPRESENTATION_CONTEXT() REPRESENTATION_CONTEXT('2D SPACE',''
  ) );
#16247 = ORIENTED_EDGE('',*,*,#15348,.F.);
#16248 = ORIENTED_EDGE('',*,*,#15517,.F.);
#16249 = ADVANCED_FACE('',(#16250),#15409,.T.);
#16250 = FACE_BOUND('',#16251,.T.);
#16251 = EDGE_LOOP('',(#16252,#16253,#16254,#16277));
#16252 = ORIENTED_EDGE('',*,*,#15391,.T.);
#16253 = ORIENTED_EDGE('',*,*,#15672,.T.);
#16254 = ORIENTED_EDGE('',*,*,#16255,.F.);
#16255 = EDGE_CURVE('',#16256,#15644,#16258,.T.);
#16256 = VERTEX_POINT('',#16257);
#16257 = CARTESIAN_POINT('',(5.5,6.250000043058,-1.1));
#16258 = SURFACE_CURVE('',#16259,(#16263,#16270),.PCURVE_S1.);
#16259 = LINE('',#16260,#16261);
#16260 = CARTESIAN_POINT('',(5.5,6.250000043058,-1.1));
#16261 = VECTOR('',#16262,1.);
#16262 = DIRECTION('',(0.,0.,1.));
#16263 = PCURVE('',#15409,#16264);
#16264 = DEFINITIONAL_REPRESENTATION('',(#16265),#16269);
#16265 = LINE('',#16266,#16267);
#16266 = CARTESIAN_POINT('',(11.,0.));
#16267 = VECTOR('',#16268,1.);
#16268 = DIRECTION('',(0.,-1.));
#16269 = ( GEOMETRIC_REPRESENTATION_CONTEXT(2) 
PARAMETRIC_REPRESENTATION_CONTEXT() REPRESENTATION_CONTEXT('2D SPACE',''
  ) );
#16270 = PCURVE('',#15660,#16271);
#16271 = DEFINITIONAL_REPRESENTATION('',(#16272),#16276);
#16272 = LINE('',#16273,#16274);
#16273 = CARTESIAN_POINT('',(-1.570796326795,0.));
#16274 = VECTOR('',#16275,1.);
#16275 = DIRECTION('',(-0.,-1.));
#16276 = ( GEOMETRIC_REPRESENTATION_CONTEXT(2) 
PARAMETRIC_REPRESENTATION_CONTEXT() REPRESENTATION_CONTEXT('2D SPACE',''
  ) );
#16277 = ORIENTED_EDGE('',*,*,#16278,.F.);
#16278 = EDGE_CURVE('',#15392,#16256,#16279,.T.);
#16279 = SURFACE_CURVE('',#16280,(#16284,#16291),.PCURVE_S1.);
#16280 = LINE('',#16281,#16282);
#16281 = CARTESIAN_POINT('',(0.,6.250000046086,-1.1));
#16282 = VECTOR('',#16283,1.);
#16283 = DIRECTION('',(1.,0.,0.));
#16284 = PCURVE('',#15409,#16285);
#16285 = DEFINITIONAL_REPRESENTATION('',(#16286),#16290);
#16286 = LINE('',#16287,#16288);
#16287 = CARTESIAN_POINT('',(5.5,0.));
#16288 = VECTOR('',#16289,1.);
#16289 = DIRECTION('',(1.,0.));
#16290 = ( GEOMETRIC_REPRESENTATION_CONTEXT(2) 
PARAMETRIC_REPRESENTATION_CONTEXT() REPRESENTATION_CONTEXT('2D SPACE',''
  ) );
#16291 = PCURVE('',#16292,#16297);
#16292 = PLANE('',#16293);
#16293 = AXIS2_PLACEMENT_3D('',#16294,#16295,#16296);
#16294 = CARTESIAN_POINT('',(0.,6.250000046086,-1.1));
#16295 = DIRECTION('',(0.,0.707106783502,-0.707106778871));
#16296 = DIRECTION('',(-1.,0.,-0.));
#16297 = DEFINITIONAL_REPRESENTATION('',(#16298),#16302);
#16298 = LINE('',#16299,#16300);
#16299 = CARTESIAN_POINT('',(0.,0.));
#16300 = VECTOR('',#16301,1.);
#16301 = DIRECTION('',(-1.,0.));
#16302 = ( GEOMETRIC_REPRESENTATION_CONTEXT(2) 
PARAMETRIC_REPRESENTATION_CONTEXT() REPRESENTATION_CONTEXT('2D SPACE',''
  ) );
#16303 = ADVANCED_FACE('',(#16304),#15459,.T.);
#16304 = FACE_BOUND('',#16305,.T.);
#16305 = EDGE_LOOP('',(#16306,#16330,#16331,#16332));
#16306 = ORIENTED_EDGE('',*,*,#16307,.F.);
#16307 = EDGE_CURVE('',#15490,#16308,#16310,.T.);
#16308 = VERTEX_POINT('',#16309);
#16309 = CARTESIAN_POINT('',(-5.5,5.849999999792,-1.5));
#16310 = SURFACE_CURVE('',#16311,(#16316,#16323),.PCURVE_S1.);
#16311 = CIRCLE('',#16312,3.1);
#16312 = AXIS2_PLACEMENT_3D('',#16313,#16314,#16315);
#16313 = CARTESIAN_POINT('',(-5.5,2.749999950877,-1.5));
#16314 = DIRECTION('',(0.,0.,-1.));
#16315 = DIRECTION('',(-1.,0.,0.));
#16316 = PCURVE('',#15459,#16317);
#16317 = DEFINITIONAL_REPRESENTATION('',(#16318),#16322);
#16318 = LINE('',#16319,#16320);
#16319 = CARTESIAN_POINT('',(6.28318530718,0.));
#16320 = VECTOR('',#16321,1.);
#16321 = DIRECTION('',(-1.,0.));
#16322 = ( GEOMETRIC_REPRESENTATION_CONTEXT(2) 
PARAMETRIC_REPRESENTATION_CONTEXT() REPRESENTATION_CONTEXT('2D SPACE',''
  ) );
#16323 = PCURVE('',#15505,#16324);
#16324 = DEFINITIONAL_REPRESENTATION('',(#16325),#16329);
#16325 = CIRCLE('',#16326,3.1);
#16326 = AXIS2_PLACEMENT_2D('',#16327,#16328);
#16327 = CARTESIAN_POINT('',(0.,5.499999999583));
#16328 = DIRECTION('',(1.,0.));
#16329 = ( GEOMETRIC_REPRESENTATION_CONTEXT(2) 
PARAMETRIC_REPRESENTATION_CONTEXT() REPRESENTATION_CONTEXT('2D SPACE',''
  ) );
#16330 = ORIENTED_EDGE('',*,*,#15538,.T.);
#16331 = ORIENTED_EDGE('',*,*,#15444,.F.);
#16332 = ORIENTED_EDGE('',*,*,#16333,.F.);
#16333 = EDGE_CURVE('',#16308,#15392,#16334,.T.);
#16334 = SURFACE_CURVE('',#16335,(#16338,#16345),.PCURVE_S1.);
#16335 = B_SPLINE_CURVE_WITH_KNOTS('',1,(#16336,#16337),.UNSPECIFIED.,
  .F.,.F.,(2,2),(0.,1.),.PIECEWISE_BEZIER_KNOTS.);
#16336 = CARTESIAN_POINT('',(-5.5,5.849999999792,-1.5));
#16337 = CARTESIAN_POINT('',(-5.5,6.250000043058,-1.1));
#16338 = PCURVE('',#15459,#16339);
#16339 = DEFINITIONAL_REPRESENTATION('',(#16340),#16344);
#16340 = LINE('',#16341,#16342);
#16341 = CARTESIAN_POINT('',(4.712388980385,0.));
#16342 = VECTOR('',#16343,1.);
#16343 = DIRECTION('',(0.,1.));
#16344 = ( GEOMETRIC_REPRESENTATION_CONTEXT(2) 
PARAMETRIC_REPRESENTATION_CONTEXT() REPRESENTATION_CONTEXT('2D SPACE',''
  ) );
#16345 = PCURVE('',#16292,#16346);
#16346 = DEFINITIONAL_REPRESENTATION('',(#16347),#16350);
#16347 = B_SPLINE_CURVE_WITH_KNOTS('',1,(#16348,#16349),.UNSPECIFIED.,
  .F.,.F.,(2,2),(0.,1.),.PIECEWISE_BEZIER_KNOTS.);
#16348 = CARTESIAN_POINT('',(5.5,-0.565685457685));
#16349 = CARTESIAN_POINT('',(5.5,-2.141141930423E-09));
#16350 = ( GEOMETRIC_REPRESENTATION_CONTEXT(2) 
PARAMETRIC_REPRESENTATION_CONTEXT() REPRESENTATION_CONTEXT('2D SPACE',''
  ) );
#16351 = ADVANCED_FACE('',(#16352),#15505,.T.);
#16352 = FACE_BOUND('',#16353,.F.);
#16353 = EDGE_LOOP('',(#16354,#16355,#16356,#16379,#16422,#16450,#16493,
    #16514));
#16354 = ORIENTED_EDGE('',*,*,#15487,.F.);
#16355 = ORIENTED_EDGE('',*,*,#16205,.F.);
#16356 = ORIENTED_EDGE('',*,*,#16357,.T.);
#16357 = EDGE_CURVE('',#16206,#16358,#16360,.T.);
#16358 = VERTEX_POINT('',#16359);
#16359 = CARTESIAN_POINT('',(5.5,-5.85,-1.5));
#16360 = SURFACE_CURVE('',#16361,(#16365,#16372),.PCURVE_S1.);
#16361 = LINE('',#16362,#16363);
#16362 = CARTESIAN_POINT('',(0.,-5.849999951293,-1.5));
#16363 = VECTOR('',#16364,1.);
#16364 = DIRECTION('',(1.,0.,0.));
#16365 = PCURVE('',#15505,#16366);
#16366 = DEFINITIONAL_REPRESENTATION('',(#16367),#16371);
#16367 = LINE('',#16368,#16369);
#16368 = CARTESIAN_POINT('',(-5.5,-3.099999902587));
#16369 = VECTOR('',#16370,1.);
#16370 = DIRECTION('',(-1.,0.));
#16371 = ( GEOMETRIC_REPRESENTATION_CONTEXT(2) 
PARAMETRIC_REPRESENTATION_CONTEXT() REPRESENTATION_CONTEXT('2D SPACE',''
  ) );
#16372 = PCURVE('',#16190,#16373);
#16373 = DEFINITIONAL_REPRESENTATION('',(#16374),#16378);
#16374 = LINE('',#16375,#16376);
#16375 = CARTESIAN_POINT('',(0.,-0.565685426802));
#16376 = VECTOR('',#16377,1.);
#16377 = DIRECTION('',(1.,0.));
#16378 = ( GEOMETRIC_REPRESENTATION_CONTEXT(2) 
PARAMETRIC_REPRESENTATION_CONTEXT() REPRESENTATION_CONTEXT('2D SPACE',''
  ) );
#16379 = ORIENTED_EDGE('',*,*,#16380,.F.);
#16380 = EDGE_CURVE('',#16381,#16358,#16383,.T.);
#16381 = VERTEX_POINT('',#16382);
#16382 = CARTESIAN_POINT('',(8.6,-2.750000048707,-1.5));
#16383 = SURFACE_CURVE('',#16384,(#16389,#16396),.PCURVE_S1.);
#16384 = CIRCLE('',#16385,3.1);
#16385 = AXIS2_PLACEMENT_3D('',#16386,#16387,#16388);
#16386 = CARTESIAN_POINT('',(5.5,-2.750000048707,-1.5));
#16387 = DIRECTION('',(0.,0.,-1.));
#16388 = DIRECTION('',(-1.,0.,0.));
#16389 = PCURVE('',#15505,#16390);
#16390 = DEFINITIONAL_REPRESENTATION('',(#16391),#16395);
#16391 = CIRCLE('',#16392,3.1);
#16392 = AXIS2_PLACEMENT_2D('',#16393,#16394);
#16393 = CARTESIAN_POINT('',(-11.,0.));
#16394 = DIRECTION('',(1.,0.));
#16395 = ( GEOMETRIC_REPRESENTATION_CONTEXT(2) 
PARAMETRIC_REPRESENTATION_CONTEXT() REPRESENTATION_CONTEXT('2D SPACE',''
  ) );
#16396 = PCURVE('',#16397,#16416);
#16397 = B_SPLINE_SURFACE_WITH_KNOTS('',8,1,(
    (#16398,#16399)
    ,(#16400,#16401)
    ,(#16402,#16403)
    ,(#16404,#16405)
    ,(#16406,#16407)
    ,(#16408,#16409)
    ,(#16410,#16411)
    ,(#16412,#16413)
    ,(#16414,#16415
    )),.UNSPECIFIED.,.F.,.F.,.F.,(9,9),(2,2),(1.570796326795,
    3.14159265359),(0.,1.),.PIECEWISE_BEZIER_KNOTS.);
#16398 = CARTESIAN_POINT('',(5.5,-5.850000048707,-1.5));
#16399 = CARTESIAN_POINT('',(5.5,-6.250000046086,-1.1));
#16400 = CARTESIAN_POINT('',(6.108683576633,-5.850000048706,-1.5));
#16401 = CARTESIAN_POINT('',(6.187223392973,-6.250000046086,-1.1));
#16402 = CARTESIAN_POINT('',(6.717367344863,-5.713411602927,-1.5));
#16403 = CARTESIAN_POINT('',(6.874447002265,-6.095787284723,-1.1));
#16404 = CARTESIAN_POINT('',(7.290291026439,-5.440236052908,-1.5));
#16405 = CARTESIAN_POINT('',(7.521296320172,-5.787363276636,-1.1));
#16406 = CARTESIAN_POINT('',(7.791702142918,-5.041702191625,-1.5));
#16407 = CARTESIAN_POINT('',(8.08740564523,-5.337405691317,-1.1));
#16408 = CARTESIAN_POINT('',(8.190236004201,-4.540291075145,-1.5));
#16409 = CARTESIAN_POINT('',(8.53736323055,-4.771296366259,-1.1));
#16410 = CARTESIAN_POINT('',(8.46341155422,-3.96736739357,-1.5));
#16411 = CARTESIAN_POINT('',(8.845787238636,-4.124447048351,-1.1));
#16412 = CARTESIAN_POINT('',(8.6,-3.35868362534,-1.5));
#16413 = CARTESIAN_POINT('',(9.,-3.437223439059,-1.1));
#16414 = CARTESIAN_POINT('',(8.6,-2.750000048707,-1.5));
#16415 = CARTESIAN_POINT('',(9.,-2.750000046087,-1.1));
#16416 = DEFINITIONAL_REPRESENTATION('',(#16417),#16421);
#16417 = LINE('',#16418,#16419);
#16418 = CARTESIAN_POINT('',(6.28318530718,0.));
#16419 = VECTOR('',#16420,1.);
#16420 = DIRECTION('',(-1.,0.));
#16421 = ( GEOMETRIC_REPRESENTATION_CONTEXT(2) 
PARAMETRIC_REPRESENTATION_CONTEXT() REPRESENTATION_CONTEXT('2D SPACE',''
  ) );
#16422 = ORIENTED_EDGE('',*,*,#16423,.T.);
#16423 = EDGE_CURVE('',#16381,#16424,#16426,.T.);
#16424 = VERTEX_POINT('',#16425);
#16425 = CARTESIAN_POINT('',(8.6,2.749999950877,-1.5));
#16426 = SURFACE_CURVE('',#16427,(#16431,#16438),.PCURVE_S1.);
#16427 = LINE('',#16428,#16429);
#16428 = CARTESIAN_POINT('',(8.6,4.870656766798E-08,-1.5));
#16429 = VECTOR('',#16430,1.);
#16430 = DIRECTION('',(0.,1.,0.));
#16431 = PCURVE('',#15505,#16432);
#16432 = DEFINITIONAL_REPRESENTATION('',(#16433),#16437);
#16433 = LINE('',#16434,#16435);
#16434 = CARTESIAN_POINT('',(-14.1,2.750000097413));
#16435 = VECTOR('',#16436,1.);
#16436 = DIRECTION('',(0.,1.));
#16437 = ( GEOMETRIC_REPRESENTATION_CONTEXT(2) 
PARAMETRIC_REPRESENTATION_CONTEXT() REPRESENTATION_CONTEXT('2D SPACE',''
  ) );
#16438 = PCURVE('',#16439,#16444);
#16439 = B_SPLINE_SURFACE_WITH_KNOTS('',1,1,(
    (#16440,#16441)
    ,(#16442,#16443
    )),.UNSPECIFIED.,.F.,.F.,.F.,(2,2),(2,2),(-2.750000092173,
    2.749999993944),(0.,1.),.PIECEWISE_BEZIER_KNOTS.);
#16440 = CARTESIAN_POINT('',(8.6,-2.750000048707,-1.5));
#16441 = CARTESIAN_POINT('',(9.,-2.750000046086,-1.1));
#16442 = CARTESIAN_POINT('',(8.6,2.749999950877,-1.5));
#16443 = CARTESIAN_POINT('',(9.,2.75000004003,-1.1));
#16444 = DEFINITIONAL_REPRESENTATION('',(#16445),#16449);
#16445 = LINE('',#16446,#16447);
#16446 = CARTESIAN_POINT('',(0.,0.));
#16447 = VECTOR('',#16448,1.);
#16448 = DIRECTION('',(1.,0.));
#16449 = ( GEOMETRIC_REPRESENTATION_CONTEXT(2) 
PARAMETRIC_REPRESENTATION_CONTEXT() REPRESENTATION_CONTEXT('2D SPACE',''
  ) );
#16450 = ORIENTED_EDGE('',*,*,#16451,.F.);
#16451 = EDGE_CURVE('',#16452,#16424,#16454,.T.);
#16452 = VERTEX_POINT('',#16453);
#16453 = CARTESIAN_POINT('',(5.5,5.849999999792,-1.5));
#16454 = SURFACE_CURVE('',#16455,(#16460,#16467),.PCURVE_S1.);
#16455 = CIRCLE('',#16456,3.1);
#16456 = AXIS2_PLACEMENT_3D('',#16457,#16458,#16459);
#16457 = CARTESIAN_POINT('',(5.5,2.749999950877,-1.5));
#16458 = DIRECTION('',(0.,0.,-1.));
#16459 = DIRECTION('',(-1.,0.,0.));
#16460 = PCURVE('',#15505,#16461);
#16461 = DEFINITIONAL_REPRESENTATION('',(#16462),#16466);
#16462 = CIRCLE('',#16463,3.1);
#16463 = AXIS2_PLACEMENT_2D('',#16464,#16465);
#16464 = CARTESIAN_POINT('',(-11.,5.499999999583));
#16465 = DIRECTION('',(1.,0.));
#16466 = ( GEOMETRIC_REPRESENTATION_CONTEXT(2) 
PARAMETRIC_REPRESENTATION_CONTEXT() REPRESENTATION_CONTEXT('2D SPACE',''
  ) );
#16467 = PCURVE('',#16468,#16487);
#16468 = B_SPLINE_SURFACE_WITH_KNOTS('',8,1,(
    (#16469,#16470)
    ,(#16471,#16472)
    ,(#16473,#16474)
    ,(#16475,#16476)
    ,(#16477,#16478)
    ,(#16479,#16480)
    ,(#16481,#16482)
    ,(#16483,#16484)
    ,(#16485,#16486
    )),.UNSPECIFIED.,.F.,.F.,.F.,(9,9),(2,2),(3.14159265359,
    4.712388980385),(0.,1.),.PIECEWISE_BEZIER_KNOTS.);
#16469 = CARTESIAN_POINT('',(8.6,2.749999950877,-1.5));
#16470 = CARTESIAN_POINT('',(9.,2.75000004003,-1.1));
#16471 = CARTESIAN_POINT('',(8.6,3.35868352751,-1.5));
#16472 = CARTESIAN_POINT('',(9.,3.437223433003,-1.1));
#16473 = CARTESIAN_POINT('',(8.463411554221,3.96736729574,-1.5));
#16474 = CARTESIAN_POINT('',(8.845787238636,4.124447042295,-1.1));
#16475 = CARTESIAN_POINT('',(8.190236004201,4.540290977315,-1.5));
#16476 = CARTESIAN_POINT('',(8.53736323055,4.771296360203,-1.1));
#16477 = CARTESIAN_POINT('',(7.791702142918,5.041702093795,-1.5));
#16478 = CARTESIAN_POINT('',(8.08740564523,5.33740568526,-1.1));
#16479 = CARTESIAN_POINT('',(7.290291026438,5.440235955078,-1.5));
#16480 = CARTESIAN_POINT('',(7.521296320173,5.787363270581,-1.1));
#16481 = CARTESIAN_POINT('',(6.717367344863,5.713411505097,-1.5));
#16482 = CARTESIAN_POINT('',(6.874447002265,6.095787278666,-1.1));
#16483 = CARTESIAN_POINT('',(6.108683576633,5.849999950877,-1.5));
#16484 = CARTESIAN_POINT('',(6.187223392973,6.25000004003,-1.1));
#16485 = CARTESIAN_POINT('',(5.5,5.849999950877,-1.5));
#16486 = CARTESIAN_POINT('',(5.5,6.25000004003,-1.1));
#16487 = DEFINITIONAL_REPRESENTATION('',(#16488),#16492);
#16488 = LINE('',#16489,#16490);
#16489 = CARTESIAN_POINT('',(6.28318530718,0.));
#16490 = VECTOR('',#16491,1.);
#16491 = DIRECTION('',(-1.,0.));
#16492 = ( GEOMETRIC_REPRESENTATION_CONTEXT(2) 
PARAMETRIC_REPRESENTATION_CONTEXT() REPRESENTATION_CONTEXT('2D SPACE',''
  ) );
#16493 = ORIENTED_EDGE('',*,*,#16494,.F.);
#16494 = EDGE_CURVE('',#16308,#16452,#16495,.T.);
#16495 = SURFACE_CURVE('',#16496,(#16500,#16507),.PCURVE_S1.);
#16496 = LINE('',#16497,#16498);
#16497 = CARTESIAN_POINT('',(0.,5.850000048707,-1.5));
#16498 = VECTOR('',#16499,1.);
#16499 = DIRECTION('',(1.,0.,0.));
#16500 = PCURVE('',#15505,#16501);
#16501 = DEFINITIONAL_REPRESENTATION('',(#16502),#16506);
#16502 = LINE('',#16503,#16504);
#16503 = CARTESIAN_POINT('',(-5.5,8.600000097413));
#16504 = VECTOR('',#16505,1.);
#16505 = DIRECTION('',(-1.,0.));
#16506 = ( GEOMETRIC_REPRESENTATION_CONTEXT(2) 
PARAMETRIC_REPRESENTATION_CONTEXT() REPRESENTATION_CONTEXT('2D SPACE',''
  ) );
#16507 = PCURVE('',#16292,#16508);
#16508 = DEFINITIONAL_REPRESENTATION('',(#16509),#16513);
#16509 = LINE('',#16510,#16511);
#16510 = CARTESIAN_POINT('',(0.,-0.565685423097));
#16511 = VECTOR('',#16512,1.);
#16512 = DIRECTION('',(-1.,0.));
#16513 = ( GEOMETRIC_REPRESENTATION_CONTEXT(2) 
PARAMETRIC_REPRESENTATION_CONTEXT() REPRESENTATION_CONTEXT('2D SPACE',''
  ) );
#16514 = ORIENTED_EDGE('',*,*,#16307,.F.);
#16515 = ADVANCED_FACE('',(#16516),#15603,.T.);
#16516 = FACE_BOUND('',#16517,.F.);
#16517 = EDGE_LOOP('',(#16518,#16519,#16520,#16543));
#16518 = ORIENTED_EDGE('',*,*,#16153,.T.);
#16519 = ORIENTED_EDGE('',*,*,#15586,.T.);
#16520 = ORIENTED_EDGE('',*,*,#16521,.F.);
#16521 = EDGE_CURVE('',#16522,#15587,#16524,.T.);
#16522 = VERTEX_POINT('',#16523);
#16523 = CARTESIAN_POINT('',(9.,-2.750000046086,-1.1));
#16524 = SURFACE_CURVE('',#16525,(#16529,#16536),.PCURVE_S1.);
#16525 = LINE('',#16526,#16527);
#16526 = CARTESIAN_POINT('',(9.,-2.750000046086,-1.1));
#16527 = VECTOR('',#16528,1.);
#16528 = DIRECTION('',(0.,0.,1.));
#16529 = PCURVE('',#15603,#16530);
#16530 = DEFINITIONAL_REPRESENTATION('',(#16531),#16535);
#16531 = LINE('',#16532,#16533);
#16532 = CARTESIAN_POINT('',(-6.28318530718,0.));
#16533 = VECTOR('',#16534,1.);
#16534 = DIRECTION('',(-0.,-1.));
#16535 = ( GEOMETRIC_REPRESENTATION_CONTEXT(2) 
PARAMETRIC_REPRESENTATION_CONTEXT() REPRESENTATION_CONTEXT('2D SPACE',''
  ) );
#16536 = PCURVE('',#15631,#16537);
#16537 = DEFINITIONAL_REPRESENTATION('',(#16538),#16542);
#16538 = LINE('',#16539,#16540);
#16539 = CARTESIAN_POINT('',(-4.440892098501E-16,0.));
#16540 = VECTOR('',#16541,1.);
#16541 = DIRECTION('',(0.,-1.));
#16542 = ( GEOMETRIC_REPRESENTATION_CONTEXT(2) 
PARAMETRIC_REPRESENTATION_CONTEXT() REPRESENTATION_CONTEXT('2D SPACE',''
  ) );
#16543 = ORIENTED_EDGE('',*,*,#16544,.F.);
#16544 = EDGE_CURVE('',#16154,#16522,#16545,.T.);
#16545 = SURFACE_CURVE('',#16546,(#16551,#16558),.PCURVE_S1.);
#16546 = CIRCLE('',#16547,3.5);
#16547 = AXIS2_PLACEMENT_3D('',#16548,#16549,#16550);
#16548 = CARTESIAN_POINT('',(5.5,-2.750000046086,-1.1));
#16549 = DIRECTION('',(0.,0.,1.));
#16550 = DIRECTION('',(1.,0.,0.));
#16551 = PCURVE('',#15603,#16552);
#16552 = DEFINITIONAL_REPRESENTATION('',(#16553),#16557);
#16553 = LINE('',#16554,#16555);
#16554 = CARTESIAN_POINT('',(-0.,0.));
#16555 = VECTOR('',#16556,1.);
#16556 = DIRECTION('',(-1.,0.));
#16557 = ( GEOMETRIC_REPRESENTATION_CONTEXT(2) 
PARAMETRIC_REPRESENTATION_CONTEXT() REPRESENTATION_CONTEXT('2D SPACE',''
  ) );
#16558 = PCURVE('',#16397,#16559);
#16559 = DEFINITIONAL_REPRESENTATION('',(#16560),#16563);
#16560 = B_SPLINE_CURVE_WITH_KNOTS('',1,(#16561,#16562),.UNSPECIFIED.,
  .F.,.F.,(2,2),(4.712388980385,6.28318530718),
  .PIECEWISE_BEZIER_KNOTS.);
#16561 = CARTESIAN_POINT('',(1.570796326795,1.));
#16562 = CARTESIAN_POINT('',(3.14159265359,1.));
#16563 = ( GEOMETRIC_REPRESENTATION_CONTEXT(2) 
PARAMETRIC_REPRESENTATION_CONTEXT() REPRESENTATION_CONTEXT('2D SPACE',''
  ) );
#16564 = ADVANCED_FACE('',(#16565),#15660,.T.);
#16565 = FACE_BOUND('',#16566,.F.);
#16566 = EDGE_LOOP('',(#16567,#16590,#16591,#16592));
#16567 = ORIENTED_EDGE('',*,*,#16568,.T.);
#16568 = EDGE_CURVE('',#16569,#15616,#16571,.T.);
#16569 = VERTEX_POINT('',#16570);
#16570 = CARTESIAN_POINT('',(9.,2.75000004003,-1.1));
#16571 = SURFACE_CURVE('',#16572,(#16576,#16583),.PCURVE_S1.);
#16572 = LINE('',#16573,#16574);
#16573 = CARTESIAN_POINT('',(9.,2.75000004003,-1.1));
#16574 = VECTOR('',#16575,1.);
#16575 = DIRECTION('',(0.,0.,1.));
#16576 = PCURVE('',#15660,#16577);
#16577 = DEFINITIONAL_REPRESENTATION('',(#16578),#16582);
#16578 = LINE('',#16579,#16580);
#16579 = CARTESIAN_POINT('',(-0.,0.));
#16580 = VECTOR('',#16581,1.);
#16581 = DIRECTION('',(-0.,-1.));
#16582 = ( GEOMETRIC_REPRESENTATION_CONTEXT(2) 
PARAMETRIC_REPRESENTATION_CONTEXT() REPRESENTATION_CONTEXT('2D SPACE',''
  ) );
#16583 = PCURVE('',#15631,#16584);
#16584 = DEFINITIONAL_REPRESENTATION('',(#16585),#16589);
#16585 = LINE('',#16586,#16587);
#16586 = CARTESIAN_POINT('',(5.500000086117,0.));
#16587 = VECTOR('',#16588,1.);
#16588 = DIRECTION('',(0.,-1.));
#16589 = ( GEOMETRIC_REPRESENTATION_CONTEXT(2) 
PARAMETRIC_REPRESENTATION_CONTEXT() REPRESENTATION_CONTEXT('2D SPACE',''
  ) );
#16590 = ORIENTED_EDGE('',*,*,#15643,.T.);
#16591 = ORIENTED_EDGE('',*,*,#16255,.F.);
#16592 = ORIENTED_EDGE('',*,*,#16593,.F.);
#16593 = EDGE_CURVE('',#16569,#16256,#16594,.T.);
#16594 = SURFACE_CURVE('',#16595,(#16600,#16607),.PCURVE_S1.);
#16595 = CIRCLE('',#16596,3.5);
#16596 = AXIS2_PLACEMENT_3D('',#16597,#16598,#16599);
#16597 = CARTESIAN_POINT('',(5.5,2.75000004003,-1.1));
#16598 = DIRECTION('',(0.,0.,1.));
#16599 = DIRECTION('',(1.,0.,0.));
#16600 = PCURVE('',#15660,#16601);
#16601 = DEFINITIONAL_REPRESENTATION('',(#16602),#16606);
#16602 = LINE('',#16603,#16604);
#16603 = CARTESIAN_POINT('',(-0.,0.));
#16604 = VECTOR('',#16605,1.);
#16605 = DIRECTION('',(-1.,0.));
#16606 = ( GEOMETRIC_REPRESENTATION_CONTEXT(2) 
PARAMETRIC_REPRESENTATION_CONTEXT() REPRESENTATION_CONTEXT('2D SPACE',''
  ) );
#16607 = PCURVE('',#16468,#16608);
#16608 = DEFINITIONAL_REPRESENTATION('',(#16609),#16612);
#16609 = B_SPLINE_CURVE_WITH_KNOTS('',1,(#16610,#16611),.UNSPECIFIED.,
  .F.,.F.,(2,2),(0.,1.570796326795),.PIECEWISE_BEZIER_KNOTS.);
#16610 = CARTESIAN_POINT('',(3.14159265359,1.));
#16611 = CARTESIAN_POINT('',(4.712388980385,1.));
#16612 = ( GEOMETRIC_REPRESENTATION_CONTEXT(2) 
PARAMETRIC_REPRESENTATION_CONTEXT() REPRESENTATION_CONTEXT('2D SPACE',''
  ) );
#16613 = ADVANCED_FACE('',(#16614),#15631,.F.);
#16614 = FACE_BOUND('',#16615,.F.);
#16615 = EDGE_LOOP('',(#16616,#16617,#16618,#16619));
#16616 = ORIENTED_EDGE('',*,*,#16521,.T.);
#16617 = ORIENTED_EDGE('',*,*,#15615,.T.);
#16618 = ORIENTED_EDGE('',*,*,#16568,.F.);
#16619 = ORIENTED_EDGE('',*,*,#16620,.F.);
#16620 = EDGE_CURVE('',#16522,#16569,#16621,.T.);
#16621 = SURFACE_CURVE('',#16622,(#16626,#16633),.PCURVE_S1.);
#16622 = LINE('',#16623,#16624);
#16623 = CARTESIAN_POINT('',(9.,4.608649817328E-08,-1.1));
#16624 = VECTOR('',#16625,1.);
#16625 = DIRECTION('',(0.,1.,0.));
#16626 = PCURVE('',#15631,#16627);
#16627 = DEFINITIONAL_REPRESENTATION('',(#16628),#16632);
#16628 = LINE('',#16629,#16630);
#16629 = CARTESIAN_POINT('',(2.750000092173,0.));
#16630 = VECTOR('',#16631,1.);
#16631 = DIRECTION('',(1.,0.));
#16632 = ( GEOMETRIC_REPRESENTATION_CONTEXT(2) 
PARAMETRIC_REPRESENTATION_CONTEXT() REPRESENTATION_CONTEXT('2D SPACE',''
  ) );
#16633 = PCURVE('',#16439,#16634);
#16634 = DEFINITIONAL_REPRESENTATION('',(#16635),#16638);
#16635 = B_SPLINE_CURVE_WITH_KNOTS('',1,(#16636,#16637),.UNSPECIFIED.,
  .F.,.F.,(2,2),(-2.750000092173,2.749999993944),
  .PIECEWISE_BEZIER_KNOTS.);
#16636 = CARTESIAN_POINT('',(-2.750000092173,1.));
#16637 = CARTESIAN_POINT('',(2.749999993944,1.));
#16638 = ( GEOMETRIC_REPRESENTATION_CONTEXT(2) 
PARAMETRIC_REPRESENTATION_CONTEXT() REPRESENTATION_CONTEXT('2D SPACE',''
  ) );
#16639 = ADVANCED_FACE('',(#16640),#15715,.T.);
#16640 = FACE_BOUND('',#16641,.F.);
#16641 = EDGE_LOOP('',(#16642,#16665,#16707,#16728));
#16642 = ORIENTED_EDGE('',*,*,#16643,.T.);
#16643 = EDGE_CURVE('',#15697,#16644,#16646,.T.);
#16644 = VERTEX_POINT('',#16645);
#16645 = CARTESIAN_POINT('',(-7.35,-2.250000041338,2.));
#16646 = SURFACE_CURVE('',#16647,(#16651,#16658),.PCURVE_S1.);
#16647 = LINE('',#16648,#16649);
#16648 = CARTESIAN_POINT('',(-7.35,-2.250000041338,0.));
#16649 = VECTOR('',#16650,1.);
#16650 = DIRECTION('',(0.,0.,1.));
#16651 = PCURVE('',#15715,#16652);
#16652 = DEFINITIONAL_REPRESENTATION('',(#16653),#16657);
#16653 = LINE('',#16654,#16655);
#16654 = CARTESIAN_POINT('',(-3.14159265359,0.));
#16655 = VECTOR('',#16656,1.);
#16656 = DIRECTION('',(-0.,-1.));
#16657 = ( GEOMETRIC_REPRESENTATION_CONTEXT(2) 
PARAMETRIC_REPRESENTATION_CONTEXT() REPRESENTATION_CONTEXT('2D SPACE',''
  ) );
#16658 = PCURVE('',#15743,#16659);
#16659 = DEFINITIONAL_REPRESENTATION('',(#16660),#16664);
#16660 = LINE('',#16661,#16662);
#16661 = CARTESIAN_POINT('',(4.440892098501E-16,0.));
#16662 = VECTOR('',#16663,1.);
#16663 = DIRECTION('',(0.,-1.));
#16664 = ( GEOMETRIC_REPRESENTATION_CONTEXT(2) 
PARAMETRIC_REPRESENTATION_CONTEXT() REPRESENTATION_CONTEXT('2D SPACE',''
  ) );
#16665 = ORIENTED_EDGE('',*,*,#16666,.T.);
#16666 = EDGE_CURVE('',#16644,#16667,#16669,.T.);
#16667 = VERTEX_POINT('',#16668);
#16668 = CARTESIAN_POINT('',(-5.,-4.6,2.));
#16669 = SURFACE_CURVE('',#16670,(#16675,#16682),.PCURVE_S1.);
#16670 = CIRCLE('',#16671,2.35);
#16671 = AXIS2_PLACEMENT_3D('',#16672,#16673,#16674);
#16672 = CARTESIAN_POINT('',(-5.,-2.250000041338,2.));
#16673 = DIRECTION('',(0.,0.,1.));
#16674 = DIRECTION('',(1.,0.,0.));
#16675 = PCURVE('',#15715,#16676);
#16676 = DEFINITIONAL_REPRESENTATION('',(#16677),#16681);
#16677 = LINE('',#16678,#16679);
#16678 = CARTESIAN_POINT('',(-0.,-2.));
#16679 = VECTOR('',#16680,1.);
#16680 = DIRECTION('',(-1.,0.));
#16681 = ( GEOMETRIC_REPRESENTATION_CONTEXT(2) 
PARAMETRIC_REPRESENTATION_CONTEXT() REPRESENTATION_CONTEXT('2D SPACE',''
  ) );
#16682 = PCURVE('',#16683,#16702);
#16683 = B_SPLINE_SURFACE_WITH_KNOTS('',8,1,(
    (#16684,#16685)
    ,(#16686,#16687)
    ,(#16688,#16689)
    ,(#16690,#16691)
    ,(#16692,#16693)
    ,(#16694,#16695)
    ,(#16696,#16697)
    ,(#16698,#16699)
    ,(#16700,#16701
    )),.UNSPECIFIED.,.F.,.F.,.F.,(9,9),(2,2),(3.14159265359,
    4.712388980385),(0.,1.),.PIECEWISE_BEZIER_KNOTS.);
#16684 = CARTESIAN_POINT('',(-7.35,-2.250000041338,2.));
#16685 = CARTESIAN_POINT('',(-6.95,-2.250000045491,2.4));
#16686 = CARTESIAN_POINT('',(-7.35,-2.711421462334,2.));
#16687 = CARTESIAN_POINT('',(-6.95,-2.632881650147,2.4));
#16688 = CARTESIAN_POINT('',(-7.246457145941,-3.172843028573,2.));
#16689 = CARTESIAN_POINT('',(-6.864081461526,-3.015763375324,2.4));
#16690 = CARTESIAN_POINT('',(-7.039372454797,-3.607156142025,2.));
#16691 = CARTESIAN_POINT('',(-6.692245228449,-3.376150852444,2.4));
#16692 = CARTESIAN_POINT('',(-6.737258076083,-3.987258117421,2.));
#16693 = CARTESIAN_POINT('',(-6.441554573771,-3.691554619261,2.4));
#16694 = CARTESIAN_POINT('',(-6.357156100687,-4.289372496136,2.));
#16695 = CARTESIAN_POINT('',(-6.126150806953,-3.94224527394,2.4));
#16696 = CARTESIAN_POINT('',(-5.922842987235,-4.49645718728,2.));
#16697 = CARTESIAN_POINT('',(-5.765763329833,-4.114081507016,2.4));
#16698 = CARTESIAN_POINT('',(-5.461421420996,-4.600000041338,2.));
#16699 = CARTESIAN_POINT('',(-5.382881604656,-4.200000045491,2.4));
#16700 = CARTESIAN_POINT('',(-5.,-4.600000041338,2.));
#16701 = CARTESIAN_POINT('',(-5.,-4.200000045491,2.4));
#16702 = DEFINITIONAL_REPRESENTATION('',(#16703),#16706);
#16703 = B_SPLINE_CURVE_WITH_KNOTS('',1,(#16704,#16705),.UNSPECIFIED.,
  .F.,.F.,(2,2),(3.14159265359,4.712388980385),
  .PIECEWISE_BEZIER_KNOTS.);
#16704 = CARTESIAN_POINT('',(3.14159265359,0.));
#16705 = CARTESIAN_POINT('',(4.712388980385,0.));
#16706 = ( GEOMETRIC_REPRESENTATION_CONTEXT(2) 
PARAMETRIC_REPRESENTATION_CONTEXT() REPRESENTATION_CONTEXT('2D SPACE',''
  ) );
#16707 = ORIENTED_EDGE('',*,*,#16708,.F.);
#16708 = EDGE_CURVE('',#15699,#16667,#16709,.T.);
#16709 = SURFACE_CURVE('',#16710,(#16714,#16721),.PCURVE_S1.);
#16710 = LINE('',#16711,#16712);
#16711 = CARTESIAN_POINT('',(-5.,-4.6,0.));
#16712 = VECTOR('',#16713,1.);
#16713 = DIRECTION('',(0.,0.,1.));
#16714 = PCURVE('',#15715,#16715);
#16715 = DEFINITIONAL_REPRESENTATION('',(#16716),#16720);
#16716 = LINE('',#16717,#16718);
#16717 = CARTESIAN_POINT('',(-4.712388980385,0.));
#16718 = VECTOR('',#16719,1.);
#16719 = DIRECTION('',(-0.,-1.));
#16720 = ( GEOMETRIC_REPRESENTATION_CONTEXT(2) 
PARAMETRIC_REPRESENTATION_CONTEXT() REPRESENTATION_CONTEXT('2D SPACE',''
  ) );
#16721 = PCURVE('',#16136,#16722);
#16722 = DEFINITIONAL_REPRESENTATION('',(#16723),#16727);
#16723 = LINE('',#16724,#16725);
#16724 = CARTESIAN_POINT('',(0.,0.));
#16725 = VECTOR('',#16726,1.);
#16726 = DIRECTION('',(0.,-1.));
#16727 = ( GEOMETRIC_REPRESENTATION_CONTEXT(2) 
PARAMETRIC_REPRESENTATION_CONTEXT() REPRESENTATION_CONTEXT('2D SPACE',''
  ) );
#16728 = ORIENTED_EDGE('',*,*,#15696,.F.);
#16729 = ADVANCED_FACE('',(#16730),#16136,.F.);
#16730 = FACE_BOUND('',#16731,.F.);
#16731 = EDGE_LOOP('',(#16732,#16733,#16734,#16762));
#16732 = ORIENTED_EDGE('',*,*,#16122,.F.);
#16733 = ORIENTED_EDGE('',*,*,#16708,.T.);
#16734 = ORIENTED_EDGE('',*,*,#16735,.T.);
#16735 = EDGE_CURVE('',#16667,#16736,#16738,.T.);
#16736 = VERTEX_POINT('',#16737);
#16737 = CARTESIAN_POINT('',(-3.,-4.6,2.));
#16738 = SURFACE_CURVE('',#16739,(#16743,#16750),.PCURVE_S1.);
#16739 = LINE('',#16740,#16741);
#16740 = CARTESIAN_POINT('',(0.,-4.599999958662,2.));
#16741 = VECTOR('',#16742,1.);
#16742 = DIRECTION('',(1.,0.,0.));
#16743 = PCURVE('',#16136,#16744);
#16744 = DEFINITIONAL_REPRESENTATION('',(#16745),#16749);
#16745 = LINE('',#16746,#16747);
#16746 = CARTESIAN_POINT('',(5.,-2.));
#16747 = VECTOR('',#16748,1.);
#16748 = DIRECTION('',(1.,0.));
#16749 = ( GEOMETRIC_REPRESENTATION_CONTEXT(2) 
PARAMETRIC_REPRESENTATION_CONTEXT() REPRESENTATION_CONTEXT('2D SPACE',''
  ) );
#16750 = PCURVE('',#16751,#16756);
#16751 = PLANE('',#16752);
#16752 = AXIS2_PLACEMENT_3D('',#16753,#16754,#16755);
#16753 = CARTESIAN_POINT('',(4.440892098501E-16,-4.199999954509,2.4));
#16754 = DIRECTION('',(0.,-0.707106777516,0.707106784857));
#16755 = DIRECTION('',(1.,0.,0.));
#16756 = DEFINITIONAL_REPRESENTATION('',(#16757),#16761);
#16757 = LINE('',#16758,#16759);
#16758 = CARTESIAN_POINT('',(-4.440892098501E-16,-0.565685427885));
#16759 = VECTOR('',#16760,1.);
#16760 = DIRECTION('',(1.,0.));
#16761 = ( GEOMETRIC_REPRESENTATION_CONTEXT(2) 
PARAMETRIC_REPRESENTATION_CONTEXT() REPRESENTATION_CONTEXT('2D SPACE',''
  ) );
#16762 = ORIENTED_EDGE('',*,*,#16763,.F.);
#16763 = EDGE_CURVE('',#16095,#16736,#16764,.T.);
#16764 = SURFACE_CURVE('',#16765,(#16769,#16776),.PCURVE_S1.);
#16765 = LINE('',#16766,#16767);
#16766 = CARTESIAN_POINT('',(-3.,-4.6,0.));
#16767 = VECTOR('',#16768,1.);
#16768 = DIRECTION('',(0.,0.,1.));
#16769 = PCURVE('',#16136,#16770);
#16770 = DEFINITIONAL_REPRESENTATION('',(#16771),#16775);
#16771 = LINE('',#16772,#16773);
#16772 = CARTESIAN_POINT('',(2.,0.));
#16773 = VECTOR('',#16774,1.);
#16774 = DIRECTION('',(0.,-1.));
#16775 = ( GEOMETRIC_REPRESENTATION_CONTEXT(2) 
PARAMETRIC_REPRESENTATION_CONTEXT() REPRESENTATION_CONTEXT('2D SPACE',''
  ) );
#16776 = PCURVE('',#16110,#16777);
#16777 = DEFINITIONAL_REPRESENTATION('',(#16778),#16782);
#16778 = LINE('',#16779,#16780);
#16779 = CARTESIAN_POINT('',(0.,0.));
#16780 = VECTOR('',#16781,1.);
#16781 = DIRECTION('',(0.,-1.));
#16782 = ( GEOMETRIC_REPRESENTATION_CONTEXT(2) 
PARAMETRIC_REPRESENTATION_CONTEXT() REPRESENTATION_CONTEXT('2D SPACE',''
  ) );
#16783 = ADVANCED_FACE('',(#16784),#16110,.F.);
#16784 = FACE_BOUND('',#16785,.F.);
#16785 = EDGE_LOOP('',(#16786,#16787,#16815,#16836));
#16786 = ORIENTED_EDGE('',*,*,#16763,.T.);
#16787 = ORIENTED_EDGE('',*,*,#16788,.T.);
#16788 = EDGE_CURVE('',#16736,#16789,#16791,.T.);
#16789 = VERTEX_POINT('',#16790);
#16790 = CARTESIAN_POINT('',(-2.,-4.85,2.));
#16791 = SURFACE_CURVE('',#16792,(#16796,#16803),.PCURVE_S1.);
#16792 = LINE('',#16793,#16794);
#16793 = CARTESIAN_POINT('',(-3.,-4.6,2.));
#16794 = VECTOR('',#16795,1.);
#16795 = DIRECTION('',(0.970142500145,-0.242535625036,0.));
#16796 = PCURVE('',#16110,#16797);
#16797 = DEFINITIONAL_REPRESENTATION('',(#16798),#16802);
#16798 = LINE('',#16799,#16800);
#16799 = CARTESIAN_POINT('',(0.,-2.));
#16800 = VECTOR('',#16801,1.);
#16801 = DIRECTION('',(1.,0.));
#16802 = ( GEOMETRIC_REPRESENTATION_CONTEXT(2) 
PARAMETRIC_REPRESENTATION_CONTEXT() REPRESENTATION_CONTEXT('2D SPACE',''
  ) );
#16803 = PCURVE('',#16804,#16809);
#16804 = PLANE('',#16805);
#16805 = AXIS2_PLACEMENT_3D('',#16806,#16807,#16808);
#16806 = CARTESIAN_POINT('',(5.639530862856E-18,-4.704272983845,2.));
#16807 = DIRECTION('',(0.,0.,1.));
#16808 = DIRECTION('',(-1.,1.224646799147E-16,0.));
#16809 = DEFINITIONAL_REPRESENTATION('',(#16810),#16814);
#16810 = LINE('',#16811,#16812);
#16811 = CARTESIAN_POINT('',(3.,-0.104272983845));
#16812 = VECTOR('',#16813,1.);
#16813 = DIRECTION('',(-0.970142500145,0.242535625036));
#16814 = ( GEOMETRIC_REPRESENTATION_CONTEXT(2) 
PARAMETRIC_REPRESENTATION_CONTEXT() REPRESENTATION_CONTEXT('2D SPACE',''
  ) );
#16815 = ORIENTED_EDGE('',*,*,#16816,.F.);
#16816 = EDGE_CURVE('',#16067,#16789,#16817,.T.);
#16817 = SURFACE_CURVE('',#16818,(#16822,#16829),.PCURVE_S1.);
#16818 = LINE('',#16819,#16820);
#16819 = CARTESIAN_POINT('',(-2.,-4.85,0.));
#16820 = VECTOR('',#16821,1.);
#16821 = DIRECTION('',(0.,0.,1.));
#16822 = PCURVE('',#16110,#16823);
#16823 = DEFINITIONAL_REPRESENTATION('',(#16824),#16828);
#16824 = LINE('',#16825,#16826);
#16825 = CARTESIAN_POINT('',(1.030776406404,0.));
#16826 = VECTOR('',#16827,1.);
#16827 = DIRECTION('',(0.,-1.));
#16828 = ( GEOMETRIC_REPRESENTATION_CONTEXT(2) 
PARAMETRIC_REPRESENTATION_CONTEXT() REPRESENTATION_CONTEXT('2D SPACE',''
  ) );
#16829 = PCURVE('',#16082,#16830);
#16830 = DEFINITIONAL_REPRESENTATION('',(#16831),#16835);
#16831 = LINE('',#16832,#16833);
#16832 = CARTESIAN_POINT('',(0.,-0.));
#16833 = VECTOR('',#16834,1.);
#16834 = DIRECTION('',(0.,-1.));
#16835 = ( GEOMETRIC_REPRESENTATION_CONTEXT(2) 
PARAMETRIC_REPRESENTATION_CONTEXT() REPRESENTATION_CONTEXT('2D SPACE',''
  ) );
#16836 = ORIENTED_EDGE('',*,*,#16094,.F.);
#16837 = ADVANCED_FACE('',(#16838),#16082,.F.);
#16838 = FACE_BOUND('',#16839,.F.);
#16839 = EDGE_LOOP('',(#16840,#16841,#16864,#16885));
#16840 = ORIENTED_EDGE('',*,*,#16816,.T.);
#16841 = ORIENTED_EDGE('',*,*,#16842,.T.);
#16842 = EDGE_CURVE('',#16789,#16843,#16845,.T.);
#16843 = VERTEX_POINT('',#16844);
#16844 = CARTESIAN_POINT('',(2.,-4.85,2.));
#16845 = SURFACE_CURVE('',#16846,(#16850,#16857),.PCURVE_S1.);
#16846 = LINE('',#16847,#16848);
#16847 = CARTESIAN_POINT('',(-2.,-4.85,2.));
#16848 = VECTOR('',#16849,1.);
#16849 = DIRECTION('',(1.,-1.224646799147E-16,0.));
#16850 = PCURVE('',#16082,#16851);
#16851 = DEFINITIONAL_REPRESENTATION('',(#16852),#16856);
#16852 = LINE('',#16853,#16854);
#16853 = CARTESIAN_POINT('',(0.,-2.));
#16854 = VECTOR('',#16855,1.);
#16855 = DIRECTION('',(1.,0.));
#16856 = ( GEOMETRIC_REPRESENTATION_CONTEXT(2) 
PARAMETRIC_REPRESENTATION_CONTEXT() REPRESENTATION_CONTEXT('2D SPACE',''
  ) );
#16857 = PCURVE('',#16804,#16858);
#16858 = DEFINITIONAL_REPRESENTATION('',(#16859),#16863);
#16859 = LINE('',#16860,#16861);
#16860 = CARTESIAN_POINT('',(2.,0.145727016155));
#16861 = VECTOR('',#16862,1.);
#16862 = DIRECTION('',(-1.,0.));
#16863 = ( GEOMETRIC_REPRESENTATION_CONTEXT(2) 
PARAMETRIC_REPRESENTATION_CONTEXT() REPRESENTATION_CONTEXT('2D SPACE',''
  ) );
#16864 = ORIENTED_EDGE('',*,*,#16865,.F.);
#16865 = EDGE_CURVE('',#16039,#16843,#16866,.T.);
#16866 = SURFACE_CURVE('',#16867,(#16871,#16878),.PCURVE_S1.);
#16867 = LINE('',#16868,#16869);
#16868 = CARTESIAN_POINT('',(2.,-4.85,0.));
#16869 = VECTOR('',#16870,1.);
#16870 = DIRECTION('',(0.,0.,1.));
#16871 = PCURVE('',#16082,#16872);
#16872 = DEFINITIONAL_REPRESENTATION('',(#16873),#16877);
#16873 = LINE('',#16874,#16875);
#16874 = CARTESIAN_POINT('',(4.,0.));
#16875 = VECTOR('',#16876,1.);
#16876 = DIRECTION('',(0.,-1.));
#16877 = ( GEOMETRIC_REPRESENTATION_CONTEXT(2) 
PARAMETRIC_REPRESENTATION_CONTEXT() REPRESENTATION_CONTEXT('2D SPACE',''
  ) );
#16878 = PCURVE('',#16054,#16879);
#16879 = DEFINITIONAL_REPRESENTATION('',(#16880),#16884);
#16880 = LINE('',#16881,#16882);
#16881 = CARTESIAN_POINT('',(0.,0.));
#16882 = VECTOR('',#16883,1.);
#16883 = DIRECTION('',(0.,-1.));
#16884 = ( GEOMETRIC_REPRESENTATION_CONTEXT(2) 
PARAMETRIC_REPRESENTATION_CONTEXT() REPRESENTATION_CONTEXT('2D SPACE',''
  ) );
#16885 = ORIENTED_EDGE('',*,*,#16066,.F.);
#16886 = ADVANCED_FACE('',(#16887),#16054,.F.);
#16887 = FACE_BOUND('',#16888,.F.);
#16888 = EDGE_LOOP('',(#16889,#16890,#16913,#16934));
#16889 = ORIENTED_EDGE('',*,*,#16865,.T.);
#16890 = ORIENTED_EDGE('',*,*,#16891,.T.);
#16891 = EDGE_CURVE('',#16843,#16892,#16894,.T.);
#16892 = VERTEX_POINT('',#16893);
#16893 = CARTESIAN_POINT('',(3.,-4.6,2.));
#16894 = SURFACE_CURVE('',#16895,(#16899,#16906),.PCURVE_S1.);
#16895 = LINE('',#16896,#16897);
#16896 = CARTESIAN_POINT('',(2.,-4.85,2.));
#16897 = VECTOR('',#16898,1.);
#16898 = DIRECTION('',(0.970142500145,0.242535625036,0.));
#16899 = PCURVE('',#16054,#16900);
#16900 = DEFINITIONAL_REPRESENTATION('',(#16901),#16905);
#16901 = LINE('',#16902,#16903);
#16902 = CARTESIAN_POINT('',(0.,-2.));
#16903 = VECTOR('',#16904,1.);
#16904 = DIRECTION('',(1.,0.));
#16905 = ( GEOMETRIC_REPRESENTATION_CONTEXT(2) 
PARAMETRIC_REPRESENTATION_CONTEXT() REPRESENTATION_CONTEXT('2D SPACE',''
  ) );
#16906 = PCURVE('',#16804,#16907);
#16907 = DEFINITIONAL_REPRESENTATION('',(#16908),#16912);
#16908 = LINE('',#16909,#16910);
#16909 = CARTESIAN_POINT('',(-2.,0.145727016155));
#16910 = VECTOR('',#16911,1.);
#16911 = DIRECTION('',(-0.970142500145,-0.242535625036));
#16912 = ( GEOMETRIC_REPRESENTATION_CONTEXT(2) 
PARAMETRIC_REPRESENTATION_CONTEXT() REPRESENTATION_CONTEXT('2D SPACE',''
  ) );
#16913 = ORIENTED_EDGE('',*,*,#16914,.F.);
#16914 = EDGE_CURVE('',#16011,#16892,#16915,.T.);
#16915 = SURFACE_CURVE('',#16916,(#16920,#16927),.PCURVE_S1.);
#16916 = LINE('',#16917,#16918);
#16917 = CARTESIAN_POINT('',(3.,-4.6,0.));
#16918 = VECTOR('',#16919,1.);
#16919 = DIRECTION('',(0.,0.,1.));
#16920 = PCURVE('',#16054,#16921);
#16921 = DEFINITIONAL_REPRESENTATION('',(#16922),#16926);
#16922 = LINE('',#16923,#16924);
#16923 = CARTESIAN_POINT('',(1.030776406404,0.));
#16924 = VECTOR('',#16925,1.);
#16925 = DIRECTION('',(0.,-1.));
#16926 = ( GEOMETRIC_REPRESENTATION_CONTEXT(2) 
PARAMETRIC_REPRESENTATION_CONTEXT() REPRESENTATION_CONTEXT('2D SPACE',''
  ) );
#16927 = PCURVE('',#16026,#16928);
#16928 = DEFINITIONAL_REPRESENTATION('',(#16929),#16933);
#16929 = LINE('',#16930,#16931);
#16930 = CARTESIAN_POINT('',(8.,0.));
#16931 = VECTOR('',#16932,1.);
#16932 = DIRECTION('',(0.,-1.));
#16933 = ( GEOMETRIC_REPRESENTATION_CONTEXT(2) 
PARAMETRIC_REPRESENTATION_CONTEXT() REPRESENTATION_CONTEXT('2D SPACE',''
  ) );
#16934 = ORIENTED_EDGE('',*,*,#16038,.F.);
#16935 = ADVANCED_FACE('',(#16936),#16026,.F.);
#16936 = FACE_BOUND('',#16937,.F.);
#16937 = EDGE_LOOP('',(#16938,#16939,#16940,#16963));
#16938 = ORIENTED_EDGE('',*,*,#16010,.F.);
#16939 = ORIENTED_EDGE('',*,*,#16914,.T.);
#16940 = ORIENTED_EDGE('',*,*,#16941,.T.);
#16941 = EDGE_CURVE('',#16892,#16942,#16944,.T.);
#16942 = VERTEX_POINT('',#16943);
#16943 = CARTESIAN_POINT('',(5.,-4.6,2.));
#16944 = SURFACE_CURVE('',#16945,(#16949,#16956),.PCURVE_S1.);
#16945 = LINE('',#16946,#16947);
#16946 = CARTESIAN_POINT('',(0.,-4.599999958662,2.));
#16947 = VECTOR('',#16948,1.);
#16948 = DIRECTION('',(1.,0.,0.));
#16949 = PCURVE('',#16026,#16950);
#16950 = DEFINITIONAL_REPRESENTATION('',(#16951),#16955);
#16951 = LINE('',#16952,#16953);
#16952 = CARTESIAN_POINT('',(5.,-2.));
#16953 = VECTOR('',#16954,1.);
#16954 = DIRECTION('',(1.,0.));
#16955 = ( GEOMETRIC_REPRESENTATION_CONTEXT(2) 
PARAMETRIC_REPRESENTATION_CONTEXT() REPRESENTATION_CONTEXT('2D SPACE',''
  ) );
#16956 = PCURVE('',#16751,#16957);
#16957 = DEFINITIONAL_REPRESENTATION('',(#16958),#16962);
#16958 = LINE('',#16959,#16960);
#16959 = CARTESIAN_POINT('',(-4.440892098501E-16,-0.565685427885));
#16960 = VECTOR('',#16961,1.);
#16961 = DIRECTION('',(1.,0.));
#16962 = ( GEOMETRIC_REPRESENTATION_CONTEXT(2) 
PARAMETRIC_REPRESENTATION_CONTEXT() REPRESENTATION_CONTEXT('2D SPACE',''
  ) );
#16963 = ORIENTED_EDGE('',*,*,#16964,.F.);
#16964 = EDGE_CURVE('',#15982,#16942,#16965,.T.);
#16965 = SURFACE_CURVE('',#16966,(#16970,#16977),.PCURVE_S1.);
#16966 = LINE('',#16967,#16968);
#16967 = CARTESIAN_POINT('',(5.,-4.6,0.));
#16968 = VECTOR('',#16969,1.);
#16969 = DIRECTION('',(0.,0.,1.));
#16970 = PCURVE('',#16026,#16971);
#16971 = DEFINITIONAL_REPRESENTATION('',(#16972),#16976);
#16972 = LINE('',#16973,#16974);
#16973 = CARTESIAN_POINT('',(10.,0.));
#16974 = VECTOR('',#16975,1.);
#16975 = DIRECTION('',(0.,-1.));
#16976 = ( GEOMETRIC_REPRESENTATION_CONTEXT(2) 
PARAMETRIC_REPRESENTATION_CONTEXT() REPRESENTATION_CONTEXT('2D SPACE',''
  ) );
#16977 = PCURVE('',#15998,#16978);
#16978 = DEFINITIONAL_REPRESENTATION('',(#16979),#16983);
#16979 = LINE('',#16980,#16981);
#16980 = CARTESIAN_POINT('',(-4.712388980385,0.));
#16981 = VECTOR('',#16982,1.);
#16982 = DIRECTION('',(-0.,-1.));
#16983 = ( GEOMETRIC_REPRESENTATION_CONTEXT(2) 
PARAMETRIC_REPRESENTATION_CONTEXT() REPRESENTATION_CONTEXT('2D SPACE',''
  ) );
#16984 = ADVANCED_FACE('',(#16985),#15998,.T.);
#16985 = FACE_BOUND('',#16986,.F.);
#16986 = EDGE_LOOP('',(#16987,#16988,#17030,#17051));
#16987 = ORIENTED_EDGE('',*,*,#16964,.T.);
#16988 = ORIENTED_EDGE('',*,*,#16989,.T.);
#16989 = EDGE_CURVE('',#16942,#16990,#16992,.T.);
#16990 = VERTEX_POINT('',#16991);
#16991 = CARTESIAN_POINT('',(7.35,-2.250000041338,2.));
#16992 = SURFACE_CURVE('',#16993,(#16998,#17005),.PCURVE_S1.);
#16993 = CIRCLE('',#16994,2.35);
#16994 = AXIS2_PLACEMENT_3D('',#16995,#16996,#16997);
#16995 = CARTESIAN_POINT('',(5.,-2.250000041338,2.));
#16996 = DIRECTION('',(0.,0.,1.));
#16997 = DIRECTION('',(1.,0.,0.));
#16998 = PCURVE('',#15998,#16999);
#16999 = DEFINITIONAL_REPRESENTATION('',(#17000),#17004);
#17000 = LINE('',#17001,#17002);
#17001 = CARTESIAN_POINT('',(-0.,-2.));
#17002 = VECTOR('',#17003,1.);
#17003 = DIRECTION('',(-1.,0.));
#17004 = ( GEOMETRIC_REPRESENTATION_CONTEXT(2) 
PARAMETRIC_REPRESENTATION_CONTEXT() REPRESENTATION_CONTEXT('2D SPACE',''
  ) );
#17005 = PCURVE('',#17006,#17025);
#17006 = B_SPLINE_SURFACE_WITH_KNOTS('',8,1,(
    (#17007,#17008)
    ,(#17009,#17010)
    ,(#17011,#17012)
    ,(#17013,#17014)
    ,(#17015,#17016)
    ,(#17017,#17018)
    ,(#17019,#17020)
    ,(#17021,#17022)
    ,(#17023,#17024
    )),.UNSPECIFIED.,.F.,.F.,.F.,(9,9),(2,2),(4.712388980385,
    6.28318530718),(0.,1.),.PIECEWISE_BEZIER_KNOTS.);
#17007 = CARTESIAN_POINT('',(5.,-4.600000041338,2.));
#17008 = CARTESIAN_POINT('',(5.,-4.200000045491,2.4));
#17009 = CARTESIAN_POINT('',(5.461421420996,-4.600000041338,2.));
#17010 = CARTESIAN_POINT('',(5.382881604656,-4.200000045491,2.4));
#17011 = CARTESIAN_POINT('',(5.922842987235,-4.49645718728,2.));
#17012 = CARTESIAN_POINT('',(5.765763329833,-4.114081507016,2.4));
#17013 = CARTESIAN_POINT('',(6.357156100687,-4.289372496136,2.));
#17014 = CARTESIAN_POINT('',(6.126150806953,-3.94224527394,2.4));
#17015 = CARTESIAN_POINT('',(6.737258076083,-3.987258117421,2.));
#17016 = CARTESIAN_POINT('',(6.441554573771,-3.691554619262,2.4));
#17017 = CARTESIAN_POINT('',(7.039372454798,-3.607156142026,2.));
#17018 = CARTESIAN_POINT('',(6.692245228449,-3.376150852444,2.4));
#17019 = CARTESIAN_POINT('',(7.246457145941,-3.172843028573,2.));
#17020 = CARTESIAN_POINT('',(6.864081461526,-3.015763375324,2.4));
#17021 = CARTESIAN_POINT('',(7.35,-2.711421462334,2.));
#17022 = CARTESIAN_POINT('',(6.95,-2.632881650147,2.4));
#17023 = CARTESIAN_POINT('',(7.35,-2.250000041338,2.));
#17024 = CARTESIAN_POINT('',(6.95,-2.250000045491,2.4));
#17025 = DEFINITIONAL_REPRESENTATION('',(#17026),#17029);
#17026 = B_SPLINE_CURVE_WITH_KNOTS('',1,(#17027,#17028),.UNSPECIFIED.,
  .F.,.F.,(2,2),(4.712388980385,6.28318530718),
  .PIECEWISE_BEZIER_KNOTS.);
#17027 = CARTESIAN_POINT('',(4.712388980385,0.));
#17028 = CARTESIAN_POINT('',(6.28318530718,0.));
#17029 = ( GEOMETRIC_REPRESENTATION_CONTEXT(2) 
PARAMETRIC_REPRESENTATION_CONTEXT() REPRESENTATION_CONTEXT('2D SPACE',''
  ) );
#17030 = ORIENTED_EDGE('',*,*,#17031,.F.);
#17031 = EDGE_CURVE('',#15954,#16990,#17032,.T.);
#17032 = SURFACE_CURVE('',#17033,(#17037,#17044),.PCURVE_S1.);
#17033 = LINE('',#17034,#17035);
#17034 = CARTESIAN_POINT('',(7.35,-2.250000041338,0.));
#17035 = VECTOR('',#17036,1.);
#17036 = DIRECTION('',(0.,0.,1.));
#17037 = PCURVE('',#15998,#17038);
#17038 = DEFINITIONAL_REPRESENTATION('',(#17039),#17043);
#17039 = LINE('',#17040,#17041);
#17040 = CARTESIAN_POINT('',(-6.28318530718,0.));
#17041 = VECTOR('',#17042,1.);
#17042 = DIRECTION('',(-0.,-1.));
#17043 = ( GEOMETRIC_REPRESENTATION_CONTEXT(2) 
PARAMETRIC_REPRESENTATION_CONTEXT() REPRESENTATION_CONTEXT('2D SPACE',''
  ) );
#17044 = PCURVE('',#15969,#17045);
#17045 = DEFINITIONAL_REPRESENTATION('',(#17046),#17050);
#17046 = LINE('',#17047,#17048);
#17047 = CARTESIAN_POINT('',(-4.440892098501E-16,0.));
#17048 = VECTOR('',#17049,1.);
#17049 = DIRECTION('',(0.,-1.));
#17050 = ( GEOMETRIC_REPRESENTATION_CONTEXT(2) 
PARAMETRIC_REPRESENTATION_CONTEXT() REPRESENTATION_CONTEXT('2D SPACE',''
  ) );
#17051 = ORIENTED_EDGE('',*,*,#15981,.F.);
#17052 = ADVANCED_FACE('',(#17053),#15969,.F.);
#17053 = FACE_BOUND('',#17054,.F.);
#17054 = EDGE_LOOP('',(#17055,#17056,#17083,#17104));
#17055 = ORIENTED_EDGE('',*,*,#17031,.T.);
#17056 = ORIENTED_EDGE('',*,*,#17057,.T.);
#17057 = EDGE_CURVE('',#16990,#17058,#17060,.T.);
#17058 = VERTEX_POINT('',#17059);
#17059 = CARTESIAN_POINT('',(7.35,2.250000033977,2.));
#17060 = SURFACE_CURVE('',#17061,(#17065,#17072),.PCURVE_S1.);
#17061 = LINE('',#17062,#17063);
#17062 = CARTESIAN_POINT('',(7.35,4.133828435116E-08,2.));
#17063 = VECTOR('',#17064,1.);
#17064 = DIRECTION('',(0.,1.,0.));
#17065 = PCURVE('',#15969,#17066);
#17066 = DEFINITIONAL_REPRESENTATION('',(#17067),#17071);
#17067 = LINE('',#17068,#17069);
#17068 = CARTESIAN_POINT('',(2.250000082677,-2.));
#17069 = VECTOR('',#17070,1.);
#17070 = DIRECTION('',(1.,0.));
#17071 = ( GEOMETRIC_REPRESENTATION_CONTEXT(2) 
PARAMETRIC_REPRESENTATION_CONTEXT() REPRESENTATION_CONTEXT('2D SPACE',''
  ) );
#17072 = PCURVE('',#17073,#17078);
#17073 = B_SPLINE_SURFACE_WITH_KNOTS('',1,1,(
    (#17074,#17075)
    ,(#17076,#17077
    )),.UNSPECIFIED.,.F.,.F.,.F.,(2,2),(2,2),(-2.250000090981,
    2.249999990089),(0.,1.),.PIECEWISE_BEZIER_KNOTS.);
#17074 = CARTESIAN_POINT('',(7.35,-2.250000041338,2.));
#17075 = CARTESIAN_POINT('',(6.95,-2.250000045491,2.4));
#17076 = CARTESIAN_POINT('',(7.35,2.250000033977,2.));
#17077 = CARTESIAN_POINT('',(6.95,2.25000003558,2.4));
#17078 = DEFINITIONAL_REPRESENTATION('',(#17079),#17082);
#17079 = B_SPLINE_CURVE_WITH_KNOTS('',1,(#17080,#17081),.UNSPECIFIED.,
  .F.,.F.,(2,2),(-2.250000082677,2.249999992639),
  .PIECEWISE_BEZIER_KNOTS.);
#17080 = CARTESIAN_POINT('',(-2.250000082677,0.));
#17081 = CARTESIAN_POINT('',(2.249999992639,0.));
#17082 = ( GEOMETRIC_REPRESENTATION_CONTEXT(2) 
PARAMETRIC_REPRESENTATION_CONTEXT() REPRESENTATION_CONTEXT('2D SPACE',''
  ) );
#17083 = ORIENTED_EDGE('',*,*,#17084,.F.);
#17084 = EDGE_CURVE('',#15925,#17058,#17085,.T.);
#17085 = SURFACE_CURVE('',#17086,(#17090,#17097),.PCURVE_S1.);
#17086 = LINE('',#17087,#17088);
#17087 = CARTESIAN_POINT('',(7.35,2.250000033977,0.));
#17088 = VECTOR('',#17089,1.);
#17089 = DIRECTION('',(0.,0.,1.));
#17090 = PCURVE('',#15969,#17091);
#17091 = DEFINITIONAL_REPRESENTATION('',(#17092),#17096);
#17092 = LINE('',#17093,#17094);
#17093 = CARTESIAN_POINT('',(4.500000075315,0.));
#17094 = VECTOR('',#17095,1.);
#17095 = DIRECTION('',(0.,-1.));
#17096 = ( GEOMETRIC_REPRESENTATION_CONTEXT(2) 
PARAMETRIC_REPRESENTATION_CONTEXT() REPRESENTATION_CONTEXT('2D SPACE',''
  ) );
#17097 = PCURVE('',#15941,#17098);
#17098 = DEFINITIONAL_REPRESENTATION('',(#17099),#17103);
#17099 = LINE('',#17100,#17101);
#17100 = CARTESIAN_POINT('',(-0.,0.));
#17101 = VECTOR('',#17102,1.);
#17102 = DIRECTION('',(-0.,-1.));
#17103 = ( GEOMETRIC_REPRESENTATION_CONTEXT(2) 
PARAMETRIC_REPRESENTATION_CONTEXT() REPRESENTATION_CONTEXT('2D SPACE',''
  ) );
#17104 = ORIENTED_EDGE('',*,*,#15953,.F.);
#17105 = ADVANCED_FACE('',(#17106),#15941,.T.);
#17106 = FACE_BOUND('',#17107,.F.);
#17107 = EDGE_LOOP('',(#17108,#17109,#17151,#17172));
#17108 = ORIENTED_EDGE('',*,*,#17084,.T.);
#17109 = ORIENTED_EDGE('',*,*,#17110,.T.);
#17110 = EDGE_CURVE('',#17058,#17111,#17113,.T.);
#17111 = VERTEX_POINT('',#17112);
#17112 = CARTESIAN_POINT('',(5.,4.600000037658,2.));
#17113 = SURFACE_CURVE('',#17114,(#17119,#17126),.PCURVE_S1.);
#17114 = CIRCLE('',#17115,2.35);
#17115 = AXIS2_PLACEMENT_3D('',#17116,#17117,#17118);
#17116 = CARTESIAN_POINT('',(5.,2.250000033977,2.));
#17117 = DIRECTION('',(0.,0.,1.));
#17118 = DIRECTION('',(1.,0.,0.));
#17119 = PCURVE('',#15941,#17120);
#17120 = DEFINITIONAL_REPRESENTATION('',(#17121),#17125);
#17121 = LINE('',#17122,#17123);
#17122 = CARTESIAN_POINT('',(-0.,-2.));
#17123 = VECTOR('',#17124,1.);
#17124 = DIRECTION('',(-1.,0.));
#17125 = ( GEOMETRIC_REPRESENTATION_CONTEXT(2) 
PARAMETRIC_REPRESENTATION_CONTEXT() REPRESENTATION_CONTEXT('2D SPACE',''
  ) );
#17126 = PCURVE('',#17127,#17146);
#17127 = B_SPLINE_SURFACE_WITH_KNOTS('',8,1,(
    (#17128,#17129)
    ,(#17130,#17131)
    ,(#17132,#17133)
    ,(#17134,#17135)
    ,(#17136,#17137)
    ,(#17138,#17139)
    ,(#17140,#17141)
    ,(#17142,#17143)
    ,(#17144,#17145
    )),.UNSPECIFIED.,.F.,.F.,.F.,(9,9),(2,2),(3.14159265359,
    4.712388980385),(0.,1.),.PIECEWISE_BEZIER_KNOTS.);
#17128 = CARTESIAN_POINT('',(7.35,2.250000033977,2.));
#17129 = CARTESIAN_POINT('',(6.95,2.25000003558,2.4));
#17130 = CARTESIAN_POINT('',(7.35,2.711421454973,2.));
#17131 = CARTESIAN_POINT('',(6.95,2.632881640236,2.4));
#17132 = CARTESIAN_POINT('',(7.246457145941,3.172843021212,2.));
#17133 = CARTESIAN_POINT('',(6.864081461526,3.015763365413,2.4));
#17134 = CARTESIAN_POINT('',(7.039372454798,3.607156134665,2.));
#17135 = CARTESIAN_POINT('',(6.692245228449,3.376150842533,2.4));
#17136 = CARTESIAN_POINT('',(6.737258076083,3.98725811006,2.));
#17137 = CARTESIAN_POINT('',(6.441554573771,3.691554609351,2.4));
#17138 = CARTESIAN_POINT('',(6.357156100687,4.289372488775,2.));
#17139 = CARTESIAN_POINT('',(6.126150806953,3.942245264029,2.4));
#17140 = CARTESIAN_POINT('',(5.922842987235,4.496457179918,2.));
#17141 = CARTESIAN_POINT('',(5.765763329833,4.114081497106,2.4));
#17142 = CARTESIAN_POINT('',(5.461421420996,4.600000033977,2.));
#17143 = CARTESIAN_POINT('',(5.382881604656,4.20000003558,2.4));
#17144 = CARTESIAN_POINT('',(5.,4.600000033977,2.));
#17145 = CARTESIAN_POINT('',(5.,4.20000003558,2.4));
#17146 = DEFINITIONAL_REPRESENTATION('',(#17147),#17150);
#17147 = B_SPLINE_CURVE_WITH_KNOTS('',1,(#17148,#17149),.UNSPECIFIED.,
  .F.,.F.,(2,2),(0.,1.570796326795),.PIECEWISE_BEZIER_KNOTS.);
#17148 = CARTESIAN_POINT('',(3.14159265359,0.));
#17149 = CARTESIAN_POINT('',(4.712388980385,0.));
#17150 = ( GEOMETRIC_REPRESENTATION_CONTEXT(2) 
PARAMETRIC_REPRESENTATION_CONTEXT() REPRESENTATION_CONTEXT('2D SPACE',''
  ) );
#17151 = ORIENTED_EDGE('',*,*,#17152,.F.);
#17152 = EDGE_CURVE('',#15897,#17111,#17153,.T.);
#17153 = SURFACE_CURVE('',#17154,(#17158,#17165),.PCURVE_S1.);
#17154 = LINE('',#17155,#17156);
#17155 = CARTESIAN_POINT('',(5.,4.600000037658,0.));
#17156 = VECTOR('',#17157,1.);
#17157 = DIRECTION('',(0.,0.,1.));
#17158 = PCURVE('',#15941,#17159);
#17159 = DEFINITIONAL_REPRESENTATION('',(#17160),#17164);
#17160 = LINE('',#17161,#17162);
#17161 = CARTESIAN_POINT('',(-1.570796326795,0.));
#17162 = VECTOR('',#17163,1.);
#17163 = DIRECTION('',(-0.,-1.));
#17164 = ( GEOMETRIC_REPRESENTATION_CONTEXT(2) 
PARAMETRIC_REPRESENTATION_CONTEXT() REPRESENTATION_CONTEXT('2D SPACE',''
  ) );
#17165 = PCURVE('',#15912,#17166);
#17166 = DEFINITIONAL_REPRESENTATION('',(#17167),#17171);
#17167 = LINE('',#17168,#17169);
#17168 = CARTESIAN_POINT('',(10.,0.));
#17169 = VECTOR('',#17170,1.);
#17170 = DIRECTION('',(0.,-1.));
#17171 = ( GEOMETRIC_REPRESENTATION_CONTEXT(2) 
PARAMETRIC_REPRESENTATION_CONTEXT() REPRESENTATION_CONTEXT('2D SPACE',''
  ) );
#17172 = ORIENTED_EDGE('',*,*,#15924,.F.);
#17173 = ADVANCED_FACE('',(#17174),#15912,.T.);
#17174 = FACE_BOUND('',#17175,.T.);
#17175 = EDGE_LOOP('',(#17176,#17177,#17200,#17226));
#17176 = ORIENTED_EDGE('',*,*,#15896,.F.);
#17177 = ORIENTED_EDGE('',*,*,#17178,.T.);
#17178 = EDGE_CURVE('',#15869,#17179,#17181,.T.);
#17179 = VERTEX_POINT('',#17180);
#17180 = CARTESIAN_POINT('',(3.,4.6,2.));
#17181 = SURFACE_CURVE('',#17182,(#17186,#17193),.PCURVE_S1.);
#17182 = LINE('',#17183,#17184);
#17183 = CARTESIAN_POINT('',(3.,4.6,0.));
#17184 = VECTOR('',#17185,1.);
#17185 = DIRECTION('',(0.,0.,1.));
#17186 = PCURVE('',#15912,#17187);
#17187 = DEFINITIONAL_REPRESENTATION('',(#17188),#17192);
#17188 = LINE('',#17189,#17190);
#17189 = CARTESIAN_POINT('',(8.,0.));
#17190 = VECTOR('',#17191,1.);
#17191 = DIRECTION('',(0.,-1.));
#17192 = ( GEOMETRIC_REPRESENTATION_CONTEXT(2) 
PARAMETRIC_REPRESENTATION_CONTEXT() REPRESENTATION_CONTEXT('2D SPACE',''
  ) );
#17193 = PCURVE('',#15884,#17194);
#17194 = DEFINITIONAL_REPRESENTATION('',(#17195),#17199);
#17195 = LINE('',#17196,#17197);
#17196 = CARTESIAN_POINT('',(0.,0.));
#17197 = VECTOR('',#17198,1.);
#17198 = DIRECTION('',(0.,-1.));
#17199 = ( GEOMETRIC_REPRESENTATION_CONTEXT(2) 
PARAMETRIC_REPRESENTATION_CONTEXT() REPRESENTATION_CONTEXT('2D SPACE',''
  ) );
#17200 = ORIENTED_EDGE('',*,*,#17201,.T.);
#17201 = EDGE_CURVE('',#17179,#17111,#17202,.T.);
#17202 = SURFACE_CURVE('',#17203,(#17207,#17214),.PCURVE_S1.);
#17203 = LINE('',#17204,#17205);
#17204 = CARTESIAN_POINT('',(0.,4.600000041338,2.));
#17205 = VECTOR('',#17206,1.);
#17206 = DIRECTION('',(1.,0.,0.));
#17207 = PCURVE('',#15912,#17208);
#17208 = DEFINITIONAL_REPRESENTATION('',(#17209),#17213);
#17209 = LINE('',#17210,#17211);
#17210 = CARTESIAN_POINT('',(5.,-2.));
#17211 = VECTOR('',#17212,1.);
#17212 = DIRECTION('',(1.,0.));
#17213 = ( GEOMETRIC_REPRESENTATION_CONTEXT(2) 
PARAMETRIC_REPRESENTATION_CONTEXT() REPRESENTATION_CONTEXT('2D SPACE',''
  ) );
#17214 = PCURVE('',#17215,#17220);
#17215 = PLANE('',#17216);
#17216 = AXIS2_PLACEMENT_3D('',#17217,#17218,#17219);
#17217 = CARTESIAN_POINT('',(4.440892098501E-16,4.200000045491,2.4));
#17218 = DIRECTION('',(-0.,0.707106784857,0.707106777516));
#17219 = DIRECTION('',(-1.,0.,-0.));
#17220 = DEFINITIONAL_REPRESENTATION('',(#17221),#17225);
#17221 = LINE('',#17222,#17223);
#17222 = CARTESIAN_POINT('',(4.440892098501E-16,-0.565685422013));
#17223 = VECTOR('',#17224,1.);
#17224 = DIRECTION('',(-1.,0.));
#17225 = ( GEOMETRIC_REPRESENTATION_CONTEXT(2) 
PARAMETRIC_REPRESENTATION_CONTEXT() REPRESENTATION_CONTEXT('2D SPACE',''
  ) );
#17226 = ORIENTED_EDGE('',*,*,#17152,.F.);
#17227 = ADVANCED_FACE('',(#17228),#15884,.F.);
#17228 = FACE_BOUND('',#17229,.F.);
#17229 = EDGE_LOOP('',(#17230,#17231,#17259,#17280));
#17230 = ORIENTED_EDGE('',*,*,#17178,.T.);
#17231 = ORIENTED_EDGE('',*,*,#17232,.T.);
#17232 = EDGE_CURVE('',#17179,#17233,#17235,.T.);
#17233 = VERTEX_POINT('',#17234);
#17234 = CARTESIAN_POINT('',(2.,4.85,2.));
#17235 = SURFACE_CURVE('',#17236,(#17240,#17247),.PCURVE_S1.);
#17236 = LINE('',#17237,#17238);
#17237 = CARTESIAN_POINT('',(3.,4.6,2.));
#17238 = VECTOR('',#17239,1.);
#17239 = DIRECTION('',(-0.970142500145,0.242535625036,0.));
#17240 = PCURVE('',#15884,#17241);
#17241 = DEFINITIONAL_REPRESENTATION('',(#17242),#17246);
#17242 = LINE('',#17243,#17244);
#17243 = CARTESIAN_POINT('',(0.,-2.));
#17244 = VECTOR('',#17245,1.);
#17245 = DIRECTION('',(1.,0.));
#17246 = ( GEOMETRIC_REPRESENTATION_CONTEXT(2) 
PARAMETRIC_REPRESENTATION_CONTEXT() REPRESENTATION_CONTEXT('2D SPACE',''
  ) );
#17247 = PCURVE('',#17248,#17253);
#17248 = PLANE('',#17249);
#17249 = AXIS2_PLACEMENT_3D('',#17250,#17251,#17252);
#17250 = CARTESIAN_POINT('',(-1.840928845324E-17,4.704272983845,2.));
#17251 = DIRECTION('',(0.,0.,1.));
#17252 = DIRECTION('',(1.,0.,-0.));
#17253 = DEFINITIONAL_REPRESENTATION('',(#17254),#17258);
#17254 = LINE('',#17255,#17256);
#17255 = CARTESIAN_POINT('',(3.,-0.104272983845));
#17256 = VECTOR('',#17257,1.);
#17257 = DIRECTION('',(-0.970142500145,0.242535625036));
#17258 = ( GEOMETRIC_REPRESENTATION_CONTEXT(2) 
PARAMETRIC_REPRESENTATION_CONTEXT() REPRESENTATION_CONTEXT('2D SPACE',''
  ) );
#17259 = ORIENTED_EDGE('',*,*,#17260,.F.);
#17260 = EDGE_CURVE('',#15841,#17233,#17261,.T.);
#17261 = SURFACE_CURVE('',#17262,(#17266,#17273),.PCURVE_S1.);
#17262 = LINE('',#17263,#17264);
#17263 = CARTESIAN_POINT('',(2.,4.85,0.));
#17264 = VECTOR('',#17265,1.);
#17265 = DIRECTION('',(0.,0.,1.));
#17266 = PCURVE('',#15884,#17267);
#17267 = DEFINITIONAL_REPRESENTATION('',(#17268),#17272);
#17268 = LINE('',#17269,#17270);
#17269 = CARTESIAN_POINT('',(1.030776406404,0.));
#17270 = VECTOR('',#17271,1.);
#17271 = DIRECTION('',(0.,-1.));
#17272 = ( GEOMETRIC_REPRESENTATION_CONTEXT(2) 
PARAMETRIC_REPRESENTATION_CONTEXT() REPRESENTATION_CONTEXT('2D SPACE',''
  ) );
#17273 = PCURVE('',#15856,#17274);
#17274 = DEFINITIONAL_REPRESENTATION('',(#17275),#17279);
#17275 = LINE('',#17276,#17277);
#17276 = CARTESIAN_POINT('',(0.,-0.));
#17277 = VECTOR('',#17278,1.);
#17278 = DIRECTION('',(0.,-1.));
#17279 = ( GEOMETRIC_REPRESENTATION_CONTEXT(2) 
PARAMETRIC_REPRESENTATION_CONTEXT() REPRESENTATION_CONTEXT('2D SPACE',''
  ) );
#17280 = ORIENTED_EDGE('',*,*,#15868,.F.);
#17281 = ADVANCED_FACE('',(#17282),#15856,.F.);
#17282 = FACE_BOUND('',#17283,.F.);
#17283 = EDGE_LOOP('',(#17284,#17285,#17308,#17329));
#17284 = ORIENTED_EDGE('',*,*,#17260,.T.);
#17285 = ORIENTED_EDGE('',*,*,#17286,.T.);
#17286 = EDGE_CURVE('',#17233,#17287,#17289,.T.);
#17287 = VERTEX_POINT('',#17288);
#17288 = CARTESIAN_POINT('',(-2.,4.85,2.));
#17289 = SURFACE_CURVE('',#17290,(#17294,#17301),.PCURVE_S1.);
#17290 = LINE('',#17291,#17292);
#17291 = CARTESIAN_POINT('',(2.,4.85,2.));
#17292 = VECTOR('',#17293,1.);
#17293 = DIRECTION('',(-1.,0.,0.));
#17294 = PCURVE('',#15856,#17295);
#17295 = DEFINITIONAL_REPRESENTATION('',(#17296),#17300);
#17296 = LINE('',#17297,#17298);
#17297 = CARTESIAN_POINT('',(0.,-2.));
#17298 = VECTOR('',#17299,1.);
#17299 = DIRECTION('',(1.,0.));
#17300 = ( GEOMETRIC_REPRESENTATION_CONTEXT(2) 
PARAMETRIC_REPRESENTATION_CONTEXT() REPRESENTATION_CONTEXT('2D SPACE',''
  ) );
#17301 = PCURVE('',#17248,#17302);
#17302 = DEFINITIONAL_REPRESENTATION('',(#17303),#17307);
#17303 = LINE('',#17304,#17305);
#17304 = CARTESIAN_POINT('',(2.,0.145727016155));
#17305 = VECTOR('',#17306,1.);
#17306 = DIRECTION('',(-1.,0.));
#17307 = ( GEOMETRIC_REPRESENTATION_CONTEXT(2) 
PARAMETRIC_REPRESENTATION_CONTEXT() REPRESENTATION_CONTEXT('2D SPACE',''
  ) );
#17308 = ORIENTED_EDGE('',*,*,#17309,.F.);
#17309 = EDGE_CURVE('',#15813,#17287,#17310,.T.);
#17310 = SURFACE_CURVE('',#17311,(#17315,#17322),.PCURVE_S1.);
#17311 = LINE('',#17312,#17313);
#17312 = CARTESIAN_POINT('',(-2.,4.85,0.));
#17313 = VECTOR('',#17314,1.);
#17314 = DIRECTION('',(0.,0.,1.));
#17315 = PCURVE('',#15856,#17316);
#17316 = DEFINITIONAL_REPRESENTATION('',(#17317),#17321);
#17317 = LINE('',#17318,#17319);
#17318 = CARTESIAN_POINT('',(4.,0.));
#17319 = VECTOR('',#17320,1.);
#17320 = DIRECTION('',(0.,-1.));
#17321 = ( GEOMETRIC_REPRESENTATION_CONTEXT(2) 
PARAMETRIC_REPRESENTATION_CONTEXT() REPRESENTATION_CONTEXT('2D SPACE',''
  ) );
#17322 = PCURVE('',#15828,#17323);
#17323 = DEFINITIONAL_REPRESENTATION('',(#17324),#17328);
#17324 = LINE('',#17325,#17326);
#17325 = CARTESIAN_POINT('',(0.,0.));
#17326 = VECTOR('',#17327,1.);
#17327 = DIRECTION('',(0.,-1.));
#17328 = ( GEOMETRIC_REPRESENTATION_CONTEXT(2) 
PARAMETRIC_REPRESENTATION_CONTEXT() REPRESENTATION_CONTEXT('2D SPACE',''
  ) );
#17329 = ORIENTED_EDGE('',*,*,#15840,.F.);
#17330 = ADVANCED_FACE('',(#17331),#15828,.F.);
#17331 = FACE_BOUND('',#17332,.F.);
#17332 = EDGE_LOOP('',(#17333,#17334,#17357,#17378));
#17333 = ORIENTED_EDGE('',*,*,#17309,.T.);
#17334 = ORIENTED_EDGE('',*,*,#17335,.T.);
#17335 = EDGE_CURVE('',#17287,#17336,#17338,.T.);
#17336 = VERTEX_POINT('',#17337);
#17337 = CARTESIAN_POINT('',(-3.,4.6,2.));
#17338 = SURFACE_CURVE('',#17339,(#17343,#17350),.PCURVE_S1.);
#17339 = LINE('',#17340,#17341);
#17340 = CARTESIAN_POINT('',(-2.,4.85,2.));
#17341 = VECTOR('',#17342,1.);
#17342 = DIRECTION('',(-0.970142500145,-0.242535625036,0.));
#17343 = PCURVE('',#15828,#17344);
#17344 = DEFINITIONAL_REPRESENTATION('',(#17345),#17349);
#17345 = LINE('',#17346,#17347);
#17346 = CARTESIAN_POINT('',(0.,-2.));
#17347 = VECTOR('',#17348,1.);
#17348 = DIRECTION('',(1.,0.));
#17349 = ( GEOMETRIC_REPRESENTATION_CONTEXT(2) 
PARAMETRIC_REPRESENTATION_CONTEXT() REPRESENTATION_CONTEXT('2D SPACE',''
  ) );
#17350 = PCURVE('',#17248,#17351);
#17351 = DEFINITIONAL_REPRESENTATION('',(#17352),#17356);
#17352 = LINE('',#17353,#17354);
#17353 = CARTESIAN_POINT('',(-2.,0.145727016155));
#17354 = VECTOR('',#17355,1.);
#17355 = DIRECTION('',(-0.970142500145,-0.242535625036));
#17356 = ( GEOMETRIC_REPRESENTATION_CONTEXT(2) 
PARAMETRIC_REPRESENTATION_CONTEXT() REPRESENTATION_CONTEXT('2D SPACE',''
  ) );
#17357 = ORIENTED_EDGE('',*,*,#17358,.F.);
#17358 = EDGE_CURVE('',#15785,#17336,#17359,.T.);
#17359 = SURFACE_CURVE('',#17360,(#17364,#17371),.PCURVE_S1.);
#17360 = LINE('',#17361,#17362);
#17361 = CARTESIAN_POINT('',(-3.,4.6,0.));
#17362 = VECTOR('',#17363,1.);
#17363 = DIRECTION('',(0.,0.,1.));
#17364 = PCURVE('',#15828,#17365);
#17365 = DEFINITIONAL_REPRESENTATION('',(#17366),#17370);
#17366 = LINE('',#17367,#17368);
#17367 = CARTESIAN_POINT('',(1.030776406404,0.));
#17368 = VECTOR('',#17369,1.);
#17369 = DIRECTION('',(0.,-1.));
#17370 = ( GEOMETRIC_REPRESENTATION_CONTEXT(2) 
PARAMETRIC_REPRESENTATION_CONTEXT() REPRESENTATION_CONTEXT('2D SPACE',''
  ) );
#17371 = PCURVE('',#15800,#17372);
#17372 = DEFINITIONAL_REPRESENTATION('',(#17373),#17377);
#17373 = LINE('',#17374,#17375);
#17374 = CARTESIAN_POINT('',(2.,0.));
#17375 = VECTOR('',#17376,1.);
#17376 = DIRECTION('',(0.,-1.));
#17377 = ( GEOMETRIC_REPRESENTATION_CONTEXT(2) 
PARAMETRIC_REPRESENTATION_CONTEXT() REPRESENTATION_CONTEXT('2D SPACE',''
  ) );
#17378 = ORIENTED_EDGE('',*,*,#15812,.F.);
#17379 = ADVANCED_FACE('',(#17380),#15800,.T.);
#17380 = FACE_BOUND('',#17381,.T.);
#17381 = EDGE_LOOP('',(#17382,#17383,#17406,#17427));
#17382 = ORIENTED_EDGE('',*,*,#15784,.F.);
#17383 = ORIENTED_EDGE('',*,*,#17384,.T.);
#17384 = EDGE_CURVE('',#15756,#17385,#17387,.T.);
#17385 = VERTEX_POINT('',#17386);
#17386 = CARTESIAN_POINT('',(-5.,4.600000037658,2.));
#17387 = SURFACE_CURVE('',#17388,(#17392,#17399),.PCURVE_S1.);
#17388 = LINE('',#17389,#17390);
#17389 = CARTESIAN_POINT('',(-5.,4.600000037658,0.));
#17390 = VECTOR('',#17391,1.);
#17391 = DIRECTION('',(0.,0.,1.));
#17392 = PCURVE('',#15800,#17393);
#17393 = DEFINITIONAL_REPRESENTATION('',(#17394),#17398);
#17394 = LINE('',#17395,#17396);
#17395 = CARTESIAN_POINT('',(0.,0.));
#17396 = VECTOR('',#17397,1.);
#17397 = DIRECTION('',(0.,-1.));
#17398 = ( GEOMETRIC_REPRESENTATION_CONTEXT(2) 
PARAMETRIC_REPRESENTATION_CONTEXT() REPRESENTATION_CONTEXT('2D SPACE',''
  ) );
#17399 = PCURVE('',#15772,#17400);
#17400 = DEFINITIONAL_REPRESENTATION('',(#17401),#17405);
#17401 = LINE('',#17402,#17403);
#17402 = CARTESIAN_POINT('',(-1.570796326795,0.));
#17403 = VECTOR('',#17404,1.);
#17404 = DIRECTION('',(-0.,-1.));
#17405 = ( GEOMETRIC_REPRESENTATION_CONTEXT(2) 
PARAMETRIC_REPRESENTATION_CONTEXT() REPRESENTATION_CONTEXT('2D SPACE',''
  ) );
#17406 = ORIENTED_EDGE('',*,*,#17407,.T.);
#17407 = EDGE_CURVE('',#17385,#17336,#17408,.T.);
#17408 = SURFACE_CURVE('',#17409,(#17413,#17420),.PCURVE_S1.);
#17409 = LINE('',#17410,#17411);
#17410 = CARTESIAN_POINT('',(0.,4.600000041338,2.));
#17411 = VECTOR('',#17412,1.);
#17412 = DIRECTION('',(1.,0.,0.));
#17413 = PCURVE('',#15800,#17414);
#17414 = DEFINITIONAL_REPRESENTATION('',(#17415),#17419);
#17415 = LINE('',#17416,#17417);
#17416 = CARTESIAN_POINT('',(5.,-2.));
#17417 = VECTOR('',#17418,1.);
#17418 = DIRECTION('',(1.,0.));
#17419 = ( GEOMETRIC_REPRESENTATION_CONTEXT(2) 
PARAMETRIC_REPRESENTATION_CONTEXT() REPRESENTATION_CONTEXT('2D SPACE',''
  ) );
#17420 = PCURVE('',#17215,#17421);
#17421 = DEFINITIONAL_REPRESENTATION('',(#17422),#17426);
#17422 = LINE('',#17423,#17424);
#17423 = CARTESIAN_POINT('',(4.440892098501E-16,-0.565685422013));
#17424 = VECTOR('',#17425,1.);
#17425 = DIRECTION('',(-1.,0.));
#17426 = ( GEOMETRIC_REPRESENTATION_CONTEXT(2) 
PARAMETRIC_REPRESENTATION_CONTEXT() REPRESENTATION_CONTEXT('2D SPACE',''
  ) );
#17427 = ORIENTED_EDGE('',*,*,#17358,.F.);
#17428 = ADVANCED_FACE('',(#17429),#15772,.T.);
#17429 = FACE_BOUND('',#17430,.F.);
#17430 = EDGE_LOOP('',(#17431,#17432,#17474,#17495));
#17431 = ORIENTED_EDGE('',*,*,#17384,.T.);
#17432 = ORIENTED_EDGE('',*,*,#17433,.T.);
#17433 = EDGE_CURVE('',#17385,#17434,#17436,.T.);
#17434 = VERTEX_POINT('',#17435);
#17435 = CARTESIAN_POINT('',(-7.35,2.250000033977,2.));
#17436 = SURFACE_CURVE('',#17437,(#17442,#17449),.PCURVE_S1.);
#17437 = CIRCLE('',#17438,2.35);
#17438 = AXIS2_PLACEMENT_3D('',#17439,#17440,#17441);
#17439 = CARTESIAN_POINT('',(-5.,2.250000033977,2.));
#17440 = DIRECTION('',(0.,0.,1.));
#17441 = DIRECTION('',(1.,0.,0.));
#17442 = PCURVE('',#15772,#17443);
#17443 = DEFINITIONAL_REPRESENTATION('',(#17444),#17448);
#17444 = LINE('',#17445,#17446);
#17445 = CARTESIAN_POINT('',(-0.,-2.));
#17446 = VECTOR('',#17447,1.);
#17447 = DIRECTION('',(-1.,0.));
#17448 = ( GEOMETRIC_REPRESENTATION_CONTEXT(2) 
PARAMETRIC_REPRESENTATION_CONTEXT() REPRESENTATION_CONTEXT('2D SPACE',''
  ) );
#17449 = PCURVE('',#17450,#17469);
#17450 = B_SPLINE_SURFACE_WITH_KNOTS('',8,1,(
    (#17451,#17452)
    ,(#17453,#17454)
    ,(#17455,#17456)
    ,(#17457,#17458)
    ,(#17459,#17460)
    ,(#17461,#17462)
    ,(#17463,#17464)
    ,(#17465,#17466)
    ,(#17467,#17468
    )),.UNSPECIFIED.,.F.,.F.,.F.,(9,9),(2,2),(1.570796326795,
    3.14159265359),(0.,1.),.PIECEWISE_BEZIER_KNOTS.);
#17451 = CARTESIAN_POINT('',(-5.,4.600000033977,2.));
#17452 = CARTESIAN_POINT('',(-5.,4.20000003558,2.4));
#17453 = CARTESIAN_POINT('',(-5.461421420996,4.600000033977,2.));
#17454 = CARTESIAN_POINT('',(-5.382881604656,4.20000003558,2.4));
#17455 = CARTESIAN_POINT('',(-5.922842987235,4.496457179918,2.));
#17456 = CARTESIAN_POINT('',(-5.765763329834,4.114081497106,2.4));
#17457 = CARTESIAN_POINT('',(-6.357156100687,4.289372488775,2.));
#17458 = CARTESIAN_POINT('',(-6.126150806953,3.942245264029,2.4));
#17459 = CARTESIAN_POINT('',(-6.737258076083,3.98725811006,2.));
#17460 = CARTESIAN_POINT('',(-6.441554573771,3.691554609351,2.4));
#17461 = CARTESIAN_POINT('',(-7.039372454798,3.607156134664,2.));
#17462 = CARTESIAN_POINT('',(-6.692245228449,3.376150842533,2.4));
#17463 = CARTESIAN_POINT('',(-7.246457145941,3.172843021212,2.));
#17464 = CARTESIAN_POINT('',(-6.864081461526,3.015763365413,2.4));
#17465 = CARTESIAN_POINT('',(-7.35,2.711421454973,2.));
#17466 = CARTESIAN_POINT('',(-6.95,2.632881640236,2.4));
#17467 = CARTESIAN_POINT('',(-7.35,2.250000033977,2.));
#17468 = CARTESIAN_POINT('',(-6.95,2.25000003558,2.4));
#17469 = DEFINITIONAL_REPRESENTATION('',(#17470),#17473);
#17470 = B_SPLINE_CURVE_WITH_KNOTS('',1,(#17471,#17472),.UNSPECIFIED.,
  .F.,.F.,(2,2),(1.570796326795,3.14159265359),
  .PIECEWISE_BEZIER_KNOTS.);
#17471 = CARTESIAN_POINT('',(1.570796326795,0.));
#17472 = CARTESIAN_POINT('',(3.14159265359,0.));
#17473 = ( GEOMETRIC_REPRESENTATION_CONTEXT(2) 
PARAMETRIC_REPRESENTATION_CONTEXT() REPRESENTATION_CONTEXT('2D SPACE',''
  ) );
#17474 = ORIENTED_EDGE('',*,*,#17475,.F.);
#17475 = EDGE_CURVE('',#15728,#17434,#17476,.T.);
#17476 = SURFACE_CURVE('',#17477,(#17481,#17488),.PCURVE_S1.);
#17477 = LINE('',#17478,#17479);
#17478 = CARTESIAN_POINT('',(-7.35,2.250000033977,0.));
#17479 = VECTOR('',#17480,1.);
#17480 = DIRECTION('',(0.,0.,1.));
#17481 = PCURVE('',#15772,#17482);
#17482 = DEFINITIONAL_REPRESENTATION('',(#17483),#17487);
#17483 = LINE('',#17484,#17485);
#17484 = CARTESIAN_POINT('',(-3.14159265359,0.));
#17485 = VECTOR('',#17486,1.);
#17486 = DIRECTION('',(-0.,-1.));
#17487 = ( GEOMETRIC_REPRESENTATION_CONTEXT(2) 
PARAMETRIC_REPRESENTATION_CONTEXT() REPRESENTATION_CONTEXT('2D SPACE',''
  ) );
#17488 = PCURVE('',#15743,#17489);
#17489 = DEFINITIONAL_REPRESENTATION('',(#17490),#17494);
#17490 = LINE('',#17491,#17492);
#17491 = CARTESIAN_POINT('',(4.500000075315,0.));
#17492 = VECTOR('',#17493,1.);
#17493 = DIRECTION('',(0.,-1.));
#17494 = ( GEOMETRIC_REPRESENTATION_CONTEXT(2) 
PARAMETRIC_REPRESENTATION_CONTEXT() REPRESENTATION_CONTEXT('2D SPACE',''
  ) );
#17495 = ORIENTED_EDGE('',*,*,#15755,.F.);
#17496 = ADVANCED_FACE('',(#17497),#15743,.T.);
#17497 = FACE_BOUND('',#17498,.T.);
#17498 = EDGE_LOOP('',(#17499,#17500,#17525,#17526));
#17499 = ORIENTED_EDGE('',*,*,#16643,.T.);
#17500 = ORIENTED_EDGE('',*,*,#17501,.T.);
#17501 = EDGE_CURVE('',#16644,#17434,#17502,.T.);
#17502 = SURFACE_CURVE('',#17503,(#17507,#17514),.PCURVE_S1.);
#17503 = LINE('',#17504,#17505);
#17504 = CARTESIAN_POINT('',(-7.35,4.133828435116E-08,2.));
#17505 = VECTOR('',#17506,1.);
#17506 = DIRECTION('',(0.,1.,0.));
#17507 = PCURVE('',#15743,#17508);
#17508 = DEFINITIONAL_REPRESENTATION('',(#17509),#17513);
#17509 = LINE('',#17510,#17511);
#17510 = CARTESIAN_POINT('',(2.250000082677,-2.));
#17511 = VECTOR('',#17512,1.);
#17512 = DIRECTION('',(1.,0.));
#17513 = ( GEOMETRIC_REPRESENTATION_CONTEXT(2) 
PARAMETRIC_REPRESENTATION_CONTEXT() REPRESENTATION_CONTEXT('2D SPACE',''
  ) );
#17514 = PCURVE('',#17515,#17520);
#17515 = B_SPLINE_SURFACE_WITH_KNOTS('',1,1,(
    (#17516,#17517)
    ,(#17518,#17519
    )),.UNSPECIFIED.,.F.,.F.,.F.,(2,2),(2,2),(-2.249999990089,
    2.250000090981),(0.,1.),.PIECEWISE_BEZIER_KNOTS.);
#17516 = CARTESIAN_POINT('',(-7.35,2.250000033977,2.));
#17517 = CARTESIAN_POINT('',(-6.95,2.25000003558,2.4));
#17518 = CARTESIAN_POINT('',(-7.35,-2.250000041338,2.));
#17519 = CARTESIAN_POINT('',(-6.95,-2.250000045491,2.4));
#17520 = DEFINITIONAL_REPRESENTATION('',(#17521),#17524);
#17521 = B_SPLINE_CURVE_WITH_KNOTS('',1,(#17522,#17523),.UNSPECIFIED.,
  .F.,.F.,(2,2),(-2.250000082677,2.249999992639),
  .PIECEWISE_BEZIER_KNOTS.);
#17522 = CARTESIAN_POINT('',(2.250000082677,0.));
#17523 = CARTESIAN_POINT('',(-2.249999992639,0.));
#17524 = ( GEOMETRIC_REPRESENTATION_CONTEXT(2) 
PARAMETRIC_REPRESENTATION_CONTEXT() REPRESENTATION_CONTEXT('2D SPACE',''
  ) );
#17525 = ORIENTED_EDGE('',*,*,#17475,.F.);
#17526 = ORIENTED_EDGE('',*,*,#15727,.F.);
#17527 = ADVANCED_FACE('',(#17528),#16190,.T.);
#17528 = FACE_BOUND('',#17529,.T.);
#17529 = EDGE_LOOP('',(#17530,#17531,#17550,#17551));
#17530 = ORIENTED_EDGE('',*,*,#16357,.T.);
#17531 = ORIENTED_EDGE('',*,*,#17532,.T.);
#17532 = EDGE_CURVE('',#16358,#16154,#17533,.T.);
#17533 = SURFACE_CURVE('',#17534,(#17537,#17543),.PCURVE_S1.);
#17534 = B_SPLINE_CURVE_WITH_KNOTS('',1,(#17535,#17536),.UNSPECIFIED.,
  .F.,.F.,(2,2),(0.,1.),.PIECEWISE_BEZIER_KNOTS.);
#17535 = CARTESIAN_POINT('',(5.5,-5.85,-1.5));
#17536 = CARTESIAN_POINT('',(5.5,-6.25,-1.1));
#17537 = PCURVE('',#16190,#17538);
#17538 = DEFINITIONAL_REPRESENTATION('',(#17539),#17542);
#17539 = B_SPLINE_CURVE_WITH_KNOTS('',1,(#17540,#17541),.UNSPECIFIED.,
  .F.,.F.,(2,2),(0.,1.),.PIECEWISE_BEZIER_KNOTS.);
#17540 = CARTESIAN_POINT('',(5.5,-0.565685392361));
#17541 = CARTESIAN_POINT('',(5.5,3.258807534934E-08));
#17542 = ( GEOMETRIC_REPRESENTATION_CONTEXT(2) 
PARAMETRIC_REPRESENTATION_CONTEXT() REPRESENTATION_CONTEXT('2D SPACE',''
  ) );
#17543 = PCURVE('',#16397,#17544);
#17544 = DEFINITIONAL_REPRESENTATION('',(#17545),#17549);
#17545 = LINE('',#17546,#17547);
#17546 = CARTESIAN_POINT('',(1.570796326795,0.));
#17547 = VECTOR('',#17548,1.);
#17548 = DIRECTION('',(0.,1.));
#17549 = ( GEOMETRIC_REPRESENTATION_CONTEXT(2) 
PARAMETRIC_REPRESENTATION_CONTEXT() REPRESENTATION_CONTEXT('2D SPACE',''
  ) );
#17550 = ORIENTED_EDGE('',*,*,#16176,.F.);
#17551 = ORIENTED_EDGE('',*,*,#16229,.F.);
#17552 = ADVANCED_FACE('',(#17553),#16292,.T.);
#17553 = FACE_BOUND('',#17554,.T.);
#17554 = EDGE_LOOP('',(#17555,#17556,#17557,#17558));
#17555 = ORIENTED_EDGE('',*,*,#16494,.F.);
#17556 = ORIENTED_EDGE('',*,*,#16333,.T.);
#17557 = ORIENTED_EDGE('',*,*,#16278,.T.);
#17558 = ORIENTED_EDGE('',*,*,#17559,.F.);
#17559 = EDGE_CURVE('',#16452,#16256,#17560,.T.);
#17560 = SURFACE_CURVE('',#17561,(#17564,#17570),.PCURVE_S1.);
#17561 = B_SPLINE_CURVE_WITH_KNOTS('',1,(#17562,#17563),.UNSPECIFIED.,
  .F.,.F.,(2,2),(0.,1.),.PIECEWISE_BEZIER_KNOTS.);
#17562 = CARTESIAN_POINT('',(5.5,5.849999950877,-1.5));
#17563 = CARTESIAN_POINT('',(5.5,6.25000004003,-1.1));
#17564 = PCURVE('',#16292,#17565);
#17565 = DEFINITIONAL_REPRESENTATION('',(#17566),#17569);
#17566 = B_SPLINE_CURVE_WITH_KNOTS('',1,(#17567,#17568),.UNSPECIFIED.,
  .F.,.F.,(2,2),(0.,1.),.PIECEWISE_BEZIER_KNOTS.);
#17567 = CARTESIAN_POINT('',(-5.5,-0.565685492273));
#17568 = CARTESIAN_POINT('',(-5.5,-4.282282972667E-09));
#17569 = ( GEOMETRIC_REPRESENTATION_CONTEXT(2) 
PARAMETRIC_REPRESENTATION_CONTEXT() REPRESENTATION_CONTEXT('2D SPACE',''
  ) );
#17570 = PCURVE('',#16468,#17571);
#17571 = DEFINITIONAL_REPRESENTATION('',(#17572),#17576);
#17572 = LINE('',#17573,#17574);
#17573 = CARTESIAN_POINT('',(4.712388980385,0.));
#17574 = VECTOR('',#17575,1.);
#17575 = DIRECTION('',(0.,1.));
#17576 = ( GEOMETRIC_REPRESENTATION_CONTEXT(2) 
PARAMETRIC_REPRESENTATION_CONTEXT() REPRESENTATION_CONTEXT('2D SPACE',''
  ) );
#17577 = ADVANCED_FACE('',(#17578),#16397,.T.);
#17578 = FACE_BOUND('',#17579,.T.);
#17579 = EDGE_LOOP('',(#17580,#17581,#17601,#17602));
#17580 = ORIENTED_EDGE('',*,*,#16380,.F.);
#17581 = ORIENTED_EDGE('',*,*,#17582,.T.);
#17582 = EDGE_CURVE('',#16381,#16522,#17583,.T.);
#17583 = SURFACE_CURVE('',#17584,(#17587,#17594),.PCURVE_S1.);
#17584 = B_SPLINE_CURVE_WITH_KNOTS('',1,(#17585,#17586),.UNSPECIFIED.,
  .F.,.F.,(2,2),(0.,1.),.PIECEWISE_BEZIER_KNOTS.);
#17585 = CARTESIAN_POINT('',(8.6,-2.750000048707,-1.5));
#17586 = CARTESIAN_POINT('',(9.,-2.750000046087,-1.1));
#17587 = PCURVE('',#16397,#17588);
#17588 = DEFINITIONAL_REPRESENTATION('',(#17589),#17593);
#17589 = LINE('',#17590,#17591);
#17590 = CARTESIAN_POINT('',(3.14159265359,0.));
#17591 = VECTOR('',#17592,1.);
#17592 = DIRECTION('',(0.,1.));
#17593 = ( GEOMETRIC_REPRESENTATION_CONTEXT(2) 
PARAMETRIC_REPRESENTATION_CONTEXT() REPRESENTATION_CONTEXT('2D SPACE',''
  ) );
#17594 = PCURVE('',#16439,#17595);
#17595 = DEFINITIONAL_REPRESENTATION('',(#17596),#17600);
#17596 = LINE('',#17597,#17598);
#17597 = CARTESIAN_POINT('',(-2.750000092173,0.));
#17598 = VECTOR('',#17599,1.);
#17599 = DIRECTION('',(0.,1.));
#17600 = ( GEOMETRIC_REPRESENTATION_CONTEXT(2) 
PARAMETRIC_REPRESENTATION_CONTEXT() REPRESENTATION_CONTEXT('2D SPACE',''
  ) );
#17601 = ORIENTED_EDGE('',*,*,#16544,.F.);
#17602 = ORIENTED_EDGE('',*,*,#17532,.F.);
#17603 = ADVANCED_FACE('',(#17604),#16439,.T.);
#17604 = FACE_BOUND('',#17605,.T.);
#17605 = EDGE_LOOP('',(#17606,#17607,#17627,#17628));
#17606 = ORIENTED_EDGE('',*,*,#16423,.T.);
#17607 = ORIENTED_EDGE('',*,*,#17608,.T.);
#17608 = EDGE_CURVE('',#16424,#16569,#17609,.T.);
#17609 = SURFACE_CURVE('',#17610,(#17613,#17620),.PCURVE_S1.);
#17610 = B_SPLINE_CURVE_WITH_KNOTS('',1,(#17611,#17612),.UNSPECIFIED.,
  .F.,.F.,(2,2),(0.,1.),.PIECEWISE_BEZIER_KNOTS.);
#17611 = CARTESIAN_POINT('',(8.6,2.749999950877,-1.5));
#17612 = CARTESIAN_POINT('',(9.,2.75000004003,-1.1));
#17613 = PCURVE('',#16439,#17614);
#17614 = DEFINITIONAL_REPRESENTATION('',(#17615),#17619);
#17615 = LINE('',#17616,#17617);
#17616 = CARTESIAN_POINT('',(2.749999993944,0.));
#17617 = VECTOR('',#17618,1.);
#17618 = DIRECTION('',(0.,1.));
#17619 = ( GEOMETRIC_REPRESENTATION_CONTEXT(2) 
PARAMETRIC_REPRESENTATION_CONTEXT() REPRESENTATION_CONTEXT('2D SPACE',''
  ) );
#17620 = PCURVE('',#16468,#17621);
#17621 = DEFINITIONAL_REPRESENTATION('',(#17622),#17626);
#17622 = LINE('',#17623,#17624);
#17623 = CARTESIAN_POINT('',(3.14159265359,0.));
#17624 = VECTOR('',#17625,1.);
#17625 = DIRECTION('',(0.,1.));
#17626 = ( GEOMETRIC_REPRESENTATION_CONTEXT(2) 
PARAMETRIC_REPRESENTATION_CONTEXT() REPRESENTATION_CONTEXT('2D SPACE',''
  ) );
#17627 = ORIENTED_EDGE('',*,*,#16620,.F.);
#17628 = ORIENTED_EDGE('',*,*,#17582,.F.);
#17629 = ADVANCED_FACE('',(#17630),#16468,.T.);
#17630 = FACE_BOUND('',#17631,.T.);
#17631 = EDGE_LOOP('',(#17632,#17633,#17634,#17635));
#17632 = ORIENTED_EDGE('',*,*,#16451,.F.);
#17633 = ORIENTED_EDGE('',*,*,#17559,.T.);
#17634 = ORIENTED_EDGE('',*,*,#16593,.F.);
#17635 = ORIENTED_EDGE('',*,*,#17608,.F.);
#17636 = ADVANCED_FACE('',(#17637),#16683,.T.);
#17637 = FACE_BOUND('',#17638,.T.);
#17638 = EDGE_LOOP('',(#17639,#17640,#17661,#17690));
#17639 = ORIENTED_EDGE('',*,*,#16666,.T.);
#17640 = ORIENTED_EDGE('',*,*,#17641,.T.);
#17641 = EDGE_CURVE('',#16667,#17642,#17644,.T.);
#17642 = VERTEX_POINT('',#17643);
#17643 = CARTESIAN_POINT('',(-5.,-4.2,2.4));
#17644 = SURFACE_CURVE('',#17645,(#17648,#17655),.PCURVE_S1.);
#17645 = B_SPLINE_CURVE_WITH_KNOTS('',1,(#17646,#17647),.UNSPECIFIED.,
  .F.,.F.,(2,2),(0.,1.),.PIECEWISE_BEZIER_KNOTS.);
#17646 = CARTESIAN_POINT('',(-5.,-4.600000041338,2.));
#17647 = CARTESIAN_POINT('',(-5.,-4.200000045491,2.4));
#17648 = PCURVE('',#16683,#17649);
#17649 = DEFINITIONAL_REPRESENTATION('',(#17650),#17654);
#17650 = LINE('',#17651,#17652);
#17651 = CARTESIAN_POINT('',(4.712388980385,0.));
#17652 = VECTOR('',#17653,1.);
#17653 = DIRECTION('',(0.,1.));
#17654 = ( GEOMETRIC_REPRESENTATION_CONTEXT(2) 
PARAMETRIC_REPRESENTATION_CONTEXT() REPRESENTATION_CONTEXT('2D SPACE',''
  ) );
#17655 = PCURVE('',#16751,#17656);
#17656 = DEFINITIONAL_REPRESENTATION('',(#17657),#17660);
#17657 = B_SPLINE_CURVE_WITH_KNOTS('',1,(#17658,#17659),.UNSPECIFIED.,
  .F.,.F.,(2,2),(0.,1.),.PIECEWISE_BEZIER_KNOTS.);
#17658 = CARTESIAN_POINT('',(-5.,-0.565685486347));
#17659 = CARTESIAN_POINT('',(-5.,-6.433339883039E-08));
#17660 = ( GEOMETRIC_REPRESENTATION_CONTEXT(2) 
PARAMETRIC_REPRESENTATION_CONTEXT() REPRESENTATION_CONTEXT('2D SPACE',''
  ) );
#17661 = ORIENTED_EDGE('',*,*,#17662,.T.);
#17662 = EDGE_CURVE('',#17642,#17663,#17665,.T.);
#17663 = VERTEX_POINT('',#17664);
#17664 = CARTESIAN_POINT('',(-6.95,-2.250000045491,2.4));
#17665 = SURFACE_CURVE('',#17666,(#17671,#17678),.PCURVE_S1.);
#17666 = CIRCLE('',#17667,1.95);
#17667 = AXIS2_PLACEMENT_3D('',#17668,#17669,#17670);
#17668 = CARTESIAN_POINT('',(-5.,-2.250000045491,2.4));
#17669 = DIRECTION('',(0.,0.,-1.));
#17670 = DIRECTION('',(-1.,0.,0.));
#17671 = PCURVE('',#16683,#17672);
#17672 = DEFINITIONAL_REPRESENTATION('',(#17673),#17677);
#17673 = LINE('',#17674,#17675);
#17674 = CARTESIAN_POINT('',(9.424777960769,1.));
#17675 = VECTOR('',#17676,1.);
#17676 = DIRECTION('',(-1.,0.));
#17677 = ( GEOMETRIC_REPRESENTATION_CONTEXT(2) 
PARAMETRIC_REPRESENTATION_CONTEXT() REPRESENTATION_CONTEXT('2D SPACE',''
  ) );
#17678 = PCURVE('',#17679,#17684);
#17679 = PLANE('',#17680);
#17680 = AXIS2_PLACEMENT_3D('',#17681,#17682,#17683);
#17681 = CARTESIAN_POINT('',(-5.,-2.250000045491,2.4));
#17682 = DIRECTION('',(0.,0.,-1.));
#17683 = DIRECTION('',(-1.,0.,0.));
#17684 = DEFINITIONAL_REPRESENTATION('',(#17685),#17689);
#17685 = CIRCLE('',#17686,1.95);
#17686 = AXIS2_PLACEMENT_2D('',#17687,#17688);
#17687 = CARTESIAN_POINT('',(0.,0.));
#17688 = DIRECTION('',(1.,0.));
#17689 = ( GEOMETRIC_REPRESENTATION_CONTEXT(2) 
PARAMETRIC_REPRESENTATION_CONTEXT() REPRESENTATION_CONTEXT('2D SPACE',''
  ) );
#17690 = ORIENTED_EDGE('',*,*,#17691,.F.);
#17691 = EDGE_CURVE('',#16644,#17663,#17692,.T.);
#17692 = SURFACE_CURVE('',#17693,(#17696,#17703),.PCURVE_S1.);
#17693 = B_SPLINE_CURVE_WITH_KNOTS('',1,(#17694,#17695),.UNSPECIFIED.,
  .F.,.F.,(2,2),(0.,1.),.PIECEWISE_BEZIER_KNOTS.);
#17694 = CARTESIAN_POINT('',(-7.35,-2.250000041338,2.));
#17695 = CARTESIAN_POINT('',(-6.95,-2.250000045491,2.4));
#17696 = PCURVE('',#16683,#17697);
#17697 = DEFINITIONAL_REPRESENTATION('',(#17698),#17702);
#17698 = LINE('',#17699,#17700);
#17699 = CARTESIAN_POINT('',(3.14159265359,0.));
#17700 = VECTOR('',#17701,1.);
#17701 = DIRECTION('',(0.,1.));
#17702 = ( GEOMETRIC_REPRESENTATION_CONTEXT(2) 
PARAMETRIC_REPRESENTATION_CONTEXT() REPRESENTATION_CONTEXT('2D SPACE',''
  ) );
#17703 = PCURVE('',#17515,#17704);
#17704 = DEFINITIONAL_REPRESENTATION('',(#17705),#17709);
#17705 = LINE('',#17706,#17707);
#17706 = CARTESIAN_POINT('',(2.250000090981,0.));
#17707 = VECTOR('',#17708,1.);
#17708 = DIRECTION('',(0.,1.));
#17709 = ( GEOMETRIC_REPRESENTATION_CONTEXT(2) 
PARAMETRIC_REPRESENTATION_CONTEXT() REPRESENTATION_CONTEXT('2D SPACE',''
  ) );
#17710 = ADVANCED_FACE('',(#17711),#16751,.T.);
#17711 = FACE_BOUND('',#17712,.T.);
#17712 = EDGE_LOOP('',(#17713,#17714,#17735,#17736,#17757,#17778));
#17713 = ORIENTED_EDGE('',*,*,#16735,.T.);
#17714 = ORIENTED_EDGE('',*,*,#17715,.F.);
#17715 = EDGE_CURVE('',#16892,#16736,#17716,.T.);
#17716 = SURFACE_CURVE('',#17717,(#17721,#17728),.PCURVE_S1.);
#17717 = LINE('',#17718,#17719);
#17718 = CARTESIAN_POINT('',(3.,-4.6,2.));
#17719 = VECTOR('',#17720,1.);
#17720 = DIRECTION('',(-1.,1.224646799147E-16,0.));
#17721 = PCURVE('',#16751,#17722);
#17722 = DEFINITIONAL_REPRESENTATION('',(#17723),#17727);
#17723 = LINE('',#17724,#17725);
#17724 = CARTESIAN_POINT('',(3.,-0.565685457116));
#17725 = VECTOR('',#17726,1.);
#17726 = DIRECTION('',(-1.,8.659560607301E-17));
#17727 = ( GEOMETRIC_REPRESENTATION_CONTEXT(2) 
PARAMETRIC_REPRESENTATION_CONTEXT() REPRESENTATION_CONTEXT('2D SPACE',''
  ) );
#17728 = PCURVE('',#16804,#17729);
#17729 = DEFINITIONAL_REPRESENTATION('',(#17730),#17734);
#17730 = LINE('',#17731,#17732);
#17731 = CARTESIAN_POINT('',(-3.,-0.104272983845));
#17732 = VECTOR('',#17733,1.);
#17733 = DIRECTION('',(1.,0.));
#17734 = ( GEOMETRIC_REPRESENTATION_CONTEXT(2) 
PARAMETRIC_REPRESENTATION_CONTEXT() REPRESENTATION_CONTEXT('2D SPACE',''
  ) );
#17735 = ORIENTED_EDGE('',*,*,#16941,.T.);
#17736 = ORIENTED_EDGE('',*,*,#17737,.T.);
#17737 = EDGE_CURVE('',#16942,#17738,#17740,.T.);
#17738 = VERTEX_POINT('',#17739);
#17739 = CARTESIAN_POINT('',(5.,-4.2,2.4));
#17740 = SURFACE_CURVE('',#17741,(#17744,#17750),.PCURVE_S1.);
#17741 = B_SPLINE_CURVE_WITH_KNOTS('',1,(#17742,#17743),.UNSPECIFIED.,
  .F.,.F.,(2,2),(0.,1.),.PIECEWISE_BEZIER_KNOTS.);
#17742 = CARTESIAN_POINT('',(5.,-4.6,2.));
#17743 = CARTESIAN_POINT('',(5.,-4.2,2.4));
#17744 = PCURVE('',#16751,#17745);
#17745 = DEFINITIONAL_REPRESENTATION('',(#17746),#17749);
#17746 = B_SPLINE_CURVE_WITH_KNOTS('',1,(#17747,#17748),.UNSPECIFIED.,
  .F.,.F.,(2,2),(0.,1.),.PIECEWISE_BEZIER_KNOTS.);
#17747 = CARTESIAN_POINT('',(5.,-0.565685457116));
#17748 = CARTESIAN_POINT('',(5.,-3.216669930417E-08));
#17749 = ( GEOMETRIC_REPRESENTATION_CONTEXT(2) 
PARAMETRIC_REPRESENTATION_CONTEXT() REPRESENTATION_CONTEXT('2D SPACE',''
  ) );
#17750 = PCURVE('',#17006,#17751);
#17751 = DEFINITIONAL_REPRESENTATION('',(#17752),#17756);
#17752 = LINE('',#17753,#17754);
#17753 = CARTESIAN_POINT('',(4.712388980385,0.));
#17754 = VECTOR('',#17755,1.);
#17755 = DIRECTION('',(0.,1.));
#17756 = ( GEOMETRIC_REPRESENTATION_CONTEXT(2) 
PARAMETRIC_REPRESENTATION_CONTEXT() REPRESENTATION_CONTEXT('2D SPACE',''
  ) );
#17757 = ORIENTED_EDGE('',*,*,#17758,.F.);
#17758 = EDGE_CURVE('',#17642,#17738,#17759,.T.);
#17759 = SURFACE_CURVE('',#17760,(#17764,#17771),.PCURVE_S1.);
#17760 = LINE('',#17761,#17762);
#17761 = CARTESIAN_POINT('',(4.440892098501E-16,-4.199999954509,2.4));
#17762 = VECTOR('',#17763,1.);
#17763 = DIRECTION('',(1.,0.,0.));
#17764 = PCURVE('',#16751,#17765);
#17765 = DEFINITIONAL_REPRESENTATION('',(#17766),#17770);
#17766 = LINE('',#17767,#17768);
#17767 = CARTESIAN_POINT('',(0.,0.));
#17768 = VECTOR('',#17769,1.);
#17769 = DIRECTION('',(1.,0.));
#17770 = ( GEOMETRIC_REPRESENTATION_CONTEXT(2) 
PARAMETRIC_REPRESENTATION_CONTEXT() REPRESENTATION_CONTEXT('2D SPACE',''
  ) );
#17771 = PCURVE('',#17679,#17772);
#17772 = DEFINITIONAL_REPRESENTATION('',(#17773),#17777);
#17773 = LINE('',#17774,#17775);
#17774 = CARTESIAN_POINT('',(-5.,-1.949999909019));
#17775 = VECTOR('',#17776,1.);
#17776 = DIRECTION('',(-1.,0.));
#17777 = ( GEOMETRIC_REPRESENTATION_CONTEXT(2) 
PARAMETRIC_REPRESENTATION_CONTEXT() REPRESENTATION_CONTEXT('2D SPACE',''
  ) );
#17778 = ORIENTED_EDGE('',*,*,#17641,.F.);
#17779 = ADVANCED_FACE('',(#17780),#16804,.T.);
#17780 = FACE_BOUND('',#17781,.T.);
#17781 = EDGE_LOOP('',(#17782,#17783,#17784,#17785));
#17782 = ORIENTED_EDGE('',*,*,#17715,.T.);
#17783 = ORIENTED_EDGE('',*,*,#16788,.T.);
#17784 = ORIENTED_EDGE('',*,*,#16842,.T.);
#17785 = ORIENTED_EDGE('',*,*,#16891,.T.);
#17786 = ADVANCED_FACE('',(#17787),#17006,.T.);
#17787 = FACE_BOUND('',#17788,.T.);
#17788 = EDGE_LOOP('',(#17789,#17790,#17812,#17834));
#17789 = ORIENTED_EDGE('',*,*,#16989,.T.);
#17790 = ORIENTED_EDGE('',*,*,#17791,.T.);
#17791 = EDGE_CURVE('',#16990,#17792,#17794,.T.);
#17792 = VERTEX_POINT('',#17793);
#17793 = CARTESIAN_POINT('',(6.95,-2.250000045491,2.4));
#17794 = SURFACE_CURVE('',#17795,(#17798,#17805),.PCURVE_S1.);
#17795 = B_SPLINE_CURVE_WITH_KNOTS('',1,(#17796,#17797),.UNSPECIFIED.,
  .F.,.F.,(2,2),(0.,1.),.PIECEWISE_BEZIER_KNOTS.);
#17796 = CARTESIAN_POINT('',(7.35,-2.250000041338,2.));
#17797 = CARTESIAN_POINT('',(6.95,-2.250000045491,2.4));
#17798 = PCURVE('',#17006,#17799);
#17799 = DEFINITIONAL_REPRESENTATION('',(#17800),#17804);
#17800 = LINE('',#17801,#17802);
#17801 = CARTESIAN_POINT('',(6.28318530718,0.));
#17802 = VECTOR('',#17803,1.);
#17803 = DIRECTION('',(0.,1.));
#17804 = ( GEOMETRIC_REPRESENTATION_CONTEXT(2) 
PARAMETRIC_REPRESENTATION_CONTEXT() REPRESENTATION_CONTEXT('2D SPACE',''
  ) );
#17805 = PCURVE('',#17073,#17806);
#17806 = DEFINITIONAL_REPRESENTATION('',(#17807),#17811);
#17807 = LINE('',#17808,#17809);
#17808 = CARTESIAN_POINT('',(-2.250000090981,0.));
#17809 = VECTOR('',#17810,1.);
#17810 = DIRECTION('',(0.,1.));
#17811 = ( GEOMETRIC_REPRESENTATION_CONTEXT(2) 
PARAMETRIC_REPRESENTATION_CONTEXT() REPRESENTATION_CONTEXT('2D SPACE',''
  ) );
#17812 = ORIENTED_EDGE('',*,*,#17813,.T.);
#17813 = EDGE_CURVE('',#17792,#17738,#17814,.T.);
#17814 = SURFACE_CURVE('',#17815,(#17820,#17827),.PCURVE_S1.);
#17815 = CIRCLE('',#17816,1.95);
#17816 = AXIS2_PLACEMENT_3D('',#17817,#17818,#17819);
#17817 = CARTESIAN_POINT('',(5.,-2.250000045491,2.4));
#17818 = DIRECTION('',(0.,0.,-1.));
#17819 = DIRECTION('',(-1.,0.,0.));
#17820 = PCURVE('',#17006,#17821);
#17821 = DEFINITIONAL_REPRESENTATION('',(#17822),#17826);
#17822 = LINE('',#17823,#17824);
#17823 = CARTESIAN_POINT('',(9.424777960769,1.));
#17824 = VECTOR('',#17825,1.);
#17825 = DIRECTION('',(-1.,0.));
#17826 = ( GEOMETRIC_REPRESENTATION_CONTEXT(2) 
PARAMETRIC_REPRESENTATION_CONTEXT() REPRESENTATION_CONTEXT('2D SPACE',''
  ) );
#17827 = PCURVE('',#17679,#17828);
#17828 = DEFINITIONAL_REPRESENTATION('',(#17829),#17833);
#17829 = CIRCLE('',#17830,1.95);
#17830 = AXIS2_PLACEMENT_2D('',#17831,#17832);
#17831 = CARTESIAN_POINT('',(-10.,0.));
#17832 = DIRECTION('',(1.,0.));
#17833 = ( GEOMETRIC_REPRESENTATION_CONTEXT(2) 
PARAMETRIC_REPRESENTATION_CONTEXT() REPRESENTATION_CONTEXT('2D SPACE',''
  ) );
#17834 = ORIENTED_EDGE('',*,*,#17737,.F.);
#17835 = ADVANCED_FACE('',(#17836),#17073,.T.);
#17836 = FACE_BOUND('',#17837,.T.);
#17837 = EDGE_LOOP('',(#17838,#17839,#17861,#17882));
#17838 = ORIENTED_EDGE('',*,*,#17057,.T.);
#17839 = ORIENTED_EDGE('',*,*,#17840,.T.);
#17840 = EDGE_CURVE('',#17058,#17841,#17843,.T.);
#17841 = VERTEX_POINT('',#17842);
#17842 = CARTESIAN_POINT('',(6.95,2.25000003558,2.4));
#17843 = SURFACE_CURVE('',#17844,(#17847,#17854),.PCURVE_S1.);
#17844 = B_SPLINE_CURVE_WITH_KNOTS('',1,(#17845,#17846),.UNSPECIFIED.,
  .F.,.F.,(2,2),(0.,1.),.PIECEWISE_BEZIER_KNOTS.);
#17845 = CARTESIAN_POINT('',(7.35,2.250000033977,2.));
#17846 = CARTESIAN_POINT('',(6.95,2.25000003558,2.4));
#17847 = PCURVE('',#17073,#17848);
#17848 = DEFINITIONAL_REPRESENTATION('',(#17849),#17853);
#17849 = LINE('',#17850,#17851);
#17850 = CARTESIAN_POINT('',(2.249999990089,0.));
#17851 = VECTOR('',#17852,1.);
#17852 = DIRECTION('',(0.,1.));
#17853 = ( GEOMETRIC_REPRESENTATION_CONTEXT(2) 
PARAMETRIC_REPRESENTATION_CONTEXT() REPRESENTATION_CONTEXT('2D SPACE',''
  ) );
#17854 = PCURVE('',#17127,#17855);
#17855 = DEFINITIONAL_REPRESENTATION('',(#17856),#17860);
#17856 = LINE('',#17857,#17858);
#17857 = CARTESIAN_POINT('',(3.14159265359,0.));
#17858 = VECTOR('',#17859,1.);
#17859 = DIRECTION('',(0.,1.));
#17860 = ( GEOMETRIC_REPRESENTATION_CONTEXT(2) 
PARAMETRIC_REPRESENTATION_CONTEXT() REPRESENTATION_CONTEXT('2D SPACE',''
  ) );
#17861 = ORIENTED_EDGE('',*,*,#17862,.F.);
#17862 = EDGE_CURVE('',#17792,#17841,#17863,.T.);
#17863 = SURFACE_CURVE('',#17864,(#17868,#17875),.PCURVE_S1.);
#17864 = LINE('',#17865,#17866);
#17865 = CARTESIAN_POINT('',(6.95,4.549058196801E-08,2.4));
#17866 = VECTOR('',#17867,1.);
#17867 = DIRECTION('',(0.,1.,0.));
#17868 = PCURVE('',#17073,#17869);
#17869 = DEFINITIONAL_REPRESENTATION('',(#17870),#17874);
#17870 = LINE('',#17871,#17872);
#17871 = CARTESIAN_POINT('',(0.,1.));
#17872 = VECTOR('',#17873,1.);
#17873 = DIRECTION('',(1.,0.));
#17874 = ( GEOMETRIC_REPRESENTATION_CONTEXT(2) 
PARAMETRIC_REPRESENTATION_CONTEXT() REPRESENTATION_CONTEXT('2D SPACE',''
  ) );
#17875 = PCURVE('',#17679,#17876);
#17876 = DEFINITIONAL_REPRESENTATION('',(#17877),#17881);
#17877 = LINE('',#17878,#17879);
#17878 = CARTESIAN_POINT('',(-11.95,2.250000090981));
#17879 = VECTOR('',#17880,1.);
#17880 = DIRECTION('',(0.,1.));
#17881 = ( GEOMETRIC_REPRESENTATION_CONTEXT(2) 
PARAMETRIC_REPRESENTATION_CONTEXT() REPRESENTATION_CONTEXT('2D SPACE',''
  ) );
#17882 = ORIENTED_EDGE('',*,*,#17791,.F.);
#17883 = ADVANCED_FACE('',(#17884),#17127,.T.);
#17884 = FACE_BOUND('',#17885,.T.);
#17885 = EDGE_LOOP('',(#17886,#17887,#17908,#17930));
#17886 = ORIENTED_EDGE('',*,*,#17110,.T.);
#17887 = ORIENTED_EDGE('',*,*,#17888,.T.);
#17888 = EDGE_CURVE('',#17111,#17889,#17891,.T.);
#17889 = VERTEX_POINT('',#17890);
#17890 = CARTESIAN_POINT('',(5.,4.200000040535,2.4));
#17891 = SURFACE_CURVE('',#17892,(#17895,#17902),.PCURVE_S1.);
#17892 = B_SPLINE_CURVE_WITH_KNOTS('',1,(#17893,#17894),.UNSPECIFIED.,
  .F.,.F.,(2,2),(0.,1.),.PIECEWISE_BEZIER_KNOTS.);
#17893 = CARTESIAN_POINT('',(5.,4.600000033977,2.));
#17894 = CARTESIAN_POINT('',(5.,4.20000003558,2.4));
#17895 = PCURVE('',#17127,#17896);
#17896 = DEFINITIONAL_REPRESENTATION('',(#17897),#17901);
#17897 = LINE('',#17898,#17899);
#17898 = CARTESIAN_POINT('',(4.712388980385,0.));
#17899 = VECTOR('',#17900,1.);
#17900 = DIRECTION('',(0.,1.));
#17901 = ( GEOMETRIC_REPRESENTATION_CONTEXT(2) 
PARAMETRIC_REPRESENTATION_CONTEXT() REPRESENTATION_CONTEXT('2D SPACE',''
  ) );
#17902 = PCURVE('',#17215,#17903);
#17903 = DEFINITIONAL_REPRESENTATION('',(#17904),#17907);
#17904 = B_SPLINE_CURVE_WITH_KNOTS('',1,(#17905,#17906),.UNSPECIFIED.,
  .F.,.F.,(2,2),(0.,1.),.PIECEWISE_BEZIER_KNOTS.);
#17905 = CARTESIAN_POINT('',(-5.,-0.565685416808));
#17906 = CARTESIAN_POINT('',(-5.,7.007897373512E-09));
#17907 = ( GEOMETRIC_REPRESENTATION_CONTEXT(2) 
PARAMETRIC_REPRESENTATION_CONTEXT() REPRESENTATION_CONTEXT('2D SPACE',''
  ) );
#17908 = ORIENTED_EDGE('',*,*,#17909,.T.);
#17909 = EDGE_CURVE('',#17889,#17841,#17910,.T.);
#17910 = SURFACE_CURVE('',#17911,(#17916,#17923),.PCURVE_S1.);
#17911 = CIRCLE('',#17912,1.95);
#17912 = AXIS2_PLACEMENT_3D('',#17913,#17914,#17915);
#17913 = CARTESIAN_POINT('',(5.,2.25000003558,2.4));
#17914 = DIRECTION('',(0.,0.,-1.));
#17915 = DIRECTION('',(-1.,0.,0.));
#17916 = PCURVE('',#17127,#17917);
#17917 = DEFINITIONAL_REPRESENTATION('',(#17918),#17922);
#17918 = LINE('',#17919,#17920);
#17919 = CARTESIAN_POINT('',(6.28318530718,1.));
#17920 = VECTOR('',#17921,1.);
#17921 = DIRECTION('',(-1.,0.));
#17922 = ( GEOMETRIC_REPRESENTATION_CONTEXT(2) 
PARAMETRIC_REPRESENTATION_CONTEXT() REPRESENTATION_CONTEXT('2D SPACE',''
  ) );
#17923 = PCURVE('',#17679,#17924);
#17924 = DEFINITIONAL_REPRESENTATION('',(#17925),#17929);
#17925 = CIRCLE('',#17926,1.95);
#17926 = AXIS2_PLACEMENT_2D('',#17927,#17928);
#17927 = CARTESIAN_POINT('',(-10.,4.50000008107));
#17928 = DIRECTION('',(1.,0.));
#17929 = ( GEOMETRIC_REPRESENTATION_CONTEXT(2) 
PARAMETRIC_REPRESENTATION_CONTEXT() REPRESENTATION_CONTEXT('2D SPACE',''
  ) );
#17930 = ORIENTED_EDGE('',*,*,#17840,.F.);
#17931 = ADVANCED_FACE('',(#17932),#17215,.T.);
#17932 = FACE_BOUND('',#17933,.T.);
#17933 = EDGE_LOOP('',(#17934,#17935,#17956,#17977,#17978,#17979));
#17934 = ORIENTED_EDGE('',*,*,#17407,.F.);
#17935 = ORIENTED_EDGE('',*,*,#17936,.T.);
#17936 = EDGE_CURVE('',#17385,#17937,#17939,.T.);
#17937 = VERTEX_POINT('',#17938);
#17938 = CARTESIAN_POINT('',(-5.,4.200000040535,2.4));
#17939 = SURFACE_CURVE('',#17940,(#17943,#17949),.PCURVE_S1.);
#17940 = B_SPLINE_CURVE_WITH_KNOTS('',1,(#17941,#17942),.UNSPECIFIED.,
  .F.,.F.,(2,2),(0.,1.),.PIECEWISE_BEZIER_KNOTS.);
#17941 = CARTESIAN_POINT('',(-5.,4.600000037658,2.));
#17942 = CARTESIAN_POINT('',(-5.,4.200000040535,2.4));
#17943 = PCURVE('',#17215,#17944);
#17944 = DEFINITIONAL_REPRESENTATION('',(#17945),#17948);
#17945 = B_SPLINE_CURVE_WITH_KNOTS('',1,(#17946,#17947),.UNSPECIFIED.,
  .F.,.F.,(2,2),(0.,1.),.PIECEWISE_BEZIER_KNOTS.);
#17946 = CARTESIAN_POINT('',(5.,-0.565685419411));
#17947 = CARTESIAN_POINT('',(5.,3.503948908801E-09));
#17948 = ( GEOMETRIC_REPRESENTATION_CONTEXT(2) 
PARAMETRIC_REPRESENTATION_CONTEXT() REPRESENTATION_CONTEXT('2D SPACE',''
  ) );
#17949 = PCURVE('',#17450,#17950);
#17950 = DEFINITIONAL_REPRESENTATION('',(#17951),#17955);
#17951 = LINE('',#17952,#17953);
#17952 = CARTESIAN_POINT('',(1.570796326795,0.));
#17953 = VECTOR('',#17954,1.);
#17954 = DIRECTION('',(0.,1.));
#17955 = ( GEOMETRIC_REPRESENTATION_CONTEXT(2) 
PARAMETRIC_REPRESENTATION_CONTEXT() REPRESENTATION_CONTEXT('2D SPACE',''
  ) );
#17956 = ORIENTED_EDGE('',*,*,#17957,.T.);
#17957 = EDGE_CURVE('',#17937,#17889,#17958,.T.);
#17958 = SURFACE_CURVE('',#17959,(#17963,#17970),.PCURVE_S1.);
#17959 = LINE('',#17960,#17961);
#17960 = CARTESIAN_POINT('',(4.440892098501E-16,4.200000045491,2.4));
#17961 = VECTOR('',#17962,1.);
#17962 = DIRECTION('',(1.,0.,0.));
#17963 = PCURVE('',#17215,#17964);
#17964 = DEFINITIONAL_REPRESENTATION('',(#17965),#17969);
#17965 = LINE('',#17966,#17967);
#17966 = CARTESIAN_POINT('',(0.,0.));
#17967 = VECTOR('',#17968,1.);
#17968 = DIRECTION('',(-1.,0.));
#17969 = ( GEOMETRIC_REPRESENTATION_CONTEXT(2) 
PARAMETRIC_REPRESENTATION_CONTEXT() REPRESENTATION_CONTEXT('2D SPACE',''
  ) );
#17970 = PCURVE('',#17679,#17971);
#17971 = DEFINITIONAL_REPRESENTATION('',(#17972),#17976);
#17972 = LINE('',#17973,#17974);
#17973 = CARTESIAN_POINT('',(-5.,6.450000090981));
#17974 = VECTOR('',#17975,1.);
#17975 = DIRECTION('',(-1.,0.));
#17976 = ( GEOMETRIC_REPRESENTATION_CONTEXT(2) 
PARAMETRIC_REPRESENTATION_CONTEXT() REPRESENTATION_CONTEXT('2D SPACE',''
  ) );
#17977 = ORIENTED_EDGE('',*,*,#17888,.F.);
#17978 = ORIENTED_EDGE('',*,*,#17201,.F.);
#17979 = ORIENTED_EDGE('',*,*,#17980,.F.);
#17980 = EDGE_CURVE('',#17336,#17179,#17981,.T.);
#17981 = SURFACE_CURVE('',#17982,(#17986,#17993),.PCURVE_S1.);
#17982 = LINE('',#17983,#17984);
#17983 = CARTESIAN_POINT('',(-3.,4.6,2.));
#17984 = VECTOR('',#17985,1.);
#17985 = DIRECTION('',(1.,0.,0.));
#17986 = PCURVE('',#17215,#17987);
#17987 = DEFINITIONAL_REPRESENTATION('',(#17988),#17992);
#17988 = LINE('',#17989,#17990);
#17989 = CARTESIAN_POINT('',(3.,-0.565685392783));
#17990 = VECTOR('',#17991,1.);
#17991 = DIRECTION('',(-1.,0.));
#17992 = ( GEOMETRIC_REPRESENTATION_CONTEXT(2) 
PARAMETRIC_REPRESENTATION_CONTEXT() REPRESENTATION_CONTEXT('2D SPACE',''
  ) );
#17993 = PCURVE('',#17248,#17994);
#17994 = DEFINITIONAL_REPRESENTATION('',(#17995),#17999);
#17995 = LINE('',#17996,#17997);
#17996 = CARTESIAN_POINT('',(-3.,-0.104272983845));
#17997 = VECTOR('',#17998,1.);
#17998 = DIRECTION('',(1.,0.));
#17999 = ( GEOMETRIC_REPRESENTATION_CONTEXT(2) 
PARAMETRIC_REPRESENTATION_CONTEXT() REPRESENTATION_CONTEXT('2D SPACE',''
  ) );
#18000 = ADVANCED_FACE('',(#18001),#17248,.T.);
#18001 = FACE_BOUND('',#18002,.T.);
#18002 = EDGE_LOOP('',(#18003,#18004,#18005,#18006));
#18003 = ORIENTED_EDGE('',*,*,#17980,.T.);
#18004 = ORIENTED_EDGE('',*,*,#17232,.T.);
#18005 = ORIENTED_EDGE('',*,*,#17286,.T.);
#18006 = ORIENTED_EDGE('',*,*,#17335,.T.);
#18007 = ADVANCED_FACE('',(#18008),#17450,.T.);
#18008 = FACE_BOUND('',#18009,.T.);
#18009 = EDGE_LOOP('',(#18010,#18011,#18033,#18055));
#18010 = ORIENTED_EDGE('',*,*,#17433,.T.);
#18011 = ORIENTED_EDGE('',*,*,#18012,.T.);
#18012 = EDGE_CURVE('',#17434,#18013,#18015,.T.);
#18013 = VERTEX_POINT('',#18014);
#18014 = CARTESIAN_POINT('',(-6.95,2.25000003558,2.4));
#18015 = SURFACE_CURVE('',#18016,(#18019,#18026),.PCURVE_S1.);
#18016 = B_SPLINE_CURVE_WITH_KNOTS('',1,(#18017,#18018),.UNSPECIFIED.,
  .F.,.F.,(2,2),(0.,1.),.PIECEWISE_BEZIER_KNOTS.);
#18017 = CARTESIAN_POINT('',(-7.35,2.250000033977,2.));
#18018 = CARTESIAN_POINT('',(-6.95,2.25000003558,2.4));
#18019 = PCURVE('',#17450,#18020);
#18020 = DEFINITIONAL_REPRESENTATION('',(#18021),#18025);
#18021 = LINE('',#18022,#18023);
#18022 = CARTESIAN_POINT('',(3.14159265359,0.));
#18023 = VECTOR('',#18024,1.);
#18024 = DIRECTION('',(0.,1.));
#18025 = ( GEOMETRIC_REPRESENTATION_CONTEXT(2) 
PARAMETRIC_REPRESENTATION_CONTEXT() REPRESENTATION_CONTEXT('2D SPACE',''
  ) );
#18026 = PCURVE('',#17515,#18027);
#18027 = DEFINITIONAL_REPRESENTATION('',(#18028),#18032);
#18028 = LINE('',#18029,#18030);
#18029 = CARTESIAN_POINT('',(-2.249999990089,0.));
#18030 = VECTOR('',#18031,1.);
#18031 = DIRECTION('',(0.,1.));
#18032 = ( GEOMETRIC_REPRESENTATION_CONTEXT(2) 
PARAMETRIC_REPRESENTATION_CONTEXT() REPRESENTATION_CONTEXT('2D SPACE',''
  ) );
#18033 = ORIENTED_EDGE('',*,*,#18034,.T.);
#18034 = EDGE_CURVE('',#18013,#17937,#18035,.T.);
#18035 = SURFACE_CURVE('',#18036,(#18041,#18048),.PCURVE_S1.);
#18036 = CIRCLE('',#18037,1.95);
#18037 = AXIS2_PLACEMENT_3D('',#18038,#18039,#18040);
#18038 = CARTESIAN_POINT('',(-5.,2.25000003558,2.4));
#18039 = DIRECTION('',(0.,0.,-1.));
#18040 = DIRECTION('',(-1.,0.,0.));
#18041 = PCURVE('',#17450,#18042);
#18042 = DEFINITIONAL_REPRESENTATION('',(#18043),#18047);
#18043 = LINE('',#18044,#18045);
#18044 = CARTESIAN_POINT('',(3.14159265359,1.));
#18045 = VECTOR('',#18046,1.);
#18046 = DIRECTION('',(-1.,0.));
#18047 = ( GEOMETRIC_REPRESENTATION_CONTEXT(2) 
PARAMETRIC_REPRESENTATION_CONTEXT() REPRESENTATION_CONTEXT('2D SPACE',''
  ) );
#18048 = PCURVE('',#17679,#18049);
#18049 = DEFINITIONAL_REPRESENTATION('',(#18050),#18054);
#18050 = CIRCLE('',#18051,1.95);
#18051 = AXIS2_PLACEMENT_2D('',#18052,#18053);
#18052 = CARTESIAN_POINT('',(0.,4.50000008107));
#18053 = DIRECTION('',(1.,0.));
#18054 = ( GEOMETRIC_REPRESENTATION_CONTEXT(2) 
PARAMETRIC_REPRESENTATION_CONTEXT() REPRESENTATION_CONTEXT('2D SPACE',''
  ) );
#18055 = ORIENTED_EDGE('',*,*,#17936,.F.);
#18056 = ADVANCED_FACE('',(#18057),#17515,.T.);
#18057 = FACE_BOUND('',#18058,.T.);
#18058 = EDGE_LOOP('',(#18059,#18060,#18061,#18082));
#18059 = ORIENTED_EDGE('',*,*,#17501,.F.);
#18060 = ORIENTED_EDGE('',*,*,#17691,.T.);
#18061 = ORIENTED_EDGE('',*,*,#18062,.T.);
#18062 = EDGE_CURVE('',#17663,#18013,#18063,.T.);
#18063 = SURFACE_CURVE('',#18064,(#18068,#18075),.PCURVE_S1.);
#18064 = LINE('',#18065,#18066);
#18065 = CARTESIAN_POINT('',(-6.95,4.549058196801E-08,2.4));
#18066 = VECTOR('',#18067,1.);
#18067 = DIRECTION('',(0.,1.,0.));
#18068 = PCURVE('',#17515,#18069);
#18069 = DEFINITIONAL_REPRESENTATION('',(#18070),#18074);
#18070 = LINE('',#18071,#18072);
#18071 = CARTESIAN_POINT('',(0.,1.));
#18072 = VECTOR('',#18073,1.);
#18073 = DIRECTION('',(-1.,0.));
#18074 = ( GEOMETRIC_REPRESENTATION_CONTEXT(2) 
PARAMETRIC_REPRESENTATION_CONTEXT() REPRESENTATION_CONTEXT('2D SPACE',''
  ) );
#18075 = PCURVE('',#17679,#18076);
#18076 = DEFINITIONAL_REPRESENTATION('',(#18077),#18081);
#18077 = LINE('',#18078,#18079);
#18078 = CARTESIAN_POINT('',(1.95,2.250000090981));
#18079 = VECTOR('',#18080,1.);
#18080 = DIRECTION('',(0.,1.));
#18081 = ( GEOMETRIC_REPRESENTATION_CONTEXT(2) 
PARAMETRIC_REPRESENTATION_CONTEXT() REPRESENTATION_CONTEXT('2D SPACE',''
  ) );
#18082 = ORIENTED_EDGE('',*,*,#18012,.F.);
#18083 = ADVANCED_FACE('',(#18084),#17679,.F.);
#18084 = FACE_BOUND('',#18085,.T.);
#18085 = EDGE_LOOP('',(#18086,#18087,#18088,#18089,#18090,#18091,#18092,
    #18093));
#18086 = ORIENTED_EDGE('',*,*,#18062,.F.);
#18087 = ORIENTED_EDGE('',*,*,#17662,.F.);
#18088 = ORIENTED_EDGE('',*,*,#17758,.T.);
#18089 = ORIENTED_EDGE('',*,*,#17813,.F.);
#18090 = ORIENTED_EDGE('',*,*,#17862,.T.);
#18091 = ORIENTED_EDGE('',*,*,#17909,.F.);
#18092 = ORIENTED_EDGE('',*,*,#17957,.F.);
#18093 = ORIENTED_EDGE('',*,*,#18034,.F.);
#18094 = ( GEOMETRIC_REPRESENTATION_CONTEXT(3) 
GLOBAL_UNCERTAINTY_ASSIGNED_CONTEXT((#18098)) 
GLOBAL_UNIT_ASSIGNED_CONTEXT((#18095,#18096,#18097)) 
REPRESENTATION_CONTEXT('Context #1',
  '3D Context with UNIT and UNCERTAINTY') );
#18095 = ( LENGTH_UNIT() NAMED_UNIT(*) SI_UNIT(.MILLI.,.METRE.) );
#18096 = ( NAMED_UNIT(*) PLANE_ANGLE_UNIT() SI_UNIT($,.RADIAN.) );
#18097 = ( NAMED_UNIT(*) SI_UNIT($,.STERADIAN.) SOLID_ANGLE_UNIT() );
#18098 = UNCERTAINTY_MEASURE_WITH_UNIT(LENGTH_MEASURE(1.E-07),#18095,
  'distance_accuracy_value','confusion accuracy');
#18099 = CONTEXT_DEPENDENT_SHAPE_REPRESENTATION(#18100,#18102);
#18100 = ( REPRESENTATION_RELATIONSHIP('','',#15169,#10) 
REPRESENTATION_RELATIONSHIP_WITH_TRANSFORMATION(#18101) 
SHAPE_REPRESENTATION_RELATIONSHIP() );
#18101 = ITEM_DEFINED_TRANSFORMATION('','',#11,#27);
#18102 = PRODUCT_DEFINITION_SHAPE('Placement','Placement of an item',
  #18103);
#18103 = NEXT_ASSEMBLY_USAGE_OCCURRENCE('5','usb_cap','',#5,#15164,$);
#18104 = PRODUCT_RELATED_PRODUCT_CATEGORY('part',$,(#15166));

#18105=DESCRIPTIVE_REPRESENTATION_ITEM('cadgen:generator','cadgen');
#18106=REPRESENTATION('cadgen:generator',(#18105),#31);
#18107=PROPERTY_DEFINITION('cadgen metadata','cadgen:generator',#5);
#18108=PROPERTY_DEFINITION_REPRESENTATION(#18107,#18106);
#18109=DESCRIPTIVE_REPRESENTATION_ITEM('cadgen:entryKind','assembly');
#18110=REPRESENTATION('cadgen:entryKind',(#18109),#31);
#18111=PROPERTY_DEFINITION('cadgen metadata','cadgen:entryKind',#5);
#18112=PROPERTY_DEFINITION_REPRESENTATION(#18111,#18110);
#18113=DESCRIPTIVE_REPRESENTATION_ITEM('cadgen:sourcePath','puck.step.py');
#18114=REPRESENTATION('cadgen:sourcePath',(#18113),#31);
#18115=PROPERTY_DEFINITION('cadgen metadata','cadgen:sourcePath',#5);
#18116=PROPERTY_DEFINITION_REPRESENTATION(#18115,#18114);
#18117=DESCRIPTIVE_REPRESENTATION_ITEM('cadgen:sourceHash','c3782e1b73e671ef80796414884f6e30341e39fbc297da3326dd7302121d2d09');
#18118=REPRESENTATION('cadgen:sourceHash',(#18117),#31);
#18119=PROPERTY_DEFINITION('cadgen metadata','cadgen:sourceHash',#5);
#18120=PROPERTY_DEFINITION_REPRESENTATION(#18119,#18118);
ENDSEC;
END-ISO-10303-21;
